app,func,end_timestamp,duration,arrival_time,arrival_time_fix,trace_id,minute_bin
d399b29c39aafde69884d67ced0990a879c305854eca7e5bf88c26b6c6f389c8,ae6f97c69d684b23e45ce195db1da6d3853004596e39b78688a763c8bbd32b47,749247.2639689445,4.156,443.10796894459054,749243.1064780445,52,12487
d399b29c39aafde69884d67ced0990a879c305854eca7e5bf88c26b6c6f389c8,ae6f97c69d684b23e45ce195db1da6d3853004596e39b78688a763c8bbd32b47,749483.821926117,0.671,683.1509261169704,749483.1494352169,52,12491
d399b29c39aafde69884d67ced0990a879c305854eca7e5bf88c26b6c6f389c8,ae6f97c69d684b23e45ce195db1da6d3853004596e39b78688a763c8bbd32b47,749541.7771821022,0.562,741.2151821021689,749541.2136912021,52,12492
d399b29c39aafde69884d67ced0990a879c305854eca7e5bf88c26b6c6f389c8,ae6f97c69d684b23e45ce195db1da6d3853004596e39b78688a763c8bbd32b47,749722.0258951187,0.942,921.0838951186743,749721.0824042186,52,12495
a0ed6d33dc4622e0a557f45a85a64d359ca20c3e5888fe64519cc08893395a98,50242e50bdc20d4a9468e40a01658f98198029fef100710fa9a82db3c3101ff9,937025.3139150144,4.195,1021.1189150144346,937021.1174241144,65,15617
a0ed6d33dc4622e0a557f45a85a64d359ca20c3e5888fe64519cc08893395a98,50242e50bdc20d4a9468e40a01658f98198029fef100710fa9a82db3c3101ff9,937025.3152039052,3.729,1021.5862039051717,937021.5847130051,65,15617
a0ed6d33dc4622e0a557f45a85a64d359ca20c3e5888fe64519cc08893395a98,50242e50bdc20d4a9468e40a01658f98198029fef100710fa9a82db3c3101ff9,937025.329016924,2.428,1022.9010169240646,937022.899526024,65,15617
a0ed6d33dc4622e0a557f45a85a64d359ca20c3e5888fe64519cc08893395a98,50242e50bdc20d4a9468e40a01658f98198029fef100710fa9a82db3c3101ff9,937025.3193390368,2.268,1023.0513390367851,937023.0498481367,65,15617
a0ed6d33dc4622e0a557f45a85a64d359ca20c3e5888fe64519cc08893395a98,50242e50bdc20d4a9468e40a01658f98198029fef100710fa9a82db3c3101ff9,937028.869216919,0.005,1028.8642169189407,937028.8627260189,65,15617
a0ed6d33dc4622e0a557f45a85a64d359ca20c3e5888fe64519cc08893395a98,50242e50bdc20d4a9468e40a01658f98198029fef100710fa9a82db3c3101ff9,937029.0855710506,0.002,1029.0835710506653,937029.0820801506,65,15617
a0ed6d33dc4622e0a557f45a85a64d359ca20c3e5888fe64519cc08893395a98,50242e50bdc20d4a9468e40a01658f98198029fef100710fa9a82db3c3101ff9,937030.9470369816,0.002,1030.945036981604,937030.9435460815,65,15617
a0ed6d33dc4622e0a557f45a85a64d359ca20c3e5888fe64519cc08893395a98,50242e50bdc20d4a9468e40a01658f98198029fef100710fa9a82db3c3101ff9,937032.122512102,0.001,1032.1215121019632,937032.1200212019,65,15617
a0ed6d33dc4622e0a557f45a85a64d359ca20c3e5888fe64519cc08893395a98,50242e50bdc20d4a9468e40a01658f98198029fef100710fa9a82db3c3101ff9,937034.9915599824,0.005,1034.9865599824116,937034.9850690824,65,15617
a0ed6d33dc4622e0a557f45a85a64d359ca20c3e5888fe64519cc08893395a98,50242e50bdc20d4a9468e40a01658f98198029fef100710fa9a82db3c3101ff9,937035.747807026,0.005,1035.7428070260212,937035.741316126,65,15617
a0ed6d33dc4622e0a557f45a85a64d359ca20c3e5888fe64519cc08893395a98,50242e50bdc20d4a9468e40a01658f98198029fef100710fa9a82db3c3101ff9,937038.729090929,0.001,1038.7280909289839,937038.7266000289,65,15617
a0ed6d33dc4622e0a557f45a85a64d359ca20c3e5888fe64519cc08893395a98,50242e50bdc20d4a9468e40a01658f98198029fef100710fa9a82db3c3101ff9,937039.3814809322,0.001,1039.3804809321882,937039.3789900321,65,15617
a0ed6d33dc4622e0a557f45a85a64d359ca20c3e5888fe64519cc08893395a98,50242e50bdc20d4a9468e40a01658f98198029fef100710fa9a82db3c3101ff9,937039.9697051048,0.154,1039.8157051048474,937039.8142142048,65,15617
a0ed6d33dc4622e0a557f45a85a64d359ca20c3e5888fe64519cc08893395a98,50242e50bdc20d4a9468e40a01658f98198029fef100710fa9a82db3c3101ff9,937039.979195118,0.001,1039.978195117903,937039.9767042178,65,15617
a0ed6d33dc4622e0a557f45a85a64d359ca20c3e5888fe64519cc08893395a98,50242e50bdc20d4a9468e40a01658f98198029fef100710fa9a82db3c3101ff9,937040.0531899928,0.001,1040.0521899927408,937040.0506990927,65,15617
a0ed6d33dc4622e0a557f45a85a64d359ca20c3e5888fe64519cc08893395a98,50242e50bdc20d4a9468e40a01658f98198029fef100710fa9a82db3c3101ff9,937040.1407539845,0.001,1040.1397539844038,937040.1382630843,65,15617
a0ed6d33dc4622e0a557f45a85a64d359ca20c3e5888fe64519cc08893395a98,50242e50bdc20d4a9468e40a01658f98198029fef100710fa9a82db3c3101ff9,937040.1495420932,0.001,1040.148542093113,937040.147051193,65,15617
a0ed6d33dc4622e0a557f45a85a64d359ca20c3e5888fe64519cc08893395a98,50242e50bdc20d4a9468e40a01658f98198029fef100710fa9a82db3c3101ff9,937040.1580519676,0.001,1040.1570519675734,937040.1555610675,65,15617
a0ed6d33dc4622e0a557f45a85a64d359ca20c3e5888fe64519cc08893395a98,50242e50bdc20d4a9468e40a01658f98198029fef100710fa9a82db3c3101ff9,937040.2469859124,0.001,1040.245985912392,937040.2444950123,65,15617
a0ed6d33dc4622e0a557f45a85a64d359ca20c3e5888fe64519cc08893395a98,50242e50bdc20d4a9468e40a01658f98198029fef100710fa9a82db3c3101ff9,937040.255669117,0.005,1040.2506691169692,937040.2491782169,65,15617
a0ed6d33dc4622e0a557f45a85a64d359ca20c3e5888fe64519cc08893395a98,50242e50bdc20d4a9468e40a01658f98198029fef100710fa9a82db3c3101ff9,937040.292593956,0.002,1040.290593956015,937040.289103056,65,15617
a0ed6d33dc4622e0a557f45a85a64d359ca20c3e5888fe64519cc08893395a98,50242e50bdc20d4a9468e40a01658f98198029fef100710fa9a82db3c3101ff9,937040.5675849916,0.21,1040.3575849916087,937040.3560940915,65,15617
a0ed6d33dc4622e0a557f45a85a64d359ca20c3e5888fe64519cc08893395a98,50242e50bdc20d4a9468e40a01658f98198029fef100710fa9a82db3c3101ff9,937040.3673551084,0.001,1040.36635510833,937040.3648642083,65,15617
a0ed6d33dc4622e0a557f45a85a64d359ca20c3e5888fe64519cc08893395a98,50242e50bdc20d4a9468e40a01658f98198029fef100710fa9a82db3c3101ff9,937040.5595800875,0.06,1040.4995800874894,937040.4980891874,65,15617
a0ed6d33dc4622e0a557f45a85a64d359ca20c3e5888fe64519cc08893395a98,50242e50bdc20d4a9468e40a01658f98198029fef100710fa9a82db3c3101ff9,937040.5101470948,0.002,1040.5081470948644,937040.5066561948,65,15617
a0ed6d33dc4622e0a557f45a85a64d359ca20c3e5888fe64519cc08893395a98,50242e50bdc20d4a9468e40a01658f98198029fef100710fa9a82db3c3101ff9,937040.5643479824,0.045,1040.5193479823647,937040.5178570823,65,15617
a0ed6d33dc4622e0a557f45a85a64d359ca20c3e5888fe64519cc08893395a98,50242e50bdc20d4a9468e40a01658f98198029fef100710fa9a82db3c3101ff9,937040.5377449988,0.001,1040.536744998768,937040.5352540987,65,15617
a0ed6d33dc4622e0a557f45a85a64d359ca20c3e5888fe64519cc08893395a98,50242e50bdc20d4a9468e40a01658f98198029fef100710fa9a82db3c3101ff9,937040.5459320544,0.002,1040.5439320544247,937040.5424411544,65,15617
a0ed6d33dc4622e0a557f45a85a64d359ca20c3e5888fe64519cc08893395a98,50242e50bdc20d4a9468e40a01658f98198029fef100710fa9a82db3c3101ff9,937040.6128480434,0.001,1040.6118480433943,937040.6103571433,65,15617
a0ed6d33dc4622e0a557f45a85a64d359ca20c3e5888fe64519cc08893395a98,50242e50bdc20d4a9468e40a01658f98198029fef100710fa9a82db3c3101ff9,937040.6181199552,0.001,1040.6171199551318,937040.6156290551,65,15617
a0ed6d33dc4622e0a557f45a85a64d359ca20c3e5888fe64519cc08893395a98,50242e50bdc20d4a9468e40a01658f98198029fef100710fa9a82db3c3101ff9,937040.7243099211,0.004,1040.720309921191,937040.7188190211,65,15617
a0ed6d33dc4622e0a557f45a85a64d359ca20c3e5888fe64519cc08893395a98,50242e50bdc20d4a9468e40a01658f98198029fef100710fa9a82db3c3101ff9,937040.7333889008,0.002,1040.7313889007783,937040.7298980007,65,15617
a0ed6d33dc4622e0a557f45a85a64d359ca20c3e5888fe64519cc08893395a98,50242e50bdc20d4a9468e40a01658f98198029fef100710fa9a82db3c3101ff9,937040.797590971,0.054,1040.7435909709893,937040.7421000709,65,15617
a0ed6d33dc4622e0a557f45a85a64d359ca20c3e5888fe64519cc08893395a98,50242e50bdc20d4a9468e40a01658f98198029fef100710fa9a82db3c3101ff9,937040.788248062,0.002,1040.7862480620388,937040.784757162,65,15617
a0ed6d33dc4622e0a557f45a85a64d359ca20c3e5888fe64519cc08893395a98,50242e50bdc20d4a9468e40a01658f98198029fef100710fa9a82db3c3101ff9,937040.8013560772,0.009,1040.7923560772324,937040.7908651772,65,15617
a0ed6d33dc4622e0a557f45a85a64d359ca20c3e5888fe64519cc08893395a98,50242e50bdc20d4a9468e40a01658f98198029fef100710fa9a82db3c3101ff9,937040.8330860138,0.009,1040.8240860138321,937040.8225951138,65,15617
a0ed6d33dc4622e0a557f45a85a64d359ca20c3e5888fe64519cc08893395a98,50242e50bdc20d4a9468e40a01658f98198029fef100710fa9a82db3c3101ff9,937041.0217289923,0.071,1040.9507289923495,937040.9492380923,65,15617
a0ed6d33dc4622e0a557f45a85a64d359ca20c3e5888fe64519cc08893395a98,50242e50bdc20d4a9468e40a01658f98198029fef100710fa9a82db3c3101ff9,937040.9667110444,0.008,1040.9587110443972,937040.9572201443,65,15617
a0ed6d33dc4622e0a557f45a85a64d359ca20c3e5888fe64519cc08893395a98,50242e50bdc20d4a9468e40a01658f98198029fef100710fa9a82db3c3101ff9,937041.1476209164,0.07,1041.0776209164178,937041.0761300164,65,15617
a0ed6d33dc4622e0a557f45a85a64d359ca20c3e5888fe64519cc08893395a98,50242e50bdc20d4a9468e40a01658f98198029fef100710fa9a82db3c3101ff9,937041.1603939532,0.004,1041.1563939532498,937041.1549030532,65,15617
a0ed6d33dc4622e0a557f45a85a64d359ca20c3e5888fe64519cc08893395a98,50242e50bdc20d4a9468e40a01658f98198029fef100710fa9a82db3c3101ff9,937041.1680369376,0.001,1041.1670369375497,937041.1655460375,65,15617
a0ed6d33dc4622e0a557f45a85a64d359ca20c3e5888fe64519cc08893395a98,50242e50bdc20d4a9468e40a01658f98198029fef100710fa9a82db3c3101ff9,937041.324090004,0.006,1041.3180900039151,937041.3165991039,65,15617
a0ed6d33dc4622e0a557f45a85a64d359ca20c3e5888fe64519cc08893395a98,50242e50bdc20d4a9468e40a01658f98198029fef100710fa9a82db3c3101ff9,937041.5733540058,0.016,1041.5573540058685,937041.5558631058,65,15617
a0ed6d33dc4622e0a557f45a85a64d359ca20c3e5888fe64519cc08893395a98,50242e50bdc20d4a9468e40a01658f98198029fef100710fa9a82db3c3101ff9,937041.7880699636,0.224,1041.564069963526,937041.5625790635,65,15617
a0ed6d33dc4622e0a557f45a85a64d359ca20c3e5888fe64519cc08893395a98,50242e50bdc20d4a9468e40a01658f98198029fef100710fa9a82db3c3101ff9,937041.7950730324,0.002,1041.7930730324006,937041.7915821323,65,15617
a0ed6d33dc4622e0a557f45a85a64d359ca20c3e5888fe64519cc08893395a98,50242e50bdc20d4a9468e40a01658f98198029fef100710fa9a82db3c3101ff9,937041.9076759816,0.006,1041.9016759815859,937041.9001850815,65,15617
a0ed6d33dc4622e0a557f45a85a64d359ca20c3e5888fe64519cc08893395a98,50242e50bdc20d4a9468e40a01658f98198029fef100710fa9a82db3c3101ff9,937042.319736004,0.408,1041.9117360039381,937041.9102451039,65,15617
a0ed6d33dc4622e0a557f45a85a64d359ca20c3e5888fe64519cc08893395a98,50242e50bdc20d4a9468e40a01658f98198029fef100710fa9a82db3c3101ff9,937042.3544120789,0.138,1042.216412078822,937042.2149211788,65,15617
a0ed6d33dc4622e0a557f45a85a64d359ca20c3e5888fe64519cc08893395a98,50242e50bdc20d4a9468e40a01658f98198029fef100710fa9a82db3c3101ff9,937042.2308969498,0.001,1042.2298969497206,937042.2284060497,65,15617
a0ed6d33dc4622e0a557f45a85a64d359ca20c3e5888fe64519cc08893395a98,50242e50bdc20d4a9468e40a01658f98198029fef100710fa9a82db3c3101ff9,937042.5577070712,0.239,1042.3187070712447,937042.3172161712,65,15617
a0ed6d33dc4622e0a557f45a85a64d359ca20c3e5888fe64519cc08893395a98,50242e50bdc20d4a9468e40a01658f98198029fef100710fa9a82db3c3101ff9,937042.9881279469,0.157,1042.8311279468471,937042.8296370468,65,15617
a0ed6d33dc4622e0a557f45a85a64d359ca20c3e5888fe64519cc08893395a98,50242e50bdc20d4a9468e40a01658f98198029fef100710fa9a82db3c3101ff9,937042.96767807,0.1,1042.8676780699752,937042.8661871699,65,15617
a0ed6d33dc4622e0a557f45a85a64d359ca20c3e5888fe64519cc08893395a98,50242e50bdc20d4a9468e40a01658f98198029fef100710fa9a82db3c3101ff9,937042.9743208884,0.013,1042.9613208883675,937042.9598299883,65,15617
a0ed6d33dc4622e0a557f45a85a64d359ca20c3e5888fe64519cc08893395a98,50242e50bdc20d4a9468e40a01658f98198029fef100710fa9a82db3c3101ff9,937042.9779410362,0.012,1042.9659410362365,937042.9644501362,65,15617
a0ed6d33dc4622e0a557f45a85a64d359ca20c3e5888fe64519cc08893395a98,50242e50bdc20d4a9468e40a01658f98198029fef100710fa9a82db3c3101ff9,937043.2213180064,0.116,1043.105318006361,937043.1038271063,65,15617
a0ed6d33dc4622e0a557f45a85a64d359ca20c3e5888fe64519cc08893395a98,50242e50bdc20d4a9468e40a01658f98198029fef100710fa9a82db3c3101ff9,937043.5865330696,0.169,1043.4175330696162,937043.4160421696,65,15617
a0ed6d33dc4622e0a557f45a85a64d359ca20c3e5888fe64519cc08893395a98,50242e50bdc20d4a9468e40a01658f98198029fef100710fa9a82db3c3101ff9,937043.595236063,0.001,1043.594236062956,937043.5927451629,65,15617
a0ed6d33dc4622e0a557f45a85a64d359ca20c3e5888fe64519cc08893395a98,50242e50bdc20d4a9468e40a01658f98198029fef100710fa9a82db3c3101ff9,937043.6722390652,0.008,1043.6642390651396,937043.6627481651,65,15617
a0ed6d33dc4622e0a557f45a85a64d359ca20c3e5888fe64519cc08893395a98,50242e50bdc20d4a9468e40a01658f98198029fef100710fa9a82db3c3101ff9,937043.7075099944,0.002,1043.7055099944118,937043.7040190944,65,15617
a0ed6d33dc4622e0a557f45a85a64d359ca20c3e5888fe64519cc08893395a98,50242e50bdc20d4a9468e40a01658f98198029fef100710fa9a82db3c3101ff9,937043.91711092,0.006,1043.9111109199002,937043.9096200198,65,15617
a0ed6d33dc4622e0a557f45a85a64d359ca20c3e5888fe64519cc08893395a98,50242e50bdc20d4a9468e40a01658f98198029fef100710fa9a82db3c3101ff9,937043.9281001092,0.008,1043.920100109186,937043.9186092091,65,15617
a0ed6d33dc4622e0a557f45a85a64d359ca20c3e5888fe64519cc08893395a98,50242e50bdc20d4a9468e40a01658f98198029fef100710fa9a82db3c3101ff9,937043.977283001,0.006,1043.971283000894,937043.9697921008,65,15617
a0ed6d33dc4622e0a557f45a85a64d359ca20c3e5888fe64519cc08893395a98,50242e50bdc20d4a9468e40a01658f98198029fef100710fa9a82db3c3101ff9,937044.2482860088,0.002,1044.2462860088563,937044.2447951088,65,15617
a0ed6d33dc4622e0a557f45a85a64d359ca20c3e5888fe64519cc08893395a98,50242e50bdc20d4a9468e40a01658f98198029fef100710fa9a82db3c3101ff9,937044.4556829928,0.002,1044.4536829928402,937044.4521920928,65,15617
a0ed6d33dc4622e0a557f45a85a64d359ca20c3e5888fe64519cc08893395a98,50242e50bdc20d4a9468e40a01658f98198029fef100710fa9a82db3c3101ff9,937044.894530058,0.007,1044.8875300580403,937044.886039158,65,15617
a0ed6d33dc4622e0a557f45a85a64d359ca20c3e5888fe64519cc08893395a98,50242e50bdc20d4a9468e40a01658f98198029fef100710fa9a82db3c3101ff9,937044.9071249962,0.009,1044.8981249962235,937044.8966340962,65,15617
a0ed6d33dc4622e0a557f45a85a64d359ca20c3e5888fe64519cc08893395a98,50242e50bdc20d4a9468e40a01658f98198029fef100710fa9a82db3c3101ff9,937044.9174690248,0.007,1044.9104690247914,937044.9089781247,65,15617
a0ed6d33dc4622e0a557f45a85a64d359ca20c3e5888fe64519cc08893395a98,50242e50bdc20d4a9468e40a01658f98198029fef100710fa9a82db3c3101ff9,937045.2897610664,0.002,1045.2877610664582,937045.2862701664,65,15617
a0ed6d33dc4622e0a557f45a85a64d359ca20c3e5888fe64519cc08893395a98,50242e50bdc20d4a9468e40a01658f98198029fef100710fa9a82db3c3101ff9,937045.308578968,0.007,1045.3015789680649,937045.300088068,65,15617
a0ed6d33dc4622e0a557f45a85a64d359ca20c3e5888fe64519cc08893395a98,50242e50bdc20d4a9468e40a01658f98198029fef100710fa9a82db3c3101ff9,937045.6342129709,0.002,1045.6322129708715,937045.6307220708,65,15617
a0ed6d33dc4622e0a557f45a85a64d359ca20c3e5888fe64519cc08893395a98,50242e50bdc20d4a9468e40a01658f98198029fef100710fa9a82db3c3101ff9,937045.8520579338,0.046,1045.8060579338344,937045.8045670338,65,15617
a0ed6d33dc4622e0a557f45a85a64d359ca20c3e5888fe64519cc08893395a98,50242e50bdc20d4a9468e40a01658f98198029fef100710fa9a82db3c3101ff9,937046.9656429292,0.001,1046.964642929146,937046.9631520291,65,15617
a0ed6d33dc4622e0a557f45a85a64d359ca20c3e5888fe64519cc08893395a98,50242e50bdc20d4a9468e40a01658f98198029fef100710fa9a82db3c3101ff9,937046.973788023,0.005,1046.9687880229903,937046.9672971229,65,15617
a0ed6d33dc4622e0a557f45a85a64d359ca20c3e5888fe64519cc08893395a98,50242e50bdc20d4a9468e40a01658f98198029fef100710fa9a82db3c3101ff9,937047.1162040234,0.003,1047.1132040233351,937047.1117131233,65,15617
a0ed6d33dc4622e0a557f45a85a64d359ca20c3e5888fe64519cc08893395a98,50242e50bdc20d4a9468e40a01658f98198029fef100710fa9a82db3c3101ff9,937047.1372499466,0.003,1047.1342499465682,937047.1327590465,65,15617
a0ed6d33dc4622e0a557f45a85a64d359ca20c3e5888fe64519cc08893395a98,50242e50bdc20d4a9468e40a01658f98198029fef100710fa9a82db3c3101ff9,937047.2503740788,0.004,1047.2463740787935,937047.2448831787,65,15617
a0ed6d33dc4622e0a557f45a85a64d359ca20c3e5888fe64519cc08893395a98,50242e50bdc20d4a9468e40a01658f98198029fef100710fa9a82db3c3101ff9,937047.3889739512,0.006,1047.3829739511712,937047.3814830511,65,15617
a0ed6d33dc4622e0a557f45a85a64d359ca20c3e5888fe64519cc08893395a98,50242e50bdc20d4a9468e40a01658f98198029fef100710fa9a82db3c3101ff9,937047.4270009996,0.007,1047.4200009995839,937047.4185100995,65,15617
a0ed6d33dc4622e0a557f45a85a64d359ca20c3e5888fe64519cc08893395a98,50242e50bdc20d4a9468e40a01658f98198029fef100710fa9a82db3c3101ff9,937047.4358649254,0.005,1047.4308649253799,937047.4293740253,65,15617
a0ed6d33dc4622e0a557f45a85a64d359ca20c3e5888fe64519cc08893395a98,50242e50bdc20d4a9468e40a01658f98198029fef100710fa9a82db3c3101ff9,937047.7842309476,0.006,1047.7782309475588,937047.7767400475,65,15617
a0ed6d33dc4622e0a557f45a85a64d359ca20c3e5888fe64519cc08893395a98,50242e50bdc20d4a9468e40a01658f98198029fef100710fa9a82db3c3101ff9,937047.7958629132,0.002,1047.7938629132695,937047.7923720132,65,15617
a0ed6d33dc4622e0a557f45a85a64d359ca20c3e5888fe64519cc08893395a98,50242e50bdc20d4a9468e40a01658f98198029fef100710fa9a82db3c3101ff9,937048.1395850182,0.002,1048.1375850181794,937048.1360941181,65,15617
a0ed6d33dc4622e0a557f45a85a64d359ca20c3e5888fe64519cc08893395a98,50242e50bdc20d4a9468e40a01658f98198029fef100710fa9a82db3c3101ff9,937048.4156830312,0.003,1048.4126830311725,937048.4111921311,65,15617
a0ed6d33dc4622e0a557f45a85a64d359ca20c3e5888fe64519cc08893395a98,50242e50bdc20d4a9468e40a01658f98198029fef100710fa9a82db3c3101ff9,937048.8315451144,0.002,1048.8295451144222,937048.8280542144,65,15617
a0ed6d33dc4622e0a557f45a85a64d359ca20c3e5888fe64519cc08893395a98,50242e50bdc20d4a9468e40a01658f98198029fef100710fa9a82db3c3101ff9,937048.9729568958,0.006,1048.966956895776,937048.9654659957,65,15617
a0ed6d33dc4622e0a557f45a85a64d359ca20c3e5888fe64519cc08893395a98,50242e50bdc20d4a9468e40a01658f98198029fef100710fa9a82db3c3101ff9,937048.9820709229,0.006,1048.9760709227994,937048.9745800227,65,15617
a0ed6d33dc4622e0a557f45a85a64d359ca20c3e5888fe64519cc08893395a98,50242e50bdc20d4a9468e40a01658f98198029fef100710fa9a82db3c3101ff9,937049.0390110016,0.002,1049.0370110016083,937049.0355201015,65,15617
a0ed6d33dc4622e0a557f45a85a64d359ca20c3e5888fe64519cc08893395a98,50242e50bdc20d4a9468e40a01658f98198029fef100710fa9a82db3c3101ff9,937051.002655983,0.003,1050.9996559829451,937050.9981650829,65,15617
a0ed6d33dc4622e0a557f45a85a64d359ca20c3e5888fe64519cc08893395a98,50242e50bdc20d4a9468e40a01658f98198029fef100710fa9a82db3c3101ff9,937051.0118761064,0.002,1051.0098761064,937051.0083852063,65,15617
a0ed6d33dc4622e0a557f45a85a64d359ca20c3e5888fe64519cc08893395a98,50242e50bdc20d4a9468e40a01658f98198029fef100710fa9a82db3c3101ff9,937051.033812046,0.004,1051.0298120460939,937051.028321146,65,15617
a0ed6d33dc4622e0a557f45a85a64d359ca20c3e5888fe64519cc08893395a98,50242e50bdc20d4a9468e40a01658f98198029fef100710fa9a82db3c3101ff9,937051.2052900792,0.001,1051.2042900791857,937051.2027991791,65,15617
a0ed6d33dc4622e0a557f45a85a64d359ca20c3e5888fe64519cc08893395a98,50242e50bdc20d4a9468e40a01658f98198029fef100710fa9a82db3c3101ff9,937051.4009509088,0.002,1051.3989509087987,937051.3974600087,65,15617
a0ed6d33dc4622e0a557f45a85a64d359ca20c3e5888fe64519cc08893395a98,50242e50bdc20d4a9468e40a01658f98198029fef100710fa9a82db3c3101ff9,937051.4105529784,0.002,1051.4085529784206,937051.4070620784,65,15617
a0ed6d33dc4622e0a557f45a85a64d359ca20c3e5888fe64519cc08893395a98,50242e50bdc20d4a9468e40a01658f98198029fef100710fa9a82db3c3101ff9,937051.448456049,0.011,1051.4374560489086,937051.4359651488,65,15617
a0ed6d33dc4622e0a557f45a85a64d359ca20c3e5888fe64519cc08893395a98,50242e50bdc20d4a9468e40a01658f98198029fef100710fa9a82db3c3101ff9,937051.4650940896,0.007,1051.4580940896412,937051.4566031896,65,15617
a0ed6d33dc4622e0a557f45a85a64d359ca20c3e5888fe64519cc08893395a98,50242e50bdc20d4a9468e40a01658f98198029fef100710fa9a82db3c3101ff9,937052.1244299412,0.001,1052.1234299411299,937052.1219390411,65,15617
a0ed6d33dc4622e0a557f45a85a64d359ca20c3e5888fe64519cc08893395a98,50242e50bdc20d4a9468e40a01658f98198029fef100710fa9a82db3c3101ff9,937052.364012003,0.002,1052.3620120029664,937052.3605211029,65,15617
a0ed6d33dc4622e0a557f45a85a64d359ca20c3e5888fe64519cc08893395a98,50242e50bdc20d4a9468e40a01658f98198029fef100710fa9a82db3c3101ff9,937052.4321238996,0.002,1052.4301238995977,937052.4286329995,65,15617
a0ed6d33dc4622e0a557f45a85a64d359ca20c3e5888fe64519cc08893395a98,50242e50bdc20d4a9468e40a01658f98198029fef100710fa9a82db3c3101ff9,937052.5342841148,0.003,1052.5312841148116,937052.5297932148,65,15617
a0ed6d33dc4622e0a557f45a85a64d359ca20c3e5888fe64519cc08893395a98,50242e50bdc20d4a9468e40a01658f98198029fef100710fa9a82db3c3101ff9,937052.7034659386,0.009,1052.6944659386063,937052.6929750385,65,15617
a0ed6d33dc4622e0a557f45a85a64d359ca20c3e5888fe64519cc08893395a98,50242e50bdc20d4a9468e40a01658f98198029fef100710fa9a82db3c3101ff9,937053.2944970132,0.004,1053.2904970132513,937053.2890061132,65,15617
a0ed6d33dc4622e0a557f45a85a64d359ca20c3e5888fe64519cc08893395a98,50242e50bdc20d4a9468e40a01658f98198029fef100710fa9a82db3c3101ff9,937053.310115099,0.006,1053.304115098901,937053.3026241988,65,15617
a0ed6d33dc4622e0a557f45a85a64d359ca20c3e5888fe64519cc08893395a98,50242e50bdc20d4a9468e40a01658f98198029fef100710fa9a82db3c3101ff9,937053.4532539845,0.002,1053.4512539844727,937053.4497630844,65,15617
a0ed6d33dc4622e0a557f45a85a64d359ca20c3e5888fe64519cc08893395a98,50242e50bdc20d4a9468e40a01658f98198029fef100710fa9a82db3c3101ff9,937053.879582882,0.006,1053.8735828819918,937053.8720919819,65,15617
a0ed6d33dc4622e0a557f45a85a64d359ca20c3e5888fe64519cc08893395a98,50242e50bdc20d4a9468e40a01658f98198029fef100710fa9a82db3c3101ff9,937053.8908689022,0.003,1053.8878689021803,937053.8863780021,65,15617
a0ed6d33dc4622e0a557f45a85a64d359ca20c3e5888fe64519cc08893395a98,50242e50bdc20d4a9468e40a01658f98198029fef100710fa9a82db3c3101ff9,937054.4741859436,0.003,1054.4711859435774,937054.4696950435,65,15617
a0ed6d33dc4622e0a557f45a85a64d359ca20c3e5888fe64519cc08893395a98,50242e50bdc20d4a9468e40a01658f98198029fef100710fa9a82db3c3101ff9,937054.5387740136,0.002,1054.5367740136571,937054.5352831136,65,15617
a0ed6d33dc4622e0a557f45a85a64d359ca20c3e5888fe64519cc08893395a98,50242e50bdc20d4a9468e40a01658f98198029fef100710fa9a82db3c3101ff9,937054.594825983,0.002,1054.592825983069,937054.591335083,65,15617
a0ed6d33dc4622e0a557f45a85a64d359ca20c3e5888fe64519cc08893395a98,50242e50bdc20d4a9468e40a01658f98198029fef100710fa9a82db3c3101ff9,937055.2146320344,0.002,1055.2126320344396,937055.2111411344,65,15617
a0ed6d33dc4622e0a557f45a85a64d359ca20c3e5888fe64519cc08893395a98,50242e50bdc20d4a9468e40a01658f98198029fef100710fa9a82db3c3101ff9,937056.2348780632,0.002,1056.2328780632233,937056.2313871632,65,15617
a0ed6d33dc4622e0a557f45a85a64d359ca20c3e5888fe64519cc08893395a98,50242e50bdc20d4a9468e40a01658f98198029fef100710fa9a82db3c3101ff9,937057.542937994,0.006,1057.5369379939511,937057.5354470939,65,15617
a0ed6d33dc4622e0a557f45a85a64d359ca20c3e5888fe64519cc08893395a98,50242e50bdc20d4a9468e40a01658f98198029fef100710fa9a82db3c3101ff9,937058.1242280006,0.007,1058.1172280006576,937058.1157371006,65,15617
d399b29c39aafde69884d67ced0990a879c305854eca7e5bf88c26b6c6f389c8,ae6f97c69d684b23e45ce195db1da6d3853004596e39b78688a763c8bbd32b47,749962.0053679943,0.687,1161.318367994274,749961.3168770942,52,12499
62ed48c098820db02aa8e99ad41e5438e61334ba7b1618aaff2f40868c927a97,eafaad5acf5d68a876c0fe609024baa3e901700c7a19a8ea8f435c73e8ecc314,217391.2749979496,0.589,1390.685997949593,217390.68450704956,15,3623
62ed48c098820db02aa8e99ad41e5438e61334ba7b1618aaff2f40868c927a97,eafaad5acf5d68a876c0fe609024baa3e901700c7a19a8ea8f435c73e8ecc314,217399.39298009872,0.534,1398.8589800987102,217398.85748919868,15,3623
d399b29c39aafde69884d67ced0990a879c305854eca7e5bf88c26b6c6f389c8,ae6f97c69d684b23e45ce195db1da6d3853004596e39b78688a763c8bbd32b47,750200.6855208874,1.015,1399.670520887361,750199.6690299873,52,12503
62ed48c098820db02aa8e99ad41e5438e61334ba7b1618aaff2f40868c927a97,eafaad5acf5d68a876c0fe609024baa3e901700c7a19a8ea8f435c73e8ecc314,217425.805850029,1.045,1424.760850028979,217424.75935912895,15,3623
62ed48c098820db02aa8e99ad41e5438e61334ba7b1618aaff2f40868c927a97,eafaad5acf5d68a876c0fe609024baa3e901700c7a19a8ea8f435c73e8ecc314,217426.8222830296,0.89,1425.9322830296005,217425.93079212957,15,3623
62ed48c098820db02aa8e99ad41e5438e61334ba7b1618aaff2f40868c927a97,eafaad5acf5d68a876c0fe609024baa3e901700c7a19a8ea8f435c73e8ecc314,217429.26676797867,0.932,1428.3347679786675,217428.33327707864,15,3623
62ed48c098820db02aa8e99ad41e5438e61334ba7b1618aaff2f40868c927a97,eafaad5acf5d68a876c0fe609024baa3e901700c7a19a8ea8f435c73e8ecc314,217449.19555091855,0.684,1448.5115509185416,217448.5100600185,15,3624
62ed48c098820db02aa8e99ad41e5438e61334ba7b1618aaff2f40868c927a97,eafaad5acf5d68a876c0fe609024baa3e901700c7a19a8ea8f435c73e8ecc314,217453.592220068,0.833,1452.7592200679937,217452.75772916796,15,3624
d399b29c39aafde69884d67ced0990a879c305854eca7e5bf88c26b6c6f389c8,ae6f97c69d684b23e45ce195db1da6d3853004596e39b78688a763c8bbd32b47,750260.2297968864,0.328,1459.9017968864646,750259.9003059864,52,12504
62ed48c098820db02aa8e99ad41e5438e61334ba7b1618aaff2f40868c927a97,eafaad5acf5d68a876c0fe609024baa3e901700c7a19a8ea8f435c73e8ecc314,217463.5244710445,0.297,1463.22747104452,217463.2259801445,15,3624
62ed48c098820db02aa8e99ad41e5438e61334ba7b1618aaff2f40868c927a97,eafaad5acf5d68a876c0fe609024baa3e901700c7a19a8ea8f435c73e8ecc314,217465.66172504425,0.328,1465.3337250442419,217465.3322341442,15,3624
62ed48c098820db02aa8e99ad41e5438e61334ba7b1618aaff2f40868c927a97,eafaad5acf5d68a876c0fe609024baa3e901700c7a19a8ea8f435c73e8ecc314,217468.2705130577,0.348,1467.9225130577106,217467.92102215768,15,3624
62ed48c098820db02aa8e99ad41e5438e61334ba7b1618aaff2f40868c927a97,eafaad5acf5d68a876c0fe609024baa3e901700c7a19a8ea8f435c73e8ecc314,217472.5464770794,0.267,1472.279477079399,217472.27798617937,15,3624
62ed48c098820db02aa8e99ad41e5438e61334ba7b1618aaff2f40868c927a97,eafaad5acf5d68a876c0fe609024baa3e901700c7a19a8ea8f435c73e8ecc314,217473.7693049908,0.361,1473.408304990793,217473.40681409076,15,3624
62ed48c098820db02aa8e99ad41e5438e61334ba7b1618aaff2f40868c927a97,eafaad5acf5d68a876c0fe609024baa3e901700c7a19a8ea8f435c73e8ecc314,217476.2141470909,0.298,1475.916147090902,217475.91465619087,15,3624
d399b29c39aafde69884d67ced0990a879c305854eca7e5bf88c26b6c6f389c8,ae6f97c69d684b23e45ce195db1da6d3853004596e39b78688a763c8bbd32b47,750319.837608099,0.796,1519.0416080990108,750319.040117199,52,12505
62ed48c098820db02aa8e99ad41e5438e61334ba7b1618aaff2f40868c927a97,eafaad5acf5d68a876c0fe609024baa3e901700c7a19a8ea8f435c73e8ecc314,217578.57297706604,0.749,1577.8239770660293,217577.822486166,15,3626
62ed48c098820db02aa8e99ad41e5438e61334ba7b1618aaff2f40868c927a97,eafaad5acf5d68a876c0fe609024baa3e901700c7a19a8ea8f435c73e8ecc314,217583.2246220112,3.985,1579.2396220112278,217579.2381311112,15,3626
62ed48c098820db02aa8e99ad41e5438e61334ba7b1618aaff2f40868c927a97,eafaad5acf5d68a876c0fe609024baa3e901700c7a19a8ea8f435c73e8ecc314,217583.56412911412,3.893,1579.671129114111,217579.66963821408,15,3626
62ed48c098820db02aa8e99ad41e5438e61334ba7b1618aaff2f40868c927a97,eafaad5acf5d68a876c0fe609024baa3e901700c7a19a8ea8f435c73e8ecc314,217584.33821988103,3.93,1580.4082198810356,217580.406728981,15,3626
62ed48c098820db02aa8e99ad41e5438e61334ba7b1618aaff2f40868c927a97,eafaad5acf5d68a876c0fe609024baa3e901700c7a19a8ea8f435c73e8ecc314,217584.55626106265,3.32,1581.2362610626442,217581.2347701626,15,3626
62ed48c098820db02aa8e99ad41e5438e61334ba7b1618aaff2f40868c927a97,eafaad5acf5d68a876c0fe609024baa3e901700c7a19a8ea8f435c73e8ecc314,217586.6329050064,0.784,1585.8489050063945,217585.84741410636,15,3626
62ed48c098820db02aa8e99ad41e5438e61334ba7b1618aaff2f40868c927a97,eafaad5acf5d68a876c0fe609024baa3e901700c7a19a8ea8f435c73e8ecc314,217587.5029489994,0.974,1586.5289489994175,217586.5274580994,15,3626
62ed48c098820db02aa8e99ad41e5438e61334ba7b1618aaff2f40868c927a97,eafaad5acf5d68a876c0fe609024baa3e901700c7a19a8ea8f435c73e8ecc314,217589.205080986,1.224,1587.9810809860064,217587.97959008598,15,3626
62ed48c098820db02aa8e99ad41e5438e61334ba7b1618aaff2f40868c927a97,eafaad5acf5d68a876c0fe609024baa3e901700c7a19a8ea8f435c73e8ecc314,217591.71697092056,0.647,1591.0699709205655,217591.06848002053,15,3626
62ed48c098820db02aa8e99ad41e5438e61334ba7b1618aaff2f40868c927a97,eafaad5acf5d68a876c0fe609024baa3e901700c7a19a8ea8f435c73e8ecc314,217595.5939910412,0.441,1595.152991041221,217595.1515001412,15,3626
62ed48c098820db02aa8e99ad41e5438e61334ba7b1618aaff2f40868c927a97,eafaad5acf5d68a876c0fe609024baa3e901700c7a19a8ea8f435c73e8ecc314,217609.09938693047,0.285,1608.8143869304622,217608.81289603043,15,3626
d399b29c39aafde69884d67ced0990a879c305854eca7e5bf88c26b6c6f389c8,ae6f97c69d684b23e45ce195db1da6d3853004596e39b78688a763c8bbd32b47,750440.4492349625,0.565,1639.8842349625193,750439.8827440625,52,12507
62ed48c098820db02aa8e99ad41e5438e61334ba7b1618aaff2f40868c927a97,eafaad5acf5d68a876c0fe609024baa3e901700c7a19a8ea8f435c73e8ecc314,217694.2199559212,0.4,1693.819955921208,217693.81846502118,15,3628
d399b29c39aafde69884d67ced0990a879c305854eca7e5bf88c26b6c6f389c8,ae6f97c69d684b23e45ce195db1da6d3853004596e39b78688a763c8bbd32b47,750499.6342229843,0.734,1698.900222984259,750498.8987320842,52,12508
62ed48c098820db02aa8e99ad41e5438e61334ba7b1618aaff2f40868c927a97,eafaad5acf5d68a876c0fe609024baa3e901700c7a19a8ea8f435c73e8ecc314,217707.2085149288,1.015,1706.1935149287747,217706.19202402874,15,3628
62ed48c098820db02aa8e99ad41e5438e61334ba7b1618aaff2f40868c927a97,eafaad5acf5d68a876c0fe609024baa3e901700c7a19a8ea8f435c73e8ecc314,217710.01037192345,0.467,1709.5433719234425,217709.5418810234,15,3628
62ed48c098820db02aa8e99ad41e5438e61334ba7b1618aaff2f40868c927a97,eafaad5acf5d68a876c0fe609024baa3e901700c7a19a8ea8f435c73e8ecc314,217711.61176991463,0.415,1711.196769914619,217711.1952790146,15,3628
62ed48c098820db02aa8e99ad41e5438e61334ba7b1618aaff2f40868c927a97,eafaad5acf5d68a876c0fe609024baa3e901700c7a19a8ea8f435c73e8ecc314,217715.4417190552,0.723,1714.7187190552067,217714.71722815518,15,3628
62ed48c098820db02aa8e99ad41e5438e61334ba7b1618aaff2f40868c927a97,eafaad5acf5d68a876c0fe609024baa3e901700c7a19a8ea8f435c73e8ecc314,217717.7372438908,1.568,1716.1692438907921,217716.16775299076,15,3628
62ed48c098820db02aa8e99ad41e5438e61334ba7b1618aaff2f40868c927a97,eafaad5acf5d68a876c0fe609024baa3e901700c7a19a8ea8f435c73e8ecc314,217720.70395708084,2.07,1718.633957080834,217718.6324661808,15,3628
62ed48c098820db02aa8e99ad41e5438e61334ba7b1618aaff2f40868c927a97,eafaad5acf5d68a876c0fe609024baa3e901700c7a19a8ea8f435c73e8ecc314,217721.8170490265,2.545,1719.2720490264765,217719.27055812645,15,3628
62ed48c098820db02aa8e99ad41e5438e61334ba7b1618aaff2f40868c927a97,eafaad5acf5d68a876c0fe609024baa3e901700c7a19a8ea8f435c73e8ecc314,217722.1117529869,1.809,1720.3027529868996,217720.30126208687,15,3628
62ed48c098820db02aa8e99ad41e5438e61334ba7b1618aaff2f40868c927a97,eafaad5acf5d68a876c0fe609024baa3e901700c7a19a8ea8f435c73e8ecc314,217724.3463048935,1.327,1723.0193048935034,217723.01781399347,15,3628
62ed48c098820db02aa8e99ad41e5438e61334ba7b1618aaff2f40868c927a97,eafaad5acf5d68a876c0fe609024baa3e901700c7a19a8ea8f435c73e8ecc314,217759.05598211288,0.628,1758.4279821128875,217758.42649121286,15,3629
62ed48c098820db02aa8e99ad41e5438e61334ba7b1618aaff2f40868c927a97,eafaad5acf5d68a876c0fe609024baa3e901700c7a19a8ea8f435c73e8ecc314,217760.7278699875,0.596,1760.1318699874973,217760.13037908747,15,3629
62ed48c098820db02aa8e99ad41e5438e61334ba7b1618aaff2f40868c927a97,eafaad5acf5d68a876c0fe609024baa3e901700c7a19a8ea8f435c73e8ecc314,217763.2951910496,0.78,1762.515191049606,217762.51370014958,15,3629
d399b29c39aafde69884d67ced0990a879c305854eca7e5bf88c26b6c6f389c8,ae6f97c69d684b23e45ce195db1da6d3853004596e39b78688a763c8bbd32b47,750563.9395439625,0.531,1763.4085439625196,750563.4070530625,52,12509
62ed48c098820db02aa8e99ad41e5438e61334ba7b1618aaff2f40868c927a97,eafaad5acf5d68a876c0fe609024baa3e901700c7a19a8ea8f435c73e8ecc314,217800.20412802696,0.266,1799.938128026959,217799.93663712693,15,3629
62ed48c098820db02aa8e99ad41e5438e61334ba7b1618aaff2f40868c927a97,eafaad5acf5d68a876c0fe609024baa3e901700c7a19a8ea8f435c73e8ecc314,217801.5780620575,0.306,1801.2720620574837,217801.27057115745,15,3630
62ed48c098820db02aa8e99ad41e5438e61334ba7b1618aaff2f40868c927a97,eafaad5acf5d68a876c0fe609024baa3e901700c7a19a8ea8f435c73e8ecc314,217803.36316609383,0.329,1803.0341660938284,217803.0326751938,15,3630
62ed48c098820db02aa8e99ad41e5438e61334ba7b1618aaff2f40868c927a97,eafaad5acf5d68a876c0fe609024baa3e901700c7a19a8ea8f435c73e8ecc314,217805.43205308917,0.312,1805.1200530891656,217805.11856218913,15,3630
62ed48c098820db02aa8e99ad41e5438e61334ba7b1618aaff2f40868c927a97,eafaad5acf5d68a876c0fe609024baa3e901700c7a19a8ea8f435c73e8ecc314,217808.7189600468,0.309,1808.409960046789,217808.40846914676,15,3630
62ed48c098820db02aa8e99ad41e5438e61334ba7b1618aaff2f40868c927a97,eafaad5acf5d68a876c0fe609024baa3e901700c7a19a8ea8f435c73e8ecc314,217810.19829893112,0.343,1809.8552989311283,217809.8538080311,15,3630
62ed48c098820db02aa8e99ad41e5438e61334ba7b1618aaff2f40868c927a97,eafaad5acf5d68a876c0fe609024baa3e901700c7a19a8ea8f435c73e8ecc314,217870.19527196884,0.421,1869.7742719688395,217869.7727810688,15,3631
62ed48c098820db02aa8e99ad41e5438e61334ba7b1618aaff2f40868c927a97,eafaad5acf5d68a876c0fe609024baa3e901700c7a19a8ea8f435c73e8ecc314,217872.8006598949,0.375,1872.4256598949141,217872.42416899488,15,3631
d399b29c39aafde69884d67ced0990a879c305854eca7e5bf88c26b6c6f389c8,ae6f97c69d684b23e45ce195db1da6d3853004596e39b78688a763c8bbd32b47,750698.640953064,0.911,1897.7299530640012,750697.7284621639,52,12511
62ed48c098820db02aa8e99ad41e5438e61334ba7b1618aaff2f40868c927a97,eafaad5acf5d68a876c0fe609024baa3e901700c7a19a8ea8f435c73e8ecc314,217909.29831504825,0.453,1908.8453150482383,217908.8438241482,15,3631
62ed48c098820db02aa8e99ad41e5438e61334ba7b1618aaff2f40868c927a97,eafaad5acf5d68a876c0fe609024baa3e901700c7a19a8ea8f435c73e8ecc314,217914.0250849724,0.909,1913.1160849723965,217913.11459407237,15,3631
62ed48c098820db02aa8e99ad41e5438e61334ba7b1618aaff2f40868c927a97,eafaad5acf5d68a876c0fe609024baa3e901700c7a19a8ea8f435c73e8ecc314,217915.1890978813,0.889,1914.3000978812925,217914.29860698126,15,3631
62ed48c098820db02aa8e99ad41e5438e61334ba7b1618aaff2f40868c927a97,eafaad5acf5d68a876c0fe609024baa3e901700c7a19a8ea8f435c73e8ecc314,217917.4326510429,1.213,1916.2196510429203,217916.2181601429,15,3631
62ed48c098820db02aa8e99ad41e5438e61334ba7b1618aaff2f40868c927a97,eafaad5acf5d68a876c0fe609024baa3e901700c7a19a8ea8f435c73e8ecc314,217918.83233094212,1.137,1917.695330942137,217917.6938400421,15,3631
62ed48c098820db02aa8e99ad41e5438e61334ba7b1618aaff2f40868c927a97,eafaad5acf5d68a876c0fe609024baa3e901700c7a19a8ea8f435c73e8ecc314,217932.82112693787,1.714,1931.107126937859,217931.10563603783,15,3632
62ed48c098820db02aa8e99ad41e5438e61334ba7b1618aaff2f40868c927a97,eafaad5acf5d68a876c0fe609024baa3e901700c7a19a8ea8f435c73e8ecc314,217931.7301499844,0.191,1931.5391499843972,217931.53765908437,15,3632
62ed48c098820db02aa8e99ad41e5438e61334ba7b1618aaff2f40868c927a97,eafaad5acf5d68a876c0fe609024baa3e901700c7a19a8ea8f435c73e8ecc314,217933.73926091197,0.918,1932.8212609119655,217932.81977001193,15,3632
62ed48c098820db02aa8e99ad41e5438e61334ba7b1618aaff2f40868c927a97,eafaad5acf5d68a876c0fe609024baa3e901700c7a19a8ea8f435c73e8ecc314,217935.3522939682,0.771,1934.5812939681928,217934.57980306816,15,3632
d399b29c39aafde69884d67ced0990a879c305854eca7e5bf88c26b6c6f389c8,ae6f97c69d684b23e45ce195db1da6d3853004596e39b78688a763c8bbd32b47,750741.4391770363,0.671,1940.7681770363124,750740.7666861363,52,12512
d399b29c39aafde69884d67ced0990a879c305854eca7e5bf88c26b6c6f389c8,ae6f97c69d684b23e45ce195db1da6d3853004596e39b78688a763c8bbd32b47,750802.4516661167,0.562,2001.88966611668,750801.8881752166,52,12513
d399b29c39aafde69884d67ced0990a879c305854eca7e5bf88c26b6c6f389c8,ae6f97c69d684b23e45ce195db1da6d3853004596e39b78688a763c8bbd32b47,750803.0454390049,0.578,2002.4674390049186,750802.4659481049,52,12513
62ed48c098820db02aa8e99ad41e5438e61334ba7b1618aaff2f40868c927a97,eafaad5acf5d68a876c0fe609024baa3e901700c7a19a8ea8f435c73e8ecc314,218010.30707597733,0.549,2009.7580759773264,218009.7565850773,15,3633
62ed48c098820db02aa8e99ad41e5438e61334ba7b1618aaff2f40868c927a97,eafaad5acf5d68a876c0fe609024baa3e901700c7a19a8ea8f435c73e8ecc314,218011.79393410683,0.467,2011.3269341068226,218011.3254432068,15,3633
62ed48c098820db02aa8e99ad41e5438e61334ba7b1618aaff2f40868c927a97,eafaad5acf5d68a876c0fe609024baa3e901700c7a19a8ea8f435c73e8ecc314,218014.3478360176,0.637,2013.7108360176207,218013.7093451176,15,3633
62ed48c098820db02aa8e99ad41e5438e61334ba7b1618aaff2f40868c927a97,eafaad5acf5d68a876c0fe609024baa3e901700c7a19a8ea8f435c73e8ecc314,218016.62555599213,0.446,2016.1795559921302,218016.1780650921,15,3633
62ed48c098820db02aa8e99ad41e5438e61334ba7b1618aaff2f40868c927a97,eafaad5acf5d68a876c0fe609024baa3e901700c7a19a8ea8f435c73e8ecc314,218031.23184800148,0.844,2030.3878480014682,218030.38635710144,15,3633
62ed48c098820db02aa8e99ad41e5438e61334ba7b1618aaff2f40868c927a97,eafaad5acf5d68a876c0fe609024baa3e901700c7a19a8ea8f435c73e8ecc314,218031.7526860237,0.437,2031.3156860237068,218031.31419512368,15,3633
62ed48c098820db02aa8e99ad41e5438e61334ba7b1618aaff2f40868c927a97,eafaad5acf5d68a876c0fe609024baa3e901700c7a19a8ea8f435c73e8ecc314,218038.6425459385,0.554,2038.088545938488,218038.08705503846,15,3633
62ed48c098820db02aa8e99ad41e5438e61334ba7b1618aaff2f40868c927a97,eafaad5acf5d68a876c0fe609024baa3e901700c7a19a8ea8f435c73e8ecc314,218041.04813098907,0.746,2040.302130989061,218040.30064008903,15,3634
62ed48c098820db02aa8e99ad41e5438e61334ba7b1618aaff2f40868c927a97,eafaad5acf5d68a876c0fe609024baa3e901700c7a19a8ea8f435c73e8ecc314,218044.18186497688,0.582,2043.599864976888,218043.59837407686,15,3634
62ed48c098820db02aa8e99ad41e5438e61334ba7b1618aaff2f40868c927a97,eafaad5acf5d68a876c0fe609024baa3e901700c7a19a8ea8f435c73e8ecc314,218045.92632603645,0.586,2045.340326036443,218045.3388351364,15,3634
62ed48c098820db02aa8e99ad41e5438e61334ba7b1618aaff2f40868c927a97,eafaad5acf5d68a876c0fe609024baa3e901700c7a19a8ea8f435c73e8ecc314,218048.19561600685,0.802,2047.3936160068552,218047.39212510682,15,3634
62ed48c098820db02aa8e99ad41e5438e61334ba7b1618aaff2f40868c927a97,eafaad5acf5d68a876c0fe609024baa3e901700c7a19a8ea8f435c73e8ecc314,218050.1861460209,0.634,2049.5521460208984,218049.55065512087,15,3634
62ed48c098820db02aa8e99ad41e5438e61334ba7b1618aaff2f40868c927a97,eafaad5acf5d68a876c0fe609024baa3e901700c7a19a8ea8f435c73e8ecc314,218053.25876402852,0.638,2052.620764028514,218052.61927312848,15,3634
62ed48c098820db02aa8e99ad41e5438e61334ba7b1618aaff2f40868c927a97,eafaad5acf5d68a876c0fe609024baa3e901700c7a19a8ea8f435c73e8ecc314,218054.72953891757,0.633,2054.096538917569,218054.09504801754,15,3634
d399b29c39aafde69884d67ced0990a879c305854eca7e5bf88c26b6c6f389c8,ae6f97c69d684b23e45ce195db1da6d3853004596e39b78688a763c8bbd32b47,750860.2073121071,0.796,2059.411312107113,750859.409821207,52,12514
d399b29c39aafde69884d67ced0990a879c305854eca7e5bf88c26b6c6f389c8,ae6f97c69d684b23e45ce195db1da6d3853004596e39b78688a763c8bbd32b47,750860.6760718822,0.437,2060.2390718822135,750860.2375809822,52,12514
62ed48c098820db02aa8e99ad41e5438e61334ba7b1618aaff2f40868c927a97,eafaad5acf5d68a876c0fe609024baa3e901700c7a19a8ea8f435c73e8ecc314,218066.88092899325,0.625,2066.255928993254,218066.25443809322,15,3634
62ed48c098820db02aa8e99ad41e5438e61334ba7b1618aaff2f40868c927a97,eafaad5acf5d68a876c0fe609024baa3e901700c7a19a8ea8f435c73e8ecc314,218068.67342805865,0.567,2068.1064280586434,218068.1049371586,15,3634
62ed48c098820db02aa8e99ad41e5438e61334ba7b1618aaff2f40868c927a97,eafaad5acf5d68a876c0fe609024baa3e901700c7a19a8ea8f435c73e8ecc314,218072.53012800217,0.804,2071.726128002163,218071.72463710213,15,3634
62ed48c098820db02aa8e99ad41e5438e61334ba7b1618aaff2f40868c927a97,eafaad5acf5d68a876c0fe609024baa3e901700c7a19a8ea8f435c73e8ecc314,218073.73381090164,0.658,2073.075810901646,218073.07432000161,15,3634
62ed48c098820db02aa8e99ad41e5438e61334ba7b1618aaff2f40868c927a97,eafaad5acf5d68a876c0fe609024baa3e901700c7a19a8ea8f435c73e8ecc314,218093.4752290249,0.408,2093.0672290248913,218093.06573812486,15,3634
62ed48c098820db02aa8e99ad41e5438e61334ba7b1618aaff2f40868c927a97,eafaad5acf5d68a876c0fe609024baa3e901700c7a19a8ea8f435c73e8ecc314,218095.64384698868,0.398,2095.2458469886915,218095.24435608866,15,3634
62ed48c098820db02aa8e99ad41e5438e61334ba7b1618aaff2f40868c927a97,eafaad5acf5d68a876c0fe609024baa3e901700c7a19a8ea8f435c73e8ecc314,218099.07776403427,0.315,2098.762764034269,218098.76127313424,15,3634
62ed48c098820db02aa8e99ad41e5438e61334ba7b1618aaff2f40868c927a97,eafaad5acf5d68a876c0fe609024baa3e901700c7a19a8ea8f435c73e8ecc314,218100.5073750019,0.366,2100.1413750018983,218100.13988410187,15,3635
62ed48c098820db02aa8e99ad41e5438e61334ba7b1618aaff2f40868c927a97,eafaad5acf5d68a876c0fe609024baa3e901700c7a19a8ea8f435c73e8ecc314,218102.69749593732,0.444,2102.2534959373297,218102.2520050373,15,3635
62ed48c098820db02aa8e99ad41e5438e61334ba7b1618aaff2f40868c927a97,eafaad5acf5d68a876c0fe609024baa3e901700c7a19a8ea8f435c73e8ecc314,218104.8649458885,0.382,2104.482945888478,218104.48145498845,15,3635
d399b29c39aafde69884d67ced0990a879c305854eca7e5bf88c26b6c6f389c8,ae6f97c69d684b23e45ce195db1da6d3853004596e39b78688a763c8bbd32b47,750921.0764689445,0.64,2120.4364689445356,750920.4349780445,52,12515
d399b29c39aafde69884d67ced0990a879c305854eca7e5bf88c26b6c6f389c8,ae6f97c69d684b23e45ce195db1da6d3853004596e39b78688a763c8bbd32b47,750921.420238018,0.312,2121.1082380180014,750921.1067471179,52,12515
d399b29c39aafde69884d67ced0990a879c305854eca7e5bf88c26b6c6f389c8,ae6f97c69d684b23e45ce195db1da6d3853004596e39b78688a763c8bbd32b47,750922.2015259266,0.781,2121.420525926631,750921.4190350266,52,12515
d399b29c39aafde69884d67ced0990a879c305854eca7e5bf88c26b6c6f389c8,ae6f97c69d684b23e45ce195db1da6d3853004596e39b78688a763c8bbd32b47,750979.9628698826,0.553,2179.4098698826274,750979.4083789826,52,12516
d399b29c39aafde69884d67ced0990a879c305854eca7e5bf88c26b6c6f389c8,ae6f97c69d684b23e45ce195db1da6d3853004596e39b78688a763c8bbd32b47,750980.6191079617,0.64,2179.9791079616407,750979.9776170616,52,12516
d399b29c39aafde69884d67ced0990a879c305854eca7e5bf88c26b6c6f389c8,ae6f97c69d684b23e45ce195db1da6d3853004596e39b78688a763c8bbd32b47,750981.025372982,0.406,2180.619372982066,750980.617882082,52,12516
62ed48c098820db02aa8e99ad41e5438e61334ba7b1618aaff2f40868c927a97,eafaad5acf5d68a876c0fe609024baa3e901700c7a19a8ea8f435c73e8ecc314,218222.7852959633,0.52,2222.265295963298,218222.26380506327,15,3637
d399b29c39aafde69884d67ced0990a879c305854eca7e5bf88c26b6c6f389c8,ae6f97c69d684b23e45ce195db1da6d3853004596e39b78688a763c8bbd32b47,751040.6066250801,0.66,2239.946625080076,751039.94513418,52,12517
d399b29c39aafde69884d67ced0990a879c305854eca7e5bf88c26b6c6f389c8,ae6f97c69d684b23e45ce195db1da6d3853004596e39b78688a763c8bbd32b47,751040.9660220146,0.343,2240.6230220146244,751040.6215311146,52,12517
d399b29c39aafde69884d67ced0990a879c305854eca7e5bf88c26b6c6f389c8,ae6f97c69d684b23e45ce195db1da6d3853004596e39b78688a763c8bbd32b47,751041.5441219807,0.578,2240.9661219806876,751040.9646310806,52,12517
62ed48c098820db02aa8e99ad41e5438e61334ba7b1618aaff2f40868c927a97,eafaad5acf5d68a876c0fe609024baa3e901700c7a19a8ea8f435c73e8ecc314,218369.7595469952,0.607,2369.152546995203,218369.15105609517,15,3639
62ed48c098820db02aa8e99ad41e5438e61334ba7b1618aaff2f40868c927a97,eafaad5acf5d68a876c0fe609024baa3e901700c7a19a8ea8f435c73e8ecc314,218371.21753001213,0.906,2370.3115300121426,218370.3100391121,15,3639
62ed48c098820db02aa8e99ad41e5438e61334ba7b1618aaff2f40868c927a97,eafaad5acf5d68a876c0fe609024baa3e901700c7a19a8ea8f435c73e8ecc314,218372.7534379959,1.475,2371.278437995905,218371.27694709587,15,3639
62ed48c098820db02aa8e99ad41e5438e61334ba7b1618aaff2f40868c927a97,eafaad5acf5d68a876c0fe609024baa3e901700c7a19a8ea8f435c73e8ecc314,218374.1896560192,1.281,2372.9086560192227,218372.9071651192,15,3639
62ed48c098820db02aa8e99ad41e5438e61334ba7b1618aaff2f40868c927a97,eafaad5acf5d68a876c0fe609024baa3e901700c7a19a8ea8f435c73e8ecc314,218375.76840806007,0.666,2375.1024080600764,218375.10091716005,15,3639
62ed48c098820db02aa8e99ad41e5438e61334ba7b1618aaff2f40868c927a97,eafaad5acf5d68a876c0fe609024baa3e901700c7a19a8ea8f435c73e8ecc314,218376.50276207924,0.764,2375.7387620792433,218375.7372711792,15,3639
62ed48c098820db02aa8e99ad41e5438e61334ba7b1618aaff2f40868c927a97,eafaad5acf5d68a876c0fe609024baa3e901700c7a19a8ea8f435c73e8ecc314,218377.78788399696,0.837,2376.950883996964,218376.94939309693,15,3639
62ed48c098820db02aa8e99ad41e5438e61334ba7b1618aaff2f40868c927a97,eafaad5acf5d68a876c0fe609024baa3e901700c7a19a8ea8f435c73e8ecc314,218379.5382990837,0.815,2378.7232990837074,218378.72180818368,15,3639
62ed48c098820db02aa8e99ad41e5438e61334ba7b1618aaff2f40868c927a97,eafaad5acf5d68a876c0fe609024baa3e901700c7a19a8ea8f435c73e8ecc314,218380.44526410103,0.793,2379.6522641010233,218379.650773201,15,3639
62ed48c098820db02aa8e99ad41e5438e61334ba7b1618aaff2f40868c927a97,eafaad5acf5d68a876c0fe609024baa3e901700c7a19a8ea8f435c73e8ecc314,218381.2475531101,1.126,2380.1215531101043,218380.12006221007,15,3639
62ed48c098820db02aa8e99ad41e5438e61334ba7b1618aaff2f40868c927a97,eafaad5acf5d68a876c0fe609024baa3e901700c7a19a8ea8f435c73e8ecc314,218382.3901491165,1.399,2380.991149116482,218380.98965821645,15,3639
62ed48c098820db02aa8e99ad41e5438e61334ba7b1618aaff2f40868c927a97,eafaad5acf5d68a876c0fe609024baa3e901700c7a19a8ea8f435c73e8ecc314,218382.8938419819,1.031,2381.8628419818997,218381.86135108187,15,3639
62ed48c098820db02aa8e99ad41e5438e61334ba7b1618aaff2f40868c927a97,eafaad5acf5d68a876c0fe609024baa3e901700c7a19a8ea8f435c73e8ecc314,218383.00428009036,0.33,2382.674280090374,218382.67278919034,15,3639
62ed48c098820db02aa8e99ad41e5438e61334ba7b1618aaff2f40868c927a97,eafaad5acf5d68a876c0fe609024baa3e901700c7a19a8ea8f435c73e8ecc314,218384.4283530712,1.345,2383.0833530712116,218383.08186217118,15,3639
62ed48c098820db02aa8e99ad41e5438e61334ba7b1618aaff2f40868c927a97,eafaad5acf5d68a876c0fe609024baa3e901700c7a19a8ea8f435c73e8ecc314,218384.16323900223,0.408,2383.755239002232,218383.7537481022,15,3639
62ed48c098820db02aa8e99ad41e5438e61334ba7b1618aaff2f40868c927a97,eafaad5acf5d68a876c0fe609024baa3e901700c7a19a8ea8f435c73e8ecc314,218385.7765030861,0.921,2384.855503086088,218384.85401218606,15,3639
62ed48c098820db02aa8e99ad41e5438e61334ba7b1618aaff2f40868c927a97,eafaad5acf5d68a876c0fe609024baa3e901700c7a19a8ea8f435c73e8ecc314,218386.94697093964,1.216,2385.7309709396504,218385.72948003962,15,3639
62ed48c098820db02aa8e99ad41e5438e61334ba7b1618aaff2f40868c927a97,eafaad5acf5d68a876c0fe609024baa3e901700c7a19a8ea8f435c73e8ecc314,218388.4842119217,2.464,2386.0202119216847,218386.01872102165,15,3639
62ed48c098820db02aa8e99ad41e5438e61334ba7b1618aaff2f40868c927a97,eafaad5acf5d68a876c0fe609024baa3e901700c7a19a8ea8f435c73e8ecc314,218389.62835788727,2.984,2386.6443578872713,218386.64286698724,15,3639
62ed48c098820db02aa8e99ad41e5438e61334ba7b1618aaff2f40868c927a97,eafaad5acf5d68a876c0fe609024baa3e901700c7a19a8ea8f435c73e8ecc314,218391.51311302185,4.114,2387.399113021849,218387.39762212182,15,3639
62ed48c098820db02aa8e99ad41e5438e61334ba7b1618aaff2f40868c927a97,eafaad5acf5d68a876c0fe609024baa3e901700c7a19a8ea8f435c73e8ecc314,218391.10381793976,2.782,2388.321817939752,218388.32032703972,15,3639
62ed48c098820db02aa8e99ad41e5438e61334ba7b1618aaff2f40868c927a97,eafaad5acf5d68a876c0fe609024baa3e901700c7a19a8ea8f435c73e8ecc314,218393.03105592728,4.269,2388.7620559272764,218388.76056502725,15,3639
62ed48c098820db02aa8e99ad41e5438e61334ba7b1618aaff2f40868c927a97,eafaad5acf5d68a876c0fe609024baa3e901700c7a19a8ea8f435c73e8ecc314,218394.28699994087,4.692,2389.594999940862,218389.59350904083,15,3639
62ed48c098820db02aa8e99ad41e5438e61334ba7b1618aaff2f40868c927a97,eafaad5acf5d68a876c0fe609024baa3e901700c7a19a8ea8f435c73e8ecc314,218395.0108950138,4.152,2390.8588950138073,218390.85740411378,15,3639
62ed48c098820db02aa8e99ad41e5438e61334ba7b1618aaff2f40868c927a97,eafaad5acf5d68a876c0fe609024baa3e901700c7a19a8ea8f435c73e8ecc314,218395.53920006752,3.36,2392.179200067534,218392.1777091675,15,3639
62ed48c098820db02aa8e99ad41e5438e61334ba7b1618aaff2f40868c927a97,eafaad5acf5d68a876c0fe609024baa3e901700c7a19a8ea8f435c73e8ecc314,218395.4091079235,2.503,2392.9061079235107,218392.90461702348,15,3639
62ed48c098820db02aa8e99ad41e5438e61334ba7b1618aaff2f40868c927a97,eafaad5acf5d68a876c0fe609024baa3e901700c7a19a8ea8f435c73e8ecc314,218395.7449851036,1.136,2394.6089851036086,218394.60749420358,15,3639
62ed48c098820db02aa8e99ad41e5438e61334ba7b1618aaff2f40868c927a97,eafaad5acf5d68a876c0fe609024baa3e901700c7a19a8ea8f435c73e8ecc314,218397.48006892204,0.375,2397.105068922043,218397.103578022,15,3639
62ed48c098820db02aa8e99ad41e5438e61334ba7b1618aaff2f40868c927a97,eafaad5acf5d68a876c0fe609024baa3e901700c7a19a8ea8f435c73e8ecc314,218400.02708506584,0.36,2399.6670850658556,218399.66559416582,15,3639
62ed48c098820db02aa8e99ad41e5438e61334ba7b1618aaff2f40868c927a97,eafaad5acf5d68a876c0fe609024baa3e901700c7a19a8ea8f435c73e8ecc314,218401.7961549759,1.185,2400.6111549758934,218400.60966407586,15,3640
62ed48c098820db02aa8e99ad41e5438e61334ba7b1618aaff2f40868c927a97,eafaad5acf5d68a876c0fe609024baa3e901700c7a19a8ea8f435c73e8ecc314,218403.07476091385,1.496,2401.578760913835,218401.5772700138,15,3640
62ed48c098820db02aa8e99ad41e5438e61334ba7b1618aaff2f40868c927a97,eafaad5acf5d68a876c0fe609024baa3e901700c7a19a8ea8f435c73e8ecc314,218404.48601698875,2.05,2402.436016988766,218402.43452608873,15,3640
62ed48c098820db02aa8e99ad41e5438e61334ba7b1618aaff2f40868c927a97,eafaad5acf5d68a876c0fe609024baa3e901700c7a19a8ea8f435c73e8ecc314,218407.62887191767,4.328,2403.300871917658,218403.29938101763,15,3640
62ed48c098820db02aa8e99ad41e5438e61334ba7b1618aaff2f40868c927a97,eafaad5acf5d68a876c0fe609024baa3e901700c7a19a8ea8f435c73e8ecc314,218406.7074780464,3.055,2403.652478046395,218403.65098714636,15,3640
62ed48c098820db02aa8e99ad41e5438e61334ba7b1618aaff2f40868c927a97,eafaad5acf5d68a876c0fe609024baa3e901700c7a19a8ea8f435c73e8ecc314,218408.0019199848,3.688,2404.3139199847938,218404.31242908476,15,3640
62ed48c098820db02aa8e99ad41e5438e61334ba7b1618aaff2f40868c927a97,eafaad5acf5d68a876c0fe609024baa3e901700c7a19a8ea8f435c73e8ecc314,218410.19742798805,5.0,2405.1974279880524,218405.19593708802,15,3640
62ed48c098820db02aa8e99ad41e5438e61334ba7b1618aaff2f40868c927a97,eafaad5acf5d68a876c0fe609024baa3e901700c7a19a8ea8f435c73e8ecc314,218412.3368499279,6.254,2406.082849927916,218406.08135902788,15,3640
62ed48c098820db02aa8e99ad41e5438e61334ba7b1618aaff2f40868c927a97,eafaad5acf5d68a876c0fe609024baa3e901700c7a19a8ea8f435c73e8ecc314,218414.7722671032,8.233,2406.5392671031877,218406.53777620316,15,3640
62ed48c098820db02aa8e99ad41e5438e61334ba7b1618aaff2f40868c927a97,eafaad5acf5d68a876c0fe609024baa3e901700c7a19a8ea8f435c73e8ecc314,218414.70176291463,7.74,2406.961762914638,218406.9602720146,15,3640
62ed48c098820db02aa8e99ad41e5438e61334ba7b1618aaff2f40868c927a97,eafaad5acf5d68a876c0fe609024baa3e901700c7a19a8ea8f435c73e8ecc314,218414.90319108963,7.323,2407.580191089626,218407.5787001896,15,3640
62ed48c098820db02aa8e99ad41e5438e61334ba7b1618aaff2f40868c927a97,eafaad5acf5d68a876c0fe609024baa3e901700c7a19a8ea8f435c73e8ecc314,218418.51026391983,10.323,2408.1872639198264,218408.1857730198,15,3640
62ed48c098820db02aa8e99ad41e5438e61334ba7b1618aaff2f40868c927a97,eafaad5acf5d68a876c0fe609024baa3e901700c7a19a8ea8f435c73e8ecc314,218423.1014149189,14.515,2408.5864149188856,218408.58492401885,15,3640
62ed48c098820db02aa8e99ad41e5438e61334ba7b1618aaff2f40868c927a97,eafaad5acf5d68a876c0fe609024baa3e901700c7a19a8ea8f435c73e8ecc314,218419.39749002457,10.328,2409.069490024558,218409.06799912453,15,3640
62ed48c098820db02aa8e99ad41e5438e61334ba7b1618aaff2f40868c927a97,eafaad5acf5d68a876c0fe609024baa3e901700c7a19a8ea8f435c73e8ecc314,218420.15121507645,10.219,2409.9322150764347,218409.9307241764,15,3640
62ed48c098820db02aa8e99ad41e5438e61334ba7b1618aaff2f40868c927a97,eafaad5acf5d68a876c0fe609024baa3e901700c7a19a8ea8f435c73e8ecc314,218423.105905056,12.342,2410.7639050559956,218410.76241415596,15,3640
62ed48c098820db02aa8e99ad41e5438e61334ba7b1618aaff2f40868c927a97,eafaad5acf5d68a876c0fe609024baa3e901700c7a19a8ea8f435c73e8ecc314,218427.3195331097,16.13,2411.1895331096894,218411.18804220966,15,3640
62ed48c098820db02aa8e99ad41e5438e61334ba7b1618aaff2f40868c927a97,eafaad5acf5d68a876c0fe609024baa3e901700c7a19a8ea8f435c73e8ecc314,218424.1848449707,12.327,2411.857844970713,218411.85635407068,15,3640
62ed48c098820db02aa8e99ad41e5438e61334ba7b1618aaff2f40868c927a97,eafaad5acf5d68a876c0fe609024baa3e901700c7a19a8ea8f435c73e8ecc314,218429.043735981,16.242,2412.801735980989,218412.80024508096,15,3640
62ed48c098820db02aa8e99ad41e5438e61334ba7b1618aaff2f40868c927a97,eafaad5acf5d68a876c0fe609024baa3e901700c7a19a8ea8f435c73e8ecc314,218427.4183330536,13.674,2413.74433305359,218413.74284215356,15,3640
62ed48c098820db02aa8e99ad41e5438e61334ba7b1618aaff2f40868c927a97,eafaad5acf5d68a876c0fe609024baa3e901700c7a19a8ea8f435c73e8ecc314,218432.97565197945,18.554,2414.4216519794427,218414.4201610794,15,3640
62ed48c098820db02aa8e99ad41e5438e61334ba7b1618aaff2f40868c927a97,eafaad5acf5d68a876c0fe609024baa3e901700c7a19a8ea8f435c73e8ecc314,218430.83042311668,15.653,2415.177423116693,218415.17593221666,15,3640
62ed48c098820db02aa8e99ad41e5438e61334ba7b1618aaff2f40868c927a97,eafaad5acf5d68a876c0fe609024baa3e901700c7a19a8ea8f435c73e8ecc314,218427.9491379261,11.446,2416.5031379261054,218416.50164702607,15,3640
62ed48c098820db02aa8e99ad41e5438e61334ba7b1618aaff2f40868c927a97,eafaad5acf5d68a876c0fe609024baa3e901700c7a19a8ea8f435c73e8ecc314,218428.61415600777,11.063,2417.551156007772,218417.54966510774,15,3640
62ed48c098820db02aa8e99ad41e5438e61334ba7b1618aaff2f40868c927a97,eafaad5acf5d68a876c0fe609024baa3e901700c7a19a8ea8f435c73e8ecc314,218428.5810329914,10.574,2418.007032991416,218418.00554209138,15,3640
62ed48c098820db02aa8e99ad41e5438e61334ba7b1618aaff2f40868c927a97,eafaad5acf5d68a876c0fe609024baa3e901700c7a19a8ea8f435c73e8ecc314,218432.9458899498,14.129,2418.8168899498123,218418.81539904978,15,3640
62ed48c098820db02aa8e99ad41e5438e61334ba7b1618aaff2f40868c927a97,eafaad5acf5d68a876c0fe609024baa3e901700c7a19a8ea8f435c73e8ecc314,218432.9412109852,12.883,2420.058210985211,218420.05672008518,15,3640
62ed48c098820db02aa8e99ad41e5438e61334ba7b1618aaff2f40868c927a97,eafaad5acf5d68a876c0fe609024baa3e901700c7a19a8ea8f435c73e8ecc314,218432.990983963,11.824,2421.1669839630194,218421.165493063,15,3640
62ed48c098820db02aa8e99ad41e5438e61334ba7b1618aaff2f40868c927a97,eafaad5acf5d68a876c0fe609024baa3e901700c7a19a8ea8f435c73e8ecc314,218433.02131795883,11.175,2421.8463179588434,218421.8448270588,15,3640
62ed48c098820db02aa8e99ad41e5438e61334ba7b1618aaff2f40868c927a97,eafaad5acf5d68a876c0fe609024baa3e901700c7a19a8ea8f435c73e8ecc314,218432.88337802887,10.242,2422.6413780288713,218422.63988712884,15,3640
62ed48c098820db02aa8e99ad41e5438e61334ba7b1618aaff2f40868c927a97,eafaad5acf5d68a876c0fe609024baa3e901700c7a19a8ea8f435c73e8ecc314,218432.9255669117,8.807,2424.1185669116967,218424.11707601167,15,3640
62ed48c098820db02aa8e99ad41e5438e61334ba7b1618aaff2f40868c927a97,eafaad5acf5d68a876c0fe609024baa3e901700c7a19a8ea8f435c73e8ecc314,218433.020275116,7.667,2425.353275116009,218425.35178421598,15,3640
62ed48c098820db02aa8e99ad41e5438e61334ba7b1618aaff2f40868c927a97,eafaad5acf5d68a876c0fe609024baa3e901700c7a19a8ea8f435c73e8ecc314,218434.03064107892,0.462,2433.5686410789203,218433.5671501789,15,3640
62ed48c098820db02aa8e99ad41e5438e61334ba7b1618aaff2f40868c927a97,eafaad5acf5d68a876c0fe609024baa3e901700c7a19a8ea8f435c73e8ecc314,219043.16506695747,0.379,3042.7860669574875,219042.78457605746,15,3650
62ed48c098820db02aa8e99ad41e5438e61334ba7b1618aaff2f40868c927a97,eafaad5acf5d68a876c0fe609024baa3e901700c7a19a8ea8f435c73e8ecc314,219045.50816893575,0.375,3045.1331689357467,219045.13167803572,15,3650
62ed48c098820db02aa8e99ad41e5438e61334ba7b1618aaff2f40868c927a97,eafaad5acf5d68a876c0fe609024baa3e901700c7a19a8ea8f435c73e8ecc314,219049.03645801544,0.329,3048.707458015444,219048.7059671154,15,3650
62ed48c098820db02aa8e99ad41e5438e61334ba7b1618aaff2f40868c927a97,eafaad5acf5d68a876c0fe609024baa3e901700c7a19a8ea8f435c73e8ecc314,219050.81837797165,0.39,3050.428377971635,219050.4268870716,15,3650
62ed48c098820db02aa8e99ad41e5438e61334ba7b1618aaff2f40868c927a97,eafaad5acf5d68a876c0fe609024baa3e901700c7a19a8ea8f435c73e8ecc314,219052.7458240986,0.281,3052.464824098599,219052.46333319857,15,3650
62ed48c098820db02aa8e99ad41e5438e61334ba7b1618aaff2f40868c927a97,eafaad5acf5d68a876c0fe609024baa3e901700c7a19a8ea8f435c73e8ecc314,219054.5332620144,0.282,3054.2512620143825,219054.24977111435,15,3650
62ed48c098820db02aa8e99ad41e5438e61334ba7b1618aaff2f40868c927a97,eafaad5acf5d68a876c0fe609024baa3e901700c7a19a8ea8f435c73e8ecc314,219057.83821892735,0.281,3057.557218927366,219057.55572802734,15,3650
a594f92f84072b4cd031fe5283d1781a6e98f430696dec0a8e3b02eadb5fc0b8,155e47f8e7f751d0c845049456d01832013c61336a8cd85901330ac821a71534,176059.8941988945,0.647,3259.2471988945035,176059.24570799447,12,2934
a594f92f84072b4cd031fe5283d1781a6e98f430696dec0a8e3b02eadb5fc0b8,155e47f8e7f751d0c845049456d01832013c61336a8cd85901330ac821a71534,176061.54968690872,0.104,3261.44568690873,176061.4441960087,12,2934
a594f92f84072b4cd031fe5283d1781a6e98f430696dec0a8e3b02eadb5fc0b8,155e47f8e7f751d0c845049456d01832013c61336a8cd85901330ac821a71534,176062.46384501457,0.005,3262.4588450145675,176062.45735411454,12,2934
a594f92f84072b4cd031fe5283d1781a6e98f430696dec0a8e3b02eadb5fc0b8,155e47f8e7f751d0c845049456d01832013c61336a8cd85901330ac821a71534,176063.0000770092,0.001,3262.9990770092118,176062.99758610918,12,2934
a594f92f84072b4cd031fe5283d1781a6e98f430696dec0a8e3b02eadb5fc0b8,155e47f8e7f751d0c845049456d01832013c61336a8cd85901330ac821a71534,176063.01817011833,0.001,3263.0171701183426,176063.0156792183,12,2934
a594f92f84072b4cd031fe5283d1781a6e98f430696dec0a8e3b02eadb5fc0b8,155e47f8e7f751d0c845049456d01832013c61336a8cd85901330ac821a71534,176063.89506793022,0.001,3263.8940679302323,176063.8925770302,12,2934
a594f92f84072b4cd031fe5283d1781a6e98f430696dec0a8e3b02eadb5fc0b8,155e47f8e7f751d0c845049456d01832013c61336a8cd85901330ac821a71534,176064.39652204514,0.004,3264.3925220451492,176064.39103114512,12,2934
a594f92f84072b4cd031fe5283d1781a6e98f430696dec0a8e3b02eadb5fc0b8,155e47f8e7f751d0c845049456d01832013c61336a8cd85901330ac821a71534,176064.62648296356,0.001,3264.6254829635727,176064.62399206354,12,2934
a594f92f84072b4cd031fe5283d1781a6e98f430696dec0a8e3b02eadb5fc0b8,155e47f8e7f751d0c845049456d01832013c61336a8cd85901330ac821a71534,176064.89653801918,0.005,3264.8915380191756,176064.89004711914,12,2934
a594f92f84072b4cd031fe5283d1781a6e98f430696dec0a8e3b02eadb5fc0b8,155e47f8e7f751d0c845049456d01832013c61336a8cd85901330ac821a71534,176065.71651101112,0.009,3265.7075110111327,176065.7060201111,12,2934
a594f92f84072b4cd031fe5283d1781a6e98f430696dec0a8e3b02eadb5fc0b8,155e47f8e7f751d0c845049456d01832013c61336a8cd85901330ac821a71534,176066.20043992996,0.005,3266.1954399299575,176066.19394902993,12,2934
a594f92f84072b4cd031fe5283d1781a6e98f430696dec0a8e3b02eadb5fc0b8,155e47f8e7f751d0c845049456d01832013c61336a8cd85901330ac821a71534,176066.49842905998,0.001,3266.497429059993,176066.49593815996,12,2934
a594f92f84072b4cd031fe5283d1781a6e98f430696dec0a8e3b02eadb5fc0b8,155e47f8e7f751d0c845049456d01832013c61336a8cd85901330ac821a71534,176066.95757699013,0.001,3266.9565769901383,176066.9550860901,12,2934
a594f92f84072b4cd031fe5283d1781a6e98f430696dec0a8e3b02eadb5fc0b8,155e47f8e7f751d0c845049456d01832013c61336a8cd85901330ac821a71534,176067.0962779522,0.001,3267.095277952205,176067.09378705217,12,2934
a594f92f84072b4cd031fe5283d1781a6e98f430696dec0a8e3b02eadb5fc0b8,155e47f8e7f751d0c845049456d01832013c61336a8cd85901330ac821a71534,176067.5198340416,0.001,3267.518834041606,176067.51734314158,12,2934
a594f92f84072b4cd031fe5283d1781a6e98f430696dec0a8e3b02eadb5fc0b8,155e47f8e7f751d0c845049456d01832013c61336a8cd85901330ac821a71534,176068.2841579914,0.001,3268.28315799142,176068.2816670914,12,2934
a594f92f84072b4cd031fe5283d1781a6e98f430696dec0a8e3b02eadb5fc0b8,155e47f8e7f751d0c845049456d01832013c61336a8cd85901330ac821a71534,176068.89078497887,0.005,3268.885784978862,176068.88429407883,12,2934
a594f92f84072b4cd031fe5283d1781a6e98f430696dec0a8e3b02eadb5fc0b8,155e47f8e7f751d0c845049456d01832013c61336a8cd85901330ac821a71534,176069.24356794357,0.001,3269.2425679435837,176069.24107704355,12,2934
a594f92f84072b4cd031fe5283d1781a6e98f430696dec0a8e3b02eadb5fc0b8,155e47f8e7f751d0c845049456d01832013c61336a8cd85901330ac821a71534,176069.46176099777,0.001,3269.460760997783,176069.45927009775,12,2934
a594f92f84072b4cd031fe5283d1781a6e98f430696dec0a8e3b02eadb5fc0b8,155e47f8e7f751d0c845049456d01832013c61336a8cd85901330ac821a71534,176069.5444738865,0.001,3269.5434738865006,176069.54198298647,12,2934
a594f92f84072b4cd031fe5283d1781a6e98f430696dec0a8e3b02eadb5fc0b8,155e47f8e7f751d0c845049456d01832013c61336a8cd85901330ac821a71534,176069.98672699928,0.001,3269.9857269992935,176069.98423609926,12,2934
a594f92f84072b4cd031fe5283d1781a6e98f430696dec0a8e3b02eadb5fc0b8,155e47f8e7f751d0c845049456d01832013c61336a8cd85901330ac821a71534,176070.11159801483,0.001,3270.1105980148423,176070.1091071148,12,2934
a594f92f84072b4cd031fe5283d1781a6e98f430696dec0a8e3b02eadb5fc0b8,155e47f8e7f751d0c845049456d01832013c61336a8cd85901330ac821a71534,176070.37758803368,0.006,3270.371588033682,176070.37009713365,12,2934
a594f92f84072b4cd031fe5283d1781a6e98f430696dec0a8e3b02eadb5fc0b8,155e47f8e7f751d0c845049456d01832013c61336a8cd85901330ac821a71534,176070.59042596817,0.001,3270.589425968181,176070.58793506815,12,2934
a594f92f84072b4cd031fe5283d1781a6e98f430696dec0a8e3b02eadb5fc0b8,155e47f8e7f751d0c845049456d01832013c61336a8cd85901330ac821a71534,176073.0738670826,0.001,3273.0728670826065,176073.07137618258,12,2934
a594f92f84072b4cd031fe5283d1781a6e98f430696dec0a8e3b02eadb5fc0b8,155e47f8e7f751d0c845049456d01832013c61336a8cd85901330ac821a71534,176073.4343380928,0.001,3273.4333380928147,176073.43184719278,12,2934
a594f92f84072b4cd031fe5283d1781a6e98f430696dec0a8e3b02eadb5fc0b8,155e47f8e7f751d0c845049456d01832013c61336a8cd85901330ac821a71534,176075.62529993057,0.001,3275.624299930583,176075.62280903055,12,2934
a594f92f84072b4cd031fe5283d1781a6e98f430696dec0a8e3b02eadb5fc0b8,155e47f8e7f751d0c845049456d01832013c61336a8cd85901330ac821a71534,176075.83957505226,0.005,3275.8345750522567,176075.83308415223,12,2934
a594f92f84072b4cd031fe5283d1781a6e98f430696dec0a8e3b02eadb5fc0b8,155e47f8e7f751d0c845049456d01832013c61336a8cd85901330ac821a71534,176076.02277708054,0.001,3276.0217770805466,176076.02028618052,12,2934
a594f92f84072b4cd031fe5283d1781a6e98f430696dec0a8e3b02eadb5fc0b8,155e47f8e7f751d0c845049456d01832013c61336a8cd85901330ac821a71534,176076.96382808685,0.001,3276.9628280868637,176076.96133718683,12,2934
a594f92f84072b4cd031fe5283d1781a6e98f430696dec0a8e3b02eadb5fc0b8,155e47f8e7f751d0c845049456d01832013c61336a8cd85901330ac821a71534,176078.4445528984,0.001,3278.4435528984177,176078.4420619984,12,2934
a594f92f84072b4cd031fe5283d1781a6e98f430696dec0a8e3b02eadb5fc0b8,155e47f8e7f751d0c845049456d01832013c61336a8cd85901330ac821a71534,176078.89355301857,0.001,3278.8925530185807,176078.89106211855,12,2934
a594f92f84072b4cd031fe5283d1781a6e98f430696dec0a8e3b02eadb5fc0b8,155e47f8e7f751d0c845049456d01832013c61336a8cd85901330ac821a71534,176079.44995594025,0.001,3279.4489559402573,176079.44746504023,12,2934
a594f92f84072b4cd031fe5283d1781a6e98f430696dec0a8e3b02eadb5fc0b8,155e47f8e7f751d0c845049456d01832013c61336a8cd85901330ac821a71534,176080.17909002304,0.001,3280.1780900230515,176080.17659912302,12,2934
a594f92f84072b4cd031fe5283d1781a6e98f430696dec0a8e3b02eadb5fc0b8,155e47f8e7f751d0c845049456d01832013c61336a8cd85901330ac821a71534,176080.3580470085,0.001,3280.357047008525,176080.3555561085,12,2934
a594f92f84072b4cd031fe5283d1781a6e98f430696dec0a8e3b02eadb5fc0b8,155e47f8e7f751d0c845049456d01832013c61336a8cd85901330ac821a71534,176080.55851101875,0.001,3280.5575110187638,176080.55602011873,12,2934
a594f92f84072b4cd031fe5283d1781a6e98f430696dec0a8e3b02eadb5fc0b8,155e47f8e7f751d0c845049456d01832013c61336a8cd85901330ac821a71534,176081.36409592628,0.001,3281.3630959262955,176081.36160502626,12,2934
a594f92f84072b4cd031fe5283d1781a6e98f430696dec0a8e3b02eadb5fc0b8,155e47f8e7f751d0c845049456d01832013c61336a8cd85901330ac821a71534,176081.41181206703,0.001,3281.4108120670426,176081.409321167,12,2934
a594f92f84072b4cd031fe5283d1781a6e98f430696dec0a8e3b02eadb5fc0b8,155e47f8e7f751d0c845049456d01832013c61336a8cd85901330ac821a71534,176081.4355840683,0.001,3281.434584068309,176081.43309316828,12,2934
a594f92f84072b4cd031fe5283d1781a6e98f430696dec0a8e3b02eadb5fc0b8,155e47f8e7f751d0c845049456d01832013c61336a8cd85901330ac821a71534,176081.69993710518,0.005,3281.694937105174,176081.69344620514,12,2934
a594f92f84072b4cd031fe5283d1781a6e98f430696dec0a8e3b02eadb5fc0b8,155e47f8e7f751d0c845049456d01832013c61336a8cd85901330ac821a71534,176082.4788210392,0.001,3282.4778210392105,176082.47633013918,12,2934
a594f92f84072b4cd031fe5283d1781a6e98f430696dec0a8e3b02eadb5fc0b8,155e47f8e7f751d0c845049456d01832013c61336a8cd85901330ac821a71534,176083.3935470581,0.005,3283.388547058101,176083.38705615807,12,2934
a594f92f84072b4cd031fe5283d1781a6e98f430696dec0a8e3b02eadb5fc0b8,155e47f8e7f751d0c845049456d01832013c61336a8cd85901330ac821a71534,176084.16667199135,0.001,3284.165671991359,176084.16418109133,12,2934
a594f92f84072b4cd031fe5283d1781a6e98f430696dec0a8e3b02eadb5fc0b8,155e47f8e7f751d0c845049456d01832013c61336a8cd85901330ac821a71534,176087.66750192642,0.001,3287.666501926433,176087.6650110264,12,2934
a594f92f84072b4cd031fe5283d1781a6e98f430696dec0a8e3b02eadb5fc0b8,155e47f8e7f751d0c845049456d01832013c61336a8cd85901330ac821a71534,176088.34961104393,0.001,3288.3486110439408,176088.3471201439,12,2934
a594f92f84072b4cd031fe5283d1781a6e98f430696dec0a8e3b02eadb5fc0b8,155e47f8e7f751d0c845049456d01832013c61336a8cd85901330ac821a71534,176089.0688419342,0.001,3289.067841934215,176089.06635103418,12,2934
a594f92f84072b4cd031fe5283d1781a6e98f430696dec0a8e3b02eadb5fc0b8,155e47f8e7f751d0c845049456d01832013c61336a8cd85901330ac821a71534,176090.2144589424,0.001,3290.213458942424,176090.2119680424,12,2934
a594f92f84072b4cd031fe5283d1781a6e98f430696dec0a8e3b02eadb5fc0b8,155e47f8e7f751d0c845049456d01832013c61336a8cd85901330ac821a71534,176090.38261508942,0.096,3290.286615089426,176090.2851241894,12,2934
a594f92f84072b4cd031fe5283d1781a6e98f430696dec0a8e3b02eadb5fc0b8,155e47f8e7f751d0c845049456d01832013c61336a8cd85901330ac821a71534,176090.97179293633,0.014,3290.9577929363295,176090.9563020363,12,2934
a594f92f84072b4cd031fe5283d1781a6e98f430696dec0a8e3b02eadb5fc0b8,155e47f8e7f751d0c845049456d01832013c61336a8cd85901330ac821a71534,176093.06912207603,0.003,3293.0661220760376,176093.064631176,12,2934
a594f92f84072b4cd031fe5283d1781a6e98f430696dec0a8e3b02eadb5fc0b8,155e47f8e7f751d0c845049456d01832013c61336a8cd85901330ac821a71534,176093.33732390404,0.001,3293.336323904048,176093.33483300402,12,2934
a594f92f84072b4cd031fe5283d1781a6e98f430696dec0a8e3b02eadb5fc0b8,155e47f8e7f751d0c845049456d01832013c61336a8cd85901330ac821a71534,176093.98347711563,0.001,3293.982477115642,176093.9809862156,12,2934
a594f92f84072b4cd031fe5283d1781a6e98f430696dec0a8e3b02eadb5fc0b8,155e47f8e7f751d0c845049456d01832013c61336a8cd85901330ac821a71534,176094.29901695251,0.001,3294.2980169525254,176094.2965260525,12,2934
a594f92f84072b4cd031fe5283d1781a6e98f430696dec0a8e3b02eadb5fc0b8,155e47f8e7f751d0c845049456d01832013c61336a8cd85901330ac821a71534,176094.377876997,0.001,3294.3768769970047,176094.37538609697,12,2934
a594f92f84072b4cd031fe5283d1781a6e98f430696dec0a8e3b02eadb5fc0b8,155e47f8e7f751d0c845049456d01832013c61336a8cd85901330ac821a71534,176094.75434708595,0.001,3294.7533470859635,176094.75185618593,12,2934
a594f92f84072b4cd031fe5283d1781a6e98f430696dec0a8e3b02eadb5fc0b8,155e47f8e7f751d0c845049456d01832013c61336a8cd85901330ac821a71534,176095.12164402008,0.001,3295.1206440200913,176095.11915312006,12,2934
a594f92f84072b4cd031fe5283d1781a6e98f430696dec0a8e3b02eadb5fc0b8,155e47f8e7f751d0c845049456d01832013c61336a8cd85901330ac821a71534,176095.17161989212,0.001,3295.170619892131,176095.1691289921,12,2934
a594f92f84072b4cd031fe5283d1781a6e98f430696dec0a8e3b02eadb5fc0b8,155e47f8e7f751d0c845049456d01832013c61336a8cd85901330ac821a71534,176095.32407808304,0.001,3295.323078083049,176095.32158718302,12,2934
a594f92f84072b4cd031fe5283d1781a6e98f430696dec0a8e3b02eadb5fc0b8,155e47f8e7f751d0c845049456d01832013c61336a8cd85901330ac821a71534,176095.4130129814,0.001,3295.4120129813964,176095.41052208137,12,2934
a594f92f84072b4cd031fe5283d1781a6e98f430696dec0a8e3b02eadb5fc0b8,155e47f8e7f751d0c845049456d01832013c61336a8cd85901330ac821a71534,176095.55450201035,0.001,3295.553502010356,176095.55201111033,12,2934
a594f92f84072b4cd031fe5283d1781a6e98f430696dec0a8e3b02eadb5fc0b8,155e47f8e7f751d0c845049456d01832013c61336a8cd85901330ac821a71534,176096.4273300171,0.119,3296.308330017084,176096.30683911705,12,2934
a594f92f84072b4cd031fe5283d1781a6e98f430696dec0a8e3b02eadb5fc0b8,155e47f8e7f751d0c845049456d01832013c61336a8cd85901330ac821a71534,176096.52902507782,0.001,3296.5280250778305,176096.5265341778,12,2934
a594f92f84072b4cd031fe5283d1781a6e98f430696dec0a8e3b02eadb5fc0b8,155e47f8e7f751d0c845049456d01832013c61336a8cd85901330ac821a71534,176096.9295399189,0.001,3296.9285399189102,176096.92704901888,12,2934
a594f92f84072b4cd031fe5283d1781a6e98f430696dec0a8e3b02eadb5fc0b8,155e47f8e7f751d0c845049456d01832013c61336a8cd85901330ac821a71534,176097.11386704445,0.001,3297.1128670444596,176097.11137614443,12,2934
a594f92f84072b4cd031fe5283d1781a6e98f430696dec0a8e3b02eadb5fc0b8,155e47f8e7f751d0c845049456d01832013c61336a8cd85901330ac821a71534,176097.47610592842,0.001,3297.4751059284317,176097.4736150284,12,2934
a594f92f84072b4cd031fe5283d1781a6e98f430696dec0a8e3b02eadb5fc0b8,155e47f8e7f751d0c845049456d01832013c61336a8cd85901330ac821a71534,176097.8184299469,0.001,3297.81742994691,176097.81593904688,12,2934
a594f92f84072b4cd031fe5283d1781a6e98f430696dec0a8e3b02eadb5fc0b8,155e47f8e7f751d0c845049456d01832013c61336a8cd85901330ac821a71534,176098.57332110405,0.001,3298.5723211040604,176098.57083020403,12,2934
a594f92f84072b4cd031fe5283d1781a6e98f430696dec0a8e3b02eadb5fc0b8,155e47f8e7f751d0c845049456d01832013c61336a8cd85901330ac821a71534,176098.91957902908,0.001,3298.918579029094,176098.91708812906,12,2934
a594f92f84072b4cd031fe5283d1781a6e98f430696dec0a8e3b02eadb5fc0b8,155e47f8e7f751d0c845049456d01832013c61336a8cd85901330ac821a71534,176100.44962501526,0.001,3300.4486250152695,176100.44713411524,12,2935
a594f92f84072b4cd031fe5283d1781a6e98f430696dec0a8e3b02eadb5fc0b8,155e47f8e7f751d0c845049456d01832013c61336a8cd85901330ac821a71534,176100.72369599342,0.001,3300.722695993434,176100.7212050934,12,2935
a594f92f84072b4cd031fe5283d1781a6e98f430696dec0a8e3b02eadb5fc0b8,155e47f8e7f751d0c845049456d01832013c61336a8cd85901330ac821a71534,176101.14341402054,0.001,3301.142414020549,176101.14092312052,12,2935
a594f92f84072b4cd031fe5283d1781a6e98f430696dec0a8e3b02eadb5fc0b8,155e47f8e7f751d0c845049456d01832013c61336a8cd85901330ac821a71534,176101.52284693718,0.001,3301.5218469371903,176101.52035603716,12,2935
a594f92f84072b4cd031fe5283d1781a6e98f430696dec0a8e3b02eadb5fc0b8,155e47f8e7f751d0c845049456d01832013c61336a8cd85901330ac821a71534,176103.78779411316,0.001,3303.78679411317,176103.78530321314,12,2935
a594f92f84072b4cd031fe5283d1781a6e98f430696dec0a8e3b02eadb5fc0b8,155e47f8e7f751d0c845049456d01832013c61336a8cd85901330ac821a71534,176104.48981189728,0.001,3304.4888118972885,176104.48732099726,12,2935
a594f92f84072b4cd031fe5283d1781a6e98f430696dec0a8e3b02eadb5fc0b8,155e47f8e7f751d0c845049456d01832013c61336a8cd85901330ac821a71534,176104.69002389908,0.001,3304.689023899089,176104.68753299906,12,2935
a594f92f84072b4cd031fe5283d1781a6e98f430696dec0a8e3b02eadb5fc0b8,155e47f8e7f751d0c845049456d01832013c61336a8cd85901330ac821a71534,176104.7455329895,0.001,3304.7445329895127,176104.74304208948,12,2935
a594f92f84072b4cd031fe5283d1781a6e98f430696dec0a8e3b02eadb5fc0b8,155e47f8e7f751d0c845049456d01832013c61336a8cd85901330ac821a71534,176106.18781208992,0.001,3306.1868120899308,176106.1853211899,12,2935
a594f92f84072b4cd031fe5283d1781a6e98f430696dec0a8e3b02eadb5fc0b8,155e47f8e7f751d0c845049456d01832013c61336a8cd85901330ac821a71534,176106.6455039978,0.001,3306.6445039978134,176106.64301309778,12,2935
a594f92f84072b4cd031fe5283d1781a6e98f430696dec0a8e3b02eadb5fc0b8,155e47f8e7f751d0c845049456d01832013c61336a8cd85901330ac821a71534,176106.96147608757,0.002,3306.9594760875625,176106.95798518753,12,2935
a594f92f84072b4cd031fe5283d1781a6e98f430696dec0a8e3b02eadb5fc0b8,155e47f8e7f751d0c845049456d01832013c61336a8cd85901330ac821a71534,176107.10268092155,0.001,3307.1016809215653,176107.10019002153,12,2935
a594f92f84072b4cd031fe5283d1781a6e98f430696dec0a8e3b02eadb5fc0b8,155e47f8e7f751d0c845049456d01832013c61336a8cd85901330ac821a71534,176107.15475392342,0.001,3307.153753923427,176107.1522630234,12,2935
a594f92f84072b4cd031fe5283d1781a6e98f430696dec0a8e3b02eadb5fc0b8,155e47f8e7f751d0c845049456d01832013c61336a8cd85901330ac821a71534,176107.24688005447,0.001,3307.2458800544846,176107.24438915445,12,2935
a594f92f84072b4cd031fe5283d1781a6e98f430696dec0a8e3b02eadb5fc0b8,155e47f8e7f751d0c845049456d01832013c61336a8cd85901330ac821a71534,176107.45360398293,0.001,3307.452603982936,176107.4511130829,12,2935
a594f92f84072b4cd031fe5283d1781a6e98f430696dec0a8e3b02eadb5fc0b8,155e47f8e7f751d0c845049456d01832013c61336a8cd85901330ac821a71534,176108.33326888084,0.001,3308.332268880855,176108.33077798082,12,2935
a594f92f84072b4cd031fe5283d1781a6e98f430696dec0a8e3b02eadb5fc0b8,155e47f8e7f751d0c845049456d01832013c61336a8cd85901330ac821a71534,176108.48966908455,0.001,3308.4886690845597,176108.48717818453,12,2935
a594f92f84072b4cd031fe5283d1781a6e98f430696dec0a8e3b02eadb5fc0b8,155e47f8e7f751d0c845049456d01832013c61336a8cd85901330ac821a71534,176108.49787402153,0.001,3308.496874021541,176108.4953831215,12,2935
a594f92f84072b4cd031fe5283d1781a6e98f430696dec0a8e3b02eadb5fc0b8,155e47f8e7f751d0c845049456d01832013c61336a8cd85901330ac821a71534,176108.60019302368,0.004,3308.5961930236954,176108.59470212366,12,2935
a594f92f84072b4cd031fe5283d1781a6e98f430696dec0a8e3b02eadb5fc0b8,155e47f8e7f751d0c845049456d01832013c61336a8cd85901330ac821a71534,176108.7168149948,0.001,3308.7158149948227,176108.7143240948,12,2935
a594f92f84072b4cd031fe5283d1781a6e98f430696dec0a8e3b02eadb5fc0b8,155e47f8e7f751d0c845049456d01832013c61336a8cd85901330ac821a71534,176109.57867097855,0.001,3309.577670978557,176109.57618007853,12,2935
a594f92f84072b4cd031fe5283d1781a6e98f430696dec0a8e3b02eadb5fc0b8,155e47f8e7f751d0c845049456d01832013c61336a8cd85901330ac821a71534,176110.03869605064,0.001,3310.0376960506546,176110.03620515062,12,2935
a594f92f84072b4cd031fe5283d1781a6e98f430696dec0a8e3b02eadb5fc0b8,155e47f8e7f751d0c845049456d01832013c61336a8cd85901330ac821a71534,176110.10537409782,0.001,3310.104374097835,176110.1028831978,12,2935
a594f92f84072b4cd031fe5283d1781a6e98f430696dec0a8e3b02eadb5fc0b8,155e47f8e7f751d0c845049456d01832013c61336a8cd85901330ac821a71534,176110.69592499733,0.001,3310.6949249973404,176110.6934340973,12,2935
a594f92f84072b4cd031fe5283d1781a6e98f430696dec0a8e3b02eadb5fc0b8,155e47f8e7f751d0c845049456d01832013c61336a8cd85901330ac821a71534,176112.3523890972,0.001,3312.3513890972245,176112.3498981972,12,2935
a594f92f84072b4cd031fe5283d1781a6e98f430696dec0a8e3b02eadb5fc0b8,155e47f8e7f751d0c845049456d01832013c61336a8cd85901330ac821a71534,176112.50735902786,0.001,3312.5063590278733,176112.50486812784,12,2935
a594f92f84072b4cd031fe5283d1781a6e98f430696dec0a8e3b02eadb5fc0b8,155e47f8e7f751d0c845049456d01832013c61336a8cd85901330ac821a71534,176112.5209159851,0.001,3312.519915985118,176112.5184250851,12,2935
a594f92f84072b4cd031fe5283d1781a6e98f430696dec0a8e3b02eadb5fc0b8,155e47f8e7f751d0c845049456d01832013c61336a8cd85901330ac821a71534,176113.43459105492,0.001,3313.433591054927,176113.4321001549,12,2935
a594f92f84072b4cd031fe5283d1781a6e98f430696dec0a8e3b02eadb5fc0b8,155e47f8e7f751d0c845049456d01832013c61336a8cd85901330ac821a71534,176113.81728601456,0.001,3313.8162860145676,176113.81479511454,12,2935
a594f92f84072b4cd031fe5283d1781a6e98f430696dec0a8e3b02eadb5fc0b8,155e47f8e7f751d0c845049456d01832013c61336a8cd85901330ac821a71534,176113.97211408615,0.001,3313.971114086162,176113.96962318613,12,2935
a594f92f84072b4cd031fe5283d1781a6e98f430696dec0a8e3b02eadb5fc0b8,155e47f8e7f751d0c845049456d01832013c61336a8cd85901330ac821a71534,176116.42794203758,0.001,3316.426942037593,176116.42545113756,12,2935
a594f92f84072b4cd031fe5283d1781a6e98f430696dec0a8e3b02eadb5fc0b8,155e47f8e7f751d0c845049456d01832013c61336a8cd85901330ac821a71534,176117.13114190102,0.001,3317.130141901027,176117.128651001,12,2935
a594f92f84072b4cd031fe5283d1781a6e98f430696dec0a8e3b02eadb5fc0b8,155e47f8e7f751d0c845049456d01832013c61336a8cd85901330ac821a71534,176117.20643901825,0.001,3317.20543901826,176117.20394811823,12,2935
a594f92f84072b4cd031fe5283d1781a6e98f430696dec0a8e3b02eadb5fc0b8,155e47f8e7f751d0c845049456d01832013c61336a8cd85901330ac821a71534,176117.7163350582,0.001,3317.715335058223,176117.7138441582,12,2935
a594f92f84072b4cd031fe5283d1781a6e98f430696dec0a8e3b02eadb5fc0b8,155e47f8e7f751d0c845049456d01832013c61336a8cd85901330ac821a71534,176117.79021000862,0.001,3317.789210008632,176117.7877191086,12,2935
a594f92f84072b4cd031fe5283d1781a6e98f430696dec0a8e3b02eadb5fc0b8,155e47f8e7f751d0c845049456d01832013c61336a8cd85901330ac821a71534,176117.97853398323,0.001,3317.9775339832413,176117.9760430832,12,2935
a594f92f84072b4cd031fe5283d1781a6e98f430696dec0a8e3b02eadb5fc0b8,155e47f8e7f751d0c845049456d01832013c61336a8cd85901330ac821a71534,176118.94525408745,0.001,3318.944254087459,176118.94276318743,12,2935
a594f92f84072b4cd031fe5283d1781a6e98f430696dec0a8e3b02eadb5fc0b8,155e47f8e7f751d0c845049456d01832013c61336a8cd85901330ac821a71534,176119.11322808266,0.001,3319.1122280826676,176119.11073718264,12,2935
a594f92f84072b4cd031fe5283d1781a6e98f430696dec0a8e3b02eadb5fc0b8,155e47f8e7f751d0c845049456d01832013c61336a8cd85901330ac821a71534,176119.7912080288,0.001,3319.790208028804,176119.78871712877,12,2935
a594f92f84072b4cd031fe5283d1781a6e98f430696dec0a8e3b02eadb5fc0b8,155e47f8e7f751d0c845049456d01832013c61336a8cd85901330ac821a71534,176120.18654108047,0.001,3320.1855410804856,176120.18405018045,12,2935
a594f92f84072b4cd031fe5283d1781a6e98f430696dec0a8e3b02eadb5fc0b8,155e47f8e7f751d0c845049456d01832013c61336a8cd85901330ac821a71534,176120.44492793083,0.001,3320.4439279308426,176120.4424370308,12,2935
a594f92f84072b4cd031fe5283d1781a6e98f430696dec0a8e3b02eadb5fc0b8,155e47f8e7f751d0c845049456d01832013c61336a8cd85901330ac821a71534,176120.64334988594,0.001,3320.6423498859513,176120.64085898592,12,2935
a594f92f84072b4cd031fe5283d1781a6e98f430696dec0a8e3b02eadb5fc0b8,155e47f8e7f751d0c845049456d01832013c61336a8cd85901330ac821a71534,176196.96968102455,0.001,3396.968681024562,176196.96719012453,12,2936
62ed48c098820db02aa8e99ad41e5438e61334ba7b1618aaff2f40868c927a97,eafaad5acf5d68a876c0fe609024baa3e901700c7a19a8ea8f435c73e8ecc314,219634.70092201236,0.303,3634.3979220123438,219634.3964311123,15,3660
62ed48c098820db02aa8e99ad41e5438e61334ba7b1618aaff2f40868c927a97,eafaad5acf5d68a876c0fe609024baa3e901700c7a19a8ea8f435c73e8ecc314,219634.98947310448,0.218,3634.7714731044834,219634.76998220445,15,3660
62ed48c098820db02aa8e99ad41e5438e61334ba7b1618aaff2f40868c927a97,eafaad5acf5d68a876c0fe609024baa3e901700c7a19a8ea8f435c73e8ecc314,219636.8585960865,1.046,3635.8125960865,219635.81110518647,15,3660
62ed48c098820db02aa8e99ad41e5438e61334ba7b1618aaff2f40868c927a97,eafaad5acf5d68a876c0fe609024baa3e901700c7a19a8ea8f435c73e8ecc314,219637.7220339775,0.833,3636.8890339774953,219636.88754307746,15,3660
d399b29c39aafde69884d67ced0990a879c305854eca7e5bf88c26b6c6f389c8,ae6f97c69d684b23e45ce195db1da6d3853004596e39b78688a763c8bbd32b47,752584.2702319622,4.987,3779.2832319622394,752579.2817410622,52,12542
d399b29c39aafde69884d67ced0990a879c305854eca7e5bf88c26b6c6f389c8,ae6f97c69d684b23e45ce195db1da6d3853004596e39b78688a763c8bbd32b47,752585.1575369835,0.812,3784.3455369834555,752584.3440460834,52,12543
d399b29c39aafde69884d67ced0990a879c305854eca7e5bf88c26b6c6f389c8,ae6f97c69d684b23e45ce195db1da6d3853004596e39b78688a763c8bbd32b47,752585.6419279575,0.437,3785.2049279575003,752585.2034370574,52,12543
d399b29c39aafde69884d67ced0990a879c305854eca7e5bf88c26b6c6f389c8,ae6f97c69d684b23e45ce195db1da6d3853004596e39b78688a763c8bbd32b47,752586.1012310982,0.396,3785.7052310982253,752585.7037401982,52,12543
d399b29c39aafde69884d67ced0990a879c305854eca7e5bf88c26b6c6f389c8,ae6f97c69d684b23e45ce195db1da6d3853004596e39b78688a763c8bbd32b47,752586.5573649406,0.44,3786.117364940699,752586.1158740406,52,12543
d399b29c39aafde69884d67ced0990a879c305854eca7e5bf88c26b6c6f389c8,ae6f97c69d684b23e45ce195db1da6d3853004596e39b78688a763c8bbd32b47,752587.4948809147,0.921,3786.573880914715,752586.5723900147,52,12543
d399b29c39aafde69884d67ced0990a879c305854eca7e5bf88c26b6c6f389c8,ae6f97c69d684b23e45ce195db1da6d3853004596e39b78688a763c8bbd32b47,752588.1091549397,0.598,3787.5111549396534,752587.5096640396,52,12543
d399b29c39aafde69884d67ced0990a879c305854eca7e5bf88c26b6c6f389c8,ae6f97c69d684b23e45ce195db1da6d3853004596e39b78688a763c8bbd32b47,752588.5256280899,0.4,3788.1256280898815,752588.1241371898,52,12543
d399b29c39aafde69884d67ced0990a879c305854eca7e5bf88c26b6c6f389c8,ae6f97c69d684b23e45ce195db1da6d3853004596e39b78688a763c8bbd32b47,752589.1058530807,0.58,3788.5258530807914,752588.5243621807,52,12543
d399b29c39aafde69884d67ced0990a879c305854eca7e5bf88c26b6c6f389c8,ae6f97c69d684b23e45ce195db1da6d3853004596e39b78688a763c8bbd32b47,752589.7985770702,0.676,3789.1225770702586,752589.1210861702,52,12543
d399b29c39aafde69884d67ced0990a879c305854eca7e5bf88c26b6c6f389c8,ae6f97c69d684b23e45ce195db1da6d3853004596e39b78688a763c8bbd32b47,752590.1579120159,0.343,3789.8149120159214,752589.8134211159,52,12543
d399b29c39aafde69884d67ced0990a879c305854eca7e5bf88c26b6c6f389c8,ae6f97c69d684b23e45ce195db1da6d3853004596e39b78688a763c8bbd32b47,752591.2817280293,1.108,3790.1737280292436,752590.1722371292,52,12543
d399b29c39aafde69884d67ced0990a879c305854eca7e5bf88c26b6c6f389c8,ae6f97c69d684b23e45ce195db1da6d3853004596e39b78688a763c8bbd32b47,752591.8372709751,0.555,3791.2822709750617,752591.280780075,52,12543
d399b29c39aafde69884d67ced0990a879c305854eca7e5bf88c26b6c6f389c8,ae6f97c69d684b23e45ce195db1da6d3853004596e39b78688a763c8bbd32b47,752592.2904140949,0.453,3791.8374140949454,752591.8359231949,52,12543
d399b29c39aafde69884d67ced0990a879c305854eca7e5bf88c26b6c6f389c8,ae6f97c69d684b23e45ce195db1da6d3853004596e39b78688a763c8bbd32b47,752592.8355140686,0.545,3792.2905140685616,752592.2890231685,52,12543
d399b29c39aafde69884d67ced0990a879c305854eca7e5bf88c26b6c6f389c8,ae6f97c69d684b23e45ce195db1da6d3853004596e39b78688a763c8bbd32b47,752593.2574350834,0.406,3792.8514350834303,752592.8499441834,52,12543
d399b29c39aafde69884d67ced0990a879c305854eca7e5bf88c26b6c6f389c8,ae6f97c69d684b23e45ce195db1da6d3853004596e39b78688a763c8bbd32b47,752593.7984399796,0.541,3793.257439979585,752593.2559490795,52,12543
d399b29c39aafde69884d67ced0990a879c305854eca7e5bf88c26b6c6f389c8,ae6f97c69d684b23e45ce195db1da6d3853004596e39b78688a763c8bbd32b47,752594.2123410702,0.398,3793.8143410701305,752593.8128501701,52,12543
d399b29c39aafde69884d67ced0990a879c305854eca7e5bf88c26b6c6f389c8,ae6f97c69d684b23e45ce195db1da6d3853004596e39b78688a763c8bbd32b47,752594.5873630047,0.375,3794.2123630046844,752594.2108721046,52,12543
d399b29c39aafde69884d67ced0990a879c305854eca7e5bf88c26b6c6f389c8,ae6f97c69d684b23e45ce195db1da6d3853004596e39b78688a763c8bbd32b47,752595.4311649799,0.843,3794.588164979941,752594.5866740799,52,12543
d399b29c39aafde69884d67ced0990a879c305854eca7e5bf88c26b6c6f389c8,ae6f97c69d684b23e45ce195db1da6d3853004596e39b78688a763c8bbd32b47,752596.0196270943,0.572,3795.447627094225,752595.4461361942,52,12543
d399b29c39aafde69884d67ced0990a879c305854eca7e5bf88c26b6c6f389c8,ae6f97c69d684b23e45ce195db1da6d3853004596e39b78688a763c8bbd32b47,752596.4244990349,0.39,3796.0344990348676,752596.0330081348,52,12543
d399b29c39aafde69884d67ced0990a879c305854eca7e5bf88c26b6c6f389c8,ae6f97c69d684b23e45ce195db1da6d3853004596e39b78688a763c8bbd32b47,752597.07593894,0.635,3796.440938940039,752596.43944804,52,12543
d399b29c39aafde69884d67ced0990a879c305854eca7e5bf88c26b6c6f389c8,ae6f97c69d684b23e45ce195db1da6d3853004596e39b78688a763c8bbd32b47,752600.7259669304,4.063,3796.662966930424,752596.6614760304,52,12543
d399b29c39aafde69884d67ced0990a879c305854eca7e5bf88c26b6c6f389c8,ae6f97c69d684b23e45ce195db1da6d3853004596e39b78688a763c8bbd32b47,752597.4086201191,0.332,3797.0766201190418,752597.075129219,52,12543
d399b29c39aafde69884d67ced0990a879c305854eca7e5bf88c26b6c6f389c8,ae6f97c69d684b23e45ce195db1da6d3853004596e39b78688a763c8bbd32b47,752597.8043909073,0.369,3797.4353909073398,752597.4339000073,52,12543
d399b29c39aafde69884d67ced0990a879c305854eca7e5bf88c26b6c6f389c8,ae6f97c69d684b23e45ce195db1da6d3853004596e39b78688a763c8bbd32b47,752598.4627270699,0.658,3797.8047270698007,752597.8032361697,52,12543
d399b29c39aafde69884d67ced0990a879c305854eca7e5bf88c26b6c6f389c8,ae6f97c69d684b23e45ce195db1da6d3853004596e39b78688a763c8bbd32b47,752599.0465750694,0.583,3798.4635750694433,752598.4620841694,52,12543
d399b29c39aafde69884d67ced0990a879c305854eca7e5bf88c26b6c6f389c8,ae6f97c69d684b23e45ce195db1da6d3853004596e39b78688a763c8bbd32b47,752599.3903241158,0.343,3799.0473241157597,752599.0458332157,52,12543
d399b29c39aafde69884d67ced0990a879c305854eca7e5bf88c26b6c6f389c8,ae6f97c69d684b23e45ce195db1da6d3853004596e39b78688a763c8bbd32b47,752599.8122289181,0.406,3799.4062289181165,752599.404738018,52,12543
d399b29c39aafde69884d67ced0990a879c305854eca7e5bf88c26b6c6f389c8,ae6f97c69d684b23e45ce195db1da6d3853004596e39b78688a763c8bbd32b47,752600.1716089249,0.359,3799.812608924811,752599.8111180248,52,12543
d399b29c39aafde69884d67ced0990a879c305854eca7e5bf88c26b6c6f389c8,ae6f97c69d684b23e45ce195db1da6d3853004596e39b78688a763c8bbd32b47,752602.0870759487,1.915,3800.172075948678,752600.1705850486,52,12543
d399b29c39aafde69884d67ced0990a879c305854eca7e5bf88c26b6c6f389c8,ae6f97c69d684b23e45ce195db1da6d3853004596e39b78688a763c8bbd32b47,752601.4604070187,0.703,3800.757407018682,752600.7559161186,52,12543
d399b29c39aafde69884d67ced0990a879c305854eca7e5bf88c26b6c6f389c8,ae6f97c69d684b23e45ce195db1da6d3853004596e39b78688a763c8bbd32b47,752601.8823020458,0.406,3801.476302045863,752601.4748111458,52,12543
d399b29c39aafde69884d67ced0990a879c305854eca7e5bf88c26b6c6f389c8,ae6f97c69d684b23e45ce195db1da6d3853004596e39b78688a763c8bbd32b47,752602.8292660713,0.946,3801.8832660713233,752601.8817751713,52,12543
d399b29c39aafde69884d67ced0990a879c305854eca7e5bf88c26b6c6f389c8,ae6f97c69d684b23e45ce195db1da6d3853004596e39b78688a763c8bbd32b47,752602.5402710438,0.453,3802.087271043798,752602.0857801437,52,12543
d399b29c39aafde69884d67ced0990a879c305854eca7e5bf88c26b6c6f389c8,ae6f97c69d684b23e45ce195db1da6d3853004596e39b78688a763c8bbd32b47,752602.8996419907,0.359,3802.5406419906067,752602.5391510905,52,12543
d399b29c39aafde69884d67ced0990a879c305854eca7e5bf88c26b6c6f389c8,ae6f97c69d684b23e45ce195db1da6d3853004596e39b78688a763c8bbd32b47,752603.5792689323,0.734,3802.8452689322876,752602.8437780322,52,12543
d399b29c39aafde69884d67ced0990a879c305854eca7e5bf88c26b6c6f389c8,ae6f97c69d684b23e45ce195db1da6d3853004596e39b78688a763c8bbd32b47,752603.3070220947,0.376,3802.931022094679,752602.9295311946,52,12543
d399b29c39aafde69884d67ced0990a879c305854eca7e5bf88c26b6c6f389c8,ae6f97c69d684b23e45ce195db1da6d3853004596e39b78688a763c8bbd32b47,752603.6652679443,0.343,3803.3222679443425,752603.3207770443,52,12543
d399b29c39aafde69884d67ced0990a879c305854eca7e5bf88c26b6c6f389c8,ae6f97c69d684b23e45ce195db1da6d3853004596e39b78688a763c8bbd32b47,752603.923032999,0.343,3803.580032999045,752603.578542099,52,12543
d399b29c39aafde69884d67ced0990a879c305854eca7e5bf88c26b6c6f389c8,ae6f97c69d684b23e45ce195db1da6d3853004596e39b78688a763c8bbd32b47,752604.0603199005,0.379,3803.6813199005555,752603.6798290005,52,12543
d399b29c39aafde69884d67ced0990a879c305854eca7e5bf88c26b6c6f389c8,ae6f97c69d684b23e45ce195db1da6d3853004596e39b78688a763c8bbd32b47,752605.329365015,1.406,3803.923365015071,752603.921874115,52,12543
d399b29c39aafde69884d67ced0990a879c305854eca7e5bf88c26b6c6f389c8,ae6f97c69d684b23e45ce195db1da6d3853004596e39b78688a763c8bbd32b47,752604.5150499344,0.454,3804.06104993436,752604.0595590343,52,12543
d399b29c39aafde69884d67ced0990a879c305854eca7e5bf88c26b6c6f389c8,ae6f97c69d684b23e45ce195db1da6d3853004596e39b78688a763c8bbd32b47,752604.852711916,0.337,3804.515711915912,752604.5142210159,52,12543
d399b29c39aafde69884d67ced0990a879c305854eca7e5bf88c26b6c6f389c8,ae6f97c69d684b23e45ce195db1da6d3853004596e39b78688a763c8bbd32b47,752605.5871429443,0.734,3804.853142944281,752604.8516520442,52,12543
d399b29c39aafde69884d67ced0990a879c305854eca7e5bf88c26b6c6f389c8,ae6f97c69d684b23e45ce195db1da6d3853004596e39b78688a763c8bbd32b47,752606.0793910027,0.734,3805.3453910026,752605.3439001025,52,12543
d399b29c39aafde69884d67ced0990a879c305854eca7e5bf88c26b6c6f389c8,ae6f97c69d684b23e45ce195db1da6d3853004596e39b78688a763c8bbd32b47,752606.4984300137,0.911,3805.587430013693,752605.5859391136,52,12543
d399b29c39aafde69884d67ced0990a879c305854eca7e5bf88c26b6c6f389c8,ae6f97c69d684b23e45ce195db1da6d3853004596e39b78688a763c8bbd32b47,752606.6267299652,0.547,3806.0797299651895,752606.0782390651,52,12543
d399b29c39aafde69884d67ced0990a879c305854eca7e5bf88c26b6c6f389c8,ae6f97c69d684b23e45ce195db1da6d3853004596e39b78688a763c8bbd32b47,752606.9843449593,0.485,3806.499344959273,752606.4978540592,52,12543
d399b29c39aafde69884d67ced0990a879c305854eca7e5bf88c26b6c6f389c8,ae6f97c69d684b23e45ce195db1da6d3853004596e39b78688a763c8bbd32b47,752606.9860150814,0.343,3806.643015081412,752606.6415241814,52,12543
d399b29c39aafde69884d67ced0990a879c305854eca7e5bf88c26b6c6f389c8,ae6f97c69d684b23e45ce195db1da6d3853004596e39b78688a763c8bbd32b47,752607.8661179543,0.881,3806.985117954202,752606.9836270541,52,12543
d399b29c39aafde69884d67ced0990a879c305854eca7e5bf88c26b6c6f389c8,ae6f97c69d684b23e45ce195db1da6d3853004596e39b78688a763c8bbd32b47,752607.9079399109,0.921,3806.9869399109157,752606.9854490109,52,12543
d399b29c39aafde69884d67ced0990a879c305854eca7e5bf88c26b6c6f389c8,ae6f97c69d684b23e45ce195db1da6d3853004596e39b78688a763c8bbd32b47,752608.2736959457,0.391,3807.8826959457947,752607.8812050457,52,12543
d399b29c39aafde69884d67ced0990a879c305854eca7e5bf88c26b6c6f389c8,ae6f97c69d684b23e45ce195db1da6d3853004596e39b78688a763c8bbd32b47,752608.3142020702,0.406,3807.908202070277,752607.9067111702,52,12543
d399b29c39aafde69884d67ced0990a879c305854eca7e5bf88c26b6c6f389c8,ae6f97c69d684b23e45ce195db1da6d3853004596e39b78688a763c8bbd32b47,752608.664345026,0.39,3808.2743450260023,752608.272854126,52,12543
d399b29c39aafde69884d67ced0990a879c305854eca7e5bf88c26b6c6f389c8,ae6f97c69d684b23e45ce195db1da6d3853004596e39b78688a763c8bbd32b47,752608.7048768997,0.375,3808.3298768997192,752608.3283859997,52,12543
d399b29c39aafde69884d67ced0990a879c305854eca7e5bf88c26b6c6f389c8,ae6f97c69d684b23e45ce195db1da6d3853004596e39b78688a763c8bbd32b47,752609.0081050396,0.343,3808.665105039603,752608.6636141395,52,12543
d399b29c39aafde69884d67ced0990a879c305854eca7e5bf88c26b6c6f389c8,ae6f97c69d684b23e45ce195db1da6d3853004596e39b78688a763c8bbd32b47,752609.0642800331,0.343,3808.721280033118,752608.719789133,52,12543
d399b29c39aafde69884d67ced0990a879c305854eca7e5bf88c26b6c6f389c8,ae6f97c69d684b23e45ce195db1da6d3853004596e39b78688a763c8bbd32b47,752609.3675279617,0.343,3809.0245279617375,752609.0230370617,52,12543
d399b29c39aafde69884d67ced0990a879c305854eca7e5bf88c26b6c6f389c8,ae6f97c69d684b23e45ce195db1da6d3853004596e39b78688a763c8bbd32b47,752610.0799129009,1.015,3809.0649129009107,752609.0634220009,52,12543
d399b29c39aafde69884d67ced0990a879c305854eca7e5bf88c26b6c6f389c8,ae6f97c69d684b23e45ce195db1da6d3853004596e39b78688a763c8bbd32b47,752609.797041893,0.429,3809.3680418930016,752609.3665509929,52,12543
d399b29c39aafde69884d67ced0990a879c305854eca7e5bf88c26b6c6f389c8,ae6f97c69d684b23e45ce195db1da6d3853004596e39b78688a763c8bbd32b47,752610.172629118,0.375,3809.7976291179657,752609.7961382179,52,12543
d399b29c39aafde69884d67ced0990a879c305854eca7e5bf88c26b6c6f389c8,ae6f97c69d684b23e45ce195db1da6d3853004596e39b78688a763c8bbd32b47,752610.5018100739,0.406,3810.0958100738935,752610.0943191738,52,12543
d399b29c39aafde69884d67ced0990a879c305854eca7e5bf88c26b6c6f389c8,ae6f97c69d684b23e45ce195db1da6d3853004596e39b78688a763c8bbd32b47,752611.8045840263,1.616,3810.1885840262985,752610.1870931262,52,12543
d399b29c39aafde69884d67ced0990a879c305854eca7e5bf88c26b6c6f389c8,ae6f97c69d684b23e45ce195db1da6d3853004596e39b78688a763c8bbd32b47,752610.9549949169,0.453,3810.5019949169364,752610.5005040169,52,12543
d399b29c39aafde69884d67ced0990a879c305854eca7e5bf88c26b6c6f389c8,ae6f97c69d684b23e45ce195db1da6d3853004596e39b78688a763c8bbd32b47,752612.0409638882,1.085,3810.9559638882056,752610.9544729881,52,12543
d399b29c39aafde69884d67ced0990a879c305854eca7e5bf88c26b6c6f389c8,ae6f97c69d684b23e45ce195db1da6d3853004596e39b78688a763c8bbd32b47,752612.6952490807,0.875,3811.820249080658,752611.8187581806,52,12543
d399b29c39aafde69884d67ced0990a879c305854eca7e5bf88c26b6c6f389c8,ae6f97c69d684b23e45ce195db1da6d3853004596e39b78688a763c8bbd32b47,752613.0253911018,0.968,3812.0573911018437,752612.0559002018,52,12543
d399b29c39aafde69884d67ced0990a879c305854eca7e5bf88c26b6c6f389c8,ae6f97c69d684b23e45ce195db1da6d3853004596e39b78688a763c8bbd32b47,752613.4227290154,0.711,3812.71172901534,752612.7102381153,52,12543
d399b29c39aafde69884d67ced0990a879c305854eca7e5bf88c26b6c6f389c8,ae6f97c69d684b23e45ce195db1da6d3853004596e39b78688a763c8bbd32b47,752613.4160349369,0.375,3813.041034936905,752613.0395440368,52,12543
d399b29c39aafde69884d67ced0990a879c305854eca7e5bf88c26b6c6f389c8,ae6f97c69d684b23e45ce195db1da6d3853004596e39b78688a763c8bbd32b47,752613.8066899776,0.375,3813.431689977646,752613.4301990776,52,12543
d399b29c39aafde69884d67ced0990a879c305854eca7e5bf88c26b6c6f389c8,ae6f97c69d684b23e45ce195db1da6d3853004596e39b78688a763c8bbd32b47,752613.782212019,0.343,3813.439212018973,752613.4377211189,52,12543
d399b29c39aafde69884d67ced0990a879c305854eca7e5bf88c26b6c6f389c8,ae6f97c69d684b23e45ce195db1da6d3853004596e39b78688a763c8bbd32b47,752614.1884000301,0.406,3813.782400030177,752613.7809091301,52,12543
d399b29c39aafde69884d67ced0990a879c305854eca7e5bf88c26b6c6f389c8,ae6f97c69d684b23e45ce195db1da6d3853004596e39b78688a763c8bbd32b47,752614.1660780907,0.343,3813.8230780906742,752613.8215871906,52,12543
d399b29c39aafde69884d67ced0990a879c305854eca7e5bf88c26b6c6f389c8,ae6f97c69d684b23e45ce195db1da6d3853004596e39b78688a763c8bbd32b47,752614.8420650959,0.675,3814.167065095855,752614.1655741958,52,12543
d399b29c39aafde69884d67ced0990a879c305854eca7e5bf88c26b6c6f389c8,ae6f97c69d684b23e45ce195db1da6d3853004596e39b78688a763c8bbd32b47,752614.9158918858,0.727,3814.188891885802,752614.1874009857,52,12543
d399b29c39aafde69884d67ced0990a879c305854eca7e5bf88c26b6c6f389c8,ae6f97c69d684b23e45ce195db1da6d3853004596e39b78688a763c8bbd32b47,752615.857738018,1.015,3814.842738018022,752614.841247118,52,12543
d399b29c39aafde69884d67ced0990a879c305854eca7e5bf88c26b6c6f389c8,ae6f97c69d684b23e45ce195db1da6d3853004596e39b78688a763c8bbd32b47,752615.6950850487,0.779,3814.916085048695,752614.9145941486,52,12543
d399b29c39aafde69884d67ced0990a879c305854eca7e5bf88c26b6c6f389c8,ae6f97c69d684b23e45ce195db1da6d3853004596e39b78688a763c8bbd32b47,752616.1961109638,0.359,3815.8371109637665,752615.8356200637,52,12543
d399b29c39aafde69884d67ced0990a879c305854eca7e5bf88c26b6c6f389c8,ae6f97c69d684b23e45ce195db1da6d3853004596e39b78688a763c8bbd32b47,752616.3108899593,0.437,3815.873889959301,752615.8723990592,52,12543
d399b29c39aafde69884d67ced0990a879c305854eca7e5bf88c26b6c6f389c8,ae6f97c69d684b23e45ce195db1da6d3853004596e39b78688a763c8bbd32b47,752616.5711259842,0.359,3816.212125984137,752616.2106350841,52,12543
d399b29c39aafde69884d67ced0990a879c305854eca7e5bf88c26b6c6f389c8,ae6f97c69d684b23e45ce195db1da6d3853004596e39b78688a763c8bbd32b47,752616.8109209538,0.484,3816.3269209536957,752616.3254300536,52,12543
d399b29c39aafde69884d67ced0990a879c305854eca7e5bf88c26b6c6f389c8,ae6f97c69d684b23e45ce195db1da6d3853004596e39b78688a763c8bbd32b47,752617.9053790569,1.318,3816.5873790569603,752616.5858881569,52,12543
d399b29c39aafde69884d67ced0990a879c305854eca7e5bf88c26b6c6f389c8,ae6f97c69d684b23e45ce195db1da6d3853004596e39b78688a763c8bbd32b47,752617.732845068,0.921,3816.811845068005,752616.810354168,52,12543
d399b29c39aafde69884d67ced0990a879c305854eca7e5bf88c26b6c6f389c8,ae6f97c69d684b23e45ce195db1da6d3853004596e39b78688a763c8bbd32b47,752619.4517068863,1.718,3817.733706886298,752617.7322159862,52,12543
d399b29c39aafde69884d67ced0990a879c305854eca7e5bf88c26b6c6f389c8,ae6f97c69d684b23e45ce195db1da6d3853004596e39b78688a763c8bbd32b47,752618.264770031,0.359,3817.9057700309204,752617.9042791309,52,12543
d399b29c39aafde69884d67ced0990a879c305854eca7e5bf88c26b6c6f389c8,ae6f97c69d684b23e45ce195db1da6d3853004596e39b78688a763c8bbd32b47,752620.0085010529,1.728,3818.2805010528537,752618.2790101528,52,12543
d399b29c39aafde69884d67ced0990a879c305854eca7e5bf88c26b6c6f389c8,ae6f97c69d684b23e45ce195db1da6d3853004596e39b78688a763c8bbd32b47,752620.8759191036,1.424,3819.4519191036234,752619.4504282036,52,12543
d399b29c39aafde69884d67ced0990a879c305854eca7e5bf88c26b6c6f389c8,ae6f97c69d684b23e45ce195db1da6d3853004596e39b78688a763c8bbd32b47,752620.4772639275,0.468,3820.0092639274662,752620.0077730274,52,12543
d399b29c39aafde69884d67ced0990a879c305854eca7e5bf88c26b6c6f389c8,ae6f97c69d684b23e45ce195db1da6d3853004596e39b78688a763c8bbd32b47,752620.8991909027,0.406,3820.493190902751,752620.4917000027,52,12543
d399b29c39aafde69884d67ced0990a879c305854eca7e5bf88c26b6c6f389c8,ae6f97c69d684b23e45ce195db1da6d3853004596e39b78688a763c8bbd32b47,752621.2353029251,0.343,3820.8923029251164,752620.890812025,52,12543
d399b29c39aafde69884d67ced0990a879c305854eca7e5bf88c26b6c6f389c8,ae6f97c69d684b23e45ce195db1da6d3853004596e39b78688a763c8bbd32b47,752621.2585608959,0.359,3820.899560895865,752620.8980699958,52,12543
d399b29c39aafde69884d67ced0990a879c305854eca7e5bf88c26b6c6f389c8,ae6f97c69d684b23e45ce195db1da6d3853004596e39b78688a763c8bbd32b47,752621.7040860653,0.468,3821.236086065299,752621.2345951652,52,12543
d399b29c39aafde69884d67ced0990a879c305854eca7e5bf88c26b6c6f389c8,ae6f97c69d684b23e45ce195db1da6d3853004596e39b78688a763c8bbd32b47,752621.7750248909,0.453,3821.32202489092,752621.3205339909,52,12543
d399b29c39aafde69884d67ced0990a879c305854eca7e5bf88c26b6c6f389c8,ae6f97c69d684b23e45ce195db1da6d3853004596e39b78688a763c8bbd32b47,752622.1259799004,0.406,3821.719979900401,752621.7184890003,52,12543
d399b29c39aafde69884d67ced0990a879c305854eca7e5bf88c26b6c6f389c8,ae6f97c69d684b23e45ce195db1da6d3853004596e39b78688a763c8bbd32b47,752622.1657419205,0.373,3821.7927419204498,752621.7912510204,52,12543
d399b29c39aafde69884d67ced0990a879c305854eca7e5bf88c26b6c6f389c8,ae6f97c69d684b23e45ce195db1da6d3853004596e39b78688a763c8bbd32b47,752622.9568150043,0.815,3822.1418150044046,752622.1403241043,52,12543
d399b29c39aafde69884d67ced0990a879c305854eca7e5bf88c26b6c6f389c8,ae6f97c69d684b23e45ce195db1da6d3853004596e39b78688a763c8bbd32b47,752623.7226440907,1.556,3822.16664409067,752622.1651531906,52,12543
d399b29c39aafde69884d67ced0990a879c305854eca7e5bf88c26b6c6f389c8,ae6f97c69d684b23e45ce195db1da6d3853004596e39b78688a763c8bbd32b47,752625.8670110703,2.894,3822.9730110702803,752622.9715201702,52,12543
d399b29c39aafde69884d67ced0990a879c305854eca7e5bf88c26b6c6f389c8,ae6f97c69d684b23e45ce195db1da6d3853004596e39b78688a763c8bbd32b47,752624.2851800919,0.562,3823.7231800918235,752623.7216891918,52,12543
d399b29c39aafde69884d67ced0990a879c305854eca7e5bf88c26b6c6f389c8,ae6f97c69d684b23e45ce195db1da6d3853004596e39b78688a763c8bbd32b47,752624.7070579529,0.405,3824.302057952853,752624.3005670528,52,12543
d399b29c39aafde69884d67ced0990a879c305854eca7e5bf88c26b6c6f389c8,ae6f97c69d684b23e45ce195db1da6d3853004596e39b78688a763c8bbd32b47,752625.2227289677,0.515,3824.7077289676527,752624.7062380676,52,12543
d399b29c39aafde69884d67ced0990a879c305854eca7e5bf88c26b6c6f389c8,ae6f97c69d684b23e45ce195db1da6d3853004596e39b78688a763c8bbd32b47,752625.8165180683,0.593,3825.22351806832,752625.2220271683,52,12543
d399b29c39aafde69884d67ced0990a879c305854eca7e5bf88c26b6c6f389c8,ae6f97c69d684b23e45ce195db1da6d3853004596e39b78688a763c8bbd32b47,752626.4641211033,0.647,3825.8171211032895,752625.8156302032,52,12543
d399b29c39aafde69884d67ced0990a879c305854eca7e5bf88c26b6c6f389c8,ae6f97c69d684b23e45ce195db1da6d3853004596e39b78688a763c8bbd32b47,752626.3358540535,0.39,3825.9458540534833,752625.9443631534,52,12543
d399b29c39aafde69884d67ced0990a879c305854eca7e5bf88c26b6c6f389c8,ae6f97c69d684b23e45ce195db1da6d3853004596e39b78688a763c8bbd32b47,752627.2108049393,0.859,3826.351804939215,752626.3503140392,52,12543
d399b29c39aafde69884d67ced0990a879c305854eca7e5bf88c26b6c6f389c8,ae6f97c69d684b23e45ce195db1da6d3853004596e39b78688a763c8bbd32b47,752626.9087541103,0.444,3826.4647541103186,752626.4632632103,52,12543
d399b29c39aafde69884d67ced0990a879c305854eca7e5bf88c26b6c6f389c8,ae6f97c69d684b23e45ce195db1da6d3853004596e39b78688a763c8bbd32b47,752627.2681610584,0.343,3826.9251610584324,752626.9236701584,52,12543
d399b29c39aafde69884d67ced0990a879c305854eca7e5bf88c26b6c6f389c8,ae6f97c69d684b23e45ce195db1da6d3853004596e39b78688a763c8bbd32b47,752627.5859050751,0.375,3827.2109050750732,752627.209414175,52,12543
d399b29c39aafde69884d67ced0990a879c305854eca7e5bf88c26b6c6f389c8,ae6f97c69d684b23e45ce195db1da6d3853004596e39b78688a763c8bbd32b47,752628.0304830074,0.762,3827.268483007443,752627.2669921074,52,12543
d399b29c39aafde69884d67ced0990a879c305854eca7e5bf88c26b6c6f389c8,ae6f97c69d684b23e45ce195db1da6d3853004596e39b78688a763c8bbd32b47,752629.3827800751,1.781,3827.601780075114,752627.600289175,52,12543
d399b29c39aafde69884d67ced0990a879c305854eca7e5bf88c26b6c6f389c8,ae6f97c69d684b23e45ce195db1da6d3853004596e39b78688a763c8bbd32b47,752628.4523799419,0.406,3828.0463799419813,752628.0448890419,52,12543
d399b29c39aafde69884d67ced0990a879c305854eca7e5bf88c26b6c6f389c8,ae6f97c69d684b23e45ce195db1da6d3853004596e39b78688a763c8bbd32b47,752629.4834349155,1.031,3828.4524349155836,752628.4509440155,52,12543
d399b29c39aafde69884d67ced0990a879c305854eca7e5bf88c26b6c6f389c8,ae6f97c69d684b23e45ce195db1da6d3853004596e39b78688a763c8bbd32b47,752629.992180109,0.593,3829.3991801090306,752629.397689209,52,12543
d399b29c39aafde69884d67ced0990a879c305854eca7e5bf88c26b6c6f389c8,ae6f97c69d684b23e45ce195db1da6d3853004596e39b78688a763c8bbd32b47,752629.8612630367,0.377,3829.4842630367493,752629.4827721367,52,12543
d399b29c39aafde69884d67ced0990a879c305854eca7e5bf88c26b6c6f389c8,ae6f97c69d684b23e45ce195db1da6d3853004596e39b78688a763c8bbd32b47,752630.4908061028,0.629,3829.8618061027955,752629.8603152027,52,12543
d399b29c39aafde69884d67ced0990a879c305854eca7e5bf88c26b6c6f389c8,ae6f97c69d684b23e45ce195db1da6d3853004596e39b78688a763c8bbd32b47,752630.7890949249,0.796,3829.9930949249538,752629.9916040249,52,12543
d399b29c39aafde69884d67ced0990a879c305854eca7e5bf88c26b6c6f389c8,ae6f97c69d684b23e45ce195db1da6d3853004596e39b78688a763c8bbd32b47,752630.9283530712,0.421,3830.50735307124,752630.5058621712,52,12543
d399b29c39aafde69884d67ced0990a879c305854eca7e5bf88c26b6c6f389c8,ae6f97c69d684b23e45ce195db1da6d3853004596e39b78688a763c8bbd32b47,752631.6953930855,0.906,3830.7893930855207,752630.7879021855,52,12543
d399b29c39aafde69884d67ced0990a879c305854eca7e5bf88c26b6c6f389c8,ae6f97c69d684b23e45ce195db1da6d3853004596e39b78688a763c8bbd32b47,752631.4511330128,0.522,3830.9291330127744,752630.9276421127,52,12543
d399b29c39aafde69884d67ced0990a879c305854eca7e5bf88c26b6c6f389c8,ae6f97c69d684b23e45ce195db1da6d3853004596e39b78688a763c8bbd32b47,752632.0303618908,0.579,3831.451361890766,752631.4498709907,52,12543
d399b29c39aafde69884d67ced0990a879c305854eca7e5bf88c26b6c6f389c8,ae6f97c69d684b23e45ce195db1da6d3853004596e39b78688a763c8bbd32b47,752632.3054800034,0.594,3831.711480003316,752631.7099891033,52,12543
d399b29c39aafde69884d67ced0990a879c305854eca7e5bf88c26b6c6f389c8,ae6f97c69d684b23e45ce195db1da6d3853004596e39b78688a763c8bbd32b47,752632.6433880329,0.597,3832.0463880329626,752632.0448971329,52,12543
d399b29c39aafde69884d67ced0990a879c305854eca7e5bf88c26b6c6f389c8,ae6f97c69d684b23e45ce195db1da6d3853004596e39b78688a763c8bbd32b47,752633.4320030212,1.126,3832.3060030211927,752632.3045121211,52,12543
d399b29c39aafde69884d67ced0990a879c305854eca7e5bf88c26b6c6f389c8,ae6f97c69d684b23e45ce195db1da6d3853004596e39b78688a763c8bbd32b47,752634.0454940796,1.292,3832.753494079574,752632.7520031795,52,12543
d399b29c39aafde69884d67ced0990a879c305854eca7e5bf88c26b6c6f389c8,ae6f97c69d684b23e45ce195db1da6d3853004596e39b78688a763c8bbd32b47,752634.3446109295,0.912,3833.432610929478,752633.4311200294,52,12543
d399b29c39aafde69884d67ced0990a879c305854eca7e5bf88c26b6c6f389c8,ae6f97c69d684b23e45ce195db1da6d3853004596e39b78688a763c8bbd32b47,752634.4049069881,0.359,3834.045906988089,752634.044416088,52,12543
d399b29c39aafde69884d67ced0990a879c305854eca7e5bf88c26b6c6f389c8,ae6f97c69d684b23e45ce195db1da6d3853004596e39b78688a763c8bbd32b47,752635.2508859634,0.875,3834.37588596344,752634.3743950634,52,12543
d399b29c39aafde69884d67ced0990a879c305854eca7e5bf88c26b6c6f389c8,ae6f97c69d684b23e45ce195db1da6d3853004596e39b78688a763c8bbd32b47,752634.8111550808,0.406,3834.4051550808363,752634.4036641808,52,12543
d399b29c39aafde69884d67ced0990a879c305854eca7e5bf88c26b6c6f389c8,ae6f97c69d684b23e45ce195db1da6d3853004596e39b78688a763c8bbd32b47,752644.3595430851,9.532,3834.8275430850917,752634.826052185,52,12543
d399b29c39aafde69884d67ced0990a879c305854eca7e5bf88c26b6c6f389c8,ae6f97c69d684b23e45ce195db1da6d3853004596e39b78688a763c8bbd32b47,752636.1103100777,0.843,3835.2673100776738,752635.2658191776,52,12543
d399b29c39aafde69884d67ced0990a879c305854eca7e5bf88c26b6c6f389c8,ae6f97c69d684b23e45ce195db1da6d3853004596e39b78688a763c8bbd32b47,752636.4697079659,0.343,3836.1267079658573,752636.1252170658,52,12543
d399b29c39aafde69884d67ced0990a879c305854eca7e5bf88c26b6c6f389c8,ae6f97c69d684b23e45ce195db1da6d3853004596e39b78688a763c8bbd32b47,752636.9072299004,0.437,3836.4702299003256,752636.4687390003,52,12543
d399b29c39aafde69884d67ced0990a879c305854eca7e5bf88c26b6c6f389c8,ae6f97c69d684b23e45ce195db1da6d3853004596e39b78688a763c8bbd32b47,752637.2509980202,0.343,3836.9079980201786,752636.9065071201,52,12543
d399b29c39aafde69884d67ced0990a879c305854eca7e5bf88c26b6c6f389c8,ae6f97c69d684b23e45ce195db1da6d3853004596e39b78688a763c8bbd32b47,752637.6103930473,0.359,3837.251393047278,752637.2499021472,52,12543
d399b29c39aafde69884d67ced0990a879c305854eca7e5bf88c26b6c6f389c8,ae6f97c69d684b23e45ce195db1da6d3853004596e39b78688a763c8bbd32b47,752638.4854300022,0.875,3837.6104300022125,752637.6089391022,52,12543
d399b29c39aafde69884d67ced0990a879c305854eca7e5bf88c26b6c6f389c8,ae6f97c69d684b23e45ce195db1da6d3853004596e39b78688a763c8bbd32b47,752639.2979750633,0.781,3838.516975063365,752638.5154841633,52,12543
d399b29c39aafde69884d67ced0990a879c305854eca7e5bf88c26b6c6f389c8,ae6f97c69d684b23e45ce195db1da6d3853004596e39b78688a763c8bbd32b47,752639.6729838848,0.375,3839.2979838848114,752639.2964929848,52,12543
d399b29c39aafde69884d67ced0990a879c305854eca7e5bf88c26b6c6f389c8,ae6f97c69d684b23e45ce195db1da6d3853004596e39b78688a763c8bbd32b47,752640.410394907,0.721,3839.689394906978,752639.6879040069,52,12543
d399b29c39aafde69884d67ced0990a879c305854eca7e5bf88c26b6c6f389c8,ae6f97c69d684b23e45ce195db1da6d3853004596e39b78688a763c8bbd32b47,752640.9104499817,0.5,3840.4104499816895,752640.4089590816,52,12544
d399b29c39aafde69884d67ced0990a879c305854eca7e5bf88c26b6c6f389c8,ae6f97c69d684b23e45ce195db1da6d3853004596e39b78688a763c8bbd32b47,752641.3323130608,0.421,3840.9113130607875,752640.9098221607,52,12544
d399b29c39aafde69884d67ced0990a879c305854eca7e5bf88c26b6c6f389c8,ae6f97c69d684b23e45ce195db1da6d3853004596e39b78688a763c8bbd32b47,752642.2230079174,0.75,3841.473007917404,752641.4715170173,52,12544
d399b29c39aafde69884d67ced0990a879c305854eca7e5bf88c26b6c6f389c8,ae6f97c69d684b23e45ce195db1da6d3853004596e39b78688a763c8bbd32b47,752642.5823659897,0.359,3842.22336598963,752642.2218750896,52,12544
d399b29c39aafde69884d67ced0990a879c305854eca7e5bf88c26b6c6f389c8,ae6f97c69d684b23e45ce195db1da6d3853004596e39b78688a763c8bbd32b47,752642.9573950768,0.359,3842.5983950766968,752642.5969041766,52,12544
d399b29c39aafde69884d67ced0990a879c305854eca7e5bf88c26b6c6f389c8,ae6f97c69d684b23e45ce195db1da6d3853004596e39b78688a763c8bbd32b47,752643.5628910065,0.605,3842.9578910064884,752642.9564001064,52,12544
d399b29c39aafde69884d67ced0990a879c305854eca7e5bf88c26b6c6f389c8,ae6f97c69d684b23e45ce195db1da6d3853004596e39b78688a763c8bbd32b47,752643.9535338879,0.39,3843.563533887849,752643.5620429878,52,12544
d399b29c39aafde69884d67ced0990a879c305854eca7e5bf88c26b6c6f389c8,ae6f97c69d684b23e45ce195db1da6d3853004596e39b78688a763c8bbd32b47,752646.5798919201,2.626,3843.953891920042,752643.95240102,52,12544
d399b29c39aafde69884d67ced0990a879c305854eca7e5bf88c26b6c6f389c8,ae6f97c69d684b23e45ce195db1da6d3853004596e39b78688a763c8bbd32b47,752645.3771049976,1.001,3844.3761049975874,752644.3746140975,52,12544
d399b29c39aafde69884d67ced0990a879c305854eca7e5bf88c26b6c6f389c8,ae6f97c69d684b23e45ce195db1da6d3853004596e39b78688a763c8bbd32b47,752650.2569439411,4.864,3845.392943941173,752645.3914530411,52,12544
d399b29c39aafde69884d67ced0990a879c305854eca7e5bf88c26b6c6f389c8,ae6f97c69d684b23e45ce195db1da6d3853004596e39b78688a763c8bbd32b47,752647.9549601078,1.359,3846.5959601077484,752646.5944692077,52,12544
d399b29c39aafde69884d67ced0990a879c305854eca7e5bf88c26b6c6f389c8,ae6f97c69d684b23e45ce195db1da6d3853004596e39b78688a763c8bbd32b47,752648.7987399101,0.843,3847.9557399101323,752647.9542490101,52,12544
d399b29c39aafde69884d67ced0990a879c305854eca7e5bf88c26b6c6f389c8,ae6f97c69d684b23e45ce195db1da6d3853004596e39b78688a763c8bbd32b47,752649.1268899441,0.312,3848.814889944042,752648.813399044,52,12544
d399b29c39aafde69884d67ced0990a879c305854eca7e5bf88c26b6c6f389c8,ae6f97c69d684b23e45ce195db1da6d3853004596e39b78688a763c8bbd32b47,752649.7519080639,0.625,3849.1269080638885,752649.1254171638,52,12544
d399b29c39aafde69884d67ced0990a879c305854eca7e5bf88c26b6c6f389c8,ae6f97c69d684b23e45ce195db1da6d3853004596e39b78688a763c8bbd32b47,752650.1269569397,0.375,3849.7519569396973,752649.7504660396,52,12544
d399b29c39aafde69884d67ced0990a879c305854eca7e5bf88c26b6c6f389c8,ae6f97c69d684b23e45ce195db1da6d3853004596e39b78688a763c8bbd32b47,752650.5644528866,0.421,3850.1434528866084,752650.1419619865,52,12544
d399b29c39aafde69884d67ced0990a879c305854eca7e5bf88c26b6c6f389c8,ae6f97c69d684b23e45ce195db1da6d3853004596e39b78688a763c8bbd32b47,752650.5851070881,0.328,3850.2571070881095,752650.255616188,52,12544
d399b29c39aafde69884d67ced0990a879c305854eca7e5bf88c26b6c6f389c8,ae6f97c69d684b23e45ce195db1da6d3853004596e39b78688a763c8bbd32b47,752651.1428689957,0.578,3850.564868995687,752650.5633780956,52,12544
d399b29c39aafde69884d67ced0990a879c305854eca7e5bf88c26b6c6f389c8,ae6f97c69d684b23e45ce195db1da6d3853004596e39b78688a763c8bbd32b47,752651.2440419197,0.658,3850.5860419196542,752650.5845510196,52,12544
d399b29c39aafde69884d67ced0990a879c305854eca7e5bf88c26b6c6f389c8,ae6f97c69d684b23e45ce195db1da6d3853004596e39b78688a763c8bbd32b47,752651.6585190296,0.5,3851.1585190296173,752651.1570281296,52,12544
d399b29c39aafde69884d67ced0990a879c305854eca7e5bf88c26b6c6f389c8,ae6f97c69d684b23e45ce195db1da6d3853004596e39b78688a763c8bbd32b47,752651.634718895,0.374,3851.260718895006,752651.259227995,52,12544
d399b29c39aafde69884d67ced0990a879c305854eca7e5bf88c26b6c6f389c8,ae6f97c69d684b23e45ce195db1da6d3853004596e39b78688a763c8bbd32b47,752653.0206971169,1.323,3851.697697116877,752651.6962062168,52,12544
d399b29c39aafde69884d67ced0990a879c305854eca7e5bf88c26b6c6f389c8,ae6f97c69d684b23e45ce195db1da6d3853004596e39b78688a763c8bbd32b47,752652.1116580963,0.406,3851.7056580963545,752651.7041671963,52,12544
d399b29c39aafde69884d67ced0990a879c305854eca7e5bf88c26b6c6f389c8,ae6f97c69d684b23e45ce195db1da6d3853004596e39b78688a763c8bbd32b47,752653.7084410191,1.581,3852.1274410190526,752652.125950119,52,12544
d399b29c39aafde69884d67ced0990a879c305854eca7e5bf88c26b6c6f389c8,ae6f97c69d684b23e45ce195db1da6d3853004596e39b78688a763c8bbd32b47,752653.4199650288,0.383,3853.036965028732,752653.0354741287,52,12544
d399b29c39aafde69884d67ced0990a879c305854eca7e5bf88c26b6c6f389c8,ae6f97c69d684b23e45ce195db1da6d3853004596e39b78688a763c8bbd32b47,752653.9997289181,0.564,3853.4357289180625,752653.434238018,52,12544
d399b29c39aafde69884d67ced0990a879c305854eca7e5bf88c26b6c6f389c8,ae6f97c69d684b23e45ce195db1da6d3853004596e39b78688a763c8bbd32b47,752654.6147329807,0.89,3853.724732980714,752653.7232420807,52,12544
d399b29c39aafde69884d67ced0990a879c305854eca7e5bf88c26b6c6f389c8,ae6f97c69d684b23e45ce195db1da6d3853004596e39b78688a763c8bbd32b47,752654.7297589779,0.73,3853.9997589779086,752653.9982680778,52,12544
d399b29c39aafde69884d67ced0990a879c305854eca7e5bf88c26b6c6f389c8,ae6f97c69d684b23e45ce195db1da6d3853004596e39b78688a763c8bbd32b47,752655.2866699696,0.578,3854.708669969579,752654.7071790695,52,12544
d399b29c39aafde69884d67ced0990a879c305854eca7e5bf88c26b6c6f389c8,ae6f97c69d684b23e45ce195db1da6d3853004596e39b78688a763c8bbd32b47,752655.8610789776,1.115,3854.746078977594,752654.7445880775,52,12544
d399b29c39aafde69884d67ced0990a879c305854eca7e5bf88c26b6c6f389c8,ae6f97c69d684b23e45ce195db1da6d3853004596e39b78688a763c8bbd32b47,752656.3648190498,1.062,3855.3028190498007,752655.3013281497,52,12544
d399b29c39aafde69884d67ced0990a879c305854eca7e5bf88c26b6c6f389c8,ae6f97c69d684b23e45ce195db1da6d3853004596e39b78688a763c8bbd32b47,752656.3766930103,0.515,3855.8616930103162,752655.8602021103,52,12544
d399b29c39aafde69884d67ced0990a879c305854eca7e5bf88c26b6c6f389c8,ae6f97c69d684b23e45ce195db1da6d3853004596e39b78688a763c8bbd32b47,752656.802366972,0.421,3856.3813669719966,752656.3798760719,52,12544
d399b29c39aafde69884d67ced0990a879c305854eca7e5bf88c26b6c6f389c8,ae6f97c69d684b23e45ce195db1da6d3853004596e39b78688a763c8bbd32b47,752656.8018269539,0.409,3856.392826953903,752656.3913360538,52,12544
d399b29c39aafde69884d67ced0990a879c305854eca7e5bf88c26b6c6f389c8,ae6f97c69d684b23e45ce195db1da6d3853004596e39b78688a763c8bbd32b47,752657.4429960251,0.625,3856.8179960250854,752656.816505125,52,12544
d399b29c39aafde69884d67ced0990a879c305854eca7e5bf88c26b6c6f389c8,ae6f97c69d684b23e45ce195db1da6d3853004596e39b78688a763c8bbd32b47,752657.1300048828,0.312,3856.818004882778,752656.8165139827,52,12544
d399b29c39aafde69884d67ced0990a879c305854eca7e5bf88c26b6c6f389c8,ae6f97c69d684b23e45ce195db1da6d3853004596e39b78688a763c8bbd32b47,752660.0929090977,2.962,3857.1309090976138,752657.1294181976,52,12544
d399b29c39aafde69884d67ced0990a879c305854eca7e5bf88c26b6c6f389c8,ae6f97c69d684b23e45ce195db1da6d3853004596e39b78688a763c8bbd32b47,752657.8492670059,0.406,3857.4432670059614,752657.4417761059,52,12544
d399b29c39aafde69884d67ced0990a879c305854eca7e5bf88c26b6c6f389c8,ae6f97c69d684b23e45ce195db1da6d3853004596e39b78688a763c8bbd32b47,752658.2555410862,0.39,3857.865541086183,752657.8640501861,52,12544
d399b29c39aafde69884d67ced0990a879c305854eca7e5bf88c26b6c6f389c8,ae6f97c69d684b23e45ce195db1da6d3853004596e39b78688a763c8bbd32b47,752658.6618359089,0.406,3858.2558359089307,752658.2543450089,52,12544
d399b29c39aafde69884d67ced0990a879c305854eca7e5bf88c26b6c6f389c8,ae6f97c69d684b23e45ce195db1da6d3853004596e39b78688a763c8bbd32b47,752659.5212171078,0.843,3858.6782171077793,752658.6767262077,52,12544
d399b29c39aafde69884d67ced0990a879c305854eca7e5bf88c26b6c6f389c8,ae6f97c69d684b23e45ce195db1da6d3853004596e39b78688a763c8bbd32b47,752961.3132810593,0.546,4160.767281059292,752960.7657901592,52,12549
d399b29c39aafde69884d67ced0990a879c305854eca7e5bf88c26b6c6f389c8,ae6f97c69d684b23e45ce195db1da6d3853004596e39b78688a763c8bbd32b47,753092.8528790474,0.656,4292.196879047435,753092.1953881474,52,12551
d399b29c39aafde69884d67ced0990a879c305854eca7e5bf88c26b6c6f389c8,ae6f97c69d684b23e45ce195db1da6d3853004596e39b78688a763c8bbd32b47,753144.1559810638,0.484,4343.671981063788,753143.6704901637,52,12552
d399b29c39aafde69884d67ced0990a879c305854eca7e5bf88c26b6c6f389c8,ae6f97c69d684b23e45ce195db1da6d3853004596e39b78688a763c8bbd32b47,753203.5158209801,0.296,4403.219820980099,753203.21833008,52,12553
d399b29c39aafde69884d67ced0990a879c305854eca7e5bf88c26b6c6f389c8,ae6f97c69d684b23e45ce195db1da6d3853004596e39b78688a763c8bbd32b47,753261.8948791027,0.603,4461.291879102704,753261.2903882026,52,12554
d399b29c39aafde69884d67ced0990a879c305854eca7e5bf88c26b6c6f389c8,ae6f97c69d684b23e45ce195db1da6d3853004596e39b78688a763c8bbd32b47,753319.7689630985,0.508,4519.260963098495,753319.2594721984,52,12555
4dd59aea96ab30b4156e2166b472206ff912315495a3c4f713fbdc240d06b9b0,e09dddbcb72e0cbc5c9b775bdfd4dce5913b972c3a71ebf3f682fc8e2ae2971b,767798.1190299988,0.067,4598.05202999874,767798.0505390987,53,12796
4dd59aea96ab30b4156e2166b472206ff912315495a3c4f713fbdc240d06b9b0,e09dddbcb72e0cbc5c9b775bdfd4dce5913b972c3a71ebf3f682fc8e2ae2971b,767798.1289350986,0.014,4598.114935098682,767798.1134441986,53,12796
4dd59aea96ab30b4156e2166b472206ff912315495a3c4f713fbdc240d06b9b0,e09dddbcb72e0cbc5c9b775bdfd4dce5913b972c3a71ebf3f682fc8e2ae2971b,767798.1436469555,0.013,4598.130646955455,767798.1291560554,53,12796
4dd59aea96ab30b4156e2166b472206ff912315495a3c4f713fbdc240d06b9b0,e09dddbcb72e0cbc5c9b775bdfd4dce5913b972c3a71ebf3f682fc8e2ae2971b,767805.3443160057,0.007,4605.337316005724,767805.3358251057,53,12796
4dd59aea96ab30b4156e2166b472206ff912315495a3c4f713fbdc240d06b9b0,e09dddbcb72e0cbc5c9b775bdfd4dce5913b972c3a71ebf3f682fc8e2ae2971b,767806.5659821033,0.006,4606.559982103296,767806.5584912032,53,12796
4dd59aea96ab30b4156e2166b472206ff912315495a3c4f713fbdc240d06b9b0,e09dddbcb72e0cbc5c9b775bdfd4dce5913b972c3a71ebf3f682fc8e2ae2971b,767807.8155369759,0.006,4607.809536975808,767807.8080460757,53,12796
4dd59aea96ab30b4156e2166b472206ff912315495a3c4f713fbdc240d06b9b0,e09dddbcb72e0cbc5c9b775bdfd4dce5913b972c3a71ebf3f682fc8e2ae2971b,767815.4089419842,0.008,4615.400941984146,767815.3994510841,53,12796
4dd59aea96ab30b4156e2166b472206ff912315495a3c4f713fbdc240d06b9b0,e09dddbcb72e0cbc5c9b775bdfd4dce5913b972c3a71ebf3f682fc8e2ae2971b,767815.4168450832,0.009,4615.407845083275,767815.4063541832,53,12796
4dd59aea96ab30b4156e2166b472206ff912315495a3c4f713fbdc240d06b9b0,e09dddbcb72e0cbc5c9b775bdfd4dce5913b972c3a71ebf3f682fc8e2ae2971b,767816.0290279388,0.006,4616.023027938791,767816.0215370387,53,12796
4dd59aea96ab30b4156e2166b472206ff912315495a3c4f713fbdc240d06b9b0,e09dddbcb72e0cbc5c9b775bdfd4dce5913b972c3a71ebf3f682fc8e2ae2971b,767816.7678990364,0.006,4616.761899036355,767816.7604081363,53,12796
4dd59aea96ab30b4156e2166b472206ff912315495a3c4f713fbdc240d06b9b0,e09dddbcb72e0cbc5c9b775bdfd4dce5913b972c3a71ebf3f682fc8e2ae2971b,767817.9495120049,0.006,4617.9435120048,767817.9420211047,53,12796
4dd59aea96ab30b4156e2166b472206ff912315495a3c4f713fbdc240d06b9b0,e09dddbcb72e0cbc5c9b775bdfd4dce5913b972c3a71ebf3f682fc8e2ae2971b,767819.0470309258,0.007,4619.0400309257675,767819.0385400257,53,12796
4dd59aea96ab30b4156e2166b472206ff912315495a3c4f713fbdc240d06b9b0,e09dddbcb72e0cbc5c9b775bdfd4dce5913b972c3a71ebf3f682fc8e2ae2971b,767819.0540020466,0.005,4619.04900204658,767819.0475111465,53,12796
4dd59aea96ab30b4156e2166b472206ff912315495a3c4f713fbdc240d06b9b0,e09dddbcb72e0cbc5c9b775bdfd4dce5913b972c3a71ebf3f682fc8e2ae2971b,767819.0639870167,0.006,4619.057987016626,767819.0564961166,53,12796
4dd59aea96ab30b4156e2166b472206ff912315495a3c4f713fbdc240d06b9b0,e09dddbcb72e0cbc5c9b775bdfd4dce5913b972c3a71ebf3f682fc8e2ae2971b,767819.0741920471,0.008,4619.066192047088,767819.064701147,53,12796
4dd59aea96ab30b4156e2166b472206ff912315495a3c4f713fbdc240d06b9b0,e09dddbcb72e0cbc5c9b775bdfd4dce5913b972c3a71ebf3f682fc8e2ae2971b,767821.0310750008,0.007,4621.02407500078,767821.0225841007,53,12797
4dd59aea96ab30b4156e2166b472206ff912315495a3c4f713fbdc240d06b9b0,e09dddbcb72e0cbc5c9b775bdfd4dce5913b972c3a71ebf3f682fc8e2ae2971b,767821.0411119461,0.011,4621.030111946049,767821.028621046,53,12797
4dd59aea96ab30b4156e2166b472206ff912315495a3c4f713fbdc240d06b9b0,e09dddbcb72e0cbc5c9b775bdfd4dce5913b972c3a71ebf3f682fc8e2ae2971b,767821.0474200249,0.005,4621.042420024867,767821.0409291248,53,12797
4dd59aea96ab30b4156e2166b472206ff912315495a3c4f713fbdc240d06b9b0,e09dddbcb72e0cbc5c9b775bdfd4dce5913b972c3a71ebf3f682fc8e2ae2971b,767821.0599238873,0.007,4621.05292388727,767821.0514329872,53,12797
4dd59aea96ab30b4156e2166b472206ff912315495a3c4f713fbdc240d06b9b0,e09dddbcb72e0cbc5c9b775bdfd4dce5913b972c3a71ebf3f682fc8e2ae2971b,767821.0667459965,0.007,4621.059745996492,767821.0582550964,53,12797
4dd59aea96ab30b4156e2166b472206ff912315495a3c4f713fbdc240d06b9b0,e09dddbcb72e0cbc5c9b775bdfd4dce5913b972c3a71ebf3f682fc8e2ae2971b,767822.2495861053,0.006,4622.2435861052945,767822.2420952052,53,12797
4dd59aea96ab30b4156e2166b472206ff912315495a3c4f713fbdc240d06b9b0,e09dddbcb72e0cbc5c9b775bdfd4dce5913b972c3a71ebf3f682fc8e2ae2971b,767824.2578399181,0.014,4624.24383991817,767824.2423490181,53,12797
4dd59aea96ab30b4156e2166b472206ff912315495a3c4f713fbdc240d06b9b0,e09dddbcb72e0cbc5c9b775bdfd4dce5913b972c3a71ebf3f682fc8e2ae2971b,767824.2664039135,0.017,4624.249403913505,767824.2479130134,53,12797
4dd59aea96ab30b4156e2166b472206ff912315495a3c4f713fbdc240d06b9b0,e09dddbcb72e0cbc5c9b775bdfd4dce5913b972c3a71ebf3f682fc8e2ae2971b,767828.3510460854,0.006,4628.3450460853055,767828.3435551852,53,12797
4dd59aea96ab30b4156e2166b472206ff912315495a3c4f713fbdc240d06b9b0,e09dddbcb72e0cbc5c9b775bdfd4dce5913b972c3a71ebf3f682fc8e2ae2971b,767829.5127749443,0.007,4629.505774944322,767829.5042840443,53,12797
4dd59aea96ab30b4156e2166b472206ff912315495a3c4f713fbdc240d06b9b0,e09dddbcb72e0cbc5c9b775bdfd4dce5913b972c3a71ebf3f682fc8e2ae2971b,767830.6600439548,0.007,4630.653043954866,767830.6515530548,53,12797
4dd59aea96ab30b4156e2166b472206ff912315495a3c4f713fbdc240d06b9b0,e09dddbcb72e0cbc5c9b775bdfd4dce5913b972c3a71ebf3f682fc8e2ae2971b,767830.7904810905,0.007,4630.783481090562,767830.7819901905,53,12797
4dd59aea96ab30b4156e2166b472206ff912315495a3c4f713fbdc240d06b9b0,e09dddbcb72e0cbc5c9b775bdfd4dce5913b972c3a71ebf3f682fc8e2ae2971b,767830.7967729568,0.007,4630.789772956865,767830.7882820568,53,12797
4dd59aea96ab30b4156e2166b472206ff912315495a3c4f713fbdc240d06b9b0,e09dddbcb72e0cbc5c9b775bdfd4dce5913b972c3a71ebf3f682fc8e2ae2971b,767830.9628279209,0.022,4630.9408279209165,767830.9393370209,53,12797
4dd59aea96ab30b4156e2166b472206ff912315495a3c4f713fbdc240d06b9b0,e09dddbcb72e0cbc5c9b775bdfd4dce5913b972c3a71ebf3f682fc8e2ae2971b,767832.237500906,0.006,4632.231500905938,767832.2300100059,53,12797
4dd59aea96ab30b4156e2166b472206ff912315495a3c4f713fbdc240d06b9b0,e09dddbcb72e0cbc5c9b775bdfd4dce5913b972c3a71ebf3f682fc8e2ae2971b,767832.2429358959,0.006,4632.236935895868,767832.2354449958,53,12797
4dd59aea96ab30b4156e2166b472206ff912315495a3c4f713fbdc240d06b9b0,e09dddbcb72e0cbc5c9b775bdfd4dce5913b972c3a71ebf3f682fc8e2ae2971b,767832.2569029331,0.006,4632.250902933069,767832.249412033,53,12797
4dd59aea96ab30b4156e2166b472206ff912315495a3c4f713fbdc240d06b9b0,e09dddbcb72e0cbc5c9b775bdfd4dce5913b972c3a71ebf3f682fc8e2ae2971b,767833.3343710899,0.008,4633.326371089905,767833.3248801898,53,12797
4dd59aea96ab30b4156e2166b472206ff912315495a3c4f713fbdc240d06b9b0,e09dddbcb72e0cbc5c9b775bdfd4dce5913b972c3a71ebf3f682fc8e2ae2971b,767837.3218839169,0.009,4637.312883916893,767837.3113930168,53,12797
4dd59aea96ab30b4156e2166b472206ff912315495a3c4f713fbdc240d06b9b0,e09dddbcb72e0cbc5c9b775bdfd4dce5913b972c3a71ebf3f682fc8e2ae2971b,767837.6453959942,0.008,4637.637395994156,767837.6359050941,53,12797
4dd59aea96ab30b4156e2166b472206ff912315495a3c4f713fbdc240d06b9b0,e09dddbcb72e0cbc5c9b775bdfd4dce5913b972c3a71ebf3f682fc8e2ae2971b,767838.7764530182,0.007,4638.769453018205,767838.7679621181,53,12797
4dd59aea96ab30b4156e2166b472206ff912315495a3c4f713fbdc240d06b9b0,e09dddbcb72e0cbc5c9b775bdfd4dce5913b972c3a71ebf3f682fc8e2ae2971b,767838.7846438885,0.006,4638.778643888421,767838.7771529884,53,12797
4dd59aea96ab30b4156e2166b472206ff912315495a3c4f713fbdc240d06b9b0,e09dddbcb72e0cbc5c9b775bdfd4dce5913b972c3a71ebf3f682fc8e2ae2971b,767839.1371250153,0.007,4639.130125015276,767839.1286341152,53,12797
4dd59aea96ab30b4156e2166b472206ff912315495a3c4f713fbdc240d06b9b0,e09dddbcb72e0cbc5c9b775bdfd4dce5913b972c3a71ebf3f682fc8e2ae2971b,767840.2988860607,0.062,4640.23688606068,767840.2353951606,53,12797
d399b29c39aafde69884d67ced0990a879c305854eca7e5bf88c26b6c6f389c8,ae6f97c69d684b23e45ce195db1da6d3853004596e39b78688a763c8bbd32b47,753443.2112700939,0.687,4642.524270093883,753442.5227791938,52,12557
4dd59aea96ab30b4156e2166b472206ff912315495a3c4f713fbdc240d06b9b0,e09dddbcb72e0cbc5c9b775bdfd4dce5913b972c3a71ebf3f682fc8e2ae2971b,767863.8001859188,0.008,4663.792185918777,767863.7906950187,53,12797
4dd59aea96ab30b4156e2166b472206ff912315495a3c4f713fbdc240d06b9b0,e09dddbcb72e0cbc5c9b775bdfd4dce5913b972c3a71ebf3f682fc8e2ae2971b,767865.0037059784,0.008,4664.995705978363,767864.9942150783,53,12797
4dd59aea96ab30b4156e2166b472206ff912315495a3c4f713fbdc240d06b9b0,e09dddbcb72e0cbc5c9b775bdfd4dce5913b972c3a71ebf3f682fc8e2ae2971b,767865.0072538853,0.005,4665.0022538852645,767865.0007629852,53,12797
4dd59aea96ab30b4156e2166b472206ff912315495a3c4f713fbdc240d06b9b0,e09dddbcb72e0cbc5c9b775bdfd4dce5913b972c3a71ebf3f682fc8e2ae2971b,767867.0653278828,0.007,4667.0583278827835,767867.0568369827,53,12797
4dd59aea96ab30b4156e2166b472206ff912315495a3c4f713fbdc240d06b9b0,e09dddbcb72e0cbc5c9b775bdfd4dce5913b972c3a71ebf3f682fc8e2ae2971b,767867.071213007,0.007,4667.06421300699,767867.0627221069,53,12797
4dd59aea96ab30b4156e2166b472206ff912315495a3c4f713fbdc240d06b9b0,e09dddbcb72e0cbc5c9b775bdfd4dce5913b972c3a71ebf3f682fc8e2ae2971b,767874.0513210297,1.072,4672.979321029619,767872.9778301296,53,12797
4dd59aea96ab30b4156e2166b472206ff912315495a3c4f713fbdc240d06b9b0,e09dddbcb72e0cbc5c9b775bdfd4dce5913b972c3a71ebf3f682fc8e2ae2971b,767875.1888170242,0.01,4675.178817024222,767875.1773261242,53,12797
4dd59aea96ab30b4156e2166b472206ff912315495a3c4f713fbdc240d06b9b0,e09dddbcb72e0cbc5c9b775bdfd4dce5913b972c3a71ebf3f682fc8e2ae2971b,767876.3599219322,0.021,4676.338921932271,767876.3374310322,53,12797
4dd59aea96ab30b4156e2166b472206ff912315495a3c4f713fbdc240d06b9b0,e09dddbcb72e0cbc5c9b775bdfd4dce5913b972c3a71ebf3f682fc8e2ae2971b,767876.4806139469,0.006,4676.4746139468625,767876.4731230468,53,12797
4dd59aea96ab30b4156e2166b472206ff912315495a3c4f713fbdc240d06b9b0,e09dddbcb72e0cbc5c9b775bdfd4dce5913b972c3a71ebf3f682fc8e2ae2971b,767877.0937349796,0.005,4677.088734979625,767877.0872440796,53,12797
4dd59aea96ab30b4156e2166b472206ff912315495a3c4f713fbdc240d06b9b0,e09dddbcb72e0cbc5c9b775bdfd4dce5913b972c3a71ebf3f682fc8e2ae2971b,767878.2563269138,0.006,4678.2503269137815,767878.2488360137,53,12797
4dd59aea96ab30b4156e2166b472206ff912315495a3c4f713fbdc240d06b9b0,e09dddbcb72e0cbc5c9b775bdfd4dce5913b972c3a71ebf3f682fc8e2ae2971b,767884.2770690918,0.111,4684.166069091763,767884.1645781917,53,12798
4dd59aea96ab30b4156e2166b472206ff912315495a3c4f713fbdc240d06b9b0,e09dddbcb72e0cbc5c9b775bdfd4dce5913b972c3a71ebf3f682fc8e2ae2971b,767885.4019589424,0.009,4685.3929589424515,767885.3914680424,53,12798
4dd59aea96ab30b4156e2166b472206ff912315495a3c4f713fbdc240d06b9b0,e09dddbcb72e0cbc5c9b775bdfd4dce5913b972c3a71ebf3f682fc8e2ae2971b,767891.0276451111,0.006,4691.021645111032,767891.020154211,53,12798
4dd59aea96ab30b4156e2166b472206ff912315495a3c4f713fbdc240d06b9b0,e09dddbcb72e0cbc5c9b775bdfd4dce5913b972c3a71ebf3f682fc8e2ae2971b,767891.1532869339,0.007,4691.146286933916,767891.1447960339,53,12798
4dd59aea96ab30b4156e2166b472206ff912315495a3c4f713fbdc240d06b9b0,e09dddbcb72e0cbc5c9b775bdfd4dce5913b972c3a71ebf3f682fc8e2ae2971b,767891.1591050625,0.006,4691.153105062433,767891.1516141624,53,12798
4dd59aea96ab30b4156e2166b472206ff912315495a3c4f713fbdc240d06b9b0,e09dddbcb72e0cbc5c9b775bdfd4dce5913b972c3a71ebf3f682fc8e2ae2971b,767905.1919119358,0.011,4705.1809119357495,767905.1794210357,53,12798
4dd59aea96ab30b4156e2166b472206ff912315495a3c4f713fbdc240d06b9b0,e09dddbcb72e0cbc5c9b775bdfd4dce5913b972c3a71ebf3f682fc8e2ae2971b,767907.0724740028,0.019,4707.053474002867,767907.0519831028,53,12798
4dd59aea96ab30b4156e2166b472206ff912315495a3c4f713fbdc240d06b9b0,e09dddbcb72e0cbc5c9b775bdfd4dce5913b972c3a71ebf3f682fc8e2ae2971b,767908.1594259739,0.006,4708.15342597384,767908.1519350738,53,12798
4dd59aea96ab30b4156e2166b472206ff912315495a3c4f713fbdc240d06b9b0,e09dddbcb72e0cbc5c9b775bdfd4dce5913b972c3a71ebf3f682fc8e2ae2971b,767921.6934959888,0.007,4721.686495988863,767921.6850050888,53,12798
4dd59aea96ab30b4156e2166b472206ff912315495a3c4f713fbdc240d06b9b0,e09dddbcb72e0cbc5c9b775bdfd4dce5913b972c3a71ebf3f682fc8e2ae2971b,767922.025646925,0.009,4722.016646925011,767922.015156025,53,12798
4dd59aea96ab30b4156e2166b472206ff912315495a3c4f713fbdc240d06b9b0,e09dddbcb72e0cbc5c9b775bdfd4dce5913b972c3a71ebf3f682fc8e2ae2971b,767922.0361840725,0.012,4722.024184072507,767922.0226931724,53,12798
4dd59aea96ab30b4156e2166b472206ff912315495a3c4f713fbdc240d06b9b0,e09dddbcb72e0cbc5c9b775bdfd4dce5913b972c3a71ebf3f682fc8e2ae2971b,767941.4776299,0.106,4741.37162989995,767941.3701389999,53,12799
4dd59aea96ab30b4156e2166b472206ff912315495a3c4f713fbdc240d06b9b0,e09dddbcb72e0cbc5c9b775bdfd4dce5913b972c3a71ebf3f682fc8e2ae2971b,767942.0774519444,0.007,4742.070451944368,767942.0689610443,53,12799
d399b29c39aafde69884d67ced0990a879c305854eca7e5bf88c26b6c6f389c8,ae6f97c69d684b23e45ce195db1da6d3853004596e39b78688a763c8bbd32b47,753620.5149788857,0.703,4819.811978885671,753619.8104879856,52,12560
d399b29c39aafde69884d67ced0990a879c305854eca7e5bf88c26b6c6f389c8,ae6f97c69d684b23e45ce195db1da6d3853004596e39b78688a763c8bbd32b47,753690.0202300549,0.584,4889.436230054824,753689.4347391548,52,12561
d399b29c39aafde69884d67ced0990a879c305854eca7e5bf88c26b6c6f389c8,ae6f97c69d684b23e45ce195db1da6d3853004596e39b78688a763c8bbd32b47,753742.4981620312,0.441,4942.057162031182,753742.0556711311,52,12562
d399b29c39aafde69884d67ced0990a879c305854eca7e5bf88c26b6c6f389c8,ae6f97c69d684b23e45ce195db1da6d3853004596e39b78688a763c8bbd32b47,753861.3777179718,1.015,5060.362717971788,753860.3612270717,52,12564
a69fc53dccda50426d25798e7da838913103ed1009f513f6e1e47baed3b34ae0,ec5e0d5b0edaab92fc4bc2ae62461a9068673e155929f1409a413440f25f4a11,582156.8579568863,6.47,6150.387956886319,582150.3864659863,40,9702
a69fc53dccda50426d25798e7da838913103ed1009f513f6e1e47baed3b34ae0,ec5e0d5b0edaab92fc4bc2ae62461a9068673e155929f1409a413440f25f4a11,582168.1825509071,11.293,6156.889550907188,582156.8880600071,40,9702
a69fc53dccda50426d25798e7da838913103ed1009f513f6e1e47baed3b34ae0,ec5e0d5b0edaab92fc4bc2ae62461a9068673e155929f1409a413440f25f4a11,582182.1996819973,14.001,6168.198681997252,582168.1971910972,40,9702
a69fc53dccda50426d25798e7da838913103ed1009f513f6e1e47baed3b34ae0,ec5e0d5b0edaab92fc4bc2ae62461a9068673e155929f1409a413440f25f4a11,582193.3593649864,11.159,6182.200364986435,582182.1988740864,40,9703
a69fc53dccda50426d25798e7da838913103ed1009f513f6e1e47baed3b34ae0,ec5e0d5b0edaab92fc4bc2ae62461a9068673e155929f1409a413440f25f4a11,582193.4338889122,0.046,6193.387888912228,582193.3863980122,40,9703
a69fc53dccda50426d25798e7da838913103ed1009f513f6e1e47baed3b34ae0,ec5e0d5b0edaab92fc4bc2ae62461a9068673e155929f1409a413440f25f4a11,582193.4651401043,0.031,6193.434140104335,582193.4326492043,40,9703
a69fc53dccda50426d25798e7da838913103ed1009f513f6e1e47baed3b34ae0,ec5e0d5b0edaab92fc4bc2ae62461a9068673e155929f1409a413440f25f4a11,582209.6454050541,16.18,6193.465405054041,582193.463914154,40,9703
a69fc53dccda50426d25798e7da838913103ed1009f513f6e1e47baed3b34ae0,ec5e0d5b0edaab92fc4bc2ae62461a9068673e155929f1409a413440f25f4a11,582216.802836895,7.157,6209.6458368949825,582209.6443459949,40,9703
a69fc53dccda50426d25798e7da838913103ed1009f513f6e1e47baed3b34ae0,ec5e0d5b0edaab92fc4bc2ae62461a9068673e155929f1409a413440f25f4a11,582232.0924339294,15.27,6216.822433929425,582216.8209430294,40,9703
a69fc53dccda50426d25798e7da838913103ed1009f513f6e1e47baed3b34ae0,ec5e0d5b0edaab92fc4bc2ae62461a9068673e155929f1409a413440f25f4a11,582238.1410450935,13.904,6224.237045093556,582224.2355541935,40,9703
a69fc53dccda50426d25798e7da838913103ed1009f513f6e1e47baed3b34ae0,ec5e0d5b0edaab92fc4bc2ae62461a9068673e155929f1409a413440f25f4a11,582240.7384319305,8.645,6232.093431930523,582232.0919410305,40,9703
a69fc53dccda50426d25798e7da838913103ed1009f513f6e1e47baed3b34ae0,ec5e0d5b0edaab92fc4bc2ae62461a9068673e155929f1409a413440f25f4a11,582291.1069540977,52.934,6238.172954097739,582238.1714631977,40,9703
a69fc53dccda50426d25798e7da838913103ed1009f513f6e1e47baed3b34ae0,ec5e0d5b0edaab92fc4bc2ae62461a9068673e155929f1409a413440f25f4a11,582244.7266418934,3.972,6240.754641893436,582240.7531509934,40,9704
a69fc53dccda50426d25798e7da838913103ed1009f513f6e1e47baed3b34ae0,ec5e0d5b0edaab92fc4bc2ae62461a9068673e155929f1409a413440f25f4a11,582249.9545710087,5.227,6244.727571008727,582244.7260801087,40,9704
a69fc53dccda50426d25798e7da838913103ed1009f513f6e1e47baed3b34ae0,ec5e0d5b0edaab92fc4bc2ae62461a9068673e155929f1409a413440f25f4a11,582265.1351900101,15.164,6249.971190010081,582249.96969911,40,9704
a69fc53dccda50426d25798e7da838913103ed1009f513f6e1e47baed3b34ae0,ec5e0d5b0edaab92fc4bc2ae62461a9068673e155929f1409a413440f25f4a11,582275.2060489655,10.07,6265.136048965505,582265.1345580654,40,9704
a69fc53dccda50426d25798e7da838913103ed1009f513f6e1e47baed3b34ae0,ec5e0d5b0edaab92fc4bc2ae62461a9068673e155929f1409a413440f25f4a11,582338.5467209816,63.325,6275.2217209816445,582275.2202300816,40,9704
a69fc53dccda50426d25798e7da838913103ed1009f513f6e1e47baed3b34ae0,ec5e0d5b0edaab92fc4bc2ae62461a9068673e155929f1409a413440f25f4a11,582358.5141069889,67.407,6291.1071069889,582291.1056160888,40,9704
a69fc53dccda50426d25798e7da838913103ed1009f513f6e1e47baed3b34ae0,ec5e0d5b0edaab92fc4bc2ae62461a9068673e155929f1409a413440f25f4a11,582328.5112850666,17.212,6311.299285066547,582311.2977941665,40,9705
a69fc53dccda50426d25798e7da838913103ed1009f513f6e1e47baed3b34ae0,ec5e0d5b0edaab92fc4bc2ae62461a9068673e155929f1409a413440f25f4a11,582331.62509799,3.082,6328.543097989983,582328.5416070899,40,9705
a69fc53dccda50426d25798e7da838913103ed1009f513f6e1e47baed3b34ae0,ec5e0d5b0edaab92fc4bc2ae62461a9068673e155929f1409a413440f25f4a11,582332.2371180058,0.579,6331.658118005726,582331.6566271057,40,9705
a69fc53dccda50426d25798e7da838913103ed1009f513f6e1e47baed3b34ae0,ec5e0d5b0edaab92fc4bc2ae62461a9068673e155929f1409a413440f25f4a11,582333.9684889317,1.731,6332.237488931627,582332.2359980316,40,9705
a69fc53dccda50426d25798e7da838913103ed1009f513f6e1e47baed3b34ae0,ec5e0d5b0edaab92fc4bc2ae62461a9068673e155929f1409a413440f25f4a11,582334.171653986,0.171,6334.000653986004,582333.999163086,40,9705
a69fc53dccda50426d25798e7da838913103ed1009f513f6e1e47baed3b34ae0,ec5e0d5b0edaab92fc4bc2ae62461a9068673e155929f1409a413440f25f4a11,582337.6597061157,3.488,6334.171706115711,582334.1702152157,40,9705
a69fc53dccda50426d25798e7da838913103ed1009f513f6e1e47baed3b34ae0,ec5e0d5b0edaab92fc4bc2ae62461a9068673e155929f1409a413440f25f4a11,582337.7342309952,0.015,6337.719230995164,582337.7177400951,40,9705
a69fc53dccda50426d25798e7da838913103ed1009f513f6e1e47baed3b34ae0,ec5e0d5b0edaab92fc4bc2ae62461a9068673e155929f1409a413440f25f4a11,582355.2288179398,17.494,6337.7348179398105,582337.7333270398,40,9705
a69fc53dccda50426d25798e7da838913103ed1009f513f6e1e47baed3b34ae0,ec5e0d5b0edaab92fc4bc2ae62461a9068673e155929f1409a413440f25f4a11,582339.7548630238,1.208,6338.546863023774,582338.5453721237,40,9705
a69fc53dccda50426d25798e7da838913103ed1009f513f6e1e47baed3b34ae0,ec5e0d5b0edaab92fc4bc2ae62461a9068673e155929f1409a413440f25f4a11,582391.3789830208,51.611,6339.767983020749,582339.7664921207,40,9705
a69fc53dccda50426d25798e7da838913103ed1009f513f6e1e47baed3b34ae0,ec5e0d5b0edaab92fc4bc2ae62461a9068673e155929f1409a413440f25f4a11,582382.902009964,27.657,6355.245009963983,582355.2435190639,40,9705
a69fc53dccda50426d25798e7da838913103ed1009f513f6e1e47baed3b34ae0,ec5e0d5b0edaab92fc4bc2ae62461a9068673e155929f1409a413440f25f4a11,582368.8512489796,10.337,6358.514248979511,582358.5127580795,40,9705
a69fc53dccda50426d25798e7da838913103ed1009f513f6e1e47baed3b34ae0,ec5e0d5b0edaab92fc4bc2ae62461a9068673e155929f1409a413440f25f4a11,582393.735781908,2.341,6391.39478190802,582391.393291008,40,9706
a69fc53dccda50426d25798e7da838913103ed1009f513f6e1e47baed3b34ae0,ec5e0d5b0edaab92fc4bc2ae62461a9068673e155929f1409a413440f25f4a11,582871.0889129639,0.064,6871.024912963854,582871.0234220638,40,9714
a69fc53dccda50426d25798e7da838913103ed1009f513f6e1e47baed3b34ae0,ec5e0d5b0edaab92fc4bc2ae62461a9068673e155929f1409a413440f25f4a11,582887.0575079918,0.051,6887.006507991813,582887.0050170918,40,9714
a69fc53dccda50426d25798e7da838913103ed1009f513f6e1e47baed3b34ae0,ec5e0d5b0edaab92fc4bc2ae62461a9068673e155929f1409a413440f25f4a11,582899.9799981117,0.093,6899.886998111731,582899.8855072117,40,9714
a69fc53dccda50426d25798e7da838913103ed1009f513f6e1e47baed3b34ae0,ec5e0d5b0edaab92fc4bc2ae62461a9068673e155929f1409a413440f25f4a11,582906.5764629841,0.206,6906.3704629840795,582906.368972084,40,9715
a69fc53dccda50426d25798e7da838913103ed1009f513f6e1e47baed3b34ae0,ec5e0d5b0edaab92fc4bc2ae62461a9068673e155929f1409a413440f25f4a11,582911.5698270798,0.015,6911.554827079759,582911.5533361797,40,9715
a69fc53dccda50426d25798e7da838913103ed1009f513f6e1e47baed3b34ae0,ec5e0d5b0edaab92fc4bc2ae62461a9068673e155929f1409a413440f25f4a11,582922.8984680176,0.015,6922.883468017564,582922.8819771175,40,9715
a69fc53dccda50426d25798e7da838913103ed1009f513f6e1e47baed3b34ae0,ec5e0d5b0edaab92fc4bc2ae62461a9068673e155929f1409a413440f25f4a11,582930.4945349693,0.14,6930.354534969316,582930.3530440693,40,9715
a69fc53dccda50426d25798e7da838913103ed1009f513f6e1e47baed3b34ae0,ec5e0d5b0edaab92fc4bc2ae62461a9068673e155929f1409a413440f25f4a11,582933.3550219536,0.133,6933.222021953552,582933.2205310535,40,9715
a69fc53dccda50426d25798e7da838913103ed1009f513f6e1e47baed3b34ae0,ec5e0d5b0edaab92fc4bc2ae62461a9068673e155929f1409a413440f25f4a11,582941.3700881004,0.016,6941.354088100488,582941.3525972004,40,9715
a69fc53dccda50426d25798e7da838913103ed1009f513f6e1e47baed3b34ae0,ec5e0d5b0edaab92fc4bc2ae62461a9068673e155929f1409a413440f25f4a11,582948.944591999,0.046,6948.898591999081,582948.897101099,40,9715
a69fc53dccda50426d25798e7da838913103ed1009f513f6e1e47baed3b34ae0,ec5e0d5b0edaab92fc4bc2ae62461a9068673e155929f1409a413440f25f4a11,582952.2922000885,0.124,6952.1682000885485,582952.1667091885,40,9715
a69fc53dccda50426d25798e7da838913103ed1009f513f6e1e47baed3b34ae0,ec5e0d5b0edaab92fc4bc2ae62461a9068673e155929f1409a413440f25f4a11,582962.0638139248,0.034,6962.029813924804,582962.0283230247,40,9716
a69fc53dccda50426d25798e7da838913103ed1009f513f6e1e47baed3b34ae0,ec5e0d5b0edaab92fc4bc2ae62461a9068673e155929f1409a413440f25f4a11,582966.574887991,0.171,6966.403887990979,582966.4023970909,40,9716
a69fc53dccda50426d25798e7da838913103ed1009f513f6e1e47baed3b34ae0,ec5e0d5b0edaab92fc4bc2ae62461a9068673e155929f1409a413440f25f4a11,582971.9337210655,0.031,6971.902721065562,582971.9012301655,40,9716
a69fc53dccda50426d25798e7da838913103ed1009f513f6e1e47baed3b34ae0,ec5e0d5b0edaab92fc4bc2ae62461a9068673e155929f1409a413440f25f4a11,582982.5011940002,0.124,6982.377194000292,582982.3757031002,40,9716
a69fc53dccda50426d25798e7da838913103ed1009f513f6e1e47baed3b34ae0,ec5e0d5b0edaab92fc4bc2ae62461a9068673e155929f1409a413440f25f4a11,582987.7272610664,0.015,6987.712261066423,582987.7107701664,40,9716
a69fc53dccda50426d25798e7da838913103ed1009f513f6e1e47baed3b34ae0,ec5e0d5b0edaab92fc4bc2ae62461a9068673e155929f1409a413440f25f4a11,582991.988120079,0.062,6991.926120079006,582991.924629179,40,9716
a69fc53dccda50426d25798e7da838913103ed1009f513f6e1e47baed3b34ae0,ec5e0d5b0edaab92fc4bc2ae62461a9068673e155929f1409a413440f25f4a11,582999.2796111107,0.046,6999.233611110714,582999.2321202107,40,9716
a69fc53dccda50426d25798e7da838913103ed1009f513f6e1e47baed3b34ae0,ec5e0d5b0edaab92fc4bc2ae62461a9068673e155929f1409a413440f25f4a11,583002.9099268913,0.234,7002.675926891272,583002.6744359912,40,9716
a69fc53dccda50426d25798e7da838913103ed1009f513f6e1e47baed3b34ae0,ec5e0d5b0edaab92fc4bc2ae62461a9068673e155929f1409a413440f25f4a11,583004.9859108925,0.219,7004.766910892446,583004.7654199924,40,9716
a69fc53dccda50426d25798e7da838913103ed1009f513f6e1e47baed3b34ae0,ec5e0d5b0edaab92fc4bc2ae62461a9068673e155929f1409a413440f25f4a11,583011.4012439251,0.033,7011.368243925041,583011.366753025,40,9716
a69fc53dccda50426d25798e7da838913103ed1009f513f6e1e47baed3b34ae0,ec5e0d5b0edaab92fc4bc2ae62461a9068673e155929f1409a413440f25f4a11,583014.9721860886,0.221,7014.751186088542,583014.7496951885,40,9716
a69fc53dccda50426d25798e7da838913103ed1009f513f6e1e47baed3b34ae0,ec5e0d5b0edaab92fc4bc2ae62461a9068673e155929f1409a413440f25f4a11,583017.4742538929,0.098,7017.3762538929,583017.3747629928,40,9716
a69fc53dccda50426d25798e7da838913103ed1009f513f6e1e47baed3b34ae0,ec5e0d5b0edaab92fc4bc2ae62461a9068673e155929f1409a413440f25f4a11,583024.8457639217,0.126,7024.71976392169,583024.7182730216,40,9717
a69fc53dccda50426d25798e7da838913103ed1009f513f6e1e47baed3b34ae0,ec5e0d5b0edaab92fc4bc2ae62461a9068673e155929f1409a413440f25f4a11,583028.5560460091,0.281,7028.275046009105,583028.273555109,40,9717
a69fc53dccda50426d25798e7da838913103ed1009f513f6e1e47baed3b34ae0,ec5e0d5b0edaab92fc4bc2ae62461a9068673e155929f1409a413440f25f4a11,583032.5653710365,0.046,7032.519371036557,583032.5178801365,40,9717
a69fc53dccda50426d25798e7da838913103ed1009f513f6e1e47baed3b34ae0,ec5e0d5b0edaab92fc4bc2ae62461a9068673e155929f1409a413440f25f4a11,583040.7426140308,0.095,7040.647614030866,583040.6461231308,40,9717
a69fc53dccda50426d25798e7da838913103ed1009f513f6e1e47baed3b34ae0,ec5e0d5b0edaab92fc4bc2ae62461a9068673e155929f1409a413440f25f4a11,583045.8259279728,0.046,7045.779927972821,583045.7784370728,40,9717
a69fc53dccda50426d25798e7da838913103ed1009f513f6e1e47baed3b34ae0,ec5e0d5b0edaab92fc4bc2ae62461a9068673e155929f1409a413440f25f4a11,583049.5368731022,0.078,7049.458873102209,583049.4573822021,40,9717
a69fc53dccda50426d25798e7da838913103ed1009f513f6e1e47baed3b34ae0,ec5e0d5b0edaab92fc4bc2ae62461a9068673e155929f1409a413440f25f4a11,583057.9796710014,0.125,7057.854671001434,583057.8531801014,40,9717
a69fc53dccda50426d25798e7da838913103ed1009f513f6e1e47baed3b34ae0,ec5e0d5b0edaab92fc4bc2ae62461a9068673e155929f1409a413440f25f4a11,583061.7850110531,0.046,7061.739011053112,583061.737520153,40,9717
70b9cea7ca266637479483f517194c402dfe99b5fc2357e6ebac5e715c9a34a2,30aa434528bc68ee07745ee7be3a0bdb33d58961fdc8460ce5b5b46b4def96e8,799569.9897530079,32.388,7537.601753007853,799537.6002621078,55,13325
70b9cea7ca266637479483f517194c402dfe99b5fc2357e6ebac5e715c9a34a2,30aa434528bc68ee07745ee7be3a0bdb33d58961fdc8460ce5b5b46b4def96e8,799567.088684082,29.485,7537.603684082045,799537.602193182,55,13325
70b9cea7ca266637479483f517194c402dfe99b5fc2357e6ebac5e715c9a34a2,30aa434528bc68ee07745ee7be3a0bdb33d58961fdc8460ce5b5b46b4def96e8,799582.3917028904,38.104,7544.287702890346,799544.2862119903,55,13325
70b9cea7ca266637479483f517194c402dfe99b5fc2357e6ebac5e715c9a34a2,30aa434528bc68ee07745ee7be3a0bdb33d58961fdc8460ce5b5b46b4def96e8,799588.8723111153,44.579,7544.293311115238,799544.2918202152,55,13325
70b9cea7ca266637479483f517194c402dfe99b5fc2357e6ebac5e715c9a34a2,30aa434528bc68ee07745ee7be3a0bdb33d58961fdc8460ce5b5b46b4def96e8,799579.3032839298,35.006,7544.297283929773,799544.2957930297,55,13325
70b9cea7ca266637479483f517194c402dfe99b5fc2357e6ebac5e715c9a34a2,30aa434528bc68ee07745ee7be3a0bdb33d58961fdc8460ce5b5b46b4def96e8,799576.7418990135,32.422,7544.319899013499,799544.3184081134,55,13325
70b9cea7ca266637479483f517194c402dfe99b5fc2357e6ebac5e715c9a34a2,30aa434528bc68ee07745ee7be3a0bdb33d58961fdc8460ce5b5b46b4def96e8,799584.1885700226,16.727,7567.461570022628,799567.4600791226,55,13326
70b9cea7ca266637479483f517194c402dfe99b5fc2357e6ebac5e715c9a34a2,30aa434528bc68ee07745ee7be3a0bdb33d58961fdc8460ce5b5b46b4def96e8,799585.3626089096,17.481,7567.881608909578,799567.8801180095,55,13326
70b9cea7ca266637479483f517194c402dfe99b5fc2357e6ebac5e715c9a34a2,30aa434528bc68ee07745ee7be3a0bdb33d58961fdc8460ce5b5b46b4def96e8,799586.9497640133,19.063,7567.886764013325,799567.8852731133,55,13326
70b9cea7ca266637479483f517194c402dfe99b5fc2357e6ebac5e715c9a34a2,30aa434528bc68ee07745ee7be3a0bdb33d58961fdc8460ce5b5b46b4def96e8,799584.469078064,16.581,7567.888078063959,799567.8865871639,55,13326
70b9cea7ca266637479483f517194c402dfe99b5fc2357e6ebac5e715c9a34a2,30aa434528bc68ee07745ee7be3a0bdb33d58961fdc8460ce5b5b46b4def96e8,799584.5787498951,16.69,7567.888749895152,799567.8872589951,55,13326
70b9cea7ca266637479483f517194c402dfe99b5fc2357e6ebac5e715c9a34a2,30aa434528bc68ee07745ee7be3a0bdb33d58961fdc8460ce5b5b46b4def96e8,799585.0883409977,17.198,7567.890340997721,799567.8888500977,55,13326
70b9cea7ca266637479483f517194c402dfe99b5fc2357e6ebac5e715c9a34a2,30aa434528bc68ee07745ee7be3a0bdb33d58961fdc8460ce5b5b46b4def96e8,799584.8773069382,16.986,7567.891306938138,799567.8898160381,55,13326
70b9cea7ca266637479483f517194c402dfe99b5fc2357e6ebac5e715c9a34a2,30aa434528bc68ee07745ee7be3a0bdb33d58961fdc8460ce5b5b46b4def96e8,799584.5687429905,16.673,7567.895742990542,799567.8942520905,55,13326
70b9cea7ca266637479483f517194c402dfe99b5fc2357e6ebac5e715c9a34a2,30aa434528bc68ee07745ee7be3a0bdb33d58961fdc8460ce5b5b46b4def96e8,799585.3637039661,17.467,7567.896703966195,799567.8952130661,55,13326
70b9cea7ca266637479483f517194c402dfe99b5fc2357e6ebac5e715c9a34a2,30aa434528bc68ee07745ee7be3a0bdb33d58961fdc8460ce5b5b46b4def96e8,799585.3054959774,17.408,7567.897495977348,799567.8960050773,55,13326
70b9cea7ca266637479483f517194c402dfe99b5fc2357e6ebac5e715c9a34a2,30aa434528bc68ee07745ee7be3a0bdb33d58961fdc8460ce5b5b46b4def96e8,799585.8443350792,17.946,7567.898335079197,799567.8968441791,55,13326
70b9cea7ca266637479483f517194c402dfe99b5fc2357e6ebac5e715c9a34a2,30aa434528bc68ee07745ee7be3a0bdb33d58961fdc8460ce5b5b46b4def96e8,799584.8755149841,16.976,7567.899514984107,799567.898024084,55,13326
70b9cea7ca266637479483f517194c402dfe99b5fc2357e6ebac5e715c9a34a2,30aa434528bc68ee07745ee7be3a0bdb33d58961fdc8460ce5b5b46b4def96e8,799584.9249999523,17.025,7567.899999952293,799567.8985090522,55,13326
70b9cea7ca266637479483f517194c402dfe99b5fc2357e6ebac5e715c9a34a2,30aa434528bc68ee07745ee7be3a0bdb33d58961fdc8460ce5b5b46b4def96e8,799584.8432369232,16.942,7567.901236923179,799567.8997460231,55,13326
70b9cea7ca266637479483f517194c402dfe99b5fc2357e6ebac5e715c9a34a2,30aa434528bc68ee07745ee7be3a0bdb33d58961fdc8460ce5b5b46b4def96e8,799587.6207540035,19.719,7567.901754003484,799567.9002631034,55,13326
70b9cea7ca266637479483f517194c402dfe99b5fc2357e6ebac5e715c9a34a2,30aa434528bc68ee07745ee7be3a0bdb33d58961fdc8460ce5b5b46b4def96e8,799584.3923370838,16.307,7568.085337083787,799568.0838461837,55,13326
70b9cea7ca266637479483f517194c402dfe99b5fc2357e6ebac5e715c9a34a2,30aa434528bc68ee07745ee7be3a0bdb33d58961fdc8460ce5b5b46b4def96e8,799586.7114770412,1.243,7585.468477041228,799585.4669861412,55,13326
70b9cea7ca266637479483f517194c402dfe99b5fc2357e6ebac5e715c9a34a2,30aa434528bc68ee07745ee7be3a0bdb33d58961fdc8460ce5b5b46b4def96e8,799591.3273038864,5.848,7585.479303886415,799585.4778129864,55,13326
70b9cea7ca266637479483f517194c402dfe99b5fc2357e6ebac5e715c9a34a2,30aa434528bc68ee07745ee7be3a0bdb33d58961fdc8460ce5b5b46b4def96e8,799586.2523269653,0.768,7585.484326965292,799585.4828360652,55,13326
70b9cea7ca266637479483f517194c402dfe99b5fc2357e6ebac5e715c9a34a2,30aa434528bc68ee07745ee7be3a0bdb33d58961fdc8460ce5b5b46b4def96e8,799587.9190819263,2.431,7585.4880819263635,799585.4865910263,55,13326
70b9cea7ca266637479483f517194c402dfe99b5fc2357e6ebac5e715c9a34a2,30aa434528bc68ee07745ee7be3a0bdb33d58961fdc8460ce5b5b46b4def96e8,799592.2209150791,2.517,7589.703915079124,799589.7024241791,55,13326
70b9cea7ca266637479483f517194c402dfe99b5fc2357e6ebac5e715c9a34a2,30aa434528bc68ee07745ee7be3a0bdb33d58961fdc8460ce5b5b46b4def96e8,799593.266078949,3.562,7589.70407894894,799589.7025880489,55,13326
70b9cea7ca266637479483f517194c402dfe99b5fc2357e6ebac5e715c9a34a2,30aa434528bc68ee07745ee7be3a0bdb33d58961fdc8460ce5b5b46b4def96e8,799592.2130799294,2.508,7589.705079929321,799589.7035890293,55,13326
70b9cea7ca266637479483f517194c402dfe99b5fc2357e6ebac5e715c9a34a2,30aa434528bc68ee07745ee7be3a0bdb33d58961fdc8460ce5b5b46b4def96e8,799609.6204080582,19.908,7589.7124080581125,799589.710917158,55,13326
70b9cea7ca266637479483f517194c402dfe99b5fc2357e6ebac5e715c9a34a2,30aa434528bc68ee07745ee7be3a0bdb33d58961fdc8460ce5b5b46b4def96e8,799595.4025979042,5.689,7589.713597904192,799589.7121070041,55,13326
70b9cea7ca266637479483f517194c402dfe99b5fc2357e6ebac5e715c9a34a2,30aa434528bc68ee07745ee7be3a0bdb33d58961fdc8460ce5b5b46b4def96e8,799595.4792950153,5.765,7589.714295015321,799589.7128041153,55,13326
70b9cea7ca266637479483f517194c402dfe99b5fc2357e6ebac5e715c9a34a2,30aa434528bc68ee07745ee7be3a0bdb33d58961fdc8460ce5b5b46b4def96e8,799594.4705851078,4.756,7589.714585107751,799589.7130942077,55,13326
70b9cea7ca266637479483f517194c402dfe99b5fc2357e6ebac5e715c9a34a2,30aa434528bc68ee07745ee7be3a0bdb33d58961fdc8460ce5b5b46b4def96e8,799605.3514389992,11.83,7593.521438999218,799593.5199480992,55,13326
70b9cea7ca266637479483f517194c402dfe99b5fc2357e6ebac5e715c9a34a2,30aa434528bc68ee07745ee7be3a0bdb33d58961fdc8460ce5b5b46b4def96e8,799610.5862219334,17.063,7593.523221933399,799593.5217310333,55,13326
70b9cea7ca266637479483f517194c402dfe99b5fc2357e6ebac5e715c9a34a2,30aa434528bc68ee07745ee7be3a0bdb33d58961fdc8460ce5b5b46b4def96e8,799658.8878340721,65.359,7593.528834072058,799593.527343172,55,13326
70b9cea7ca266637479483f517194c402dfe99b5fc2357e6ebac5e715c9a34a2,30aa434528bc68ee07745ee7be3a0bdb33d58961fdc8460ce5b5b46b4def96e8,799607.2739980221,13.745,7593.528998022084,799593.527507122,55,13326
70b9cea7ca266637479483f517194c402dfe99b5fc2357e6ebac5e715c9a34a2,30aa434528bc68ee07745ee7be3a0bdb33d58961fdc8460ce5b5b46b4def96e8,799604.6165869236,11.087,7593.5295869235415,799593.5280960235,55,13326
70b9cea7ca266637479483f517194c402dfe99b5fc2357e6ebac5e715c9a34a2,30aa434528bc68ee07745ee7be3a0bdb33d58961fdc8460ce5b5b46b4def96e8,799610.595551014,17.065,7593.530551014002,799593.529060114,55,13326
70b9cea7ca266637479483f517194c402dfe99b5fc2357e6ebac5e715c9a34a2,30aa434528bc68ee07745ee7be3a0bdb33d58961fdc8460ce5b5b46b4def96e8,799606.9959709644,13.46,7593.535970964469,799593.5344800644,55,13326
70b9cea7ca266637479483f517194c402dfe99b5fc2357e6ebac5e715c9a34a2,30aa434528bc68ee07745ee7be3a0bdb33d58961fdc8460ce5b5b46b4def96e8,799601.7536029816,8.217,7593.536602981621,799593.5351120816,55,13326
70b9cea7ca266637479483f517194c402dfe99b5fc2357e6ebac5e715c9a34a2,30aa434528bc68ee07745ee7be3a0bdb33d58961fdc8460ce5b5b46b4def96e8,799610.0797069073,16.541,7593.538706907304,799593.5372160072,55,13326
70b9cea7ca266637479483f517194c402dfe99b5fc2357e6ebac5e715c9a34a2,30aa434528bc68ee07745ee7be3a0bdb33d58961fdc8460ce5b5b46b4def96e8,799630.0970630646,12.94,7617.157063064631,799617.1555721646,55,13326
70b9cea7ca266637479483f517194c402dfe99b5fc2357e6ebac5e715c9a34a2,30aa434528bc68ee07745ee7be3a0bdb33d58961fdc8460ce5b5b46b4def96e8,799630.22341609,13.066,7617.15741609002,799617.15592519,55,13326
70b9cea7ca266637479483f517194c402dfe99b5fc2357e6ebac5e715c9a34a2,30aa434528bc68ee07745ee7be3a0bdb33d58961fdc8460ce5b5b46b4def96e8,799630.0265688896,12.635,7617.391568889609,799617.3900779895,55,13326
70b9cea7ca266637479483f517194c402dfe99b5fc2357e6ebac5e715c9a34a2,30aa434528bc68ee07745ee7be3a0bdb33d58961fdc8460ce5b5b46b4def96e8,799708.5330040455,17.622,7690.9110040455125,799690.9095131455,55,13328
70b9cea7ca266637479483f517194c402dfe99b5fc2357e6ebac5e715c9a34a2,30aa434528bc68ee07745ee7be3a0bdb33d58961fdc8460ce5b5b46b4def96e8,799719.1407630444,27.641,7691.499763044412,799691.4982721444,55,13328
70b9cea7ca266637479483f517194c402dfe99b5fc2357e6ebac5e715c9a34a2,30aa434528bc68ee07745ee7be3a0bdb33d58961fdc8460ce5b5b46b4def96e8,799710.0404698849,18.54,7691.500469884835,799691.4989789848,55,13328
70b9cea7ca266637479483f517194c402dfe99b5fc2357e6ebac5e715c9a34a2,30aa434528bc68ee07745ee7be3a0bdb33d58961fdc8460ce5b5b46b4def96e8,799716.605189085,25.104,7691.501189084956,799691.4996981849,55,13328
70b9cea7ca266637479483f517194c402dfe99b5fc2357e6ebac5e715c9a34a2,30aa434528bc68ee07745ee7be3a0bdb33d58961fdc8460ce5b5b46b4def96e8,799710.4857940674,18.983,7691.502794067375,799691.5013031673,55,13328
70b9cea7ca266637479483f517194c402dfe99b5fc2357e6ebac5e715c9a34a2,30aa434528bc68ee07745ee7be3a0bdb33d58961fdc8460ce5b5b46b4def96e8,799708.0273981094,16.508,7691.519398109405,799691.5179072093,55,13328
70b9cea7ca266637479483f517194c402dfe99b5fc2357e6ebac5e715c9a34a2,30aa434528bc68ee07745ee7be3a0bdb33d58961fdc8460ce5b5b46b4def96e8,799728.175579071,27.007,7701.168579071062,799701.167088171,55,13328
70b9cea7ca266637479483f517194c402dfe99b5fc2357e6ebac5e715c9a34a2,30aa434528bc68ee07745ee7be3a0bdb33d58961fdc8460ce5b5b46b4def96e8,799717.9350819588,16.753,7701.182081958745,799701.1805910587,55,13328
70b9cea7ca266637479483f517194c402dfe99b5fc2357e6ebac5e715c9a34a2,30aa434528bc68ee07745ee7be3a0bdb33d58961fdc8460ce5b5b46b4def96e8,799739.9469020367,15.677,7724.269902036642,799724.2684111366,55,13328
70b9cea7ca266637479483f517194c402dfe99b5fc2357e6ebac5e715c9a34a2,30aa434528bc68ee07745ee7be3a0bdb33d58961fdc8460ce5b5b46b4def96e8,799739.9646940231,14.424,7725.540694023133,799725.5392031231,55,13328
70b9cea7ca266637479483f517194c402dfe99b5fc2357e6ebac5e715c9a34a2,30aa434528bc68ee07745ee7be3a0bdb33d58961fdc8460ce5b5b46b4def96e8,799741.9573440552,16.415,7725.5423440551385,799725.5408531551,55,13328
70b9cea7ca266637479483f517194c402dfe99b5fc2357e6ebac5e715c9a34a2,30aa434528bc68ee07745ee7be3a0bdb33d58961fdc8460ce5b5b46b4def96e8,799741.0298860073,15.487,7725.542886007344,799725.5413951073,55,13328
70b9cea7ca266637479483f517194c402dfe99b5fc2357e6ebac5e715c9a34a2,30aa434528bc68ee07745ee7be3a0bdb33d58961fdc8460ce5b5b46b4def96e8,799739.8594040871,14.312,7725.547404087032,799725.545913187,55,13328
70b9cea7ca266637479483f517194c402dfe99b5fc2357e6ebac5e715c9a34a2,30aa434528bc68ee07745ee7be3a0bdb33d58961fdc8460ce5b5b46b4def96e8,799739.858684063,14.31,7725.548684062902,799725.5471931628,55,13328
70b9cea7ca266637479483f517194c402dfe99b5fc2357e6ebac5e715c9a34a2,30aa434528bc68ee07745ee7be3a0bdb33d58961fdc8460ce5b5b46b4def96e8,799741.8735940456,16.324,7725.549594045617,799725.5481031456,55,13328
70b9cea7ca266637479483f517194c402dfe99b5fc2357e6ebac5e715c9a34a2,30aa434528bc68ee07745ee7be3a0bdb33d58961fdc8460ce5b5b46b4def96e8,799740.0569369793,14.506,7725.550936979242,799725.5494460792,55,13328
70b9cea7ca266637479483f517194c402dfe99b5fc2357e6ebac5e715c9a34a2,30aa434528bc68ee07745ee7be3a0bdb33d58961fdc8460ce5b5b46b4def96e8,799740.0874860287,14.536,7725.551486028708,799725.5499951286,55,13328
70b9cea7ca266637479483f517194c402dfe99b5fc2357e6ebac5e715c9a34a2,30aa434528bc68ee07745ee7be3a0bdb33d58961fdc8460ce5b5b46b4def96e8,799740.07823205,14.526,7725.552232049988,799725.5507411499,55,13328
70b9cea7ca266637479483f517194c402dfe99b5fc2357e6ebac5e715c9a34a2,30aa434528bc68ee07745ee7be3a0bdb33d58961fdc8460ce5b5b46b4def96e8,799739.968487978,14.416,7725.552487978013,799725.550997078,55,13328
70b9cea7ca266637479483f517194c402dfe99b5fc2357e6ebac5e715c9a34a2,30aa434528bc68ee07745ee7be3a0bdb33d58961fdc8460ce5b5b46b4def96e8,799741.9582641125,16.405,7725.553264112445,799725.5517732124,55,13328
70b9cea7ca266637479483f517194c402dfe99b5fc2357e6ebac5e715c9a34a2,30aa434528bc68ee07745ee7be3a0bdb33d58961fdc8460ce5b5b46b4def96e8,799740.0613930225,14.503,7725.558393022511,799725.5569021225,55,13328
70b9cea7ca266637479483f517194c402dfe99b5fc2357e6ebac5e715c9a34a2,30aa434528bc68ee07745ee7be3a0bdb33d58961fdc8460ce5b5b46b4def96e8,799742.0477669239,16.489,7725.558766923961,799725.5572760239,55,13328
70b9cea7ca266637479483f517194c402dfe99b5fc2357e6ebac5e715c9a34a2,30aa434528bc68ee07745ee7be3a0bdb33d58961fdc8460ce5b5b46b4def96e8,799740.3269500732,14.768,7725.558950073202,799725.5574591731,55,13328
70b9cea7ca266637479483f517194c402dfe99b5fc2357e6ebac5e715c9a34a2,30aa434528bc68ee07745ee7be3a0bdb33d58961fdc8460ce5b5b46b4def96e8,799739.8498940468,14.268,7725.581894046743,799725.5804031467,55,13328
70b9cea7ca266637479483f517194c402dfe99b5fc2357e6ebac5e715c9a34a2,30aa434528bc68ee07745ee7be3a0bdb33d58961fdc8460ce5b5b46b4def96e8,799742.0545771122,0.205,7741.84957711224,799741.8480862122,55,13329
70b9cea7ca266637479483f517194c402dfe99b5fc2357e6ebac5e715c9a34a2,30aa434528bc68ee07745ee7be3a0bdb33d58961fdc8460ce5b5b46b4def96e8,799742.0695829391,0.219,7741.850582939107,799741.849092039,55,13329
70b9cea7ca266637479483f517194c402dfe99b5fc2357e6ebac5e715c9a34a2,30aa434528bc68ee07745ee7be3a0bdb33d58961fdc8460ce5b5b46b4def96e8,799742.8592259884,1.008,7741.851225988357,799741.8497350883,55,13329
70b9cea7ca266637479483f517194c402dfe99b5fc2357e6ebac5e715c9a34a2,30aa434528bc68ee07745ee7be3a0bdb33d58961fdc8460ce5b5b46b4def96e8,799742.0554070473,0.203,7741.852407047292,799741.8509161472,55,13329
70b9cea7ca266637479483f517194c402dfe99b5fc2357e6ebac5e715c9a34a2,30aa434528bc68ee07745ee7be3a0bdb33d58961fdc8460ce5b5b46b4def96e8,799742.8681509495,1.015,7741.853150949464,799741.8516600494,55,13329
70b9cea7ca266637479483f517194c402dfe99b5fc2357e6ebac5e715c9a34a2,30aa434528bc68ee07745ee7be3a0bdb33d58961fdc8460ce5b5b46b4def96e8,799742.8689689636,1.015,7741.853968963609,799741.8524780635,55,13329
70b9cea7ca266637479483f517194c402dfe99b5fc2357e6ebac5e715c9a34a2,30aa434528bc68ee07745ee7be3a0bdb33d58961fdc8460ce5b5b46b4def96e8,799742.7203719616,0.866,7741.854371961555,799741.8528810615,55,13329
70b9cea7ca266637479483f517194c402dfe99b5fc2357e6ebac5e715c9a34a2,30aa434528bc68ee07745ee7be3a0bdb33d58961fdc8460ce5b5b46b4def96e8,799742.7133479118,0.858,7741.855347911827,799741.8538570118,55,13329
70b9cea7ca266637479483f517194c402dfe99b5fc2357e6ebac5e715c9a34a2,30aa434528bc68ee07745ee7be3a0bdb33d58961fdc8460ce5b5b46b4def96e8,799742.8837189674,1.024,7741.859718967462,799741.8582280674,55,13329
70b9cea7ca266637479483f517194c402dfe99b5fc2357e6ebac5e715c9a34a2,30aa434528bc68ee07745ee7be3a0bdb33d58961fdc8460ce5b5b46b4def96e8,799742.7145159245,0.854,7741.860515924403,799741.8590250243,55,13329
70b9cea7ca266637479483f517194c402dfe99b5fc2357e6ebac5e715c9a34a2,30aa434528bc68ee07745ee7be3a0bdb33d58961fdc8460ce5b5b46b4def96e8,799742.7195510864,0.859,7741.860551086371,799741.8590601863,55,13329
70b9cea7ca266637479483f517194c402dfe99b5fc2357e6ebac5e715c9a34a2,30aa434528bc68ee07745ee7be3a0bdb33d58961fdc8460ce5b5b46b4def96e8,799743.5535171032,1.692,7741.861517103156,799741.8600262031,55,13329
70b9cea7ca266637479483f517194c402dfe99b5fc2357e6ebac5e715c9a34a2,30aa434528bc68ee07745ee7be3a0bdb33d58961fdc8460ce5b5b46b4def96e8,799742.7213850021,0.859,7741.862385002081,799741.860894102,55,13329
70b9cea7ca266637479483f517194c402dfe99b5fc2357e6ebac5e715c9a34a2,30aa434528bc68ee07745ee7be3a0bdb33d58961fdc8460ce5b5b46b4def96e8,799742.8415100574,0.979,7741.862510057399,799741.8610191573,55,13329
70b9cea7ca266637479483f517194c402dfe99b5fc2357e6ebac5e715c9a34a2,30aa434528bc68ee07745ee7be3a0bdb33d58961fdc8460ce5b5b46b4def96e8,799742.8932058811,1.03,7741.863205881091,799741.861714981,55,13329
70b9cea7ca266637479483f517194c402dfe99b5fc2357e6ebac5e715c9a34a2,30aa434528bc68ee07745ee7be3a0bdb33d58961fdc8460ce5b5b46b4def96e8,799744.5859620571,2.722,7741.863962057163,799741.8624711571,55,13329
70b9cea7ca266637479483f517194c402dfe99b5fc2357e6ebac5e715c9a34a2,30aa434528bc68ee07745ee7be3a0bdb33d58961fdc8460ce5b5b46b4def96e8,799743.0868029594,0.292,7742.794802959426,799742.7933120594,55,13329
70b9cea7ca266637479483f517194c402dfe99b5fc2357e6ebac5e715c9a34a2,30aa434528bc68ee07745ee7be3a0bdb33d58961fdc8460ce5b5b46b4def96e8,799743.8526670933,1.057,7742.795667093247,799742.7941761932,55,13329
70b9cea7ca266637479483f517194c402dfe99b5fc2357e6ebac5e715c9a34a2,30aa434528bc68ee07745ee7be3a0bdb33d58961fdc8460ce5b5b46b4def96e8,799743.1064128876,0.306,7742.800412887591,799742.7989219875,55,13329
70b9cea7ca266637479483f517194c402dfe99b5fc2357e6ebac5e715c9a34a2,30aa434528bc68ee07745ee7be3a0bdb33d58961fdc8460ce5b5b46b4def96e8,799743.2082140446,0.407,7742.801214044564,799742.7997231445,55,13329
70b9cea7ca266637479483f517194c402dfe99b5fc2357e6ebac5e715c9a34a2,30aa434528bc68ee07745ee7be3a0bdb33d58961fdc8460ce5b5b46b4def96e8,799743.8535830975,1.052,7742.801583097433,799742.8000921974,55,13329
70b9cea7ca266637479483f517194c402dfe99b5fc2357e6ebac5e715c9a34a2,30aa434528bc68ee07745ee7be3a0bdb33d58961fdc8460ce5b5b46b4def96e8,799743.375027895,0.572,7742.80302789493,799742.8015369949,55,13329
70b9cea7ca266637479483f517194c402dfe99b5fc2357e6ebac5e715c9a34a2,30aa434528bc68ee07745ee7be3a0bdb33d58961fdc8460ce5b5b46b4def96e8,799743.8575670719,1.054,7742.803567071911,799742.8020761719,55,13329
70b9cea7ca266637479483f517194c402dfe99b5fc2357e6ebac5e715c9a34a2,30aa434528bc68ee07745ee7be3a0bdb33d58961fdc8460ce5b5b46b4def96e8,799743.5236558914,0.72,7742.803655891446,799742.8021649914,55,13329
70b9cea7ca266637479483f517194c402dfe99b5fc2357e6ebac5e715c9a34a2,30aa434528bc68ee07745ee7be3a0bdb33d58961fdc8460ce5b5b46b4def96e8,799743.7079229355,0.904,7742.803922935505,799742.8024320354,55,13329
70b9cea7ca266637479483f517194c402dfe99b5fc2357e6ebac5e715c9a34a2,30aa434528bc68ee07745ee7be3a0bdb33d58961fdc8460ce5b5b46b4def96e8,799743.6542139053,0.849,7742.805213905289,799742.8037230052,55,13329
70b9cea7ca266637479483f517194c402dfe99b5fc2357e6ebac5e715c9a34a2,30aa434528bc68ee07745ee7be3a0bdb33d58961fdc8460ce5b5b46b4def96e8,799743.4064218998,0.601,7742.805421899771,799742.8039309997,55,13329
70b9cea7ca266637479483f517194c402dfe99b5fc2357e6ebac5e715c9a34a2,30aa434528bc68ee07745ee7be3a0bdb33d58961fdc8460ce5b5b46b4def96e8,799744.5868198872,1.777,7742.809819887159,799742.8083289871,55,13329
70b9cea7ca266637479483f517194c402dfe99b5fc2357e6ebac5e715c9a34a2,30aa434528bc68ee07745ee7be3a0bdb33d58961fdc8460ce5b5b46b4def96e8,799744.6779220104,1.867,7742.8109220104525,799742.8094311104,55,13329
70b9cea7ca266637479483f517194c402dfe99b5fc2357e6ebac5e715c9a34a2,30aa434528bc68ee07745ee7be3a0bdb33d58961fdc8460ce5b5b46b4def96e8,799743.6884019375,0.877,7742.811401937506,799742.8099110374,55,13329
70b9cea7ca266637479483f517194c402dfe99b5fc2357e6ebac5e715c9a34a2,30aa434528bc68ee07745ee7be3a0bdb33d58961fdc8460ce5b5b46b4def96e8,799743.6860790253,0.874,7742.812079025316,799742.8105881253,55,13329
70b9cea7ca266637479483f517194c402dfe99b5fc2357e6ebac5e715c9a34a2,30aa434528bc68ee07745ee7be3a0bdb33d58961fdc8460ce5b5b46b4def96e8,799744.5796000957,1.767,7742.812600095756,799742.8111091957,55,13329
70b9cea7ca266637479483f517194c402dfe99b5fc2357e6ebac5e715c9a34a2,30aa434528bc68ee07745ee7be3a0bdb33d58961fdc8460ce5b5b46b4def96e8,799744.8181800842,1.101,7743.717180084204,799743.7156891841,55,13329
70b9cea7ca266637479483f517194c402dfe99b5fc2357e6ebac5e715c9a34a2,30aa434528bc68ee07745ee7be3a0bdb33d58961fdc8460ce5b5b46b4def96e8,799745.3887519836,1.67,7743.718751983601,799743.7172610835,55,13329
70b9cea7ca266637479483f517194c402dfe99b5fc2357e6ebac5e715c9a34a2,30aa434528bc68ee07745ee7be3a0bdb33d58961fdc8460ce5b5b46b4def96e8,799744.7993609905,1.08,7743.719360990566,799743.7178700905,55,13329
70b9cea7ca266637479483f517194c402dfe99b5fc2357e6ebac5e715c9a34a2,30aa434528bc68ee07745ee7be3a0bdb33d58961fdc8460ce5b5b46b4def96e8,799745.0070240498,1.287,7743.720024049748,799743.7185331497,55,13329
70b9cea7ca266637479483f517194c402dfe99b5fc2357e6ebac5e715c9a34a2,30aa434528bc68ee07745ee7be3a0bdb33d58961fdc8460ce5b5b46b4def96e8,799746.456635952,2.736,7743.720635951962,799743.7191450519,55,13329
70b9cea7ca266637479483f517194c402dfe99b5fc2357e6ebac5e715c9a34a2,30aa434528bc68ee07745ee7be3a0bdb33d58961fdc8460ce5b5b46b4def96e8,799745.3806300163,1.658,7743.722630016273,799743.7211391162,55,13329
70b9cea7ca266637479483f517194c402dfe99b5fc2357e6ebac5e715c9a34a2,30aa434528bc68ee07745ee7be3a0bdb33d58961fdc8460ce5b5b46b4def96e8,799746.1454188824,2.419,7743.726418882376,799743.7249279823,55,13329
70b9cea7ca266637479483f517194c402dfe99b5fc2357e6ebac5e715c9a34a2,30aa434528bc68ee07745ee7be3a0bdb33d58961fdc8460ce5b5b46b4def96e8,799746.457930088,2.731,7743.726930088014,799743.725439188,55,13329
70b9cea7ca266637479483f517194c402dfe99b5fc2357e6ebac5e715c9a34a2,30aa434528bc68ee07745ee7be3a0bdb33d58961fdc8460ce5b5b46b4def96e8,799745.3999741077,1.672,7743.727974107722,799743.7264832077,55,13329
70b9cea7ca266637479483f517194c402dfe99b5fc2357e6ebac5e715c9a34a2,30aa434528bc68ee07745ee7be3a0bdb33d58961fdc8460ce5b5b46b4def96e8,799744.788975954,1.061,7743.727975954069,799743.726485054,55,13329
70b9cea7ca266637479483f517194c402dfe99b5fc2357e6ebac5e715c9a34a2,30aa434528bc68ee07745ee7be3a0bdb33d58961fdc8460ce5b5b46b4def96e8,799744.4371879101,0.709,7743.728187910048,799743.72669701,55,13329
70b9cea7ca266637479483f517194c402dfe99b5fc2357e6ebac5e715c9a34a2,30aa434528bc68ee07745ee7be3a0bdb33d58961fdc8460ce5b5b46b4def96e8,799746.1538290977,2.424,7743.729829097749,799743.7283381977,55,13329
70b9cea7ca266637479483f517194c402dfe99b5fc2357e6ebac5e715c9a34a2,30aa434528bc68ee07745ee7be3a0bdb33d58961fdc8460ce5b5b46b4def96e8,799747.3023209572,3.572,7743.73032095714,799743.7288300571,55,13329
70b9cea7ca266637479483f517194c402dfe99b5fc2357e6ebac5e715c9a34a2,30aa434528bc68ee07745ee7be3a0bdb33d58961fdc8460ce5b5b46b4def96e8,799746.1371641159,2.406,7743.731164115947,799743.7296732159,55,13329
70b9cea7ca266637479483f517194c402dfe99b5fc2357e6ebac5e715c9a34a2,30aa434528bc68ee07745ee7be3a0bdb33d58961fdc8460ce5b5b46b4def96e8,799747.1302499771,3.399,7743.731249977136,799743.7297590771,55,13329
70b9cea7ca266637479483f517194c402dfe99b5fc2357e6ebac5e715c9a34a2,30aa434528bc68ee07745ee7be3a0bdb33d58961fdc8460ce5b5b46b4def96e8,799744.8172700405,1.082,7743.735270040459,799743.7337791404,55,13329
70b9cea7ca266637479483f517194c402dfe99b5fc2357e6ebac5e715c9a34a2,30aa434528bc68ee07745ee7be3a0bdb33d58961fdc8460ce5b5b46b4def96e8,799747.7904911041,2.207,7745.583491104073,799745.582000204,55,13329
70b9cea7ca266637479483f517194c402dfe99b5fc2357e6ebac5e715c9a34a2,30aa434528bc68ee07745ee7be3a0bdb33d58961fdc8460ce5b5b46b4def96e8,799751.0445189476,5.459,7745.58551894757,799745.5840280475,55,13329
70b9cea7ca266637479483f517194c402dfe99b5fc2357e6ebac5e715c9a34a2,30aa434528bc68ee07745ee7be3a0bdb33d58961fdc8460ce5b5b46b4def96e8,799746.1547689438,0.565,7745.5897689438425,799745.5882780438,55,13329
70b9cea7ca266637479483f517194c402dfe99b5fc2357e6ebac5e715c9a34a2,30aa434528bc68ee07745ee7be3a0bdb33d58961fdc8460ce5b5b46b4def96e8,799747.133136034,1.542,7745.591136033996,799745.5896451339,55,13329
70b9cea7ca266637479483f517194c402dfe99b5fc2357e6ebac5e715c9a34a2,30aa434528bc68ee07745ee7be3a0bdb33d58961fdc8460ce5b5b46b4def96e8,799747.3098409176,1.718,7745.591840917594,799745.5903500175,55,13329
70b9cea7ca266637479483f517194c402dfe99b5fc2357e6ebac5e715c9a34a2,30aa434528bc68ee07745ee7be3a0bdb33d58961fdc8460ce5b5b46b4def96e8,799747.7490990162,2.156,7745.593099016231,799745.5916081162,55,13329
70b9cea7ca266637479483f517194c402dfe99b5fc2357e6ebac5e715c9a34a2,30aa434528bc68ee07745ee7be3a0bdb33d58961fdc8460ce5b5b46b4def96e8,799747.1321918964,1.539,7745.593191896449,799745.5917009964,55,13329
70b9cea7ca266637479483f517194c402dfe99b5fc2357e6ebac5e715c9a34a2,30aa434528bc68ee07745ee7be3a0bdb33d58961fdc8460ce5b5b46b4def96e8,799747.9387640953,2.344,7745.594764095265,799745.5932731952,55,13329
70b9cea7ca266637479483f517194c402dfe99b5fc2357e6ebac5e715c9a34a2,30aa434528bc68ee07745ee7be3a0bdb33d58961fdc8460ce5b5b46b4def96e8,799747.1313300133,1.536,7745.5953300133115,799745.5938391133,55,13329
70b9cea7ca266637479483f517194c402dfe99b5fc2357e6ebac5e715c9a34a2,30aa434528bc68ee07745ee7be3a0bdb33d58961fdc8460ce5b5b46b4def96e8,799748.1334609985,2.534,7745.59946099855,799745.5979700985,55,13329
70b9cea7ca266637479483f517194c402dfe99b5fc2357e6ebac5e715c9a34a2,30aa434528bc68ee07745ee7be3a0bdb33d58961fdc8460ce5b5b46b4def96e8,799747.789591074,2.188,7745.601591074024,799745.600100174,55,13329
70b9cea7ca266637479483f517194c402dfe99b5fc2357e6ebac5e715c9a34a2,30aa434528bc68ee07745ee7be3a0bdb33d58961fdc8460ce5b5b46b4def96e8,799746.7946000099,1.192,7745.602600009879,799745.6011091098,55,13329
70b9cea7ca266637479483f517194c402dfe99b5fc2357e6ebac5e715c9a34a2,30aa434528bc68ee07745ee7be3a0bdb33d58961fdc8460ce5b5b46b4def96e8,799753.6443529129,8.041,7745.6033529129345,799745.6018620129,55,13329
70b9cea7ca266637479483f517194c402dfe99b5fc2357e6ebac5e715c9a34a2,30aa434528bc68ee07745ee7be3a0bdb33d58961fdc8460ce5b5b46b4def96e8,799747.7532830238,2.149,7745.604283023858,799745.6027921238,55,13329
70b9cea7ca266637479483f517194c402dfe99b5fc2357e6ebac5e715c9a34a2,30aa434528bc68ee07745ee7be3a0bdb33d58961fdc8460ce5b5b46b4def96e8,799748.1155509949,2.505,7745.610550994868,799745.6090600948,55,13329
70b9cea7ca266637479483f517194c402dfe99b5fc2357e6ebac5e715c9a34a2,30aa434528bc68ee07745ee7be3a0bdb33d58961fdc8460ce5b5b46b4def96e8,799747.7870690823,2.149,7745.638069082284,799745.6365781822,55,13329
70b9cea7ca266637479483f517194c402dfe99b5fc2357e6ebac5e715c9a34a2,30aa434528bc68ee07745ee7be3a0bdb33d58961fdc8460ce5b5b46b4def96e8,799749.9150350094,2.037,7747.878035009373,799747.8765441093,55,13329
70b9cea7ca266637479483f517194c402dfe99b5fc2357e6ebac5e715c9a34a2,30aa434528bc68ee07745ee7be3a0bdb33d58961fdc8460ce5b5b46b4def96e8,799749.0633909702,1.184,7747.879390970222,799747.8779000702,55,13329
70b9cea7ca266637479483f517194c402dfe99b5fc2357e6ebac5e715c9a34a2,30aa434528bc68ee07745ee7be3a0bdb33d58961fdc8460ce5b5b46b4def96e8,799748.245693922,0.362,7747.883693922078,799747.882203022,55,13329
70b9cea7ca266637479483f517194c402dfe99b5fc2357e6ebac5e715c9a34a2,30aa434528bc68ee07745ee7be3a0bdb33d58961fdc8460ce5b5b46b4def96e8,799748.1243538857,0.239,7747.885353885707,799747.8838629856,55,13329
70b9cea7ca266637479483f517194c402dfe99b5fc2357e6ebac5e715c9a34a2,30aa434528bc68ee07745ee7be3a0bdb33d58961fdc8460ce5b5b46b4def96e8,799749.0523540974,1.165,7747.887354097329,799747.8858631973,55,13329
70b9cea7ca266637479483f517194c402dfe99b5fc2357e6ebac5e715c9a34a2,30aa434528bc68ee07745ee7be3a0bdb33d58961fdc8460ce5b5b46b4def96e8,799749.5567119122,1.669,7747.887711912161,799747.8862210121,55,13329
70b9cea7ca266637479483f517194c402dfe99b5fc2357e6ebac5e715c9a34a2,30aa434528bc68ee07745ee7be3a0bdb33d58961fdc8460ce5b5b46b4def96e8,799749.9068260193,2.019,7747.887826019316,799747.8863351193,55,13329
70b9cea7ca266637479483f517194c402dfe99b5fc2357e6ebac5e715c9a34a2,30aa434528bc68ee07745ee7be3a0bdb33d58961fdc8460ce5b5b46b4def96e8,799749.0513470173,1.162,7747.889347017277,799747.8878561172,55,13329
70b9cea7ca266637479483f517194c402dfe99b5fc2357e6ebac5e715c9a34a2,30aa434528bc68ee07745ee7be3a0bdb33d58961fdc8460ce5b5b46b4def96e8,799748.7705419064,0.88,7747.890541906352,799747.8890510063,55,13329
70b9cea7ca266637479483f517194c402dfe99b5fc2357e6ebac5e715c9a34a2,30aa434528bc68ee07745ee7be3a0bdb33d58961fdc8460ce5b5b46b4def96e8,799749.0495688915,1.159,7747.89056889154,799747.8890779915,55,13329
70b9cea7ca266637479483f517194c402dfe99b5fc2357e6ebac5e715c9a34a2,30aa434528bc68ee07745ee7be3a0bdb33d58961fdc8460ce5b5b46b4def96e8,799749.3773179054,1.484,7747.893317905371,799747.8918270053,55,13329
70b9cea7ca266637479483f517194c402dfe99b5fc2357e6ebac5e715c9a34a2,30aa434528bc68ee07745ee7be3a0bdb33d58961fdc8460ce5b5b46b4def96e8,799749.0691390038,1.175,7747.894139003707,799747.8926481036,55,13329
70b9cea7ca266637479483f517194c402dfe99b5fc2357e6ebac5e715c9a34a2,30aa434528bc68ee07745ee7be3a0bdb33d58961fdc8460ce5b5b46b4def96e8,799749.5541520119,1.659,7747.895152011886,799747.8936611118,55,13329
70b9cea7ca266637479483f517194c402dfe99b5fc2357e6ebac5e715c9a34a2,30aa434528bc68ee07745ee7be3a0bdb33d58961fdc8460ce5b5b46b4def96e8,799750.5461819172,2.65,7747.896181917167,799747.8946910171,55,13329
70b9cea7ca266637479483f517194c402dfe99b5fc2357e6ebac5e715c9a34a2,30aa434528bc68ee07745ee7be3a0bdb33d58961fdc8460ce5b5b46b4def96e8,799749.3735620975,1.477,7747.896562097594,799747.8950711975,55,13329
70b9cea7ca266637479483f517194c402dfe99b5fc2357e6ebac5e715c9a34a2,30aa434528bc68ee07745ee7be3a0bdb33d58961fdc8460ce5b5b46b4def96e8,799749.5552589893,1.658,7747.89725898928,799747.8957680892,55,13329
70b9cea7ca266637479483f517194c402dfe99b5fc2357e6ebac5e715c9a34a2,30aa434528bc68ee07745ee7be3a0bdb33d58961fdc8460ce5b5b46b4def96e8,799750.1167740822,0.684,7749.4327740821755,799749.4312831821,55,13329
70b9cea7ca266637479483f517194c402dfe99b5fc2357e6ebac5e715c9a34a2,30aa434528bc68ee07745ee7be3a0bdb33d58961fdc8460ce5b5b46b4def96e8,799750.1177220345,0.683,7749.4347220344935,799749.4332311344,55,13329
70b9cea7ca266637479483f517194c402dfe99b5fc2357e6ebac5e715c9a34a2,30aa434528bc68ee07745ee7be3a0bdb33d58961fdc8460ce5b5b46b4def96e8,799750.1542110443,0.719,7749.4352110442705,799749.4337201442,55,13329
70b9cea7ca266637479483f517194c402dfe99b5fc2357e6ebac5e715c9a34a2,30aa434528bc68ee07745ee7be3a0bdb33d58961fdc8460ce5b5b46b4def96e8,799749.6406979561,0.205,7749.435697956127,799749.4342070561,55,13329
70b9cea7ca266637479483f517194c402dfe99b5fc2357e6ebac5e715c9a34a2,30aa434528bc68ee07745ee7be3a0bdb33d58961fdc8460ce5b5b46b4def96e8,799750.7906520367,1.354,7749.436652036617,799749.4351611366,55,13329
70b9cea7ca266637479483f517194c402dfe99b5fc2357e6ebac5e715c9a34a2,30aa434528bc68ee07745ee7be3a0bdb33d58961fdc8460ce5b5b46b4def96e8,799750.1342349052,0.697,7749.437234905199,799749.4357440051,55,13329
70b9cea7ca266637479483f517194c402dfe99b5fc2357e6ebac5e715c9a34a2,30aa434528bc68ee07745ee7be3a0bdb33d58961fdc8460ce5b5b46b4def96e8,799750.7986590862,1.361,7749.437659086194,799749.4361681861,55,13329
70b9cea7ca266637479483f517194c402dfe99b5fc2357e6ebac5e715c9a34a2,30aa434528bc68ee07745ee7be3a0bdb33d58961fdc8460ce5b5b46b4def96e8,799750.7977170944,1.36,7749.437717094435,799749.4362261944,55,13329
70b9cea7ca266637479483f517194c402dfe99b5fc2357e6ebac5e715c9a34a2,30aa434528bc68ee07745ee7be3a0bdb33d58961fdc8460ce5b5b46b4def96e8,799750.152627945,0.714,7749.43862794491,799749.4371370448,55,13329
70b9cea7ca266637479483f517194c402dfe99b5fc2357e6ebac5e715c9a34a2,30aa434528bc68ee07745ee7be3a0bdb33d58961fdc8460ce5b5b46b4def96e8,799750.6465210915,1.207,7749.439521091408,799749.4380301913,55,13329
70b9cea7ca266637479483f517194c402dfe99b5fc2357e6ebac5e715c9a34a2,30aa434528bc68ee07745ee7be3a0bdb33d58961fdc8460ce5b5b46b4def96e8,799750.6565690041,1.217,7749.439569004113,799749.438078104,55,13329
70b9cea7ca266637479483f517194c402dfe99b5fc2357e6ebac5e715c9a34a2,30aa434528bc68ee07745ee7be3a0bdb33d58961fdc8460ce5b5b46b4def96e8,799750.6616909504,1.221,7749.440690950374,799749.4392000503,55,13329
70b9cea7ca266637479483f517194c402dfe99b5fc2357e6ebac5e715c9a34a2,30aa434528bc68ee07745ee7be3a0bdb33d58961fdc8460ce5b5b46b4def96e8,799750.1263780594,0.685,7749.441378059331,799749.4398871593,55,13329
70b9cea7ca266637479483f517194c402dfe99b5fc2357e6ebac5e715c9a34a2,30aa434528bc68ee07745ee7be3a0bdb33d58961fdc8460ce5b5b46b4def96e8,799750.1155860424,0.674,7749.441586042405,799749.4400951423,55,13329
70b9cea7ca266637479483f517194c402dfe99b5fc2357e6ebac5e715c9a34a2,30aa434528bc68ee07745ee7be3a0bdb33d58961fdc8460ce5b5b46b4def96e8,799750.6625390053,1.22,7749.4425390053075,799749.4410481052,55,13329
70b9cea7ca266637479483f517194c402dfe99b5fc2357e6ebac5e715c9a34a2,30aa434528bc68ee07745ee7be3a0bdb33d58961fdc8460ce5b5b46b4def96e8,799755.2217800617,4.535,7750.686780061689,799750.6852891616,55,13329
70b9cea7ca266637479483f517194c402dfe99b5fc2357e6ebac5e715c9a34a2,30aa434528bc68ee07745ee7be3a0bdb33d58961fdc8460ce5b5b46b4def96e8,799753.2092289925,2.521,7750.688228992512,799750.6867380925,55,13329
70b9cea7ca266637479483f517194c402dfe99b5fc2357e6ebac5e715c9a34a2,30aa434528bc68ee07745ee7be3a0bdb33d58961fdc8460ce5b5b46b4def96e8,799752.4339060783,1.745,7750.688906078343,799750.6874151783,55,13329
70b9cea7ca266637479483f517194c402dfe99b5fc2357e6ebac5e715c9a34a2,30aa434528bc68ee07745ee7be3a0bdb33d58961fdc8460ce5b5b46b4def96e8,799755.2109749317,4.517,7750.693974931724,799750.6924840317,55,13329
70b9cea7ca266637479483f517194c402dfe99b5fc2357e6ebac5e715c9a34a2,30aa434528bc68ee07745ee7be3a0bdb33d58961fdc8460ce5b5b46b4def96e8,799752.627861023,1.933,7750.694861022988,799750.6933701229,55,13329
70b9cea7ca266637479483f517194c402dfe99b5fc2357e6ebac5e715c9a34a2,30aa434528bc68ee07745ee7be3a0bdb33d58961fdc8460ce5b5b46b4def96e8,799754.9402229786,4.245,7750.695222978597,799750.6937320785,55,13329
70b9cea7ca266637479483f517194c402dfe99b5fc2357e6ebac5e715c9a34a2,30aa434528bc68ee07745ee7be3a0bdb33d58961fdc8460ce5b5b46b4def96e8,799758.3951981068,7.698,7750.697198106791,799750.6957072067,55,13329
70b9cea7ca266637479483f517194c402dfe99b5fc2357e6ebac5e715c9a34a2,30aa434528bc68ee07745ee7be3a0bdb33d58961fdc8460ce5b5b46b4def96e8,799851.6487259865,100.951,7750.69772598648,799750.6962350864,55,13329
70b9cea7ca266637479483f517194c402dfe99b5fc2357e6ebac5e715c9a34a2,30aa434528bc68ee07745ee7be3a0bdb33d58961fdc8460ce5b5b46b4def96e8,799774.0185739994,17.594,7756.424573999364,799756.4230830993,55,13329
70b9cea7ca266637479483f517194c402dfe99b5fc2357e6ebac5e715c9a34a2,30aa434528bc68ee07745ee7be3a0bdb33d58961fdc8460ce5b5b46b4def96e8,799772.125451088,15.699,7756.426451087929,799756.4249601879,55,13329
70b9cea7ca266637479483f517194c402dfe99b5fc2357e6ebac5e715c9a34a2,30aa434528bc68ee07745ee7be3a0bdb33d58961fdc8460ce5b5b46b4def96e8,799773.9507219791,17.523,7756.4277219790965,799756.426231079,55,13329
70b9cea7ca266637479483f517194c402dfe99b5fc2357e6ebac5e715c9a34a2,30aa434528bc68ee07745ee7be3a0bdb33d58961fdc8460ce5b5b46b4def96e8,799772.1247780323,15.697,7756.427778032259,799756.4262871322,55,13329
70b9cea7ca266637479483f517194c402dfe99b5fc2357e6ebac5e715c9a34a2,30aa434528bc68ee07745ee7be3a0bdb33d58961fdc8460ce5b5b46b4def96e8,799773.2855029106,16.853,7756.432502910611,799756.4310120106,55,13329
70b9cea7ca266637479483f517194c402dfe99b5fc2357e6ebac5e715c9a34a2,30aa434528bc68ee07745ee7be3a0bdb33d58961fdc8460ce5b5b46b4def96e8,799772.7138850689,16.279,7756.434885068913,799756.4333941689,55,13329
70b9cea7ca266637479483f517194c402dfe99b5fc2357e6ebac5e715c9a34a2,30aa434528bc68ee07745ee7be3a0bdb33d58961fdc8460ce5b5b46b4def96e8,799772.1263139248,15.691,7756.435313924798,799756.4338230247,55,13329
70b9cea7ca266637479483f517194c402dfe99b5fc2357e6ebac5e715c9a34a2,30aa434528bc68ee07745ee7be3a0bdb33d58961fdc8460ce5b5b46b4def96e8,799773.1376640797,16.7,7756.437664079713,799756.4361731797,55,13329
70b9cea7ca266637479483f517194c402dfe99b5fc2357e6ebac5e715c9a34a2,30aa434528bc68ee07745ee7be3a0bdb33d58961fdc8460ce5b5b46b4def96e8,799772.1169741154,15.663,7756.453974115429,799756.4524832154,55,13329
70b9cea7ca266637479483f517194c402dfe99b5fc2357e6ebac5e715c9a34a2,30aa434528bc68ee07745ee7be3a0bdb33d58961fdc8460ce5b5b46b4def96e8,799857.3584060669,12.341,7845.01740606688,799845.0159151668,55,13330
70b9cea7ca266637479483f517194c402dfe99b5fc2357e6ebac5e715c9a34a2,30aa434528bc68ee07745ee7be3a0bdb33d58961fdc8460ce5b5b46b4def96e8,799858.5762629509,13.345,7845.231262950925,799845.2297720509,55,13330
70b9cea7ca266637479483f517194c402dfe99b5fc2357e6ebac5e715c9a34a2,30aa434528bc68ee07745ee7be3a0bdb33d58961fdc8460ce5b5b46b4def96e8,799857.4044439793,12.172,7845.232443979243,799845.2309530792,55,13330
70b9cea7ca266637479483f517194c402dfe99b5fc2357e6ebac5e715c9a34a2,30aa434528bc68ee07745ee7be3a0bdb33d58961fdc8460ce5b5b46b4def96e8,799857.1958189011,11.963,7845.232818901073,799845.231328001,55,13330
70b9cea7ca266637479483f517194c402dfe99b5fc2357e6ebac5e715c9a34a2,30aa434528bc68ee07745ee7be3a0bdb33d58961fdc8460ce5b5b46b4def96e8,799857.1900479794,11.951,7845.239047979354,799845.2375570793,55,13330
70b9cea7ca266637479483f517194c402dfe99b5fc2357e6ebac5e715c9a34a2,30aa434528bc68ee07745ee7be3a0bdb33d58961fdc8460ce5b5b46b4def96e8,799857.1698040962,11.93,7845.239804096171,799845.2383131961,55,13330
70b9cea7ca266637479483f517194c402dfe99b5fc2357e6ebac5e715c9a34a2,30aa434528bc68ee07745ee7be3a0bdb33d58961fdc8460ce5b5b46b4def96e8,799857.4052660465,12.165,7845.240266046487,799845.2387751464,55,13330
70b9cea7ca266637479483f517194c402dfe99b5fc2357e6ebac5e715c9a34a2,30aa434528bc68ee07745ee7be3a0bdb33d58961fdc8460ce5b5b46b4def96e8,799858.6473860741,13.406,7845.241386074107,799845.239895174,55,13330
70b9cea7ca266637479483f517194c402dfe99b5fc2357e6ebac5e715c9a34a2,30aa434528bc68ee07745ee7be3a0bdb33d58961fdc8460ce5b5b46b4def96e8,799857.3632640839,12.121,7845.2422640838195,799845.2407731838,55,13330
70b9cea7ca266637479483f517194c402dfe99b5fc2357e6ebac5e715c9a34a2,30aa434528bc68ee07745ee7be3a0bdb33d58961fdc8460ce5b5b46b4def96e8,799857.157572031,11.915,7845.242572030984,799845.2410811309,55,13330
70b9cea7ca266637479483f517194c402dfe99b5fc2357e6ebac5e715c9a34a2,30aa434528bc68ee07745ee7be3a0bdb33d58961fdc8460ce5b5b46b4def96e8,799857.4115509987,12.165,7845.2465509986505,799845.2450600986,55,13330
70b9cea7ca266637479483f517194c402dfe99b5fc2357e6ebac5e715c9a34a2,30aa434528bc68ee07745ee7be3a0bdb33d58961fdc8460ce5b5b46b4def96e8,799858.6573340893,13.41,7845.247334089247,799845.2458431892,55,13330
70b9cea7ca266637479483f517194c402dfe99b5fc2357e6ebac5e715c9a34a2,30aa434528bc68ee07745ee7be3a0bdb33d58961fdc8460ce5b5b46b4def96e8,799858.5698471069,13.321,7845.248847106937,799845.2473562069,55,13330
70b9cea7ca266637479483f517194c402dfe99b5fc2357e6ebac5e715c9a34a2,30aa434528bc68ee07745ee7be3a0bdb33d58961fdc8460ce5b5b46b4def96e8,799858.4980061054,13.249,7845.2490061054705,799845.2475152054,55,13330
70b9cea7ca266637479483f517194c402dfe99b5fc2357e6ebac5e715c9a34a2,30aa434528bc68ee07745ee7be3a0bdb33d58961fdc8460ce5b5b46b4def96e8,799858.7008719444,13.451,7845.249871944427,799845.2483810444,55,13330
70b9cea7ca266637479483f517194c402dfe99b5fc2357e6ebac5e715c9a34a2,30aa434528bc68ee07745ee7be3a0bdb33d58961fdc8460ce5b5b46b4def96e8,799856.8348069191,11.568,7845.266806919128,799845.2653160191,55,13330
70b9cea7ca266637479483f517194c402dfe99b5fc2357e6ebac5e715c9a34a2,30aa434528bc68ee07745ee7be3a0bdb33d58961fdc8460ce5b5b46b4def96e8,799870.9952290058,14.599,7856.396229005768,799856.3947381057,55,13330
70b9cea7ca266637479483f517194c402dfe99b5fc2357e6ebac5e715c9a34a2,30aa434528bc68ee07745ee7be3a0bdb33d58961fdc8460ce5b5b46b4def96e8,799868.9359149933,12.281,7856.654914993327,799856.6534240933,55,13330
70b9cea7ca266637479483f517194c402dfe99b5fc2357e6ebac5e715c9a34a2,30aa434528bc68ee07745ee7be3a0bdb33d58961fdc8460ce5b5b46b4def96e8,799869.102741003,12.446,7856.65674100304,799856.655250103,55,13330
70b9cea7ca266637479483f517194c402dfe99b5fc2357e6ebac5e715c9a34a2,30aa434528bc68ee07745ee7be3a0bdb33d58961fdc8460ce5b5b46b4def96e8,799870.5401968956,13.882,7856.658196895616,799856.6567059956,55,13330
70b9cea7ca266637479483f517194c402dfe99b5fc2357e6ebac5e715c9a34a2,30aa434528bc68ee07745ee7be3a0bdb33d58961fdc8460ce5b5b46b4def96e8,799869.3267269135,12.663,7856.66372691351,799856.6622360134,55,13330
70b9cea7ca266637479483f517194c402dfe99b5fc2357e6ebac5e715c9a34a2,30aa434528bc68ee07745ee7be3a0bdb33d58961fdc8460ce5b5b46b4def96e8,799869.6390459538,12.975,7856.664045953774,799856.6625550537,55,13330
70b9cea7ca266637479483f517194c402dfe99b5fc2357e6ebac5e715c9a34a2,30aa434528bc68ee07745ee7be3a0bdb33d58961fdc8460ce5b5b46b4def96e8,799869.1083440781,12.444,7856.664344078046,799856.662853178,55,13330
70b9cea7ca266637479483f517194c402dfe99b5fc2357e6ebac5e715c9a34a2,30aa434528bc68ee07745ee7be3a0bdb33d58961fdc8460ce5b5b46b4def96e8,799870.4894180298,13.824,7856.665418029763,799856.6639271297,55,13330
70b9cea7ca266637479483f517194c402dfe99b5fc2357e6ebac5e715c9a34a2,30aa434528bc68ee07745ee7be3a0bdb33d58961fdc8460ce5b5b46b4def96e8,799869.1018049717,12.435,7856.666804971639,799856.6653140716,55,13330
70b9cea7ca266637479483f517194c402dfe99b5fc2357e6ebac5e715c9a34a2,30aa434528bc68ee07745ee7be3a0bdb33d58961fdc8460ce5b5b46b4def96e8,799869.5627679825,12.895,7856.667767982464,799856.6662770824,55,13330
70b9cea7ca266637479483f517194c402dfe99b5fc2357e6ebac5e715c9a34a2,30aa434528bc68ee07745ee7be3a0bdb33d58961fdc8460ce5b5b46b4def96e8,799869.7391068935,13.071,7856.668106893543,799856.6666159935,55,13330
70b9cea7ca266637479483f517194c402dfe99b5fc2357e6ebac5e715c9a34a2,30aa434528bc68ee07745ee7be3a0bdb33d58961fdc8460ce5b5b46b4def96e8,799869.6442730427,12.972,7856.672273042728,799856.6707821427,55,13330
70b9cea7ca266637479483f517194c402dfe99b5fc2357e6ebac5e715c9a34a2,30aa434528bc68ee07745ee7be3a0bdb33d58961fdc8460ce5b5b46b4def96e8,799869.740087986,13.067,7856.673087985953,799856.6715970859,55,13330
70b9cea7ca266637479483f517194c402dfe99b5fc2357e6ebac5e715c9a34a2,30aa434528bc68ee07745ee7be3a0bdb33d58961fdc8460ce5b5b46b4def96e8,799868.7770490646,12.093,7856.684049064643,799856.6825581646,55,13330
70b9cea7ca266637479483f517194c402dfe99b5fc2357e6ebac5e715c9a34a2,30aa434528bc68ee07745ee7be3a0bdb33d58961fdc8460ce5b5b46b4def96e8,799869.3549180031,12.669,7856.685918003088,799856.684427103,55,13330
70b9cea7ca266637479483f517194c402dfe99b5fc2357e6ebac5e715c9a34a2,30aa434528bc68ee07745ee7be3a0bdb33d58961fdc8460ce5b5b46b4def96e8,799859.6824939251,0.405,7859.277493925067,799859.276003025,55,13330
70b9cea7ca266637479483f517194c402dfe99b5fc2357e6ebac5e715c9a34a2,30aa434528bc68ee07745ee7be3a0bdb33d58961fdc8460ce5b5b46b4def96e8,799859.729530096,0.451,7859.278530096053,799859.277039196,55,13330
70b9cea7ca266637479483f517194c402dfe99b5fc2357e6ebac5e715c9a34a2,30aa434528bc68ee07745ee7be3a0bdb33d58961fdc8460ce5b5b46b4def96e8,799860.450906992,1.172,7859.278906991938,799859.2774160919,55,13330
70b9cea7ca266637479483f517194c402dfe99b5fc2357e6ebac5e715c9a34a2,30aa434528bc68ee07745ee7be3a0bdb33d58961fdc8460ce5b5b46b4def96e8,799859.9002759457,0.62,7859.280275945668,799859.2787850456,55,13330
70b9cea7ca266637479483f517194c402dfe99b5fc2357e6ebac5e715c9a34a2,30aa434528bc68ee07745ee7be3a0bdb33d58961fdc8460ce5b5b46b4def96e8,799859.6714498997,0.39,7859.2814498996595,799859.2799589996,55,13330
70b9cea7ca266637479483f517194c402dfe99b5fc2357e6ebac5e715c9a34a2,30aa434528bc68ee07745ee7be3a0bdb33d58961fdc8460ce5b5b46b4def96e8,799869.1035709381,9.822,7859.281570938067,799859.280080038,55,13330
70b9cea7ca266637479483f517194c402dfe99b5fc2357e6ebac5e715c9a34a2,30aa434528bc68ee07745ee7be3a0bdb33d58961fdc8460ce5b5b46b4def96e8,799868.6260108948,9.339,7859.287010894739,799859.2855199947,55,13330
70b9cea7ca266637479483f517194c402dfe99b5fc2357e6ebac5e715c9a34a2,30aa434528bc68ee07745ee7be3a0bdb33d58961fdc8460ce5b5b46b4def96e8,799869.1024329662,9.815,7859.287432966288,799859.2859420662,55,13330
70b9cea7ca266637479483f517194c402dfe99b5fc2357e6ebac5e715c9a34a2,30aa434528bc68ee07745ee7be3a0bdb33d58961fdc8460ce5b5b46b4def96e8,799871.5333740711,12.245,7859.288374071126,799859.2868831711,55,13330
70b9cea7ca266637479483f517194c402dfe99b5fc2357e6ebac5e715c9a34a2,30aa434528bc68ee07745ee7be3a0bdb33d58961fdc8460ce5b5b46b4def96e8,799871.5344879627,12.246,7859.28848796268,799859.2869970626,55,13330
70b9cea7ca266637479483f517194c402dfe99b5fc2357e6ebac5e715c9a34a2,30aa434528bc68ee07745ee7be3a0bdb33d58961fdc8460ce5b5b46b4def96e8,799871.4773290157,12.188,7859.289329015766,799859.2878381157,55,13330
70b9cea7ca266637479483f517194c402dfe99b5fc2357e6ebac5e715c9a34a2,30aa434528bc68ee07745ee7be3a0bdb33d58961fdc8460ce5b5b46b4def96e8,799860.4450900555,1.155,7859.290090055438,799859.2885991554,55,13330
70b9cea7ca266637479483f517194c402dfe99b5fc2357e6ebac5e715c9a34a2,30aa434528bc68ee07745ee7be3a0bdb33d58961fdc8460ce5b5b46b4def96e8,799868.9914429188,9.701,7859.2904429187765,799859.2889520187,55,13330
70b9cea7ca266637479483f517194c402dfe99b5fc2357e6ebac5e715c9a34a2,30aa434528bc68ee07745ee7be3a0bdb33d58961fdc8460ce5b5b46b4def96e8,799887.387855053,23.39,7863.997855052934,799863.9963641529,55,13331
70b9cea7ca266637479483f517194c402dfe99b5fc2357e6ebac5e715c9a34a2,30aa434528bc68ee07745ee7be3a0bdb33d58961fdc8460ce5b5b46b4def96e8,799929.1893880367,65.181,7864.008388036746,799864.0068971367,55,13331
70b9cea7ca266637479483f517194c402dfe99b5fc2357e6ebac5e715c9a34a2,30aa434528bc68ee07745ee7be3a0bdb33d58961fdc8460ce5b5b46b4def96e8,799885.9334390163,21.68,7864.253439016291,799864.2519481162,55,13331
70b9cea7ca266637479483f517194c402dfe99b5fc2357e6ebac5e715c9a34a2,30aa434528bc68ee07745ee7be3a0bdb33d58961fdc8460ce5b5b46b4def96e8,799881.087323904,11.189,7869.898323904024,799869.896833004,55,13331
70b9cea7ca266637479483f517194c402dfe99b5fc2357e6ebac5e715c9a34a2,30aa434528bc68ee07745ee7be3a0bdb33d58961fdc8460ce5b5b46b4def96e8,799880.985090971,10.951,7870.034090970992,799870.0326000709,55,13331
70b9cea7ca266637479483f517194c402dfe99b5fc2357e6ebac5e715c9a34a2,30aa434528bc68ee07745ee7be3a0bdb33d58961fdc8460ce5b5b46b4def96e8,799875.6331810951,5.593,7870.04018109513,799870.0386901951,55,13331
70b9cea7ca266637479483f517194c402dfe99b5fc2357e6ebac5e715c9a34a2,30aa434528bc68ee07745ee7be3a0bdb33d58961fdc8460ce5b5b46b4def96e8,799887.7013978958,17.647,7870.054397895816,799870.0529069958,55,13331
70b9cea7ca266637479483f517194c402dfe99b5fc2357e6ebac5e715c9a34a2,30aa434528bc68ee07745ee7be3a0bdb33d58961fdc8460ce5b5b46b4def96e8,799890.8303539753,20.773,7870.057353975251,799870.0558630752,55,13331
70b9cea7ca266637479483f517194c402dfe99b5fc2357e6ebac5e715c9a34a2,30aa434528bc68ee07745ee7be3a0bdb33d58961fdc8460ce5b5b46b4def96e8,799934.3012559414,64.238,7870.063255941379,799870.0617650413,55,13331
70b9cea7ca266637479483f517194c402dfe99b5fc2357e6ebac5e715c9a34a2,30aa434528bc68ee07745ee7be3a0bdb33d58961fdc8460ce5b5b46b4def96e8,799895.1998939514,25.135,7870.064893951407,799870.0634030513,55,13331
70b9cea7ca266637479483f517194c402dfe99b5fc2357e6ebac5e715c9a34a2,30aa434528bc68ee07745ee7be3a0bdb33d58961fdc8460ce5b5b46b4def96e8,799871.5644719601,1.432,7870.132471960038,799870.13098106,55,13331
70b9cea7ca266637479483f517194c402dfe99b5fc2357e6ebac5e715c9a34a2,30aa434528bc68ee07745ee7be3a0bdb33d58961fdc8460ce5b5b46b4def96e8,799872.3941709995,2.257,7870.137170999544,799870.1356800995,55,13331
70b9cea7ca266637479483f517194c402dfe99b5fc2357e6ebac5e715c9a34a2,30aa434528bc68ee07745ee7be3a0bdb33d58961fdc8460ce5b5b46b4def96e8,799875.466176033,5.329,7870.137176032993,799870.1356851329,55,13331
70b9cea7ca266637479483f517194c402dfe99b5fc2357e6ebac5e715c9a34a2,30aa434528bc68ee07745ee7be3a0bdb33d58961fdc8460ce5b5b46b4def96e8,799872.5659070015,2.425,7870.140907001449,799870.1394161014,55,13331
70b9cea7ca266637479483f517194c402dfe99b5fc2357e6ebac5e715c9a34a2,30aa434528bc68ee07745ee7be3a0bdb33d58961fdc8460ce5b5b46b4def96e8,799873.564414978,3.422,7870.142414978007,799870.140924078,55,13331
70b9cea7ca266637479483f517194c402dfe99b5fc2357e6ebac5e715c9a34a2,30aa434528bc68ee07745ee7be3a0bdb33d58961fdc8460ce5b5b46b4def96e8,799874.3822360039,4.238,7870.144236003864,799870.1427451038,55,13331
70b9cea7ca266637479483f517194c402dfe99b5fc2357e6ebac5e715c9a34a2,30aa434528bc68ee07745ee7be3a0bdb33d58961fdc8460ce5b5b46b4def96e8,799872.398056984,2.251,7870.1470569839,799870.1455660838,55,13331
70b9cea7ca266637479483f517194c402dfe99b5fc2357e6ebac5e715c9a34a2,30aa434528bc68ee07745ee7be3a0bdb33d58961fdc8460ce5b5b46b4def96e8,799874.7224431038,4.571,7870.151443103794,799870.1499522037,55,13331
70b9cea7ca266637479483f517194c402dfe99b5fc2357e6ebac5e715c9a34a2,30aa434528bc68ee07745ee7be3a0bdb33d58961fdc8460ce5b5b46b4def96e8,799879.5949249268,9.403,7870.191924926708,799870.1904340266,55,13331
70b9cea7ca266637479483f517194c402dfe99b5fc2357e6ebac5e715c9a34a2,30aa434528bc68ee07745ee7be3a0bdb33d58961fdc8460ce5b5b46b4def96e8,799872.3812630177,1.33,7871.051263017696,799871.0497721176,55,13331
70b9cea7ca266637479483f517194c402dfe99b5fc2357e6ebac5e715c9a34a2,30aa434528bc68ee07745ee7be3a0bdb33d58961fdc8460ce5b5b46b4def96e8,799874.3170928955,3.259,7871.058092895546,799871.0566019955,55,13331
70b9cea7ca266637479483f517194c402dfe99b5fc2357e6ebac5e715c9a34a2,30aa434528bc68ee07745ee7be3a0bdb33d58961fdc8460ce5b5b46b4def96e8,799873.0654919147,2.007,7871.058491914766,799871.0570010147,55,13331
70b9cea7ca266637479483f517194c402dfe99b5fc2357e6ebac5e715c9a34a2,30aa434528bc68ee07745ee7be3a0bdb33d58961fdc8460ce5b5b46b4def96e8,799872.3716549873,1.312,7871.059654987301,799871.0581640872,55,13331
70b9cea7ca266637479483f517194c402dfe99b5fc2357e6ebac5e715c9a34a2,30aa434528bc68ee07745ee7be3a0bdb33d58961fdc8460ce5b5b46b4def96e8,799873.0741961002,2.014,7871.0601961002685,799871.0587052002,55,13331
70b9cea7ca266637479483f517194c402dfe99b5fc2357e6ebac5e715c9a34a2,30aa434528bc68ee07745ee7be3a0bdb33d58961fdc8460ce5b5b46b4def96e8,799874.300301075,3.234,7871.066301074927,799871.0648101749,55,13331
70b9cea7ca266637479483f517194c402dfe99b5fc2357e6ebac5e715c9a34a2,30aa434528bc68ee07745ee7be3a0bdb33d58961fdc8460ce5b5b46b4def96e8,799875.383079052,4.316,7871.06707905198,799871.0655881519,55,13331
70b9cea7ca266637479483f517194c402dfe99b5fc2357e6ebac5e715c9a34a2,30aa434528bc68ee07745ee7be3a0bdb33d58961fdc8460ce5b5b46b4def96e8,799930.4711110592,21.442,7909.02911105915,799909.0276201591,55,13331
70b9cea7ca266637479483f517194c402dfe99b5fc2357e6ebac5e715c9a34a2,30aa434528bc68ee07745ee7be3a0bdb33d58961fdc8460ce5b5b46b4def96e8,799948.7691020966,39.738,7909.0311020965455,799909.0296111965,55,13331
70b9cea7ca266637479483f517194c402dfe99b5fc2357e6ebac5e715c9a34a2,30aa434528bc68ee07745ee7be3a0bdb33d58961fdc8460ce5b5b46b4def96e8,799929.1125559807,20.081,7909.031555980677,799909.0300650806,55,13331
70b9cea7ca266637479483f517194c402dfe99b5fc2357e6ebac5e715c9a34a2,30aa434528bc68ee07745ee7be3a0bdb33d58961fdc8460ce5b5b46b4def96e8,799930.093100071,21.06,7909.0331000708975,799909.0316091708,55,13331
70b9cea7ca266637479483f517194c402dfe99b5fc2357e6ebac5e715c9a34a2,30aa434528bc68ee07745ee7be3a0bdb33d58961fdc8460ce5b5b46b4def96e8,799925.1336131096,16.083,7909.0506131096045,799909.0491222095,55,13331
70b9cea7ca266637479483f517194c402dfe99b5fc2357e6ebac5e715c9a34a2,30aa434528bc68ee07745ee7be3a0bdb33d58961fdc8460ce5b5b46b4def96e8,801382.5726909637,29.822,9352.750690963701,801352.7492000636,55,13355
70b9cea7ca266637479483f517194c402dfe99b5fc2357e6ebac5e715c9a34a2,30aa434528bc68ee07745ee7be3a0bdb33d58961fdc8460ce5b5b46b4def96e8,801369.1104969978,16.132,9352.97849699785,801352.9770060978,55,13355
70b9cea7ca266637479483f517194c402dfe99b5fc2357e6ebac5e715c9a34a2,30aa434528bc68ee07745ee7be3a0bdb33d58961fdc8460ce5b5b46b4def96e8,801368.5205070972,15.54,9352.980507097207,801352.9790161971,55,13355
70b9cea7ca266637479483f517194c402dfe99b5fc2357e6ebac5e715c9a34a2,30aa434528bc68ee07745ee7be3a0bdb33d58961fdc8460ce5b5b46b4def96e8,801368.8560299873,15.791,9353.065029987367,801353.0635390873,55,13355
70b9cea7ca266637479483f517194c402dfe99b5fc2357e6ebac5e715c9a34a2,30aa434528bc68ee07745ee7be3a0bdb33d58961fdc8460ce5b5b46b4def96e8,801368.8678939342,15.801,9353.066893934272,801353.0654030342,55,13355
70b9cea7ca266637479483f517194c402dfe99b5fc2357e6ebac5e715c9a34a2,30aa434528bc68ee07745ee7be3a0bdb33d58961fdc8460ce5b5b46b4def96e8,801382.7521419525,29.685,9353.067141952459,801353.0656510524,55,13355
70b9cea7ca266637479483f517194c402dfe99b5fc2357e6ebac5e715c9a34a2,30aa434528bc68ee07745ee7be3a0bdb33d58961fdc8460ce5b5b46b4def96e8,801368.5078389645,15.415,9353.092838964425,801353.0913480644,55,13355
62ed48c098820db02aa8e99ad41e5438e61334ba7b1618aaff2f40868c927a97,eafaad5acf5d68a876c0fe609024baa3e901700c7a19a8ea8f435c73e8ecc314,226825.9686000347,6.896,10819.072600034706,226819.07110913467,15,3780
62ed48c098820db02aa8e99ad41e5438e61334ba7b1618aaff2f40868c927a97,eafaad5acf5d68a876c0fe609024baa3e901700c7a19a8ea8f435c73e8ecc314,226826.0865149498,6.737,10819.349514949805,226819.34802404977,15,3780
62ed48c098820db02aa8e99ad41e5438e61334ba7b1618aaff2f40868c927a97,eafaad5acf5d68a876c0fe609024baa3e901700c7a19a8ea8f435c73e8ecc314,226826.86844301224,5.724,10821.14444301225,226821.14295211222,15,3780
