app,func,end_timestamp,duration,arrival_time,trace_id,arrival_time_norm,func_id,arrival_time_hr
734272c01926d19690e5ec308bab64ef97950b75b1c7582283e0783fce1751d8,556ccf8758c8c2a20082c161e955405e950439f0503522fe129e709a5dc0e58f,489796.990983963,163.844,33.146983963029925,34,33.146983963029925,efficientnet,0.00920749554528609
734272c01926d19690e5ec308bab64ef97950b75b1c7582283e0783fce1751d8,556ccf8758c8c2a20082c161e955405e950439f0503522fe129e709a5dc0e58f,489745.676445961,112.418,33.25844596099341,34,33.25844596099341,efficientnet,0.00923845721138706
734272c01926d19690e5ec308bab64ef97950b75b1c7582283e0783fce1751d8,556ccf8758c8c2a20082c161e955405e950439f0503522fe129e709a5dc0e58f,489701.2214720249,67.958,33.263472024933435,34,33.263472024933435,efficientnet,0.009239853340259287
734272c01926d19690e5ec308bab64ef97950b75b1c7582283e0783fce1751d8,556ccf8758c8c2a20082c161e955405e950439f0503522fe129e709a5dc0e58f,489752.52664494514,119.262,33.26464494515676,34,33.26464494515676,efficientnet,0.009240179151432434
734272c01926d19690e5ec308bab64ef97950b75b1c7582283e0783fce1751d8,556ccf8758c8c2a20082c161e955405e950439f0503522fe129e709a5dc0e58f,489751.0657589436,117.801,33.2647589436383,34,33.2647589436383,efficientnet,0.009240210817677305
734272c01926d19690e5ec308bab64ef97950b75b1c7582283e0783fce1751d8,556ccf8758c8c2a20082c161e955405e950439f0503522fe129e709a5dc0e58f,489747.71400403976,114.449,33.26500403974205,34,33.26500403974205,efficientnet,0.009240278899928348
734272c01926d19690e5ec308bab64ef97950b75b1c7582283e0783fce1751d8,556ccf8758c8c2a20082c161e955405e950439f0503522fe129e709a5dc0e58f,489743.3453710079,110.08,33.26537100790301,34,33.26537100790301,efficientnet,0.009240380835528614
734272c01926d19690e5ec308bab64ef97950b75b1c7582283e0783fce1751d8,556ccf8758c8c2a20082c161e955405e950439f0503522fe129e709a5dc0e58f,489752.179240942,118.913,33.26624094200088,34,33.26624094200088,efficientnet,0.009240622483889132
734272c01926d19690e5ec308bab64ef97950b75b1c7582283e0783fce1751d8,556ccf8758c8c2a20082c161e955405e950439f0503522fe129e709a5dc0e58f,489752.1541440487,118.887,33.2671440487029,34,33.2671440487029,efficientnet,0.009240873346861918
734272c01926d19690e5ec308bab64ef97950b75b1c7582283e0783fce1751d8,556ccf8758c8c2a20082c161e955405e950439f0503522fe129e709a5dc0e58f,489689.6833350658,56.416,33.267335065756924,34,33.267335065756924,efficientnet,0.0092409264071547
734272c01926d19690e5ec308bab64ef97950b75b1c7582283e0783fce1751d8,556ccf8758c8c2a20082c161e955405e950439f0503522fe129e709a5dc0e58f,489753.3179180622,120.05,33.267918062221725,34,33.267918062221725,efficientnet,0.009241088350617146
734272c01926d19690e5ec308bab64ef97950b75b1c7582283e0783fce1751d8,556ccf8758c8c2a20082c161e955405e950439f0503522fe129e709a5dc0e58f,489753.4621059895,120.194,33.26810598949669,34,33.26810598949669,efficientnet,0.009241140552637968
734272c01926d19690e5ec308bab64ef97950b75b1c7582283e0783fce1751d8,556ccf8758c8c2a20082c161e955405e950439f0503522fe129e709a5dc0e58f,489752.5230240822,119.254,33.26902408216847,34,33.26902408216847,efficientnet,0.009241395578380131
734272c01926d19690e5ec308bab64ef97950b75b1c7582283e0783fce1751d8,556ccf8758c8c2a20082c161e955405e950439f0503522fe129e709a5dc0e58f,489744.115498066,110.842,33.2734980660025,34,33.2734980660025,efficientnet,0.009242638351667361
734272c01926d19690e5ec308bab64ef97950b75b1c7582283e0783fce1751d8,556ccf8758c8c2a20082c161e955405e950439f0503522fe129e709a5dc0e58f,489742.8895380497,109.616,33.2735380497179,34,33.2735380497179,efficientnet,0.009242649458254973
734272c01926d19690e5ec308bab64ef97950b75b1c7582283e0783fce1751d8,556ccf8758c8c2a20082c161e955405e950439f0503522fe129e709a5dc0e58f,489688.58164191246,55.283,33.29864191246452,34,33.29864191246452,efficientnet,0.009249622753462366
734272c01926d19690e5ec308bab64ef97950b75b1c7582283e0783fce1751d8,556ccf8758c8c2a20082c161e955405e950439f0503522fe129e709a5dc0e58f,489711.4792900085,77.969,33.510290008503944,34,33.510290008503944,efficientnet,0.009308413891251095
734272c01926d19690e5ec308bab64ef97950b75b1c7582283e0783fce1751d8,556ccf8758c8c2a20082c161e955405e950439f0503522fe129e709a5dc0e58f,489712.4938890934,78.982,33.51188909338089,34,33.51188909338089,efficientnet,0.009308858081494691
734272c01926d19690e5ec308bab64ef97950b75b1c7582283e0783fce1751d8,556ccf8758c8c2a20082c161e955405e950439f0503522fe129e709a5dc0e58f,489711.7060239315,78.194,33.5120239314856,34,33.5120239314856,efficientnet,0.009308895536523778
734272c01926d19690e5ec308bab64ef97950b75b1c7582283e0783fce1751d8,556ccf8758c8c2a20082c161e955405e950439f0503522fe129e709a5dc0e58f,489710.9647510052,77.452,33.51275100518251,34,33.51275100518251,efficientnet,0.009309097501439585
734272c01926d19690e5ec308bab64ef97950b75b1c7582283e0783fce1751d8,556ccf8758c8c2a20082c161e955405e950439f0503522fe129e709a5dc0e58f,489702.1952428818,68.682,33.51324288180331,34,33.51324288180331,efficientnet,0.009309234133834252
734272c01926d19690e5ec308bab64ef97950b75b1c7582283e0783fce1751d8,556ccf8758c8c2a20082c161e955405e950439f0503522fe129e709a5dc0e58f,489715.4093298912,81.896,33.51332989119692,34,33.51332989119692,efficientnet,0.009309258303110255
734272c01926d19690e5ec308bab64ef97950b75b1c7582283e0783fce1751d8,556ccf8758c8c2a20082c161e955405e950439f0503522fe129e709a5dc0e58f,489716.5282819271,83.014,33.514281927084085,34,33.514281927084085,efficientnet,0.009309522757523357
734272c01926d19690e5ec308bab64ef97950b75b1c7582283e0783fce1751d8,556ccf8758c8c2a20082c161e955405e950439f0503522fe129e709a5dc0e58f,489716.6546020508,83.14,33.51460205076728,34,33.51460205076728,efficientnet,0.009309611680768689
734272c01926d19690e5ec308bab64ef97950b75b1c7582283e0783fce1751d8,556ccf8758c8c2a20082c161e955405e950439f0503522fe129e709a5dc0e58f,489708.88442611694,75.369,33.515426116937306,34,33.515426116937306,efficientnet,0.00930984058803814
734272c01926d19690e5ec308bab64ef97950b75b1c7582283e0783fce1751d8,556ccf8758c8c2a20082c161e955405e950439f0503522fe129e709a5dc0e58f,489707.6618609429,74.146,33.51586094289087,34,33.51586094289087,efficientnet,0.009309961373025241
734272c01926d19690e5ec308bab64ef97950b75b1c7582283e0783fce1751d8,556ccf8758c8c2a20082c161e955405e950439f0503522fe129e709a5dc0e58f,489684.8663189411,51.35,33.516318941139616,34,33.516318941139616,efficientnet,0.009310088594761004
734272c01926d19690e5ec308bab64ef97950b75b1c7582283e0783fce1751d8,556ccf8758c8c2a20082c161e955405e950439f0503522fe129e709a5dc0e58f,489717.0610129833,83.54,33.5210129833431,34,33.5210129833431,efficientnet,0.009311392495373083
734272c01926d19690e5ec308bab64ef97950b75b1c7582283e0783fce1751d8,556ccf8758c8c2a20082c161e955405e950439f0503522fe129e709a5dc0e58f,489712.66706204414,79.146,33.52106204413576,34,33.52106204413576,efficientnet,0.009311406123371044
734272c01926d19690e5ec308bab64ef97950b75b1c7582283e0783fce1751d8,556ccf8758c8c2a20082c161e955405e950439f0503522fe129e709a5dc0e58f,489701.4630539417,67.941,33.52205394173507,34,33.52205394173507,efficientnet,0.009311681650481962
734272c01926d19690e5ec308bab64ef97950b75b1c7582283e0783fce1751d8,556ccf8758c8c2a20082c161e955405e950439f0503522fe129e709a5dc0e58f,489687.26211094856,53.74,33.522110948571935,34,33.522110948571935,efficientnet,0.009311697485714426
734272c01926d19690e5ec308bab64ef97950b75b1c7582283e0783fce1751d8,556ccf8758c8c2a20082c161e955405e950439f0503522fe129e709a5dc0e58f,489634.5760800839,1.053,33.52308008389082,34,33.52308008389082,efficientnet,0.009311966689969671
96149d3ed4f00afb92f12856101e693e93c4683f030ae6ca6ebfbb7ba5a2a345,1bfbf6e1f849d22a0ece669507eb055525edf6929f273b999d865d52ea086a82,1022538.085310936,1.003,137.08231093594804,71,137.08231093594804,resnet50,0.03807841970443001
96149d3ed4f00afb92f12856101e693e93c4683f030ae6ca6ebfbb7ba5a2a345,1cf618f9ee318fecbc31aa059ded8328581b9a9b092f1069b9f7679b6f89e52e,1022538.5136730672,0.041,138.47267306724098,71,138.47267306724098,inception,0.03846463140756694
96149d3ed4f00afb92f12856101e693e93c4683f030ae6ca6ebfbb7ba5a2a345,1bfbf6e1f849d22a0ece669507eb055525edf6929f273b999d865d52ea086a82,1022540.0262210368,1.306,138.7202210368123,71,138.7202210368123,resnet50,0.03853339473244786
96149d3ed4f00afb92f12856101e693e93c4683f030ae6ca6ebfbb7ba5a2a345,1bfbf6e1f849d22a0ece669507eb055525edf6929f273b999d865d52ea086a82,1022541.4525170326,0.95,140.50251703266986,71,140.50251703266986,resnet50,0.0390284769535194
96149d3ed4f00afb92f12856101e693e93c4683f030ae6ca6ebfbb7ba5a2a345,1bfbf6e1f849d22a0ece669507eb055525edf6929f273b999d865d52ea086a82,1022544.4392080308,0.867,143.57220803084783,71,143.57220803084783,resnet50,0.039881168897457735
96149d3ed4f00afb92f12856101e693e93c4683f030ae6ca6ebfbb7ba5a2a345,1bfbf6e1f849d22a0ece669507eb055525edf6929f273b999d865d52ea086a82,1022549.338625908,1.024,148.31462590803858,71,148.31462590803858,resnet50,0.041198507196677385
96149d3ed4f00afb92f12856101e693e93c4683f030ae6ca6ebfbb7ba5a2a345,1cf618f9ee318fecbc31aa059ded8328581b9a9b092f1069b9f7679b6f89e52e,1022556.469839096,0.039,156.43083909596317,71,156.43083909596317,inception,0.04345301085998977
96149d3ed4f00afb92f12856101e693e93c4683f030ae6ca6ebfbb7ba5a2a345,1cf618f9ee318fecbc31aa059ded8328581b9a9b092f1069b9f7679b6f89e52e,1022559.6137490273,0.039,159.57474902726244,71,159.57474902726244,inception,0.04432631917423957
96149d3ed4f00afb92f12856101e693e93c4683f030ae6ca6ebfbb7ba5a2a345,1bfbf6e1f849d22a0ece669507eb055525edf6929f273b999d865d52ea086a82,1022561.8042759896,2.076,159.72827598964795,71,159.72827598964795,resnet50,0.04436896555267999
96149d3ed4f00afb92f12856101e693e93c4683f030ae6ca6ebfbb7ba5a2a345,1bfbf6e1f849d22a0ece669507eb055525edf6929f273b999d865d52ea086a82,1022560.6762499808,0.942,159.73424998077098,71,159.73424998077098,resnet50,0.0443706249946586
96149d3ed4f00afb92f12856101e693e93c4683f030ae6ca6ebfbb7ba5a2a345,eefb3a7b86d12c2676276a5dde28099ef6f546a60e5b78e0a1c2b7221baf154d,1022562.4131069185,0.0,162.41310691845138,71,162.41310691845138,googlenet,0.04511475192179205
96149d3ed4f00afb92f12856101e693e93c4683f030ae6ca6ebfbb7ba5a2a345,eefb3a7b86d12c2676276a5dde28099ef6f546a60e5b78e0a1c2b7221baf154d,1022563.0919630527,0.0,163.09196305274963,71,163.09196305274963,googlenet,0.045303323070208235
96149d3ed4f00afb92f12856101e693e93c4683f030ae6ca6ebfbb7ba5a2a345,eefb3a7b86d12c2676276a5dde28099ef6f546a60e5b78e0a1c2b7221baf154d,1022563.164098978,0.0,163.1640989780426,71,163.1640989780426,googlenet,0.04532336082723406
96149d3ed4f00afb92f12856101e693e93c4683f030ae6ca6ebfbb7ba5a2a345,eefb3a7b86d12c2676276a5dde28099ef6f546a60e5b78e0a1c2b7221baf154d,1022563.3576960564,0.0,163.35769605636597,71,163.35769605636597,googlenet,0.04537713779343499
96149d3ed4f00afb92f12856101e693e93c4683f030ae6ca6ebfbb7ba5a2a345,1bfbf6e1f849d22a0ece669507eb055525edf6929f273b999d865d52ea086a82,1022564.7855451108,1.078,163.70754511083942,71,163.70754511083942,resnet50,0.045474318086344286
96149d3ed4f00afb92f12856101e693e93c4683f030ae6ca6ebfbb7ba5a2a345,1bfbf6e1f849d22a0ece669507eb055525edf6929f273b999d865d52ea086a82,1022576.5915749072,1.028,175.56357490713708,71,175.56357490713708,resnet50,0.04876765969642697
96149d3ed4f00afb92f12856101e693e93c4683f030ae6ca6ebfbb7ba5a2a345,1cf618f9ee318fecbc31aa059ded8328581b9a9b092f1069b9f7679b6f89e52e,1022576.0262451172,0.014,176.01224511722103,71,176.01224511722103,inception,0.048892290310339176
96149d3ed4f00afb92f12856101e693e93c4683f030ae6ca6ebfbb7ba5a2a345,1cf618f9ee318fecbc31aa059ded8328581b9a9b092f1069b9f7679b6f89e52e,1022580.3667490482,0.009,180.35774904827122,71,180.35774904827122,inception,0.05009937473563089
96149d3ed4f00afb92f12856101e693e93c4683f030ae6ca6ebfbb7ba5a2a345,1bfbf6e1f849d22a0ece669507eb055525edf6929f273b999d865d52ea086a82,1022584.8568470478,1.355,183.5018470478244,71,183.5018470478244,resnet50,0.05097273529106234
96149d3ed4f00afb92f12856101e693e93c4683f030ae6ca6ebfbb7ba5a2a345,1cf618f9ee318fecbc31aa059ded8328581b9a9b092f1069b9f7679b6f89e52e,1022584.160378933,0.014,184.1463789329864,71,184.1463789329864,inception,0.05115177192582956
96149d3ed4f00afb92f12856101e693e93c4683f030ae6ca6ebfbb7ba5a2a345,1bfbf6e1f849d22a0ece669507eb055525edf6929f273b999d865d52ea086a82,1022585.4081819056,1.236,184.17218190559652,71,184.17218190559652,resnet50,0.05115893941822126
96149d3ed4f00afb92f12856101e693e93c4683f030ae6ca6ebfbb7ba5a2a345,1bfbf6e1f849d22a0ece669507eb055525edf6929f273b999d865d52ea086a82,1022588.2049059868,2.105,186.09990598680452,71,186.09990598680452,resnet50,0.051694418329667924
96149d3ed4f00afb92f12856101e693e93c4683f030ae6ca6ebfbb7ba5a2a345,eefb3a7b86d12c2676276a5dde28099ef6f546a60e5b78e0a1c2b7221baf154d,1022587.2450649738,0.0,187.24506497383118,71,187.24506497383118,googlenet,0.05201251804828644
96149d3ed4f00afb92f12856101e693e93c4683f030ae6ca6ebfbb7ba5a2a345,1cf618f9ee318fecbc31aa059ded8328581b9a9b092f1069b9f7679b6f89e52e,1022595.2537119389,0.013,195.24071193882264,71,195.24071193882264,inception,0.0542335310941174
96149d3ed4f00afb92f12856101e693e93c4683f030ae6ca6ebfbb7ba5a2a345,eefb3a7b86d12c2676276a5dde28099ef6f546a60e5b78e0a1c2b7221baf154d,1022595.421941042,0.0,195.4219410419464,71,195.4219410419464,googlenet,0.05428387251165178
96149d3ed4f00afb92f12856101e693e93c4683f030ae6ca6ebfbb7ba5a2a345,1bfbf6e1f849d22a0ece669507eb055525edf6929f273b999d865d52ea086a82,1022601.9554829596,1.033,200.92248295957688,71,200.92248295957688,resnet50,0.05581180082210469
96149d3ed4f00afb92f12856101e693e93c4683f030ae6ca6ebfbb7ba5a2a345,1cf618f9ee318fecbc31aa059ded8328581b9a9b092f1069b9f7679b6f89e52e,1022604.0154390336,0.01,204.0054390336154,71,204.0054390336154,inception,0.056668177509337614
96149d3ed4f00afb92f12856101e693e93c4683f030ae6ca6ebfbb7ba5a2a345,eefb3a7b86d12c2676276a5dde28099ef6f546a60e5b78e0a1c2b7221baf154d,1022606.258692026,0.0,206.2586920260219,71,206.2586920260219,googlenet,0.05729408111833941
96149d3ed4f00afb92f12856101e693e93c4683f030ae6ca6ebfbb7ba5a2a345,1cf618f9ee318fecbc31aa059ded8328581b9a9b092f1069b9f7679b6f89e52e,1022610.5798809528,0.014,210.5658809528686,71,210.5658809528686,inception,0.05849052248690795
96149d3ed4f00afb92f12856101e693e93c4683f030ae6ca6ebfbb7ba5a2a345,1bfbf6e1f849d22a0ece669507eb055525edf6929f273b999d865d52ea086a82,1022613.590884924,1.274,212.31688492407557,71,212.31688492407557,resnet50,0.058976912478909876
96149d3ed4f00afb92f12856101e693e93c4683f030ae6ca6ebfbb7ba5a2a345,1bfbf6e1f849d22a0ece669507eb055525edf6929f273b999d865d52ea086a82,1022614.017287016,1.085,212.93228701606859,71,212.93228701606859,resnet50,0.0591478575044635
96149d3ed4f00afb92f12856101e693e93c4683f030ae6ca6ebfbb7ba5a2a345,1cf618f9ee318fecbc31aa059ded8328581b9a9b092f1069b9f7679b6f89e52e,1022614.2857120036,0.009,214.27671200362965,71,214.27671200362965,inception,0.05952130888989712
96149d3ed4f00afb92f12856101e693e93c4683f030ae6ca6ebfbb7ba5a2a345,eefb3a7b86d12c2676276a5dde28099ef6f546a60e5b78e0a1c2b7221baf154d,1022614.3419880868,0.0,214.34198808681685,71,214.34198808681685,googlenet,0.059539441135226905
96149d3ed4f00afb92f12856101e693e93c4683f030ae6ca6ebfbb7ba5a2a345,1bfbf6e1f849d22a0ece669507eb055525edf6929f273b999d865d52ea086a82,1022617.4732379912,1.148,216.3252379911719,71,216.3252379911719,resnet50,0.06009034388643664
96149d3ed4f00afb92f12856101e693e93c4683f030ae6ca6ebfbb7ba5a2a345,1bfbf6e1f849d22a0ece669507eb055525edf6929f273b999d865d52ea086a82,1022618.4478340148,0.851,217.59683401475195,71,217.59683401475195,resnet50,0.06044356500409776
96149d3ed4f00afb92f12856101e693e93c4683f030ae6ca6ebfbb7ba5a2a345,1bfbf6e1f849d22a0ece669507eb055525edf6929f273b999d865d52ea086a82,1022619.7905049324,1.011,218.77950493234675,71,218.77950493234675,resnet50,0.06077208470342965
96149d3ed4f00afb92f12856101e693e93c4683f030ae6ca6ebfbb7ba5a2a345,eefb3a7b86d12c2676276a5dde28099ef6f546a60e5b78e0a1c2b7221baf154d,1022620.0784699916,0.0,220.07846999156754,71,220.07846999156754,googlenet,0.061132908330990984
96149d3ed4f00afb92f12856101e693e93c4683f030ae6ca6ebfbb7ba5a2a345,1bfbf6e1f849d22a0ece669507eb055525edf6929f273b999d865d52ea086a82,1022622.2889060974,1.102,221.1869060974568,71,221.1869060974568,resnet50,0.06144080724929356
96149d3ed4f00afb92f12856101e693e93c4683f030ae6ca6ebfbb7ba5a2a345,1bfbf6e1f849d22a0ece669507eb055525edf6929f273b999d865d52ea086a82,1022623.3338589668,1.008,222.32585896679666,71,222.32585896679666,resnet50,0.0617571830463324
96149d3ed4f00afb92f12856101e693e93c4683f030ae6ca6ebfbb7ba5a2a345,1cf618f9ee318fecbc31aa059ded8328581b9a9b092f1069b9f7679b6f89e52e,1022623.3225290776,0.011,223.3115290775895,71,223.3115290775895,inception,0.06203098029933042
96149d3ed4f00afb92f12856101e693e93c4683f030ae6ca6ebfbb7ba5a2a345,eefb3a7b86d12c2676276a5dde28099ef6f546a60e5b78e0a1c2b7221baf154d,1022623.9062559603,0.0,223.90625596034806,71,223.90625596034806,googlenet,0.0621961822112078
96149d3ed4f00afb92f12856101e693e93c4683f030ae6ca6ebfbb7ba5a2a345,eefb3a7b86d12c2676276a5dde28099ef6f546a60e5b78e0a1c2b7221baf154d,1022624.6988430024,0.0,224.69884300243575,71,224.69884300243575,googlenet,0.062416345278454376
96149d3ed4f00afb92f12856101e693e93c4683f030ae6ca6ebfbb7ba5a2a345,1cf618f9ee318fecbc31aa059ded8328581b9a9b092f1069b9f7679b6f89e52e,1022624.7334480286,0.012,224.72144802857656,71,224.72144802857656,inception,0.06242262445238238
96149d3ed4f00afb92f12856101e693e93c4683f030ae6ca6ebfbb7ba5a2a345,1cf618f9ee318fecbc31aa059ded8328581b9a9b092f1069b9f7679b6f89e52e,1022624.839051962,0.009,224.8300519620534,71,224.8300519620534,inception,0.0624527922116815
96149d3ed4f00afb92f12856101e693e93c4683f030ae6ca6ebfbb7ba5a2a345,1bfbf6e1f849d22a0ece669507eb055525edf6929f273b999d865d52ea086a82,1022627.2857120036,1.427,225.85871200356632,71,225.85871200356632,resnet50,0.06273853111210176
96149d3ed4f00afb92f12856101e693e93c4683f030ae6ca6ebfbb7ba5a2a345,1bfbf6e1f849d22a0ece669507eb055525edf6929f273b999d865d52ea086a82,1022628.2140901088,1.679,226.53509010875132,71,226.53509010875132,resnet50,0.06292641391909759
96149d3ed4f00afb92f12856101e693e93c4683f030ae6ca6ebfbb7ba5a2a345,eefb3a7b86d12c2676276a5dde28099ef6f546a60e5b78e0a1c2b7221baf154d,1022627.407552004,0.0,227.4075520039769,71,227.4075520039769,googlenet,0.06316876444554914
96149d3ed4f00afb92f12856101e693e93c4683f030ae6ca6ebfbb7ba5a2a345,1bfbf6e1f849d22a0ece669507eb055525edf6929f273b999d865d52ea086a82,1022629.2204840184,0.918,228.3024840184953,71,228.3024840184953,resnet50,0.06341735667180425
96149d3ed4f00afb92f12856101e693e93c4683f030ae6ca6ebfbb7ba5a2a345,eefb3a7b86d12c2676276a5dde28099ef6f546a60e5b78e0a1c2b7221baf154d,1022629.3471388816,0.0,229.34713888156693,71,229.34713888156693,googlenet,0.06370753857821304
96149d3ed4f00afb92f12856101e693e93c4683f030ae6ca6ebfbb7ba5a2a345,1bfbf6e1f849d22a0ece669507eb055525edf6929f273b999d865d52ea086a82,1022631.0288619996,1.021,230.00786199967843,71,230.00786199967843,resnet50,0.06389107277768845
96149d3ed4f00afb92f12856101e693e93c4683f030ae6ca6ebfbb7ba5a2a345,1bfbf6e1f849d22a0ece669507eb055525edf6929f273b999d865d52ea086a82,1022631.746179104,0.944,230.80217910395004,71,230.80217910395004,resnet50,0.0641117164177639
96149d3ed4f00afb92f12856101e693e93c4683f030ae6ca6ebfbb7ba5a2a345,1cf618f9ee318fecbc31aa059ded8328581b9a9b092f1069b9f7679b6f89e52e,1022631.76374197,0.01,231.75374196993653,71,231.75374196993653,inception,0.06437603943609348
96149d3ed4f00afb92f12856101e693e93c4683f030ae6ca6ebfbb7ba5a2a345,eefb3a7b86d12c2676276a5dde28099ef6f546a60e5b78e0a1c2b7221baf154d,1022632.2809979916,0.0,232.2809979915619,71,232.2809979915619,googlenet,0.06452249944210052
96149d3ed4f00afb92f12856101e693e93c4683f030ae6ca6ebfbb7ba5a2a345,eefb3a7b86d12c2676276a5dde28099ef6f546a60e5b78e0a1c2b7221baf154d,1022634.9004909992,0.0,234.9004909992218,71,234.9004909992218,googlenet,0.06525013638867272
96149d3ed4f00afb92f12856101e693e93c4683f030ae6ca6ebfbb7ba5a2a345,1cf618f9ee318fecbc31aa059ded8328581b9a9b092f1069b9f7679b6f89e52e,1022634.9669480324,0.039,234.9279480323894,71,234.9279480323894,inception,0.06525776334233038
96149d3ed4f00afb92f12856101e693e93c4683f030ae6ca6ebfbb7ba5a2a345,1bfbf6e1f849d22a0ece669507eb055525edf6929f273b999d865d52ea086a82,1022636.0012969972,0.925,235.07629699714016,71,235.07629699714016,resnet50,0.06529897138809448
96149d3ed4f00afb92f12856101e693e93c4683f030ae6ca6ebfbb7ba5a2a345,eefb3a7b86d12c2676276a5dde28099ef6f546a60e5b78e0a1c2b7221baf154d,1022637.0895330906,0.0,237.08953309059143,71,237.08953309059143,googlenet,0.0658582036362754
96149d3ed4f00afb92f12856101e693e93c4683f030ae6ca6ebfbb7ba5a2a345,1cf618f9ee318fecbc31aa059ded8328581b9a9b092f1069b9f7679b6f89e52e,1022664.8623170851,0.011,264.8513170850929,71,264.8513170850929,inception,0.07356981030141468
96149d3ed4f00afb92f12856101e693e93c4683f030ae6ca6ebfbb7ba5a2a345,1cf618f9ee318fecbc31aa059ded8328581b9a9b092f1069b9f7679b6f89e52e,1022666.119482994,0.017,266.1024829939706,71,266.1024829939706,inception,0.07391735638721406
96149d3ed4f00afb92f12856101e693e93c4683f030ae6ca6ebfbb7ba5a2a345,1bfbf6e1f849d22a0ece669507eb055525edf6929f273b999d865d52ea086a82,1022666.919481039,0.781,266.1384810390882,71,266.1384810390882,resnet50,0.07392735584419118
96149d3ed4f00afb92f12856101e693e93c4683f030ae6ca6ebfbb7ba5a2a345,eefb3a7b86d12c2676276a5dde28099ef6f546a60e5b78e0a1c2b7221baf154d,1022678.3433279992,0.0,278.3433279992314,71,278.3433279992314,googlenet,0.07731759111089762
96149d3ed4f00afb92f12856101e693e93c4683f030ae6ca6ebfbb7ba5a2a345,1bfbf6e1f849d22a0ece669507eb055525edf6929f273b999d865d52ea086a82,1022681.229266882,0.725,280.50426688196603,71,280.50426688196603,resnet50,0.07791785191165723
96149d3ed4f00afb92f12856101e693e93c4683f030ae6ca6ebfbb7ba5a2a345,1bfbf6e1f849d22a0ece669507eb055525edf6929f273b999d865d52ea086a82,1022682.2399919032,0.926,281.313991903211,71,281.313991903211,resnet50,0.07814277552866972
96149d3ed4f00afb92f12856101e693e93c4683f030ae6ca6ebfbb7ba5a2a345,eefb3a7b86d12c2676276a5dde28099ef6f546a60e5b78e0a1c2b7221baf154d,1022686.5936419964,0.0,286.59364199638367,71,286.59364199638367,googlenet,0.07960934499899547
96149d3ed4f00afb92f12856101e693e93c4683f030ae6ca6ebfbb7ba5a2a345,1bfbf6e1f849d22a0ece669507eb055525edf6929f273b999d865d52ea086a82,1022691.352011919,0.791,290.56101191905327,71,290.56101191905327,resnet50,0.08071139219973703
96149d3ed4f00afb92f12856101e693e93c4683f030ae6ca6ebfbb7ba5a2a345,1cf618f9ee318fecbc31aa059ded8328581b9a9b092f1069b9f7679b6f89e52e,1022695.7617180347,0.01,295.75171803473495,71,295.75171803473495,inception,0.0821532550096486
96149d3ed4f00afb92f12856101e693e93c4683f030ae6ca6ebfbb7ba5a2a345,eefb3a7b86d12c2676276a5dde28099ef6f546a60e5b78e0a1c2b7221baf154d,1022696.8755168916,0.0,296.8755168915959,71,296.8755168915959,googlenet,0.08246542135877664
96149d3ed4f00afb92f12856101e693e93c4683f030ae6ca6ebfbb7ba5a2a345,1cf618f9ee318fecbc31aa059ded8328581b9a9b092f1069b9f7679b6f89e52e,1022701.7835450172,0.01,301.7735450172331,71,301.7735450172331,inception,0.0838259847270092
96149d3ed4f00afb92f12856101e693e93c4683f030ae6ca6ebfbb7ba5a2a345,1cf618f9ee318fecbc31aa059ded8328581b9a9b092f1069b9f7679b6f89e52e,1022703.4018158911,0.009,303.39281589118764,71,303.39281589118764,inception,0.08427578219199656
96149d3ed4f00afb92f12856101e693e93c4683f030ae6ca6ebfbb7ba5a2a345,eefb3a7b86d12c2676276a5dde28099ef6f546a60e5b78e0a1c2b7221baf154d,1022703.8525300026,0.0,303.852530002594,71,303.852530002594,googlenet,0.08440348055627611
96149d3ed4f00afb92f12856101e693e93c4683f030ae6ca6ebfbb7ba5a2a345,1bfbf6e1f849d22a0ece669507eb055525edf6929f273b999d865d52ea086a82,1022710.054044962,1.273,308.78104496200103,71,308.78104496200103,resnet50,0.08577251248944473
96149d3ed4f00afb92f12856101e693e93c4683f030ae6ca6ebfbb7ba5a2a345,1bfbf6e1f849d22a0ece669507eb055525edf6929f273b999d865d52ea086a82,1022711.0431389807,0.918,310.12513898080215,71,310.12513898080215,resnet50,0.0861458719391117
96149d3ed4f00afb92f12856101e693e93c4683f030ae6ca6ebfbb7ba5a2a345,1cf618f9ee318fecbc31aa059ded8328581b9a9b092f1069b9f7679b6f89e52e,1022717.9908959866,0.009,317.9818959865952,71,317.9818959865952,inception,0.08832830444072089
96149d3ed4f00afb92f12856101e693e93c4683f030ae6ca6ebfbb7ba5a2a345,eefb3a7b86d12c2676276a5dde28099ef6f546a60e5b78e0a1c2b7221baf154d,1022718.0894420148,0.0,318.08944201481063,71,318.08944201481063,googlenet,0.0883581783374474
96149d3ed4f00afb92f12856101e693e93c4683f030ae6ca6ebfbb7ba5a2a345,1bfbf6e1f849d22a0ece669507eb055525edf6929f273b999d865d52ea086a82,1022719.7115290164,0.753,318.95852901635226,71,318.95852901635226,resnet50,0.08859959139343118
96149d3ed4f00afb92f12856101e693e93c4683f030ae6ca6ebfbb7ba5a2a345,1bfbf6e1f849d22a0ece669507eb055525edf6929f273b999d865d52ea086a82,1022721.7183630466,1.01,320.7083630466368,71,320.7083630466368,resnet50,0.08908565640184356
96149d3ed4f00afb92f12856101e693e93c4683f030ae6ca6ebfbb7ba5a2a345,eefb3a7b86d12c2676276a5dde28099ef6f546a60e5b78e0a1c2b7221baf154d,1022724.1255590916,0.0,324.125559091568,71,324.125559091568,googlenet,0.09003487752543556
96149d3ed4f00afb92f12856101e693e93c4683f030ae6ca6ebfbb7ba5a2a345,1bfbf6e1f849d22a0ece669507eb055525edf6929f273b999d865d52ea086a82,1022726.0214619637,0.948,325.0734619636787,71,325.0734619636787,resnet50,0.09029818387879965
96149d3ed4f00afb92f12856101e693e93c4683f030ae6ca6ebfbb7ba5a2a345,1cf618f9ee318fecbc31aa059ded8328581b9a9b092f1069b9f7679b6f89e52e,1022726.1671779156,0.011,326.1561779155163,71,326.1561779155163,inception,0.09059893830986564
96149d3ed4f00afb92f12856101e693e93c4683f030ae6ca6ebfbb7ba5a2a345,1cf618f9ee318fecbc31aa059ded8328581b9a9b092f1069b9f7679b6f89e52e,1022772.4696359634,0.046,372.42363596346695,71,372.42363596346695,inception,0.10345100998985193
96149d3ed4f00afb92f12856101e693e93c4683f030ae6ca6ebfbb7ba5a2a345,eefb3a7b86d12c2676276a5dde28099ef6f546a60e5b78e0a1c2b7221baf154d,1022776.81596303,0.008,376.80796302994713,71,376.80796302994713,googlenet,0.10466887861942976
96149d3ed4f00afb92f12856101e693e93c4683f030ae6ca6ebfbb7ba5a2a345,1cf618f9ee318fecbc31aa059ded8328581b9a9b092f1069b9f7679b6f89e52e,1022777.9846320152,0.039,377.9456320152385,71,377.9456320152385,inception,0.1049848977820107
96149d3ed4f00afb92f12856101e693e93c4683f030ae6ca6ebfbb7ba5a2a345,1cf618f9ee318fecbc31aa059ded8328581b9a9b092f1069b9f7679b6f89e52e,1022779.0025560856,0.036,378.96655608562287,71,378.96655608562287,inception,0.10526848780156191
96149d3ed4f00afb92f12856101e693e93c4683f030ae6ca6ebfbb7ba5a2a345,1bfbf6e1f849d22a0ece669507eb055525edf6929f273b999d865d52ea086a82,1022784.8542730808,1.28,383.57427308079787,71,383.57427308079787,resnet50,0.10654840918911052
96149d3ed4f00afb92f12856101e693e93c4683f030ae6ca6ebfbb7ba5a2a345,1cf618f9ee318fecbc31aa059ded8328581b9a9b092f1069b9f7679b6f89e52e,1022787.0820770264,0.01,387.0720770263579,71,387.0720770263579,inception,0.10752002139621052
96149d3ed4f00afb92f12856101e693e93c4683f030ae6ca6ebfbb7ba5a2a345,1bfbf6e1f849d22a0ece669507eb055525edf6929f273b999d865d52ea086a82,1022794.8531560898,2.547,392.3061560897622,71,392.3061560897622,resnet50,0.10897393224715618
96149d3ed4f00afb92f12856101e693e93c4683f030ae6ca6ebfbb7ba5a2a345,1bfbf6e1f849d22a0ece669507eb055525edf6929f273b999d865d52ea086a82,1022803.0763070585,0.923,402.1533070584992,71,402.1533070584992,resnet50,0.11170925196069421
96149d3ed4f00afb92f12856101e693e93c4683f030ae6ca6ebfbb7ba5a2a345,1bfbf6e1f849d22a0ece669507eb055525edf6929f273b999d865d52ea086a82,1022804.0440158844,0.875,403.1690158843994,71,403.1690158843994,resnet50,0.11199139330122206
96149d3ed4f00afb92f12856101e693e93c4683f030ae6ca6ebfbb7ba5a2a345,eefb3a7b86d12c2676276a5dde28099ef6f546a60e5b78e0a1c2b7221baf154d,1022806.1003530024,0.0,406.1003530024318,71,406.1003530024318,googlenet,0.11280565361178661
96149d3ed4f00afb92f12856101e693e93c4683f030ae6ca6ebfbb7ba5a2a345,1cf618f9ee318fecbc31aa059ded8328581b9a9b092f1069b9f7679b6f89e52e,1022806.5395030977,0.011,406.5285030975938,71,406.5285030975938,inception,0.11292458419377605
96149d3ed4f00afb92f12856101e693e93c4683f030ae6ca6ebfbb7ba5a2a345,1bfbf6e1f849d22a0ece669507eb055525edf6929f273b999d865d52ea086a82,1022807.4407858849,0.863,406.57778588484507,71,406.57778588484507,resnet50,0.1129382738569014
96149d3ed4f00afb92f12856101e693e93c4683f030ae6ca6ebfbb7ba5a2a345,1bfbf6e1f849d22a0ece669507eb055525edf6929f273b999d865d52ea086a82,1022808.9232409,0.959,407.964240900008,71,407.964240900008,resnet50,0.11332340025000222
96149d3ed4f00afb92f12856101e693e93c4683f030ae6ca6ebfbb7ba5a2a345,1bfbf6e1f849d22a0ece669507eb055525edf6929f273b999d865d52ea086a82,1022815.0495419502,1.08,413.96954195026774,71,413.96954195026774,resnet50,0.11499153943062992
96149d3ed4f00afb92f12856101e693e93c4683f030ae6ca6ebfbb7ba5a2a345,1cf618f9ee318fecbc31aa059ded8328581b9a9b092f1069b9f7679b6f89e52e,1022816.422991991,0.267,416.15599199105054,71,416.15599199105054,inception,0.11559888666418071
96149d3ed4f00afb92f12856101e693e93c4683f030ae6ca6ebfbb7ba5a2a345,1bfbf6e1f849d22a0ece669507eb055525edf6929f273b999d865d52ea086a82,1022817.9549379348,0.937,417.0179379347246,71,417.0179379347246,resnet50,0.11583831609297907
96149d3ed4f00afb92f12856101e693e93c4683f030ae6ca6ebfbb7ba5a2a345,eefb3a7b86d12c2676276a5dde28099ef6f546a60e5b78e0a1c2b7221baf154d,1022822.6113679408,0.004,422.60736794082914,71,422.60736794082914,googlenet,0.11739093553911921
96149d3ed4f00afb92f12856101e693e93c4683f030ae6ca6ebfbb7ba5a2a345,eefb3a7b86d12c2676276a5dde28099ef6f546a60e5b78e0a1c2b7221baf154d,1022823.917871952,0.0,423.9178719520569,71,423.9178719520569,googlenet,0.11775496443112692
96149d3ed4f00afb92f12856101e693e93c4683f030ae6ca6ebfbb7ba5a2a345,1cf618f9ee318fecbc31aa059ded8328581b9a9b092f1069b9f7679b6f89e52e,1022824.3507540226,0.009,424.34175402263645,71,424.34175402263645,inception,0.11787270945073235
96149d3ed4f00afb92f12856101e693e93c4683f030ae6ca6ebfbb7ba5a2a345,1cf618f9ee318fecbc31aa059ded8328581b9a9b092f1069b9f7679b6f89e52e,1022825.8023149968,0.013,425.7893149968004,71,425.7893149968004,inception,0.11827480972133345
96149d3ed4f00afb92f12856101e693e93c4683f030ae6ca6ebfbb7ba5a2a345,1cf618f9ee318fecbc31aa059ded8328581b9a9b092f1069b9f7679b6f89e52e,1022826.4411599636,0.012,426.4291599636199,71,426.4291599636199,inception,0.11845254443433886
96149d3ed4f00afb92f12856101e693e93c4683f030ae6ca6ebfbb7ba5a2a345,1cf618f9ee318fecbc31aa059ded8328581b9a9b092f1069b9f7679b6f89e52e,1022826.6343109608,0.022,426.61231096077245,71,426.61231096077245,inception,0.11850341971132568
96149d3ed4f00afb92f12856101e693e93c4683f030ae6ca6ebfbb7ba5a2a345,1cf618f9ee318fecbc31aa059ded8328581b9a9b092f1069b9f7679b6f89e52e,1022826.7740039824,0.009,426.7650039824657,71,426.7650039824657,inception,0.11854583443957381
96149d3ed4f00afb92f12856101e693e93c4683f030ae6ca6ebfbb7ba5a2a345,1cf618f9ee318fecbc31aa059ded8328581b9a9b092f1069b9f7679b6f89e52e,1022828.459884882,0.011,428.44888488191646,71,428.44888488191646,inception,0.11901357913386568
96149d3ed4f00afb92f12856101e693e93c4683f030ae6ca6ebfbb7ba5a2a345,1cf618f9ee318fecbc31aa059ded8328581b9a9b092f1069b9f7679b6f89e52e,1022828.9279448986,0.012,428.91594489861745,71,428.91594489861745,inception,0.11914331802739374
96149d3ed4f00afb92f12856101e693e93c4683f030ae6ca6ebfbb7ba5a2a345,1bfbf6e1f849d22a0ece669507eb055525edf6929f273b999d865d52ea086a82,1022830.427458048,1.144,429.2834580480121,71,429.2834580480121,resnet50,0.11924540501333669
96149d3ed4f00afb92f12856101e693e93c4683f030ae6ca6ebfbb7ba5a2a345,eefb3a7b86d12c2676276a5dde28099ef6f546a60e5b78e0a1c2b7221baf154d,1022930.2640960217,0.0,530.2640960216522,71,530.2640960216522,googlenet,0.14729558222823672
96149d3ed4f00afb92f12856101e693e93c4683f030ae6ca6ebfbb7ba5a2a345,1cf618f9ee318fecbc31aa059ded8328581b9a9b092f1069b9f7679b6f89e52e,1022930.288928032,0.009,530.279928032076,71,530.279928032076,inception,0.14729998000891
96149d3ed4f00afb92f12856101e693e93c4683f030ae6ca6ebfbb7ba5a2a345,1cf618f9ee318fecbc31aa059ded8328581b9a9b092f1069b9f7679b6f89e52e,1022956.1859409808,0.01,556.1759409807855,71,556.1759409807855,inception,0.1544933169391071
96149d3ed4f00afb92f12856101e693e93c4683f030ae6ca6ebfbb7ba5a2a345,1cf618f9ee318fecbc31aa059ded8328581b9a9b092f1069b9f7679b6f89e52e,1022958.8909590244,0.028,558.86295902438,71,558.86295902438,inception,0.15523971084010554
96149d3ed4f00afb92f12856101e693e93c4683f030ae6ca6ebfbb7ba5a2a345,1cf618f9ee318fecbc31aa059ded8328581b9a9b092f1069b9f7679b6f89e52e,1023003.0831930636,0.085,602.9981930636568,71,602.9981930636568,inception,0.167499498073238
96149d3ed4f00afb92f12856101e693e93c4683f030ae6ca6ebfbb7ba5a2a345,1cf618f9ee318fecbc31aa059ded8328581b9a9b092f1069b9f7679b6f89e52e,1023003.1420369148,0.01,603.1320369148161,71,603.1320369148161,inception,0.16753667692078225
96149d3ed4f00afb92f12856101e693e93c4683f030ae6ca6ebfbb7ba5a2a345,1cf618f9ee318fecbc31aa059ded8328581b9a9b092f1069b9f7679b6f89e52e,1023004.4244968892,0.012,604.4124968892429,71,604.4124968892429,inception,0.16789236024701193
96149d3ed4f00afb92f12856101e693e93c4683f030ae6ca6ebfbb7ba5a2a345,eefb3a7b86d12c2676276a5dde28099ef6f546a60e5b78e0a1c2b7221baf154d,1023005.4984629154,0.0,605.4984629154205,71,605.4984629154205,googlenet,0.1681940174765057
96149d3ed4f00afb92f12856101e693e93c4683f030ae6ca6ebfbb7ba5a2a345,1bfbf6e1f849d22a0ece669507eb055525edf6929f273b999d865d52ea086a82,1023007.2103579044,0.613,606.5973579044221,71,606.5973579044221,resnet50,0.1684992660845617
96149d3ed4f00afb92f12856101e693e93c4683f030ae6ca6ebfbb7ba5a2a345,1bfbf6e1f849d22a0ece669507eb055525edf6929f273b999d865d52ea086a82,1023011.8500390052,0.629,611.221039005206,71,611.221039005206,resnet50,0.16978362194589056
96149d3ed4f00afb92f12856101e693e93c4683f030ae6ca6ebfbb7ba5a2a345,1bfbf6e1f849d22a0ece669507eb055525edf6929f273b999d865d52ea086a82,1023014.9155249596,0.773,614.1425249595195,71,614.1425249595195,resnet50,0.17059514582208876
96149d3ed4f00afb92f12856101e693e93c4683f030ae6ca6ebfbb7ba5a2a345,1bfbf6e1f849d22a0ece669507eb055525edf6929f273b999d865d52ea086a82,1023015.913985014,0.699,615.2149850139394,71,615.2149850139394,resnet50,0.17089305139276095
96149d3ed4f00afb92f12856101e693e93c4683f030ae6ca6ebfbb7ba5a2a345,1cf618f9ee318fecbc31aa059ded8328581b9a9b092f1069b9f7679b6f89e52e,1023016.2018330096,0.013,616.188833009568,71,616.188833009568,inception,0.17116356472488
96149d3ed4f00afb92f12856101e693e93c4683f030ae6ca6ebfbb7ba5a2a345,eefb3a7b86d12c2676276a5dde28099ef6f546a60e5b78e0a1c2b7221baf154d,1023016.2688789368,0.002,616.266878936789,71,616.266878936789,googlenet,0.17118524414910805
96149d3ed4f00afb92f12856101e693e93c4683f030ae6ca6ebfbb7ba5a2a345,1cf618f9ee318fecbc31aa059ded8328581b9a9b092f1069b9f7679b6f89e52e,1023021.84573102,0.049,621.7967310199747,71,621.7967310199747,inception,0.1727213141722152
96149d3ed4f00afb92f12856101e693e93c4683f030ae6ca6ebfbb7ba5a2a345,1bfbf6e1f849d22a0ece669507eb055525edf6929f273b999d865d52ea086a82,1023028.310872078,0.825,627.4858720779885,71,627.4858720779885,resnet50,0.17430163113277458
96149d3ed4f00afb92f12856101e693e93c4683f030ae6ca6ebfbb7ba5a2a345,eefb3a7b86d12c2676276a5dde28099ef6f546a60e5b78e0a1c2b7221baf154d,1023028.3510770798,0.0,628.351077079773,71,628.351077079773,googlenet,0.17454196585549248
96149d3ed4f00afb92f12856101e693e93c4683f030ae6ca6ebfbb7ba5a2a345,1cf618f9ee318fecbc31aa059ded8328581b9a9b092f1069b9f7679b6f89e52e,1023028.6924259664,0.011,628.6814259663224,71,628.6814259663224,inception,0.17463372943508956
96149d3ed4f00afb92f12856101e693e93c4683f030ae6ca6ebfbb7ba5a2a345,1bfbf6e1f849d22a0ece669507eb055525edf6929f273b999d865d52ea086a82,1023030.8945240974,0.772,630.1225240974454,71,630.1225240974454,resnet50,0.1750340344715126
96149d3ed4f00afb92f12856101e693e93c4683f030ae6ca6ebfbb7ba5a2a345,1cf618f9ee318fecbc31aa059ded8328581b9a9b092f1069b9f7679b6f89e52e,1023032.1914288998,0.011,632.1804288997082,71,632.1804288997082,inception,0.1756056746943634
96149d3ed4f00afb92f12856101e693e93c4683f030ae6ca6ebfbb7ba5a2a345,1cf618f9ee318fecbc31aa059ded8328581b9a9b092f1069b9f7679b6f89e52e,1023032.6065950394,0.012,632.5945950393798,71,632.5945950393798,inception,0.17572072084427215
b5450811f2226912d7c86164eeca69e414c0407a87152597b8c7fbbc2ab8d110,b5e597c31a20d9046084e9b5365a5151a3cb4a3634f0d24e2e3ddbabc4ef48cd,1109482.2159729004,6.27,675.945972900372,77,675.945972900372,distilgpt2,0.18776277025010332
b5450811f2226912d7c86164eeca69e414c0407a87152597b8c7fbbc2ab8d110,b5e597c31a20d9046084e9b5365a5151a3cb4a3634f0d24e2e3ddbabc4ef48cd,1109483.251869917,7.19,676.0618699169718,77,676.0618699169718,distilgpt2,0.1877949638658255
b5450811f2226912d7c86164eeca69e414c0407a87152597b8c7fbbc2ab8d110,b5e597c31a20d9046084e9b5365a5151a3cb4a3634f0d24e2e3ddbabc4ef48cd,1109482.1574249268,6.067,676.0904249267187,77,676.0904249267187,distilgpt2,0.1878028958129774
b5450811f2226912d7c86164eeca69e414c0407a87152597b8c7fbbc2ab8d110,b5e597c31a20d9046084e9b5365a5151a3cb4a3634f0d24e2e3ddbabc4ef48cd,1109482.460547924,4.948,677.5125479239505,77,677.5125479239505,distilgpt2,0.18819792997887513
b5450811f2226912d7c86164eeca69e414c0407a87152597b8c7fbbc2ab8d110,b5e597c31a20d9046084e9b5365a5151a3cb4a3634f0d24e2e3ddbabc4ef48cd,1109482.62479496,4.799,677.8257949599065,77,677.8257949599065,distilgpt2,0.18828494304441848
b5450811f2226912d7c86164eeca69e414c0407a87152597b8c7fbbc2ab8d110,b5e597c31a20d9046084e9b5365a5151a3cb4a3634f0d24e2e3ddbabc4ef48cd,1109482.6368119717,4.811,677.8258119716775,77,677.8258119716775,distilgpt2,0.18828494776991042
b5450811f2226912d7c86164eeca69e414c0407a87152597b8c7fbbc2ab8d110,b5e597c31a20d9046084e9b5365a5151a3cb4a3634f0d24e2e3ddbabc4ef48cd,1109483.1289350986,3.43,679.6989350987133,77,679.6989350987133,distilgpt2,0.18880525974964257
b5450811f2226912d7c86164eeca69e414c0407a87152597b8c7fbbc2ab8d110,b5e597c31a20d9046084e9b5365a5151a3cb4a3634f0d24e2e3ddbabc4ef48cd,1109483.1361529827,3.436,679.7001529827248,77,679.7001529827248,distilgpt2,0.1888055980507569
96149d3ed4f00afb92f12856101e693e93c4683f030ae6ca6ebfbb7ba5a2a345,eefb3a7b86d12c2676276a5dde28099ef6f546a60e5b78e0a1c2b7221baf154d,1023083.3867740632,0.0,683.3867740632268,71,683.3867740632268,googlenet,0.18982965946200744
96149d3ed4f00afb92f12856101e693e93c4683f030ae6ca6ebfbb7ba5a2a345,eefb3a7b86d12c2676276a5dde28099ef6f546a60e5b78e0a1c2b7221baf154d,1023083.7055559158,0.0,683.7055559158325,71,683.7055559158325,googlenet,0.18991820997662015
96149d3ed4f00afb92f12856101e693e93c4683f030ae6ca6ebfbb7ba5a2a345,eefb3a7b86d12c2676276a5dde28099ef6f546a60e5b78e0a1c2b7221baf154d,1023090.8808419704,0.0,690.8808419704437,71,690.8808419704437,googlenet,0.1919113449917899
b5450811f2226912d7c86164eeca69e414c0407a87152597b8c7fbbc2ab8d110,b5e597c31a20d9046084e9b5365a5151a3cb4a3634f0d24e2e3ddbabc4ef48cd,1109496.263380051,3.436,692.827380050905,77,692.827380050905,distilgpt2,0.19245205001414029
b5450811f2226912d7c86164eeca69e414c0407a87152597b8c7fbbc2ab8d110,b5e597c31a20d9046084e9b5365a5151a3cb4a3634f0d24e2e3ddbabc4ef48cd,1109496.319658995,3.491,692.8286589949857,77,692.8286589949857,distilgpt2,0.19245240527638494
b5450811f2226912d7c86164eeca69e414c0407a87152597b8c7fbbc2ab8d110,b5e597c31a20d9046084e9b5365a5151a3cb4a3634f0d24e2e3ddbabc4ef48cd,1109496.2428719995,3.413,692.8298719995655,77,692.8298719995655,distilgpt2,0.19245274222210154
b5450811f2226912d7c86164eeca69e414c0407a87152597b8c7fbbc2ab8d110,b5e597c31a20d9046084e9b5365a5151a3cb4a3634f0d24e2e3ddbabc4ef48cd,1109496.8661630154,4.036,692.8301630152855,77,692.8301630152855,distilgpt2,0.19245282305980152
b5450811f2226912d7c86164eeca69e414c0407a87152597b8c7fbbc2ab8d110,b5e597c31a20d9046084e9b5365a5151a3cb4a3634f0d24e2e3ddbabc4ef48cd,1109496.8582849505,4.027,692.8312849504873,77,692.8312849504873,distilgpt2,0.1924531347084687
b5450811f2226912d7c86164eeca69e414c0407a87152597b8c7fbbc2ab8d110,b5e597c31a20d9046084e9b5365a5151a3cb4a3634f0d24e2e3ddbabc4ef48cd,1109500.5761799812,3.537,697.0391799812205,77,697.0391799812205,distilgpt2,0.19362199443922792
b5450811f2226912d7c86164eeca69e414c0407a87152597b8c7fbbc2ab8d110,b5e597c31a20d9046084e9b5365a5151a3cb4a3634f0d24e2e3ddbabc4ef48cd,1109500.5694611073,3.528,697.0414611073211,77,697.0414611073211,distilgpt2,0.19362262808536695
96149d3ed4f00afb92f12856101e693e93c4683f030ae6ca6ebfbb7ba5a2a345,1bfbf6e1f849d22a0ece669507eb055525edf6929f273b999d865d52ea086a82,1023107.8914780616,0.764,707.1274780615931,71,707.1274780615931,resnet50,0.19642429946155365
96149d3ed4f00afb92f12856101e693e93c4683f030ae6ca6ebfbb7ba5a2a345,1bfbf6e1f849d22a0ece669507eb055525edf6929f273b999d865d52ea086a82,1023108.9376759528,0.857,708.080675952835,71,708.080675952835,resnet50,0.19668907665356528
b5450811f2226912d7c86164eeca69e414c0407a87152597b8c7fbbc2ab8d110,b5e597c31a20d9046084e9b5365a5151a3cb4a3634f0d24e2e3ddbabc4ef48cd,1109513.688323021,3.698,709.9903230208438,77,709.9903230208438,distilgpt2,0.1972195341724566
b5450811f2226912d7c86164eeca69e414c0407a87152597b8c7fbbc2ab8d110,b5e597c31a20d9046084e9b5365a5151a3cb4a3634f0d24e2e3ddbabc4ef48cd,1109513.667346001,3.676,709.9913460009266,77,709.9913460009266,distilgpt2,0.1972198183335907
b5450811f2226912d7c86164eeca69e414c0407a87152597b8c7fbbc2ab8d110,b5e597c31a20d9046084e9b5365a5151a3cb4a3634f0d24e2e3ddbabc4ef48cd,1109513.9390449524,3.651,710.2880449523218,77,710.2880449523218,distilgpt2,0.19730223470897829
b5450811f2226912d7c86164eeca69e414c0407a87152597b8c7fbbc2ab8d110,b5e597c31a20d9046084e9b5365a5151a3cb4a3634f0d24e2e3ddbabc4ef48cd,1109514.1771349907,3.432,710.7451349906623,77,710.7451349906623,distilgpt2,0.19742920416407286
b5450811f2226912d7c86164eeca69e414c0407a87152597b8c7fbbc2ab8d110,b5e597c31a20d9046084e9b5365a5151a3cb4a3634f0d24e2e3ddbabc4ef48cd,1109514.204694033,3.457,710.7476940329652,77,710.7476940329652,distilgpt2,0.19742991500915702
b5450811f2226912d7c86164eeca69e414c0407a87152597b8c7fbbc2ab8d110,b5e597c31a20d9046084e9b5365a5151a3cb4a3634f0d24e2e3ddbabc4ef48cd,1109516.1270608902,3.444,712.6830608902965,77,712.6830608902965,distilgpt2,0.19796751691397124
b5450811f2226912d7c86164eeca69e414c0407a87152597b8c7fbbc2ab8d110,b5e597c31a20d9046084e9b5365a5151a3cb4a3634f0d24e2e3ddbabc4ef48cd,1109516.174843073,3.489,712.6858430728316,77,712.6858430728316,distilgpt2,0.19796828974245323
b5450811f2226912d7c86164eeca69e414c0407a87152597b8c7fbbc2ab8d110,b5e597c31a20d9046084e9b5365a5151a3cb4a3634f0d24e2e3ddbabc4ef48cd,1109519.932897091,3.489,716.4438970908523,77,716.4438970908523,distilgpt2,0.19901219363634784
b5450811f2226912d7c86164eeca69e414c0407a87152597b8c7fbbc2ab8d110,b5e597c31a20d9046084e9b5365a5151a3cb4a3634f0d24e2e3ddbabc4ef48cd,1109520.182436943,3.405,716.7774369430263,77,716.7774369430263,distilgpt2,0.19910484359528507
96149d3ed4f00afb92f12856101e693e93c4683f030ae6ca6ebfbb7ba5a2a345,eefb3a7b86d12c2676276a5dde28099ef6f546a60e5b78e0a1c2b7221baf154d,1023119.9511830808,0.0,719.9511830807896,71,719.9511830807896,googlenet,0.1999864397446638
b5450811f2226912d7c86164eeca69e414c0407a87152597b8c7fbbc2ab8d110,b5e597c31a20d9046084e9b5365a5151a3cb4a3634f0d24e2e3ddbabc4ef48cd,1109523.9942219255,3.541,720.4532219255343,77,720.4532219255343,distilgpt2,0.20012589497931507
b5450811f2226912d7c86164eeca69e414c0407a87152597b8c7fbbc2ab8d110,b5e597c31a20d9046084e9b5365a5151a3cb4a3634f0d24e2e3ddbabc4ef48cd,1109525.092197895,3.534,721.558197895065,77,721.558197895065,distilgpt2,0.20043283274862916
b5450811f2226912d7c86164eeca69e414c0407a87152597b8c7fbbc2ab8d110,b5e597c31a20d9046084e9b5365a5151a3cb4a3634f0d24e2e3ddbabc4ef48cd,1109525.6429390907,3.426,722.2169390907511,77,722.2169390907511,distilgpt2,0.20061581641409754
b5450811f2226912d7c86164eeca69e414c0407a87152597b8c7fbbc2ab8d110,b5e597c31a20d9046084e9b5365a5151a3cb4a3634f0d24e2e3ddbabc4ef48cd,1109525.7140378952,3.497,722.2170378952287,77,722.2170378952287,distilgpt2,0.20061584385978576
b5450811f2226912d7c86164eeca69e414c0407a87152597b8c7fbbc2ab8d110,b5e597c31a20d9046084e9b5365a5151a3cb4a3634f0d24e2e3ddbabc4ef48cd,1109526.732790947,3.466,723.2667909469455,77,723.2667909469455,distilgpt2,0.2009074419297071
b5450811f2226912d7c86164eeca69e414c0407a87152597b8c7fbbc2ab8d110,b5e597c31a20d9046084e9b5365a5151a3cb4a3634f0d24e2e3ddbabc4ef48cd,1109526.735517025,3.468,723.267517024884,77,723.267517024884,distilgpt2,0.20090764361802332
96149d3ed4f00afb92f12856101e693e93c4683f030ae6ca6ebfbb7ba5a2a345,1bfbf6e1f849d22a0ece669507eb055525edf6929f273b999d865d52ea086a82,1023124.5745549202,0.681,723.8935549202142,71,723.8935549202142,resnet50,0.20108154303339285
b5450811f2226912d7c86164eeca69e414c0407a87152597b8c7fbbc2ab8d110,b5e597c31a20d9046084e9b5365a5151a3cb4a3634f0d24e2e3ddbabc4ef48cd,1109527.811371088,3.405,724.406371088,77,724.406371088,distilgpt2,0.2012239919688889
96149d3ed4f00afb92f12856101e693e93c4683f030ae6ca6ebfbb7ba5a2a345,1bfbf6e1f849d22a0ece669507eb055525edf6929f273b999d865d52ea086a82,1023125.2857699394,0.693,724.5927699394524,71,724.5927699394524,resnet50,0.20127576942762568
b5450811f2226912d7c86164eeca69e414c0407a87152597b8c7fbbc2ab8d110,b5e597c31a20d9046084e9b5365a5151a3cb4a3634f0d24e2e3ddbabc4ef48cd,1109528.4354360104,3.419,725.0164360103663,77,725.0164360103663,distilgpt2,0.20139345444732398
b5450811f2226912d7c86164eeca69e414c0407a87152597b8c7fbbc2ab8d110,b5e597c31a20d9046084e9b5365a5151a3cb4a3634f0d24e2e3ddbabc4ef48cd,1109528.4318180084,3.415,725.0168180083856,77,725.0168180083856,distilgpt2,0.20139356055788488
96149d3ed4f00afb92f12856101e693e93c4683f030ae6ca6ebfbb7ba5a2a345,eefb3a7b86d12c2676276a5dde28099ef6f546a60e5b78e0a1c2b7221baf154d,1023126.2882208824,0.0,726.2882208824158,71,726.2882208824158,googlenet,0.20174672802289326
96149d3ed4f00afb92f12856101e693e93c4683f030ae6ca6ebfbb7ba5a2a345,1cf618f9ee318fecbc31aa059ded8328581b9a9b092f1069b9f7679b6f89e52e,1023126.4227359296,0.011,726.4117359295487,71,726.4117359295487,inception,0.201781037758208
96149d3ed4f00afb92f12856101e693e93c4683f030ae6ca6ebfbb7ba5a2a345,1cf618f9ee318fecbc31aa059ded8328581b9a9b092f1069b9f7679b6f89e52e,1023128.0378661156,0.021,728.0168661156204,71,728.0168661156204,inception,0.20222690725433898
96149d3ed4f00afb92f12856101e693e93c4683f030ae6ca6ebfbb7ba5a2a345,1bfbf6e1f849d22a0ece669507eb055525edf6929f273b999d865d52ea086a82,1023129.0558810234,0.738,728.3178810233949,71,728.3178810233949,resnet50,0.20231052250649859
b5450811f2226912d7c86164eeca69e414c0407a87152597b8c7fbbc2ab8d110,b5e597c31a20d9046084e9b5365a5151a3cb4a3634f0d24e2e3ddbabc4ef48cd,1109531.7259140017,3.395,728.330914001679,77,728.330914001679,distilgpt2,0.2023141427782442
b5450811f2226912d7c86164eeca69e414c0407a87152597b8c7fbbc2ab8d110,b5e597c31a20d9046084e9b5365a5151a3cb4a3634f0d24e2e3ddbabc4ef48cd,1109531.7476530075,3.416,728.331653007539,77,728.331653007539,distilgpt2,0.20231434805764972
96149d3ed4f00afb92f12856101e693e93c4683f030ae6ca6ebfbb7ba5a2a345,eefb3a7b86d12c2676276a5dde28099ef6f546a60e5b78e0a1c2b7221baf154d,1023129.4169080256,0.0,729.4169080256252,71,729.4169080256252,googlenet,0.20261580778489588
b5450811f2226912d7c86164eeca69e414c0407a87152597b8c7fbbc2ab8d110,b5e597c31a20d9046084e9b5365a5151a3cb4a3634f0d24e2e3ddbabc4ef48cd,1109532.9508481026,3.425,729.525848102523,77,729.525848102523,distilgpt2,0.2026460689173675
96149d3ed4f00afb92f12856101e693e93c4683f030ae6ca6ebfbb7ba5a2a345,1bfbf6e1f849d22a0ece669507eb055525edf6929f273b999d865d52ea086a82,1023131.47665596,0.778,730.6986559599172,71,730.6986559599172,resnet50,0.2029718488777548
b5450811f2226912d7c86164eeca69e414c0407a87152597b8c7fbbc2ab8d110,b5e597c31a20d9046084e9b5365a5151a3cb4a3634f0d24e2e3ddbabc4ef48cd,1109534.1778399944,3.458,730.71983999433,77,730.71983999433,distilgpt2,0.2029777333317583
b5450811f2226912d7c86164eeca69e414c0407a87152597b8c7fbbc2ab8d110,b5e597c31a20d9046084e9b5365a5151a3cb4a3634f0d24e2e3ddbabc4ef48cd,1109534.4589920044,3.389,731.0699920044281,77,731.0699920044281,distilgpt2,0.20307499777900778
b5450811f2226912d7c86164eeca69e414c0407a87152597b8c7fbbc2ab8d110,b5e597c31a20d9046084e9b5365a5151a3cb4a3634f0d24e2e3ddbabc4ef48cd,1109534.5163230896,3.446,731.0703230896033,77,731.0703230896033,distilgpt2,0.20307508974711203
b5450811f2226912d7c86164eeca69e414c0407a87152597b8c7fbbc2ab8d110,b5e597c31a20d9046084e9b5365a5151a3cb4a3634f0d24e2e3ddbabc4ef48cd,1109538.2539680004,3.536,734.7179680003319,77,734.7179680003319,distilgpt2,0.20408832444453665
b5450811f2226912d7c86164eeca69e414c0407a87152597b8c7fbbc2ab8d110,b5e597c31a20d9046084e9b5365a5151a3cb4a3634f0d24e2e3ddbabc4ef48cd,1109538.168013096,3.45,734.7180130961351,77,734.7180130961351,distilgpt2,0.20408833697114864
b5450811f2226912d7c86164eeca69e414c0407a87152597b8c7fbbc2ab8d110,b5e597c31a20d9046084e9b5365a5151a3cb4a3634f0d24e2e3ddbabc4ef48cd,1109538.1763350964,3.457,734.7193350964226,77,734.7193350964226,distilgpt2,0.2040887041934507
b5450811f2226912d7c86164eeca69e414c0407a87152597b8c7fbbc2ab8d110,b5e597c31a20d9046084e9b5365a5151a3cb4a3634f0d24e2e3ddbabc4ef48cd,1109538.5386440754,3.354,735.1846440753434,77,735.1846440753434,distilgpt2,0.20421795668759538
b5450811f2226912d7c86164eeca69e414c0407a87152597b8c7fbbc2ab8d110,b5e597c31a20d9046084e9b5365a5151a3cb4a3634f0d24e2e3ddbabc4ef48cd,1109538.6490159037,3.463,735.1860159037169,77,735.1860159037169,distilgpt2,0.20421833775103249
b5450811f2226912d7c86164eeca69e414c0407a87152597b8c7fbbc2ab8d110,b5e597c31a20d9046084e9b5365a5151a3cb4a3634f0d24e2e3ddbabc4ef48cd,1109545.1121850014,3.505,741.607185001485,77,741.607185001485,distilgpt2,0.20600199583374584
b5450811f2226912d7c86164eeca69e414c0407a87152597b8c7fbbc2ab8d110,b5e597c31a20d9046084e9b5365a5151a3cb4a3634f0d24e2e3ddbabc4ef48cd,1109545.1025218964,3.495,741.6075218962505,77,741.6075218962505,distilgpt2,0.20600208941562514
b5450811f2226912d7c86164eeca69e414c0407a87152597b8c7fbbc2ab8d110,b5e597c31a20d9046084e9b5365a5151a3cb4a3634f0d24e2e3ddbabc4ef48cd,1109545.103993893,3.496,741.6079938928597,77,741.6079938928597,distilgpt2,0.20600222052579434
96149d3ed4f00afb92f12856101e693e93c4683f030ae6ca6ebfbb7ba5a2a345,1bfbf6e1f849d22a0ece669507eb055525edf6929f273b999d865d52ea086a82,1023146.7057719232,0.773,745.9327719231369,71,745.9327719231369,resnet50,0.2072035477564269
96149d3ed4f00afb92f12856101e693e93c4683f030ae6ca6ebfbb7ba5a2a345,eefb3a7b86d12c2676276a5dde28099ef6f546a60e5b78e0a1c2b7221baf154d,1023147.920133114,0.0,747.9201331139775,71,747.9201331139775,googlenet,0.20775559253166043
96149d3ed4f00afb92f12856101e693e93c4683f030ae6ca6ebfbb7ba5a2a345,1cf618f9ee318fecbc31aa059ded8328581b9a9b092f1069b9f7679b6f89e52e,1023148.3074820042,0.013,748.2944820041303,71,748.2944820041303,inception,0.20785957833448063
96149d3ed4f00afb92f12856101e693e93c4683f030ae6ca6ebfbb7ba5a2a345,1cf618f9ee318fecbc31aa059ded8328581b9a9b092f1069b9f7679b6f89e52e,1023148.4873840808,0.01,748.4773840807611,71,748.4773840807611,inception,0.2079103844668781
96149d3ed4f00afb92f12856101e693e93c4683f030ae6ca6ebfbb7ba5a2a345,1cf618f9ee318fecbc31aa059ded8328581b9a9b092f1069b9f7679b6f89e52e,1023149.79718709,0.01,749.7871870900271,71,749.7871870900271,inception,0.20827421863611864
96149d3ed4f00afb92f12856101e693e93c4683f030ae6ca6ebfbb7ba5a2a345,eefb3a7b86d12c2676276a5dde28099ef6f546a60e5b78e0a1c2b7221baf154d,1023150.4602921008,0.0,750.46029210079,71,750.46029210079,googlenet,0.20846119225021945
96149d3ed4f00afb92f12856101e693e93c4683f030ae6ca6ebfbb7ba5a2a345,1bfbf6e1f849d22a0ece669507eb055525edf6929f273b999d865d52ea086a82,1023151.5054368972,0.641,750.8644368972164,71,750.8644368972164,resnet50,0.20857345469367122
96149d3ed4f00afb92f12856101e693e93c4683f030ae6ca6ebfbb7ba5a2a345,1cf618f9ee318fecbc31aa059ded8328581b9a9b092f1069b9f7679b6f89e52e,1023151.7212650776,0.011,751.7102650775341,71,751.7102650775341,inception,0.2088084069659817
96149d3ed4f00afb92f12856101e693e93c4683f030ae6ca6ebfbb7ba5a2a345,1cf618f9ee318fecbc31aa059ded8328581b9a9b092f1069b9f7679b6f89e52e,1023151.7449600697,0.016,751.7289600697113,71,751.7289600697113,inception,0.20881360001936425
96149d3ed4f00afb92f12856101e693e93c4683f030ae6ca6ebfbb7ba5a2a345,1bfbf6e1f849d22a0ece669507eb055525edf6929f273b999d865d52ea086a82,1023152.931994915,1.128,751.8039949149825,71,751.8039949149825,resnet50,0.20883444303193957
96149d3ed4f00afb92f12856101e693e93c4683f030ae6ca6ebfbb7ba5a2a345,1cf618f9ee318fecbc31aa059ded8328581b9a9b092f1069b9f7679b6f89e52e,1023154.2898409368,0.016,754.2738409368321,71,754.2738409368321,inception,0.20952051137134226
96149d3ed4f00afb92f12856101e693e93c4683f030ae6ca6ebfbb7ba5a2a345,1bfbf6e1f849d22a0ece669507eb055525edf6929f273b999d865d52ea086a82,1023155.2995929718,0.752,754.5475929718232,71,754.5475929718232,resnet50,0.20959655360328422
96149d3ed4f00afb92f12856101e693e93c4683f030ae6ca6ebfbb7ba5a2a345,1bfbf6e1f849d22a0ece669507eb055525edf6929f273b999d865d52ea086a82,1023156.0300080776,0.72,755.3100080776494,71,755.3100080776494,resnet50,0.20980833557712483
96149d3ed4f00afb92f12856101e693e93c4683f030ae6ca6ebfbb7ba5a2a345,1cf618f9ee318fecbc31aa059ded8328581b9a9b092f1069b9f7679b6f89e52e,1023158.7648899556,0.054,758.7108899556333,71,758.7108899556333,inception,0.21075302498767592
96149d3ed4f00afb92f12856101e693e93c4683f030ae6ca6ebfbb7ba5a2a345,eefb3a7b86d12c2676276a5dde28099ef6f546a60e5b78e0a1c2b7221baf154d,1023158.8067200184,0.0,758.8067200183868,71,758.8067200183868,googlenet,0.2107796444495519
96149d3ed4f00afb92f12856101e693e93c4683f030ae6ca6ebfbb7ba5a2a345,eefb3a7b86d12c2676276a5dde28099ef6f546a60e5b78e0a1c2b7221baf154d,1023159.1353299618,0.0,759.1353299617767,71,759.1353299617767,googlenet,0.21087092498938242
96149d3ed4f00afb92f12856101e693e93c4683f030ae6ca6ebfbb7ba5a2a345,eefb3a7b86d12c2676276a5dde28099ef6f546a60e5b78e0a1c2b7221baf154d,1023171.4552900792,0.0,771.4552900792332,71,771.4552900792332,googlenet,0.21429313613312034
96149d3ed4f00afb92f12856101e693e93c4683f030ae6ca6ebfbb7ba5a2a345,1cf618f9ee318fecbc31aa059ded8328581b9a9b092f1069b9f7679b6f89e52e,1023174.5838119984,0.01,774.573811998358,71,774.573811998358,inception,0.2151593922217661
96149d3ed4f00afb92f12856101e693e93c4683f030ae6ca6ebfbb7ba5a2a345,1bfbf6e1f849d22a0ece669507eb055525edf6929f273b999d865d52ea086a82,1023175.7874159812,0.702,775.0854159811279,71,775.0854159811279,resnet50,0.21530150443920218
96149d3ed4f00afb92f12856101e693e93c4683f030ae6ca6ebfbb7ba5a2a345,1cf618f9ee318fecbc31aa059ded8328581b9a9b092f1069b9f7679b6f89e52e,1023177.7395899296,0.009,777.7305899296189,71,777.7305899296189,inception,0.2160362749804497
96149d3ed4f00afb92f12856101e693e93c4683f030ae6ca6ebfbb7ba5a2a345,1cf618f9ee318fecbc31aa059ded8328581b9a9b092f1069b9f7679b6f89e52e,1023178.1064999104,0.009,778.0974999103928,71,778.0974999103928,inception,0.21613819441955356
96149d3ed4f00afb92f12856101e693e93c4683f030ae6ca6ebfbb7ba5a2a345,1cf618f9ee318fecbc31aa059ded8328581b9a9b092f1069b9f7679b6f89e52e,1023180.0239400864,0.013,780.0109400863294,71,780.0109400863294,inception,0.21666970557953594
96149d3ed4f00afb92f12856101e693e93c4683f030ae6ca6ebfbb7ba5a2a345,1bfbf6e1f849d22a0ece669507eb055525edf6929f273b999d865d52ea086a82,1023180.889019966,0.671,780.2180199660361,71,780.2180199660361,resnet50,0.21672722776834336
96149d3ed4f00afb92f12856101e693e93c4683f030ae6ca6ebfbb7ba5a2a345,eefb3a7b86d12c2676276a5dde28099ef6f546a60e5b78e0a1c2b7221baf154d,1023183.4086689948,0.0,783.4086689947871,71,783.4086689947871,googlenet,0.21761351916521865
96149d3ed4f00afb92f12856101e693e93c4683f030ae6ca6ebfbb7ba5a2a345,eefb3a7b86d12c2676276a5dde28099ef6f546a60e5b78e0a1c2b7221baf154d,1023183.4688949584,0.0,783.4688949583797,71,783.4688949583797,googlenet,0.2176302485995499
96149d3ed4f00afb92f12856101e693e93c4683f030ae6ca6ebfbb7ba5a2a345,1cf618f9ee318fecbc31aa059ded8328581b9a9b092f1069b9f7679b6f89e52e,1023184.4458539486,0.013,784.4328539485577,71,784.4328539485577,inception,0.2178980149857105
96149d3ed4f00afb92f12856101e693e93c4683f030ae6ca6ebfbb7ba5a2a345,1bfbf6e1f849d22a0ece669507eb055525edf6929f273b999d865d52ea086a82,1023185.2451069356,0.621,784.6241069355747,71,784.6241069355747,resnet50,0.2179511408154374
96149d3ed4f00afb92f12856101e693e93c4683f030ae6ca6ebfbb7ba5a2a345,1bfbf6e1f849d22a0ece669507eb055525edf6929f273b999d865d52ea086a82,1023185.9569349288,0.679,785.2779349287739,71,785.2779349287739,resnet50,0.2181327597024372
96149d3ed4f00afb92f12856101e693e93c4683f030ae6ca6ebfbb7ba5a2a345,1cf618f9ee318fecbc31aa059ded8328581b9a9b092f1069b9f7679b6f89e52e,1023185.7718520164,0.011,785.7608520163922,71,785.7608520163922,inception,0.2182669033378867
96149d3ed4f00afb92f12856101e693e93c4683f030ae6ca6ebfbb7ba5a2a345,1bfbf6e1f849d22a0ece669507eb055525edf6929f273b999d865d52ea086a82,1023187.4555499554,0.6,786.8555499553913,71,786.8555499553913,resnet50,0.2185709860987198
96149d3ed4f00afb92f12856101e693e93c4683f030ae6ca6ebfbb7ba5a2a345,1bfbf6e1f849d22a0ece669507eb055525edf6929f273b999d865d52ea086a82,1023188.2790830137,0.732,787.547083013691,71,787.547083013691,resnet50,0.21876307861491417
96149d3ed4f00afb92f12856101e693e93c4683f030ae6ca6ebfbb7ba5a2a345,1bfbf6e1f849d22a0ece669507eb055525edf6929f273b999d865d52ea086a82,1023188.3364129066,0.67,787.6664129066048,71,787.6664129066048,resnet50,0.21879622580739022
96149d3ed4f00afb92f12856101e693e93c4683f030ae6ca6ebfbb7ba5a2a345,eefb3a7b86d12c2676276a5dde28099ef6f546a60e5b78e0a1c2b7221baf154d,1023188.520136118,0.0,788.5201361180516,71,788.5201361180516,googlenet,0.21903337114390323
96149d3ed4f00afb92f12856101e693e93c4683f030ae6ca6ebfbb7ba5a2a345,1bfbf6e1f849d22a0ece669507eb055525edf6929f273b999d865d52ea086a82,1023191.4929978848,1.958,789.5349978847662,71,789.5349978847662,resnet50,0.21931527719021282
96149d3ed4f00afb92f12856101e693e93c4683f030ae6ca6ebfbb7ba5a2a345,1bfbf6e1f849d22a0ece669507eb055525edf6929f273b999d865d52ea086a82,1023192.0898571014,1.226,790.8638571014162,71,790.8638571014162,resnet50,0.21968440475039339
96149d3ed4f00afb92f12856101e693e93c4683f030ae6ca6ebfbb7ba5a2a345,eefb3a7b86d12c2676276a5dde28099ef6f546a60e5b78e0a1c2b7221baf154d,1023192.189923048,0.0,792.1899230480194,71,792.1899230480194,googlenet,0.2200527564022276
96149d3ed4f00afb92f12856101e693e93c4683f030ae6ca6ebfbb7ba5a2a345,eefb3a7b86d12c2676276a5dde28099ef6f546a60e5b78e0a1c2b7221baf154d,1023192.317565918,0.0,792.3175659179688,71,792.3175659179688,googlenet,0.22008821275499132
96149d3ed4f00afb92f12856101e693e93c4683f030ae6ca6ebfbb7ba5a2a345,eefb3a7b86d12c2676276a5dde28099ef6f546a60e5b78e0a1c2b7221baf154d,1023193.2216289043,0.004,793.2176289043855,71,793.2176289043855,googlenet,0.22033823025121818
96149d3ed4f00afb92f12856101e693e93c4683f030ae6ca6ebfbb7ba5a2a345,1cf618f9ee318fecbc31aa059ded8328581b9a9b092f1069b9f7679b6f89e52e,1023193.4521989822,0.015,793.4371989822248,71,793.4371989822248,inception,0.2203992219395069
96149d3ed4f00afb92f12856101e693e93c4683f030ae6ca6ebfbb7ba5a2a345,eefb3a7b86d12c2676276a5dde28099ef6f546a60e5b78e0a1c2b7221baf154d,1023194.6056470872,0.0,794.6056470872136,71,794.6056470872136,googlenet,0.22072379085755933
96149d3ed4f00afb92f12856101e693e93c4683f030ae6ca6ebfbb7ba5a2a345,eefb3a7b86d12c2676276a5dde28099ef6f546a60e5b78e0a1c2b7221baf154d,1023194.8360819815,0.0,794.8360819815425,71,794.8360819815425,googlenet,0.2207878005504285
96149d3ed4f00afb92f12856101e693e93c4683f030ae6ca6ebfbb7ba5a2a345,1bfbf6e1f849d22a0ece669507eb055525edf6929f273b999d865d52ea086a82,1023195.761744976,0.745,795.0167449760484,71,795.0167449760484,resnet50,0.22083798471556898
96149d3ed4f00afb92f12856101e693e93c4683f030ae6ca6ebfbb7ba5a2a345,1cf618f9ee318fecbc31aa059ded8328581b9a9b092f1069b9f7679b6f89e52e,1023197.0997929572,0.01,797.0897929571802,71,797.0897929571802,inception,0.2214138313769945
96149d3ed4f00afb92f12856101e693e93c4683f030ae6ca6ebfbb7ba5a2a345,1bfbf6e1f849d22a0ece669507eb055525edf6929f273b999d865d52ea086a82,1023197.7561740876,0.631,797.1251740875887,71,797.1251740875887,resnet50,0.22142365946877463
96149d3ed4f00afb92f12856101e693e93c4683f030ae6ca6ebfbb7ba5a2a345,1bfbf6e1f849d22a0ece669507eb055525edf6929f273b999d865d52ea086a82,1023198.707159996,0.668,798.0391599960858,71,798.0391599960858,resnet50,0.22167754444335716
96149d3ed4f00afb92f12856101e693e93c4683f030ae6ca6ebfbb7ba5a2a345,1cf618f9ee318fecbc31aa059ded8328581b9a9b092f1069b9f7679b6f89e52e,1023198.5510070324,0.009,798.5420070324326,71,798.5420070324326,inception,0.22181722417567573
96149d3ed4f00afb92f12856101e693e93c4683f030ae6ca6ebfbb7ba5a2a345,eefb3a7b86d12c2676276a5dde28099ef6f546a60e5b78e0a1c2b7221baf154d,1023198.8952810764,0.0,798.8952810764313,71,798.8952810764313,googlenet,0.22191535585456423
96149d3ed4f00afb92f12856101e693e93c4683f030ae6ca6ebfbb7ba5a2a345,1cf618f9ee318fecbc31aa059ded8328581b9a9b092f1069b9f7679b6f89e52e,1023201.7084159852,0.018,801.6904159851838,71,801.6904159851838,inception,0.22269178221810662
96149d3ed4f00afb92f12856101e693e93c4683f030ae6ca6ebfbb7ba5a2a345,eefb3a7b86d12c2676276a5dde28099ef6f546a60e5b78e0a1c2b7221baf154d,1023203.4865689278,0.0,803.4865689277649,71,803.4865689277649,googlenet,0.2231907135910458
96149d3ed4f00afb92f12856101e693e93c4683f030ae6ca6ebfbb7ba5a2a345,1bfbf6e1f849d22a0ece669507eb055525edf6929f273b999d865d52ea086a82,1023204.4062900544,0.763,803.6432900544023,71,803.6432900544023,resnet50,0.22323424723733398
96149d3ed4f00afb92f12856101e693e93c4683f030ae6ca6ebfbb7ba5a2a345,eefb3a7b86d12c2676276a5dde28099ef6f546a60e5b78e0a1c2b7221baf154d,1023208.3194520472,0.0,808.3194520472316,71,808.3194520472316,googlenet,0.224533181124231
96149d3ed4f00afb92f12856101e693e93c4683f030ae6ca6ebfbb7ba5a2a345,1cf618f9ee318fecbc31aa059ded8328581b9a9b092f1069b9f7679b6f89e52e,1023209.1233758926,0.01,809.1133758926298,71,809.1133758926298,inception,0.2247537155257305
96149d3ed4f00afb92f12856101e693e93c4683f030ae6ca6ebfbb7ba5a2a345,eefb3a7b86d12c2676276a5dde28099ef6f546a60e5b78e0a1c2b7221baf154d,1023210.5811309814,0.0,810.5811309814453,71,810.5811309814453,googlenet,0.2251614252726237
96149d3ed4f00afb92f12856101e693e93c4683f030ae6ca6ebfbb7ba5a2a345,1bfbf6e1f849d22a0ece669507eb055525edf6929f273b999d865d52ea086a82,1023211.6406290532,0.779,810.8616290532518,71,810.8616290532518,resnet50,0.22523934140368107
96149d3ed4f00afb92f12856101e693e93c4683f030ae6ca6ebfbb7ba5a2a345,1bfbf6e1f849d22a0ece669507eb055525edf6929f273b999d865d52ea086a82,1023213.585709095,0.789,812.7967090950115,71,812.7967090950115,resnet50,0.22577686363750318
96149d3ed4f00afb92f12856101e693e93c4683f030ae6ca6ebfbb7ba5a2a345,eefb3a7b86d12c2676276a5dde28099ef6f546a60e5b78e0a1c2b7221baf154d,1023215.6293098928,0.0,815.6293098927708,71,815.6293098927708,googlenet,0.22656369719243635
96149d3ed4f00afb92f12856101e693e93c4683f030ae6ca6ebfbb7ba5a2a345,1bfbf6e1f849d22a0ece669507eb055525edf6929f273b999d865d52ea086a82,1023222.5302610396,0.651,821.8792610396631,71,821.8792610396631,resnet50,0.22829979473323975
96149d3ed4f00afb92f12856101e693e93c4683f030ae6ca6ebfbb7ba5a2a345,eefb3a7b86d12c2676276a5dde28099ef6f546a60e5b78e0a1c2b7221baf154d,1023223.4241290092,0.0,823.4241290092468,71,823.4241290092468,googlenet,0.22872892472479078
96149d3ed4f00afb92f12856101e693e93c4683f030ae6ca6ebfbb7ba5a2a345,1bfbf6e1f849d22a0ece669507eb055525edf6929f273b999d865d52ea086a82,1023224.6745378972,1.075,823.599537897273,71,823.599537897273,resnet50,0.22877764941590917
96149d3ed4f00afb92f12856101e693e93c4683f030ae6ca6ebfbb7ba5a2a345,1bfbf6e1f849d22a0ece669507eb055525edf6929f273b999d865d52ea086a82,1023225.4480199814,0.717,824.7310199814383,71,824.7310199814383,resnet50,0.22909194999484397
96149d3ed4f00afb92f12856101e693e93c4683f030ae6ca6ebfbb7ba5a2a345,1bfbf6e1f849d22a0ece669507eb055525edf6929f273b999d865d52ea086a82,1023226.1899750232,0.671,825.5189750231802,71,825.5189750231802,resnet50,0.22931082639532785
96149d3ed4f00afb92f12856101e693e93c4683f030ae6ca6ebfbb7ba5a2a345,1cf618f9ee318fecbc31aa059ded8328581b9a9b092f1069b9f7679b6f89e52e,1023225.6275808812,0.037,825.590580881224,71,825.590580881224,inception,0.22933071691145113
96149d3ed4f00afb92f12856101e693e93c4683f030ae6ca6ebfbb7ba5a2a345,eefb3a7b86d12c2676276a5dde28099ef6f546a60e5b78e0a1c2b7221baf154d,1023226.2753059864,0.0,826.2753059864044,71,826.2753059864044,googlenet,0.2295209183295568
96149d3ed4f00afb92f12856101e693e93c4683f030ae6ca6ebfbb7ba5a2a345,eefb3a7b86d12c2676276a5dde28099ef6f546a60e5b78e0a1c2b7221baf154d,1023231.2295770644,0.0,831.2295770643977,71,831.2295770643977,googlenet,0.2308971047401105
96149d3ed4f00afb92f12856101e693e93c4683f030ae6ca6ebfbb7ba5a2a345,1bfbf6e1f849d22a0ece669507eb055525edf6929f273b999d865d52ea086a82,1023232.9987790585,1.758,831.2407790584257,71,831.2407790584257,resnet50,0.23090021640511824
96149d3ed4f00afb92f12856101e693e93c4683f030ae6ca6ebfbb7ba5a2a345,1bfbf6e1f849d22a0ece669507eb055525edf6929f273b999d865d52ea086a82,1023241.4998760225,0.937,840.5628760224208,71,840.5628760224208,resnet50,0.23348968778400578
96149d3ed4f00afb92f12856101e693e93c4683f030ae6ca6ebfbb7ba5a2a345,eefb3a7b86d12c2676276a5dde28099ef6f546a60e5b78e0a1c2b7221baf154d,1023240.6337389946,0.0,840.6337389945984,71,840.6337389945984,googlenet,0.233509371942944
96149d3ed4f00afb92f12856101e693e93c4683f030ae6ca6ebfbb7ba5a2a345,eefb3a7b86d12c2676276a5dde28099ef6f546a60e5b78e0a1c2b7221baf154d,1023241.578911066,0.0,841.5789110660553,71,841.5789110660553,googlenet,0.2337719197405709
96149d3ed4f00afb92f12856101e693e93c4683f030ae6ca6ebfbb7ba5a2a345,eefb3a7b86d12c2676276a5dde28099ef6f546a60e5b78e0a1c2b7221baf154d,1023241.711071968,0.0,841.7110719679622,71,841.7110719679622,googlenet,0.23380863110221173
96149d3ed4f00afb92f12856101e693e93c4683f030ae6ca6ebfbb7ba5a2a345,1cf618f9ee318fecbc31aa059ded8328581b9a9b092f1069b9f7679b6f89e52e,1023242.5242569448,0.018,842.5062569447327,71,842.5062569447327,inception,0.23402951581798132
96149d3ed4f00afb92f12856101e693e93c4683f030ae6ca6ebfbb7ba5a2a345,1cf618f9ee318fecbc31aa059ded8328581b9a9b092f1069b9f7679b6f89e52e,1023242.9836690426,0.009,842.9746690426255,71,842.9746690426255,inception,0.2341596302896182
96149d3ed4f00afb92f12856101e693e93c4683f030ae6ca6ebfbb7ba5a2a345,1cf618f9ee318fecbc31aa059ded8328581b9a9b092f1069b9f7679b6f89e52e,1023243.698180914,0.013,843.6851809140062,71,843.6851809140062,inception,0.23435699469833504
96149d3ed4f00afb92f12856101e693e93c4683f030ae6ca6ebfbb7ba5a2a345,1bfbf6e1f849d22a0ece669507eb055525edf6929f273b999d865d52ea086a82,1023245.1414608957,1.11,844.0314608956687,71,844.0314608956687,resnet50,0.2344531835821302
96149d3ed4f00afb92f12856101e693e93c4683f030ae6ca6ebfbb7ba5a2a345,1cf618f9ee318fecbc31aa059ded8328581b9a9b092f1069b9f7679b6f89e52e,1023246.7123939992,0.193,846.519393999246,71,846.519393999246,inception,0.23514427611090166
96149d3ed4f00afb92f12856101e693e93c4683f030ae6ca6ebfbb7ba5a2a345,1cf618f9ee318fecbc31aa059ded8328581b9a9b092f1069b9f7679b6f89e52e,1023247.1834659576,0.095,847.0884659576695,71,847.0884659576695,inception,0.2353023516549082
96149d3ed4f00afb92f12856101e693e93c4683f030ae6ca6ebfbb7ba5a2a345,eefb3a7b86d12c2676276a5dde28099ef6f546a60e5b78e0a1c2b7221baf154d,1023247.6617650986,0.0,847.6617650985718,71,847.6617650985718,googlenet,0.23546160141626993
96149d3ed4f00afb92f12856101e693e93c4683f030ae6ca6ebfbb7ba5a2a345,eefb3a7b86d12c2676276a5dde28099ef6f546a60e5b78e0a1c2b7221baf154d,1023248.8081760406,0.0,848.8081760406494,71,848.8081760406494,googlenet,0.2357800489001804
96149d3ed4f00afb92f12856101e693e93c4683f030ae6ca6ebfbb7ba5a2a345,1bfbf6e1f849d22a0ece669507eb055525edf6929f273b999d865d52ea086a82,1023249.9803869724,1.115,848.8653869724367,71,848.8653869724367,resnet50,0.23579594082567687
96149d3ed4f00afb92f12856101e693e93c4683f030ae6ca6ebfbb7ba5a2a345,1cf618f9ee318fecbc31aa059ded8328581b9a9b092f1069b9f7679b6f89e52e,1023249.3053240776,0.259,849.0463240776444,71,849.0463240776444,inception,0.23584620113267898
96149d3ed4f00afb92f12856101e693e93c4683f030ae6ca6ebfbb7ba5a2a345,1bfbf6e1f849d22a0ece669507eb055525edf6929f273b999d865d52ea086a82,1023250.9581370354,1.637,849.321137035382,71,849.321137035382,resnet50,0.23592253806538388
96149d3ed4f00afb92f12856101e693e93c4683f030ae6ca6ebfbb7ba5a2a345,eefb3a7b86d12c2676276a5dde28099ef6f546a60e5b78e0a1c2b7221baf154d,1023250.3927869796,0.0,850.3927869795589,71,850.3927869795589,googlenet,0.23622021860543302
96149d3ed4f00afb92f12856101e693e93c4683f030ae6ca6ebfbb7ba5a2a345,1bfbf6e1f849d22a0ece669507eb055525edf6929f273b999d865d52ea086a82,1023251.9093980788,0.845,851.06439807883,71,851.06439807883,resnet50,0.23640677724411943
96149d3ed4f00afb92f12856101e693e93c4683f030ae6ca6ebfbb7ba5a2a345,eefb3a7b86d12c2676276a5dde28099ef6f546a60e5b78e0a1c2b7221baf154d,1023254.12195611,0.0,854.1219561100006,71,854.1219561100006,googlenet,0.2372560989194446
96149d3ed4f00afb92f12856101e693e93c4683f030ae6ca6ebfbb7ba5a2a345,1bfbf6e1f849d22a0ece669507eb055525edf6929f273b999d865d52ea086a82,1023255.188092947,0.941,854.2470929470146,71,854.2470929470146,resnet50,0.2372908591519485
96149d3ed4f00afb92f12856101e693e93c4683f030ae6ca6ebfbb7ba5a2a345,1bfbf6e1f849d22a0ece669507eb055525edf6929f273b999d865d52ea086a82,1023256.1901640892,1.082,855.1081640891498,71,855.1081640891498,resnet50,0.2375300455803194
96149d3ed4f00afb92f12856101e693e93c4683f030ae6ca6ebfbb7ba5a2a345,1cf618f9ee318fecbc31aa059ded8328581b9a9b092f1069b9f7679b6f89e52e,1023255.2084040642,0.01,855.1984040641692,71,855.1984040641692,inception,0.237555112240047
96149d3ed4f00afb92f12856101e693e93c4683f030ae6ca6ebfbb7ba5a2a345,1bfbf6e1f849d22a0ece669507eb055525edf6929f273b999d865d52ea086a82,1023257.6554379464,0.76,856.8954379464267,71,856.8954379464267,resnet50,0.23802651054067409
96149d3ed4f00afb92f12856101e693e93c4683f030ae6ca6ebfbb7ba5a2a345,1cf618f9ee318fecbc31aa059ded8328581b9a9b092f1069b9f7679b6f89e52e,1023258.3585309982,0.012,858.3465309982421,71,858.3465309982421,inception,0.23842959194395613
96149d3ed4f00afb92f12856101e693e93c4683f030ae6ca6ebfbb7ba5a2a345,1bfbf6e1f849d22a0ece669507eb055525edf6929f273b999d865d52ea086a82,1023260.2590410708,1.033,859.2260410707677,71,859.2260410707677,resnet50,0.23867390029743546
96149d3ed4f00afb92f12856101e693e93c4683f030ae6ca6ebfbb7ba5a2a345,eefb3a7b86d12c2676276a5dde28099ef6f546a60e5b78e0a1c2b7221baf154d,1023261.2890160084,0.0,861.2890160083771,71,861.2890160083771,googlenet,0.23924694889121587
96149d3ed4f00afb92f12856101e693e93c4683f030ae6ca6ebfbb7ba5a2a345,eefb3a7b86d12c2676276a5dde28099ef6f546a60e5b78e0a1c2b7221baf154d,1023262.203152895,0.0,862.2031528949738,71,862.2031528949738,googlenet,0.23950087580415938
96149d3ed4f00afb92f12856101e693e93c4683f030ae6ca6ebfbb7ba5a2a345,eefb3a7b86d12c2676276a5dde28099ef6f546a60e5b78e0a1c2b7221baf154d,1023265.9830698968,0.0,865.9830698968144,71,865.9830698968144,googlenet,0.2405508527491151
96149d3ed4f00afb92f12856101e693e93c4683f030ae6ca6ebfbb7ba5a2a345,eefb3a7b86d12c2676276a5dde28099ef6f546a60e5b78e0a1c2b7221baf154d,1023267.1229000092,0.0,867.1229000091553,71,867.1229000091553,googlenet,0.24086747222476534
96149d3ed4f00afb92f12856101e693e93c4683f030ae6ca6ebfbb7ba5a2a345,1bfbf6e1f849d22a0ece669507eb055525edf6929f273b999d865d52ea086a82,1023269.1503329276,0.852,868.2983329276321,71,868.2983329276321,resnet50,0.2411939813687867
96149d3ed4f00afb92f12856101e693e93c4683f030ae6ca6ebfbb7ba5a2a345,1cf618f9ee318fecbc31aa059ded8328581b9a9b092f1069b9f7679b6f89e52e,1023269.6775479316,0.018,869.6595479315147,71,869.6595479315147,inception,0.24157209664764295
96149d3ed4f00afb92f12856101e693e93c4683f030ae6ca6ebfbb7ba5a2a345,1bfbf6e1f849d22a0ece669507eb055525edf6929f273b999d865d52ea086a82,1023276.682199955,1.796,874.8861999550136,71,874.8861999550136,resnet50,0.24302394443194822
96149d3ed4f00afb92f12856101e693e93c4683f030ae6ca6ebfbb7ba5a2a345,1bfbf6e1f849d22a0ece669507eb055525edf6929f273b999d865d52ea086a82,1023276.4620399476,0.729,875.7330399475759,71,875.7330399475759,resnet50,0.2432591777632155
96149d3ed4f00afb92f12856101e693e93c4683f030ae6ca6ebfbb7ba5a2a345,1bfbf6e1f849d22a0ece669507eb055525edf6929f273b999d865d52ea086a82,1023277.5291900636,0.691,876.8381900636014,71,876.8381900636014,resnet50,0.24356616390655594
96149d3ed4f00afb92f12856101e693e93c4683f030ae6ca6ebfbb7ba5a2a345,eefb3a7b86d12c2676276a5dde28099ef6f546a60e5b78e0a1c2b7221baf154d,1023277.4724779128,0.0,877.4724779127864,71,877.4724779127864,googlenet,0.243742354975774
96149d3ed4f00afb92f12856101e693e93c4683f030ae6ca6ebfbb7ba5a2a345,eefb3a7b86d12c2676276a5dde28099ef6f546a60e5b78e0a1c2b7221baf154d,1023278.3304669856,0.0,878.3304669855861,71,878.3304669855861,googlenet,0.24398068527377392
96149d3ed4f00afb92f12856101e693e93c4683f030ae6ca6ebfbb7ba5a2a345,1cf618f9ee318fecbc31aa059ded8328581b9a9b092f1069b9f7679b6f89e52e,1023278.4067800044,0.01,878.3967800043756,71,878.3967800043756,inception,0.243999105556771
96149d3ed4f00afb92f12856101e693e93c4683f030ae6ca6ebfbb7ba5a2a345,1cf618f9ee318fecbc31aa059ded8328581b9a9b092f1069b9f7679b6f89e52e,1023278.4299058914,0.011,878.4189058913616,71,878.4189058913616,inception,0.24400525163648934
96149d3ed4f00afb92f12856101e693e93c4683f030ae6ca6ebfbb7ba5a2a345,1bfbf6e1f849d22a0ece669507eb055525edf6929f273b999d865d52ea086a82,1023279.3456680776,0.837,878.5086680775275,71,878.5086680775275,resnet50,0.244030185577091
96149d3ed4f00afb92f12856101e693e93c4683f030ae6ca6ebfbb7ba5a2a345,1cf618f9ee318fecbc31aa059ded8328581b9a9b092f1069b9f7679b6f89e52e,1023278.623249054,0.01,878.6132490539458,71,878.6132490539458,inception,0.24405923584831826
96149d3ed4f00afb92f12856101e693e93c4683f030ae6ca6ebfbb7ba5a2a345,eefb3a7b86d12c2676276a5dde28099ef6f546a60e5b78e0a1c2b7221baf154d,1023278.6328999996,0.0,878.6328999996185,71,878.6328999996185,googlenet,0.24406469444433848
96149d3ed4f00afb92f12856101e693e93c4683f030ae6ca6ebfbb7ba5a2a345,1cf618f9ee318fecbc31aa059ded8328581b9a9b092f1069b9f7679b6f89e52e,1023280.8640899658,0.014,880.8500899658538,71,880.8500899658538,inception,0.2446805805460705
96149d3ed4f00afb92f12856101e693e93c4683f030ae6ca6ebfbb7ba5a2a345,eefb3a7b86d12c2676276a5dde28099ef6f546a60e5b78e0a1c2b7221baf154d,1023281.07523489,0.0,881.0752348899841,71,881.0752348899841,googlenet,0.24474312080277336
96149d3ed4f00afb92f12856101e693e93c4683f030ae6ca6ebfbb7ba5a2a345,1bfbf6e1f849d22a0ece669507eb055525edf6929f273b999d865d52ea086a82,1023281.8486790656,0.693,881.1556790656177,71,881.1556790656177,resnet50,0.24476546640711605
96149d3ed4f00afb92f12856101e693e93c4683f030ae6ca6ebfbb7ba5a2a345,1bfbf6e1f849d22a0ece669507eb055525edf6929f273b999d865d52ea086a82,1023282.9499540328,0.987,881.9629540328169,71,881.9629540328169,resnet50,0.24498970945356024
96149d3ed4f00afb92f12856101e693e93c4683f030ae6ca6ebfbb7ba5a2a345,1bfbf6e1f849d22a0ece669507eb055525edf6929f273b999d865d52ea086a82,1023283.9133229256,0.845,883.0683229255956,71,883.0683229255956,resnet50,0.245296756368221
96149d3ed4f00afb92f12856101e693e93c4683f030ae6ca6ebfbb7ba5a2a345,1cf618f9ee318fecbc31aa059ded8328581b9a9b092f1069b9f7679b6f89e52e,1023284.1858649254,0.015,884.1708649253706,71,884.1708649253706,inception,0.24560301803482515
96149d3ed4f00afb92f12856101e693e93c4683f030ae6ca6ebfbb7ba5a2a345,1bfbf6e1f849d22a0ece669507eb055525edf6929f273b999d865d52ea086a82,1023285.1382040976,0.936,884.2022040976444,71,884.2022040976444,resnet50,0.24561172336045678
96149d3ed4f00afb92f12856101e693e93c4683f030ae6ca6ebfbb7ba5a2a345,1bfbf6e1f849d22a0ece669507eb055525edf6929f273b999d865d52ea086a82,1023288.3589849472,0.726,887.6329849471804,71,887.6329849471804,resnet50,0.24656471804088342
96149d3ed4f00afb92f12856101e693e93c4683f030ae6ca6ebfbb7ba5a2a345,1bfbf6e1f849d22a0ece669507eb055525edf6929f273b999d865d52ea086a82,1023288.48192811,0.691,887.7909281100146,71,887.7909281100146,resnet50,0.24660859114167075
96149d3ed4f00afb92f12856101e693e93c4683f030ae6ca6ebfbb7ba5a2a345,1cf618f9ee318fecbc31aa059ded8328581b9a9b092f1069b9f7679b6f89e52e,1023289.894840002,0.013,889.8818400019081,71,889.8818400019081,inception,0.24718940000053002
96149d3ed4f00afb92f12856101e693e93c4683f030ae6ca6ebfbb7ba5a2a345,eefb3a7b86d12c2676276a5dde28099ef6f546a60e5b78e0a1c2b7221baf154d,1023290.3487970828,0.0,890.3487970827846,71,890.3487970827846,googlenet,0.2473191103007735
96149d3ed4f00afb92f12856101e693e93c4683f030ae6ca6ebfbb7ba5a2a345,1bfbf6e1f849d22a0ece669507eb055525edf6929f273b999d865d52ea086a82,1023294.100415945,0.632,893.4684159450699,71,893.4684159450699,resnet50,0.24818567109585274
96149d3ed4f00afb92f12856101e693e93c4683f030ae6ca6ebfbb7ba5a2a345,1bfbf6e1f849d22a0ece669507eb055525edf6929f273b999d865d52ea086a82,1023294.9707770348,0.823,894.1477770347847,71,894.1477770347847,resnet50,0.2483743825096624
96149d3ed4f00afb92f12856101e693e93c4683f030ae6ca6ebfbb7ba5a2a345,1bfbf6e1f849d22a0ece669507eb055525edf6929f273b999d865d52ea086a82,1023295.7019131184,0.944,894.7579131183447,71,894.7579131183447,resnet50,0.24854386475509577
96149d3ed4f00afb92f12856101e693e93c4683f030ae6ca6ebfbb7ba5a2a345,eefb3a7b86d12c2676276a5dde28099ef6f546a60e5b78e0a1c2b7221baf154d,1023295.7215878963,0.0,895.721587896347,71,895.721587896347,googlenet,0.24881155219342974
96149d3ed4f00afb92f12856101e693e93c4683f030ae6ca6ebfbb7ba5a2a345,1cf618f9ee318fecbc31aa059ded8328581b9a9b092f1069b9f7679b6f89e52e,1023295.7998030186,0.01,895.7898030185606,71,895.7898030185606,inception,0.24883050083848907
96149d3ed4f00afb92f12856101e693e93c4683f030ae6ca6ebfbb7ba5a2a345,eefb3a7b86d12c2676276a5dde28099ef6f546a60e5b78e0a1c2b7221baf154d,1023296.6627368928,0.001,896.6617368927691,71,896.6617368927691,googlenet,0.24907270469243586
96149d3ed4f00afb92f12856101e693e93c4683f030ae6ca6ebfbb7ba5a2a345,1bfbf6e1f849d22a0ece669507eb055525edf6929f273b999d865d52ea086a82,1023298.491159916,0.943,897.5481599160703,71,897.5481599160703,resnet50,0.24931893331001953
96149d3ed4f00afb92f12856101e693e93c4683f030ae6ca6ebfbb7ba5a2a345,1bfbf6e1f849d22a0ece669507eb055525edf6929f273b999d865d52ea086a82,1023298.929420948,0.617,898.3124209480593,71,898.3124209480593,resnet50,0.2495312280411276
96149d3ed4f00afb92f12856101e693e93c4683f030ae6ca6ebfbb7ba5a2a345,eefb3a7b86d12c2676276a5dde28099ef6f546a60e5b78e0a1c2b7221baf154d,1023298.8225040436,0.0,898.8225040435791,71,898.8225040435791,googlenet,0.2496729177898831
96149d3ed4f00afb92f12856101e693e93c4683f030ae6ca6ebfbb7ba5a2a345,eefb3a7b86d12c2676276a5dde28099ef6f546a60e5b78e0a1c2b7221baf154d,1023299.4201350212,0.0,899.4201350212097,71,899.4201350212097,googlenet,0.24983892639478048
96149d3ed4f00afb92f12856101e693e93c4683f030ae6ca6ebfbb7ba5a2a345,1cf618f9ee318fecbc31aa059ded8328581b9a9b092f1069b9f7679b6f89e52e,1023299.6049180032,0.032,899.5729180031922,71,899.5729180031922,inception,0.24988136611199782
96149d3ed4f00afb92f12856101e693e93c4683f030ae6ca6ebfbb7ba5a2a345,eefb3a7b86d12c2676276a5dde28099ef6f546a60e5b78e0a1c2b7221baf154d,1023299.9844429492,0.0,899.9844429491786,71,899.9844429491786,googlenet,0.24999567859699406
96149d3ed4f00afb92f12856101e693e93c4683f030ae6ca6ebfbb7ba5a2a345,1cf618f9ee318fecbc31aa059ded8328581b9a9b092f1069b9f7679b6f89e52e,1023300.8336040974,0.017,900.8166040973738,71,900.8166040973738,inception,0.25022683447149274
96149d3ed4f00afb92f12856101e693e93c4683f030ae6ca6ebfbb7ba5a2a345,1cf618f9ee318fecbc31aa059ded8328581b9a9b092f1069b9f7679b6f89e52e,1023300.9391949176,0.009,900.9301949176006,71,900.9301949176006,inception,0.25025838747711127
96149d3ed4f00afb92f12856101e693e93c4683f030ae6ca6ebfbb7ba5a2a345,eefb3a7b86d12c2676276a5dde28099ef6f546a60e5b78e0a1c2b7221baf154d,1023302.0803189278,0.0,902.0803189277649,71,902.0803189277649,googlenet,0.25057786636882357
96149d3ed4f00afb92f12856101e693e93c4683f030ae6ca6ebfbb7ba5a2a345,eefb3a7b86d12c2676276a5dde28099ef6f546a60e5b78e0a1c2b7221baf154d,1023303.1510879992,0.0,903.1510879992275,71,903.1510879992275,googlenet,0.2508753022220076
96149d3ed4f00afb92f12856101e693e93c4683f030ae6ca6ebfbb7ba5a2a345,1cf618f9ee318fecbc31aa059ded8328581b9a9b092f1069b9f7679b6f89e52e,1023304.2672960758,0.011,904.2562960757641,71,904.2562960757641,inception,0.25118230446549006
96149d3ed4f00afb92f12856101e693e93c4683f030ae6ca6ebfbb7ba5a2a345,eefb3a7b86d12c2676276a5dde28099ef6f546a60e5b78e0a1c2b7221baf154d,1023305.983766079,0.0,905.983766078949,71,905.983766078949,googlenet,0.2516621572441525
96149d3ed4f00afb92f12856101e693e93c4683f030ae6ca6ebfbb7ba5a2a345,1cf618f9ee318fecbc31aa059ded8328581b9a9b092f1069b9f7679b6f89e52e,1023307.8783500196,0.01,907.8683500195621,71,907.8683500195621,inception,0.2521856527832117
96149d3ed4f00afb92f12856101e693e93c4683f030ae6ca6ebfbb7ba5a2a345,eefb3a7b86d12c2676276a5dde28099ef6f546a60e5b78e0a1c2b7221baf154d,1023307.9453120232,0.0,907.9453120231628,71,907.9453120231628,googlenet,0.2522070311175452
96149d3ed4f00afb92f12856101e693e93c4683f030ae6ca6ebfbb7ba5a2a345,1cf618f9ee318fecbc31aa059ded8328581b9a9b092f1069b9f7679b6f89e52e,1023308.0014960766,0.013,907.9884960765485,71,907.9884960765485,inception,0.2522190266879301
96149d3ed4f00afb92f12856101e693e93c4683f030ae6ca6ebfbb7ba5a2a345,1bfbf6e1f849d22a0ece669507eb055525edf6929f273b999d865d52ea086a82,1023309.1863119602,0.958,908.2283119602362,71,908.2283119602362,resnet50,0.2522856422111767
96149d3ed4f00afb92f12856101e693e93c4683f030ae6ca6ebfbb7ba5a2a345,1bfbf6e1f849d22a0ece669507eb055525edf6929f273b999d865d52ea086a82,1023310.8672471046,0.617,910.2502471046755,71,910.2502471046755,resnet50,0.25284729086240987
96149d3ed4f00afb92f12856101e693e93c4683f030ae6ca6ebfbb7ba5a2a345,1cf618f9ee318fecbc31aa059ded8328581b9a9b092f1069b9f7679b6f89e52e,1023311.0032129288,0.009,910.9942129288102,71,910.9942129288102,inception,0.2530539480357806
96149d3ed4f00afb92f12856101e693e93c4683f030ae6ca6ebfbb7ba5a2a345,eefb3a7b86d12c2676276a5dde28099ef6f546a60e5b78e0a1c2b7221baf154d,1023311.6212830544,0.0,911.6212830543518,71,911.6212830543518,googlenet,0.2532281341817644
96149d3ed4f00afb92f12856101e693e93c4683f030ae6ca6ebfbb7ba5a2a345,eefb3a7b86d12c2676276a5dde28099ef6f546a60e5b78e0a1c2b7221baf154d,1023313.78037405,0.001,913.7793740499765,71,913.7793740499765,googlenet,0.25382760390277126
96149d3ed4f00afb92f12856101e693e93c4683f030ae6ca6ebfbb7ba5a2a345,eefb3a7b86d12c2676276a5dde28099ef6f546a60e5b78e0a1c2b7221baf154d,1023313.9305899144,0.0,913.9305899144383,71,913.9305899144383,googlenet,0.2538696083095662
96149d3ed4f00afb92f12856101e693e93c4683f030ae6ca6ebfbb7ba5a2a345,1bfbf6e1f849d22a0ece669507eb055525edf6929f273b999d865d52ea086a82,1023314.7387299538,0.644,914.0947299537947,71,914.0947299537947,resnet50,0.253915202764943
96149d3ed4f00afb92f12856101e693e93c4683f030ae6ca6ebfbb7ba5a2a345,1cf618f9ee318fecbc31aa059ded8328581b9a9b092f1069b9f7679b6f89e52e,1023314.8054139614,0.01,914.7954139614012,71,914.7954139614012,inception,0.2541098372115003
96149d3ed4f00afb92f12856101e693e93c4683f030ae6ca6ebfbb7ba5a2a345,1bfbf6e1f849d22a0ece669507eb055525edf6929f273b999d865d52ea086a82,1023315.8907589912,0.74,915.1507589912508,71,915.1507589912508,resnet50,0.2542085441642363
96149d3ed4f00afb92f12856101e693e93c4683f030ae6ca6ebfbb7ba5a2a345,1bfbf6e1f849d22a0ece669507eb055525edf6929f273b999d865d52ea086a82,1023317.53262496,0.632,916.9006249599624,71,916.9006249599624,resnet50,0.254694618044434
96149d3ed4f00afb92f12856101e693e93c4683f030ae6ca6ebfbb7ba5a2a345,1cf618f9ee318fecbc31aa059ded8328581b9a9b092f1069b9f7679b6f89e52e,1023317.4793670176,0.009,917.4703670176677,71,917.4703670176677,inception,0.25485287972712994
96149d3ed4f00afb92f12856101e693e93c4683f030ae6ca6ebfbb7ba5a2a345,eefb3a7b86d12c2676276a5dde28099ef6f546a60e5b78e0a1c2b7221baf154d,1023318.3891940116,0.001,918.3881940115243,71,918.3881940115243,googlenet,0.2551078316698679
96149d3ed4f00afb92f12856101e693e93c4683f030ae6ca6ebfbb7ba5a2a345,1bfbf6e1f849d22a0ece669507eb055525edf6929f273b999d865d52ea086a82,1023319.103509903,0.631,918.472509902902,71,918.472509902902,resnet50,0.2551312527508061
96149d3ed4f00afb92f12856101e693e93c4683f030ae6ca6ebfbb7ba5a2a345,1bfbf6e1f849d22a0ece669507eb055525edf6929f273b999d865d52ea086a82,1023319.4734530448,0.769,918.7044530448038,71,918.7044530448038,resnet50,0.2551956814013344
96149d3ed4f00afb92f12856101e693e93c4683f030ae6ca6ebfbb7ba5a2a345,1bfbf6e1f849d22a0ece669507eb055525edf6929f273b999d865d52ea086a82,1023320.195139885,0.65,919.5451398849254,71,919.5451398849254,resnet50,0.2554292055235904
96149d3ed4f00afb92f12856101e693e93c4683f030ae6ca6ebfbb7ba5a2a345,eefb3a7b86d12c2676276a5dde28099ef6f546a60e5b78e0a1c2b7221baf154d,1023320.0029530524,0.0,920.0029530524043,71,920.0029530524043,googlenet,0.2555563758478901
96149d3ed4f00afb92f12856101e693e93c4683f030ae6ca6ebfbb7ba5a2a345,1bfbf6e1f849d22a0ece669507eb055525edf6929f273b999d865d52ea086a82,1023321.7380120754,0.705,921.0330120754661,71,921.0330120754661,resnet50,0.25584250335429615
96149d3ed4f00afb92f12856101e693e93c4683f030ae6ca6ebfbb7ba5a2a345,eefb3a7b86d12c2676276a5dde28099ef6f546a60e5b78e0a1c2b7221baf154d,1023321.6205649376,0.0,921.6205649375916,71,921.6205649375916,googlenet,0.2560057124826643
96149d3ed4f00afb92f12856101e693e93c4683f030ae6ca6ebfbb7ba5a2a345,eefb3a7b86d12c2676276a5dde28099ef6f546a60e5b78e0a1c2b7221baf154d,1023322.5635159016,0.0,922.5635159015656,71,922.5635159015656,googlenet,0.25626764330599044
96149d3ed4f00afb92f12856101e693e93c4683f030ae6ca6ebfbb7ba5a2a345,eefb3a7b86d12c2676276a5dde28099ef6f546a60e5b78e0a1c2b7221baf154d,1023322.7242269516,0.0,922.7242269515991,71,922.7242269515991,googlenet,0.2563122852643331
96149d3ed4f00afb92f12856101e693e93c4683f030ae6ca6ebfbb7ba5a2a345,1bfbf6e1f849d22a0ece669507eb055525edf6929f273b999d865d52ea086a82,1023323.9104640484,0.83,923.0804640484275,71,923.0804640484275,resnet50,0.2564112400134521
96149d3ed4f00afb92f12856101e693e93c4683f030ae6ca6ebfbb7ba5a2a345,1bfbf6e1f849d22a0ece669507eb055525edf6929f273b999d865d52ea086a82,1023326.336327076,0.788,925.548327076016,71,925.548327076016,resnet50,0.25709675752111555
96149d3ed4f00afb92f12856101e693e93c4683f030ae6ca6ebfbb7ba5a2a345,1bfbf6e1f849d22a0ece669507eb055525edf6929f273b999d865d52ea086a82,1023328.1063621044,0.701,927.405362104415,71,927.405362104415,resnet50,0.2576126005845597
96149d3ed4f00afb92f12856101e693e93c4683f030ae6ca6ebfbb7ba5a2a345,eefb3a7b86d12c2676276a5dde28099ef6f546a60e5b78e0a1c2b7221baf154d,1023328.117837906,0.0,928.1178379060002,71,928.1178379060002,googlenet,0.2578105105294445
96149d3ed4f00afb92f12856101e693e93c4683f030ae6ca6ebfbb7ba5a2a345,eefb3a7b86d12c2676276a5dde28099ef6f546a60e5b78e0a1c2b7221baf154d,1023328.1339600086,0.0,928.1339600086212,71,928.1339600086212,googlenet,0.2578149888912837
96149d3ed4f00afb92f12856101e693e93c4683f030ae6ca6ebfbb7ba5a2a345,1cf618f9ee318fecbc31aa059ded8328581b9a9b092f1069b9f7679b6f89e52e,1023328.6309239864,0.01,928.6209239864256,71,928.6209239864256,inception,0.257950256662896
96149d3ed4f00afb92f12856101e693e93c4683f030ae6ca6ebfbb7ba5a2a345,1cf618f9ee318fecbc31aa059ded8328581b9a9b092f1069b9f7679b6f89e52e,1023328.9655380248,0.016,928.9495380248409,71,928.9495380248409,inception,0.2580415383402336
96149d3ed4f00afb92f12856101e693e93c4683f030ae6ca6ebfbb7ba5a2a345,eefb3a7b86d12c2676276a5dde28099ef6f546a60e5b78e0a1c2b7221baf154d,1023329.4413280488,0.0,929.4413280488225,71,929.4413280488225,googlenet,0.2581781466802285
96149d3ed4f00afb92f12856101e693e93c4683f030ae6ca6ebfbb7ba5a2a345,eefb3a7b86d12c2676276a5dde28099ef6f546a60e5b78e0a1c2b7221baf154d,1023334.3389790058,0.0,934.3389790058136,71,934.3389790058136,googlenet,0.25953860527939265
96149d3ed4f00afb92f12856101e693e93c4683f030ae6ca6ebfbb7ba5a2a345,1bfbf6e1f849d22a0ece669507eb055525edf6929f273b999d865d52ea086a82,1023335.4897289276,0.762,934.7277289276244,71,934.7277289276244,resnet50,0.25964659136878454
96149d3ed4f00afb92f12856101e693e93c4683f030ae6ca6ebfbb7ba5a2a345,1bfbf6e1f849d22a0ece669507eb055525edf6929f273b999d865d52ea086a82,1023338.8734080791,0.83,938.0434080791892,71,938.0434080791892,resnet50,0.26056761335533035
96149d3ed4f00afb92f12856101e693e93c4683f030ae6ca6ebfbb7ba5a2a345,1cf618f9ee318fecbc31aa059ded8328581b9a9b092f1069b9f7679b6f89e52e,1023339.1545479298,0.011,939.143547929707,71,939.143547929707,inception,0.26087320775825196
96149d3ed4f00afb92f12856101e693e93c4683f030ae6ca6ebfbb7ba5a2a345,1bfbf6e1f849d22a0ece669507eb055525edf6929f273b999d865d52ea086a82,1023339.8103849888,0.621,939.189384988742,71,939.189384988742,resnet50,0.26088594027465056
96149d3ed4f00afb92f12856101e693e93c4683f030ae6ca6ebfbb7ba5a2a345,1bfbf6e1f849d22a0ece669507eb055525edf6929f273b999d865d52ea086a82,1023339.8612039088,0.643,939.2182039087638,71,939.2182039087638,resnet50,0.26089394553021217
96149d3ed4f00afb92f12856101e693e93c4683f030ae6ca6ebfbb7ba5a2a345,1bfbf6e1f849d22a0ece669507eb055525edf6929f273b999d865d52ea086a82,1023341.7253680228,0.693,941.0323680228321,71,941.0323680228321,resnet50,0.26139788000634223
96149d3ed4f00afb92f12856101e693e93c4683f030ae6ca6ebfbb7ba5a2a345,1cf618f9ee318fecbc31aa059ded8328581b9a9b092f1069b9f7679b6f89e52e,1023341.589363098,0.009,941.5803630980663,71,941.5803630980663,inception,0.26155010086057395
96149d3ed4f00afb92f12856101e693e93c4683f030ae6ca6ebfbb7ba5a2a345,1cf618f9ee318fecbc31aa059ded8328581b9a9b092f1069b9f7679b6f89e52e,1023341.802875042,0.014,941.7888750419952,71,941.7888750419952,inception,0.2616080208449987
96149d3ed4f00afb92f12856101e693e93c4683f030ae6ca6ebfbb7ba5a2a345,1bfbf6e1f849d22a0ece669507eb055525edf6929f273b999d865d52ea086a82,1023342.6581230164,0.691,941.9671230163658,71,941.9671230163658,resnet50,0.26165753417121274
96149d3ed4f00afb92f12856101e693e93c4683f030ae6ca6ebfbb7ba5a2a345,1bfbf6e1f849d22a0ece669507eb055525edf6929f273b999d865d52ea086a82,1023346.2055630684,0.931,945.2745630684076,71,945.2745630684076,resnet50,0.2625762675190021
96149d3ed4f00afb92f12856101e693e93c4683f030ae6ca6ebfbb7ba5a2a345,1bfbf6e1f849d22a0ece669507eb055525edf6929f273b999d865d52ea086a82,1023349.080051899,0.637,948.4430518989684,71,948.4430518989684,resnet50,0.263456403305269
96149d3ed4f00afb92f12856101e693e93c4683f030ae6ca6ebfbb7ba5a2a345,eefb3a7b86d12c2676276a5dde28099ef6f546a60e5b78e0a1c2b7221baf154d,1023351.786497116,0.0,951.7864971159725,71,951.7864971159725,googlenet,0.26438513808777014
96149d3ed4f00afb92f12856101e693e93c4683f030ae6ca6ebfbb7ba5a2a345,eefb3a7b86d12c2676276a5dde28099ef6f546a60e5b78e0a1c2b7221baf154d,1023351.8194639684,0.0,951.8194639683934,71,951.8194639683934,googlenet,0.26439429554677596
96149d3ed4f00afb92f12856101e693e93c4683f030ae6ca6ebfbb7ba5a2a345,1cf618f9ee318fecbc31aa059ded8328581b9a9b092f1069b9f7679b6f89e52e,1023351.8509280682,0.018,951.832928068121,71,951.832928068121,inception,0.26439803557447805
96149d3ed4f00afb92f12856101e693e93c4683f030ae6ca6ebfbb7ba5a2a345,1bfbf6e1f849d22a0ece669507eb055525edf6929f273b999d865d52ea086a82,1023352.7470920086,0.723,952.0240920085926,71,952.0240920085926,resnet50,0.2644511366690535
96149d3ed4f00afb92f12856101e693e93c4683f030ae6ca6ebfbb7ba5a2a345,1cf618f9ee318fecbc31aa059ded8328581b9a9b092f1069b9f7679b6f89e52e,1023353.1038479804,0.021,953.0828479804331,71,953.0828479804331,inception,0.2647452355501203
96149d3ed4f00afb92f12856101e693e93c4683f030ae6ca6ebfbb7ba5a2a345,eefb3a7b86d12c2676276a5dde28099ef6f546a60e5b78e0a1c2b7221baf154d,1023353.3407731056,0.0,953.3407731056213,71,953.3407731056213,googlenet,0.2648168814182281
96149d3ed4f00afb92f12856101e693e93c4683f030ae6ca6ebfbb7ba5a2a345,1bfbf6e1f849d22a0ece669507eb055525edf6929f273b999d865d52ea086a82,1023354.6178109646,0.923,953.6948109646328,71,953.6948109646328,resnet50,0.2649152252679535
96149d3ed4f00afb92f12856101e693e93c4683f030ae6ca6ebfbb7ba5a2a345,eefb3a7b86d12c2676276a5dde28099ef6f546a60e5b78e0a1c2b7221baf154d,1023358.4264791012,0.0,958.426479101181,71,958.426479101181,googlenet,0.26622957752810583
96149d3ed4f00afb92f12856101e693e93c4683f030ae6ca6ebfbb7ba5a2a345,1cf618f9ee318fecbc31aa059ded8328581b9a9b092f1069b9f7679b6f89e52e,1023360.1486020088,0.011,960.1376020087628,71,960.1376020087628,inception,0.26670488944687853
96149d3ed4f00afb92f12856101e693e93c4683f030ae6ca6ebfbb7ba5a2a345,eefb3a7b86d12c2676276a5dde28099ef6f546a60e5b78e0a1c2b7221baf154d,1023360.2189400196,0.0,960.2189400196075,71,960.2189400196075,googlenet,0.2667274833387799
96149d3ed4f00afb92f12856101e693e93c4683f030ae6ca6ebfbb7ba5a2a345,1cf618f9ee318fecbc31aa059ded8328581b9a9b092f1069b9f7679b6f89e52e,1023367.491734028,0.282,967.2097340279724,71,967.2097340279724,inception,0.2686693705633257
96149d3ed4f00afb92f12856101e693e93c4683f030ae6ca6ebfbb7ba5a2a345,1bfbf6e1f849d22a0ece669507eb055525edf6929f273b999d865d52ea086a82,1023458.4183609486,0.619,1057.7993609486148,71,1057.7993609486148,resnet50,0.29383315581905967
96149d3ed4f00afb92f12856101e693e93c4683f030ae6ca6ebfbb7ba5a2a345,eefb3a7b86d12c2676276a5dde28099ef6f546a60e5b78e0a1c2b7221baf154d,1023461.968638897,0.0,1061.9686388969421,71,1061.9686388969421,googlenet,0.2949912885824839
96149d3ed4f00afb92f12856101e693e93c4683f030ae6ca6ebfbb7ba5a2a345,1cf618f9ee318fecbc31aa059ded8328581b9a9b092f1069b9f7679b6f89e52e,1023462.1828660964,0.01,1062.1728660963709,71,1062.1728660963709,inception,0.295048018360103
96149d3ed4f00afb92f12856101e693e93c4683f030ae6ca6ebfbb7ba5a2a345,eefb3a7b86d12c2676276a5dde28099ef6f546a60e5b78e0a1c2b7221baf154d,1023462.5517680644,0.0,1062.5517680643825,71,1062.5517680643825,googlenet,0.2951532689067729
96149d3ed4f00afb92f12856101e693e93c4683f030ae6ca6ebfbb7ba5a2a345,eefb3a7b86d12c2676276a5dde28099ef6f546a60e5b78e0a1c2b7221baf154d,1023463.8160231112,0.0,1063.816023111227,71,1063.816023111227,googlenet,0.2955044508642297
96149d3ed4f00afb92f12856101e693e93c4683f030ae6ca6ebfbb7ba5a2a345,1cf618f9ee318fecbc31aa059ded8328581b9a9b092f1069b9f7679b6f89e52e,1023463.8367319108,0.01,1063.8267319108127,71,1063.8267319108127,inception,0.2955074255307813
96149d3ed4f00afb92f12856101e693e93c4683f030ae6ca6ebfbb7ba5a2a345,1bfbf6e1f849d22a0ece669507eb055525edf6929f273b999d865d52ea086a82,1023466.6927740574,0.777,1065.9157740573864,71,1065.9157740573864,resnet50,0.29608771501594067
96149d3ed4f00afb92f12856101e693e93c4683f030ae6ca6ebfbb7ba5a2a345,eefb3a7b86d12c2676276a5dde28099ef6f546a60e5b78e0a1c2b7221baf154d,1023482.1217520236,0.0,1082.1217520235805,71,1082.1217520235805,googlenet,0.3005893755621057
96149d3ed4f00afb92f12856101e693e93c4683f030ae6ca6ebfbb7ba5a2a345,1bfbf6e1f849d22a0ece669507eb055525edf6929f273b999d865d52ea086a82,1023498.3661289216,0.926,1097.4401289216476,71,1097.4401289216476,resnet50,0.3048444802560132
96149d3ed4f00afb92f12856101e693e93c4683f030ae6ca6ebfbb7ba5a2a345,1bfbf6e1f849d22a0ece669507eb055525edf6929f273b999d865d52ea086a82,1023516.5105900764,0.596,1115.914590076427,71,1115.914590076427,resnet50,0.3099762750212297
96149d3ed4f00afb92f12856101e693e93c4683f030ae6ca6ebfbb7ba5a2a345,eefb3a7b86d12c2676276a5dde28099ef6f546a60e5b78e0a1c2b7221baf154d,1023516.8117399216,0.001,1116.8107399215223,71,1116.8107399215223,googlenet,0.3102252055337562
96149d3ed4f00afb92f12856101e693e93c4683f030ae6ca6ebfbb7ba5a2a345,eefb3a7b86d12c2676276a5dde28099ef6f546a60e5b78e0a1c2b7221baf154d,1023518.4250869752,0.0,1118.425086975214,71,1118.425086975214,googlenet,0.3106736352708928
96149d3ed4f00afb92f12856101e693e93c4683f030ae6ca6ebfbb7ba5a2a345,eefb3a7b86d12c2676276a5dde28099ef6f546a60e5b78e0a1c2b7221baf154d,1023518.5069921016,0.0,1118.506992101553,71,1118.506992101553,googlenet,0.3106963866948758
96149d3ed4f00afb92f12856101e693e93c4683f030ae6ca6ebfbb7ba5a2a345,eefb3a7b86d12c2676276a5dde28099ef6f546a60e5b78e0a1c2b7221baf154d,1023522.8229789734,0.0,1122.8229789733887,71,1122.8229789733887,googlenet,0.3118952719370524
96149d3ed4f00afb92f12856101e693e93c4683f030ae6ca6ebfbb7ba5a2a345,eefb3a7b86d12c2676276a5dde28099ef6f546a60e5b78e0a1c2b7221baf154d,1023527.1100819112,0.0,1127.1100819112035,71,1127.1100819112035,googlenet,0.3130861338642232
96149d3ed4f00afb92f12856101e693e93c4683f030ae6ca6ebfbb7ba5a2a345,1bfbf6e1f849d22a0ece669507eb055525edf6929f273b999d865d52ea086a82,1023530.5170331,0.857,1129.6600331000518,71,1129.6600331000518,resnet50,0.3137944536389033
96149d3ed4f00afb92f12856101e693e93c4683f030ae6ca6ebfbb7ba5a2a345,1bfbf6e1f849d22a0ece669507eb055525edf6929f273b999d865d52ea086a82,1023534.2854781152,0.614,1133.671478115255,71,1133.671478115255,resnet50,0.3149087439209042
96149d3ed4f00afb92f12856101e693e93c4683f030ae6ca6ebfbb7ba5a2a345,eefb3a7b86d12c2676276a5dde28099ef6f546a60e5b78e0a1c2b7221baf154d,1023554.3982729912,0.0,1154.3982729911804,71,1154.3982729911804,googlenet,0.32066618694199456
96149d3ed4f00afb92f12856101e693e93c4683f030ae6ca6ebfbb7ba5a2a345,eefb3a7b86d12c2676276a5dde28099ef6f546a60e5b78e0a1c2b7221baf154d,1023554.7825119497,0.0,1154.7825119496556,71,1154.7825119496556,googlenet,0.3207729199860154
96149d3ed4f00afb92f12856101e693e93c4683f030ae6ca6ebfbb7ba5a2a345,1cf618f9ee318fecbc31aa059ded8328581b9a9b092f1069b9f7679b6f89e52e,1023556.578742981,0.013,1156.5657429809216,71,1156.5657429809216,inception,0.32126826193914493
96149d3ed4f00afb92f12856101e693e93c4683f030ae6ca6ebfbb7ba5a2a345,eefb3a7b86d12c2676276a5dde28099ef6f546a60e5b78e0a1c2b7221baf154d,1023561.6024820803,0.0,1161.6024820803432,71,1161.6024820803432,googlenet,0.3226673561334287
96149d3ed4f00afb92f12856101e693e93c4683f030ae6ca6ebfbb7ba5a2a345,eefb3a7b86d12c2676276a5dde28099ef6f546a60e5b78e0a1c2b7221baf154d,1023566.092147112,0.0,1166.0921471120091,71,1166.0921471120091,googlenet,0.32391448530889144
96149d3ed4f00afb92f12856101e693e93c4683f030ae6ca6ebfbb7ba5a2a345,1cf618f9ee318fecbc31aa059ded8328581b9a9b092f1069b9f7679b6f89e52e,1023566.27374506,0.012,1166.2617450599791,71,1166.2617450599791,inception,0.32396159584999423
96149d3ed4f00afb92f12856101e693e93c4683f030ae6ca6ebfbb7ba5a2a345,1cf618f9ee318fecbc31aa059ded8328581b9a9b092f1069b9f7679b6f89e52e,1023566.520117998,0.008,1166.512117997976,71,1166.512117997976,inception,0.32403114388832666
96149d3ed4f00afb92f12856101e693e93c4683f030ae6ca6ebfbb7ba5a2a345,1cf618f9ee318fecbc31aa059ded8328581b9a9b092f1069b9f7679b6f89e52e,1023569.6513869762,0.01,1169.6413869762328,71,1169.6413869762328,inception,0.32490038527117576
96149d3ed4f00afb92f12856101e693e93c4683f030ae6ca6ebfbb7ba5a2a345,1bfbf6e1f849d22a0ece669507eb055525edf6929f273b999d865d52ea086a82,1023570.6199529172,0.611,1170.008952917182,71,1170.008952917182,resnet50,0.3250024869214394
96149d3ed4f00afb92f12856101e693e93c4683f030ae6ca6ebfbb7ba5a2a345,1cf618f9ee318fecbc31aa059ded8328581b9a9b092f1069b9f7679b6f89e52e,1023570.757144928,0.008,1170.7491449279478,71,1170.7491449279478,inception,0.32520809581331883
96149d3ed4f00afb92f12856101e693e93c4683f030ae6ca6ebfbb7ba5a2a345,1cf618f9ee318fecbc31aa059ded8328581b9a9b092f1069b9f7679b6f89e52e,1023571.78590703,0.009,1171.7769070300274,71,1171.7769070300274,inception,0.3254935852861187
96149d3ed4f00afb92f12856101e693e93c4683f030ae6ca6ebfbb7ba5a2a345,1bfbf6e1f849d22a0ece669507eb055525edf6929f273b999d865d52ea086a82,1023574.4735169412,0.75,1173.723516941187,71,1173.723516941187,resnet50,0.3260343102614408
96149d3ed4f00afb92f12856101e693e93c4683f030ae6ca6ebfbb7ba5a2a345,1cf618f9ee318fecbc31aa059ded8328581b9a9b092f1069b9f7679b6f89e52e,1023578.392539978,0.01,1178.382539978018,71,1178.382539978018,inception,0.32732848332722725
96149d3ed4f00afb92f12856101e693e93c4683f030ae6ca6ebfbb7ba5a2a345,eefb3a7b86d12c2676276a5dde28099ef6f546a60e5b78e0a1c2b7221baf154d,1023580.2802131176,0.0,1180.2802131175995,71,1180.2802131175995,googlenet,0.3278556147548887
96149d3ed4f00afb92f12856101e693e93c4683f030ae6ca6ebfbb7ba5a2a345,1bfbf6e1f849d22a0ece669507eb055525edf6929f273b999d865d52ea086a82,1023587.1605679988,1.117,1186.0435679988004,71,1186.0435679988004,resnet50,0.32945654666633345
96149d3ed4f00afb92f12856101e693e93c4683f030ae6ca6ebfbb7ba5a2a345,1cf618f9ee318fecbc31aa059ded8328581b9a9b092f1069b9f7679b6f89e52e,1023587.504046917,0.01,1187.4940469169524,71,1187.4940469169524,inception,0.3298594574769312
96149d3ed4f00afb92f12856101e693e93c4683f030ae6ca6ebfbb7ba5a2a345,eefb3a7b86d12c2676276a5dde28099ef6f546a60e5b78e0a1c2b7221baf154d,1023589.080395937,0.0,1189.080395936966,71,1189.080395936966,googlenet,0.33030010998249054
96149d3ed4f00afb92f12856101e693e93c4683f030ae6ca6ebfbb7ba5a2a345,eefb3a7b86d12c2676276a5dde28099ef6f546a60e5b78e0a1c2b7221baf154d,1023589.2338490486,0.0,1189.2338490486145,71,1189.2338490486145,googlenet,0.3303427358468374
96149d3ed4f00afb92f12856101e693e93c4683f030ae6ca6ebfbb7ba5a2a345,1cf618f9ee318fecbc31aa059ded8328581b9a9b092f1069b9f7679b6f89e52e,1023594.2536780834,0.011,1194.242678083363,71,1194.242678083363,inception,0.3317340772453786
96149d3ed4f00afb92f12856101e693e93c4683f030ae6ca6ebfbb7ba5a2a345,1bfbf6e1f849d22a0ece669507eb055525edf6929f273b999d865d52ea086a82,1023595.6391220092,0.644,1194.9951220091898,71,1194.9951220091898,resnet50,0.3319430894469972
96149d3ed4f00afb92f12856101e693e93c4683f030ae6ca6ebfbb7ba5a2a345,1bfbf6e1f849d22a0ece669507eb055525edf6929f273b999d865d52ea086a82,1023596.751801014,0.752,1195.999801013968,71,1195.999801013968,resnet50,0.3322221669483244
96149d3ed4f00afb92f12856101e693e93c4683f030ae6ca6ebfbb7ba5a2a345,1bfbf6e1f849d22a0ece669507eb055525edf6929f273b999d865d52ea086a82,1023598.5163109304,0.969,1197.5473109303275,71,1197.5473109303275,resnet50,0.33265203081397987
96149d3ed4f00afb92f12856101e693e93c4683f030ae6ca6ebfbb7ba5a2a345,eefb3a7b86d12c2676276a5dde28099ef6f546a60e5b78e0a1c2b7221baf154d,1023646.0503230096,0.0,1246.0503230096074,71,1246.0503230096074,googlenet,0.3461250897248909
96149d3ed4f00afb92f12856101e693e93c4683f030ae6ca6ebfbb7ba5a2a345,1bfbf6e1f849d22a0ece669507eb055525edf6929f273b999d865d52ea086a82,1023649.6764669418,0.917,1248.7594669418177,71,1248.7594669418177,resnet50,0.34687762970606045
96149d3ed4f00afb92f12856101e693e93c4683f030ae6ca6ebfbb7ba5a2a345,eefb3a7b86d12c2676276a5dde28099ef6f546a60e5b78e0a1c2b7221baf154d,1023649.8403789996,0.0,1249.8403789995937,71,1249.8403789995937,googlenet,0.34717788305544267
96149d3ed4f00afb92f12856101e693e93c4683f030ae6ca6ebfbb7ba5a2a345,1bfbf6e1f849d22a0ece669507eb055525edf6929f273b999d865d52ea086a82,1023653.3949289322,0.715,1252.6799289322225,71,1252.6799289322225,resnet50,0.34796664692561735
96149d3ed4f00afb92f12856101e693e93c4683f030ae6ca6ebfbb7ba5a2a345,1bfbf6e1f849d22a0ece669507eb055525edf6929f273b999d865d52ea086a82,1023655.796749115,0.729,1255.06774911494,71,1255.06774911494,resnet50,0.3486299303097055
96149d3ed4f00afb92f12856101e693e93c4683f030ae6ca6ebfbb7ba5a2a345,eefb3a7b86d12c2676276a5dde28099ef6f546a60e5b78e0a1c2b7221baf154d,1023657.2353549004,0.0,1257.23535490036,71,1257.23535490036,googlenet,0.3492320430278778
96149d3ed4f00afb92f12856101e693e93c4683f030ae6ca6ebfbb7ba5a2a345,eefb3a7b86d12c2676276a5dde28099ef6f546a60e5b78e0a1c2b7221baf154d,1023658.1103301048,0.0,1258.1103301048279,71,1258.1103301048279,googlenet,0.3494750916957855
96149d3ed4f00afb92f12856101e693e93c4683f030ae6ca6ebfbb7ba5a2a345,eefb3a7b86d12c2676276a5dde28099ef6f546a60e5b78e0a1c2b7221baf154d,1023673.7648980618,0.0,1273.7648980617523,71,1273.7648980617523,googlenet,0.3538235827949312
96149d3ed4f00afb92f12856101e693e93c4683f030ae6ca6ebfbb7ba5a2a345,1bfbf6e1f849d22a0ece669507eb055525edf6929f273b999d865d52ea086a82,1023684.5073869228,0.711,1283.796386922826,71,1283.796386922826,resnet50,0.3566101074785628
96149d3ed4f00afb92f12856101e693e93c4683f030ae6ca6ebfbb7ba5a2a345,1cf618f9ee318fecbc31aa059ded8328581b9a9b092f1069b9f7679b6f89e52e,1023687.3372368813,0.019,1287.318236881285,71,1287.318236881285,inception,0.3575883991336903
96149d3ed4f00afb92f12856101e693e93c4683f030ae6ca6ebfbb7ba5a2a345,1bfbf6e1f849d22a0ece669507eb055525edf6929f273b999d865d52ea086a82,1023690.307320118,0.874,1289.433320117998,71,1289.433320117998,resnet50,0.35817592225499945
96149d3ed4f00afb92f12856101e693e93c4683f030ae6ca6ebfbb7ba5a2a345,eefb3a7b86d12c2676276a5dde28099ef6f546a60e5b78e0a1c2b7221baf154d,1023692.3079559804,0.0,1292.3079559804173,71,1292.3079559804173,googlenet,0.3589744322167826
96149d3ed4f00afb92f12856101e693e93c4683f030ae6ca6ebfbb7ba5a2a345,1cf618f9ee318fecbc31aa059ded8328581b9a9b092f1069b9f7679b6f89e52e,1023692.3769419192,0.014,1292.362941919244,71,1292.362941919244,inception,0.35898970608867886
96149d3ed4f00afb92f12856101e693e93c4683f030ae6ca6ebfbb7ba5a2a345,1bfbf6e1f849d22a0ece669507eb055525edf6929f273b999d865d52ea086a82,1023693.6328749656,0.594,1293.0388749655103,71,1293.0388749655103,resnet50,0.3591774652681973
96149d3ed4f00afb92f12856101e693e93c4683f030ae6ca6ebfbb7ba5a2a345,1cf618f9ee318fecbc31aa059ded8328581b9a9b092f1069b9f7679b6f89e52e,1023695.8685190678,0.011,1295.8575190677075,71,1295.8575190677075,inception,0.35996042196325206
96149d3ed4f00afb92f12856101e693e93c4683f030ae6ca6ebfbb7ba5a2a345,1cf618f9ee318fecbc31aa059ded8328581b9a9b092f1069b9f7679b6f89e52e,1023697.11017704,0.011,1297.0991770399269,71,1297.0991770399269,inception,0.36030532695553524
96149d3ed4f00afb92f12856101e693e93c4683f030ae6ca6ebfbb7ba5a2a345,1cf618f9ee318fecbc31aa059ded8328581b9a9b092f1069b9f7679b6f89e52e,1023698.0047440528,0.02,1297.984744052752,71,1297.984744052752,inception,0.3605513177924311
96149d3ed4f00afb92f12856101e693e93c4683f030ae6ca6ebfbb7ba5a2a345,1bfbf6e1f849d22a0ece669507eb055525edf6929f273b999d865d52ea086a82,1023698.7850821018,0.768,1298.0170821017819,71,1298.0170821017819,resnet50,0.3605603005838283
96149d3ed4f00afb92f12856101e693e93c4683f030ae6ca6ebfbb7ba5a2a345,eefb3a7b86d12c2676276a5dde28099ef6f546a60e5b78e0a1c2b7221baf154d,1023698.8146350384,0.0,1298.8146350383759,71,1298.8146350383759,googlenet,0.3607818430662155
96149d3ed4f00afb92f12856101e693e93c4683f030ae6ca6ebfbb7ba5a2a345,1bfbf6e1f849d22a0ece669507eb055525edf6929f273b999d865d52ea086a82,1023699.7739501,0.904,1298.8699500999646,71,1298.8699500999646,resnet50,0.3607972083611013
96149d3ed4f00afb92f12856101e693e93c4683f030ae6ca6ebfbb7ba5a2a345,eefb3a7b86d12c2676276a5dde28099ef6f546a60e5b78e0a1c2b7221baf154d,1023700.6979050636,0.0,1300.6979050636292,71,1300.6979050636292,googlenet,0.3613049736287859
96149d3ed4f00afb92f12856101e693e93c4683f030ae6ca6ebfbb7ba5a2a345,eefb3a7b86d12c2676276a5dde28099ef6f546a60e5b78e0a1c2b7221baf154d,1023700.783158064,0.001,1300.7821580639575,71,1300.7821580639575,googlenet,0.3613283772399882
96149d3ed4f00afb92f12856101e693e93c4683f030ae6ca6ebfbb7ba5a2a345,1bfbf6e1f849d22a0ece669507eb055525edf6929f273b999d865d52ea086a82,1023702.3460330964,0.751,1301.5950330963824,71,1301.5950330963824,resnet50,0.36155417586010624
96149d3ed4f00afb92f12856101e693e93c4683f030ae6ca6ebfbb7ba5a2a345,1bfbf6e1f849d22a0ece669507eb055525edf6929f273b999d865d52ea086a82,1023704.1999750136,0.639,1303.56097501365,71,1303.56097501365,resnet50,0.362100270837125
96149d3ed4f00afb92f12856101e693e93c4683f030ae6ca6ebfbb7ba5a2a345,eefb3a7b86d12c2676276a5dde28099ef6f546a60e5b78e0a1c2b7221baf154d,1023718.6247661114,0.0,1318.624766111374,71,1318.624766111374,googlenet,0.3662846572531594
96149d3ed4f00afb92f12856101e693e93c4683f030ae6ca6ebfbb7ba5a2a345,1bfbf6e1f849d22a0ece669507eb055525edf6929f273b999d865d52ea086a82,1023719.8428709508,0.69,1319.1528709508711,71,1319.1528709508711,resnet50,0.36643135304190866
96149d3ed4f00afb92f12856101e693e93c4683f030ae6ca6ebfbb7ba5a2a345,1cf618f9ee318fecbc31aa059ded8328581b9a9b092f1069b9f7679b6f89e52e,1023720.7893879414,0.01,1320.7793879413512,71,1320.7793879413512,inception,0.366883163317042
96149d3ed4f00afb92f12856101e693e93c4683f030ae6ca6ebfbb7ba5a2a345,eefb3a7b86d12c2676276a5dde28099ef6f546a60e5b78e0a1c2b7221baf154d,1023722.8500959872,0.0,1322.8500959872035,71,1322.8500959872035,googlenet,0.36745835999644544
96149d3ed4f00afb92f12856101e693e93c4683f030ae6ca6ebfbb7ba5a2a345,1bfbf6e1f849d22a0ece669507eb055525edf6929f273b999d865d52ea086a82,1023723.896912098,0.608,1323.2889120980399,71,1323.2889120980399,resnet50,0.36758025336056666
96149d3ed4f00afb92f12856101e693e93c4683f030ae6ca6ebfbb7ba5a2a345,eefb3a7b86d12c2676276a5dde28099ef6f546a60e5b78e0a1c2b7221baf154d,1023725.9384679794,0.0,1325.9384679794312,71,1325.9384679794312,googlenet,0.36831624110539757
96149d3ed4f00afb92f12856101e693e93c4683f030ae6ca6ebfbb7ba5a2a345,1bfbf6e1f849d22a0ece669507eb055525edf6929f273b999d865d52ea086a82,1023729.9203300476,0.621,1329.2993300475646,71,1329.2993300475646,resnet50,0.36924981390210126
b5450811f2226912d7c86164eeca69e414c0407a87152597b8c7fbbc2ab8d110,b5e597c31a20d9046084e9b5365a5151a3cb4a3634f0d24e2e3ddbabc4ef48cd,1110143.071310997,9.92,1333.1513109970838,77,1333.1513109970838,distilgpt2,0.37031980861030106
b5450811f2226912d7c86164eeca69e414c0407a87152597b8c7fbbc2ab8d110,b5e597c31a20d9046084e9b5365a5151a3cb4a3634f0d24e2e3ddbabc4ef48cd,1110143.746514082,10.594,1333.152514081914,77,1333.152514081914,distilgpt2,0.37032014280053166
b5450811f2226912d7c86164eeca69e414c0407a87152597b8c7fbbc2ab8d110,b5e597c31a20d9046084e9b5365a5151a3cb4a3634f0d24e2e3ddbabc4ef48cd,1110142.7740240097,9.621,1333.1530240096617,77,1333.1530240096617,distilgpt2,0.3703202844471283
b5450811f2226912d7c86164eeca69e414c0407a87152597b8c7fbbc2ab8d110,b5e597c31a20d9046084e9b5365a5151a3cb4a3634f0d24e2e3ddbabc4ef48cd,1110138.547039032,5.393,1333.1540390320588,77,1333.1540390320588,distilgpt2,0.3703205663977941
b5450811f2226912d7c86164eeca69e414c0407a87152597b8c7fbbc2ab8d110,b5e597c31a20d9046084e9b5365a5151a3cb4a3634f0d24e2e3ddbabc4ef48cd,1110142.7647058964,9.61,1333.1547058962751,77,1333.1547058962751,distilgpt2,0.3703207516378542
b5450811f2226912d7c86164eeca69e414c0407a87152597b8c7fbbc2ab8d110,b5e597c31a20d9046084e9b5365a5151a3cb4a3634f0d24e2e3ddbabc4ef48cd,1110151.444578886,3.459,1347.9855788860004,77,1347.9855788860004,distilgpt2,0.3744404385794446
b5450811f2226912d7c86164eeca69e414c0407a87152597b8c7fbbc2ab8d110,b5e597c31a20d9046084e9b5365a5151a3cb4a3634f0d24e2e3ddbabc4ef48cd,1110151.471474886,3.485,1347.986474885838,77,1347.986474885838,distilgpt2,0.37444068746828835
b5450811f2226912d7c86164eeca69e414c0407a87152597b8c7fbbc2ab8d110,b5e597c31a20d9046084e9b5365a5151a3cb4a3634f0d24e2e3ddbabc4ef48cd,1110151.4909160135,3.504,1347.9869160135277,77,1347.9869160135277,distilgpt2,0.3744408100037577
b5450811f2226912d7c86164eeca69e414c0407a87152597b8c7fbbc2ab8d110,b5e597c31a20d9046084e9b5365a5151a3cb4a3634f0d24e2e3ddbabc4ef48cd,1110151.5293240547,3.542,1347.9873240548186,77,1347.9873240548186,distilgpt2,0.3744409233485607
b5450811f2226912d7c86164eeca69e414c0407a87152597b8c7fbbc2ab8d110,b5e597c31a20d9046084e9b5365a5151a3cb4a3634f0d24e2e3ddbabc4ef48cd,1110153.6119930744,3.556,1350.0559930743184,77,1350.0559930743184,distilgpt2,0.3750155536317551
b5450811f2226912d7c86164eeca69e414c0407a87152597b8c7fbbc2ab8d110,b5e597c31a20d9046084e9b5365a5151a3cb4a3634f0d24e2e3ddbabc4ef48cd,1110153.4960989952,3.44,1350.0560989952646,77,1350.0560989952646,distilgpt2,0.37501558305424015
b5450811f2226912d7c86164eeca69e414c0407a87152597b8c7fbbc2ab8d110,b5e597c31a20d9046084e9b5365a5151a3cb4a3634f0d24e2e3ddbabc4ef48cd,1110155.6255719662,3.447,1352.178571966244,77,1352.178571966244,distilgpt2,0.3756051588795122
b5450811f2226912d7c86164eeca69e414c0407a87152597b8c7fbbc2ab8d110,b5e597c31a20d9046084e9b5365a5151a3cb4a3634f0d24e2e3ddbabc4ef48cd,1110155.6515860558,3.472,1352.1795860556886,77,1352.1795860556886,distilgpt2,0.3756054405710246
96149d3ed4f00afb92f12856101e693e93c4683f030ae6ca6ebfbb7ba5a2a345,1cf618f9ee318fecbc31aa059ded8328581b9a9b092f1069b9f7679b6f89e52e,1023757.1008589268,0.01,1357.0908589267638,71,1357.0908589267638,inception,0.37696968303521217
96149d3ed4f00afb92f12856101e693e93c4683f030ae6ca6ebfbb7ba5a2a345,1cf618f9ee318fecbc31aa059ded8328581b9a9b092f1069b9f7679b6f89e52e,1023758.4934549332,0.009,1358.4844549332047,71,1358.4844549332047,inception,0.3773567930370013
b5450811f2226912d7c86164eeca69e414c0407a87152597b8c7fbbc2ab8d110,b5e597c31a20d9046084e9b5365a5151a3cb4a3634f0d24e2e3ddbabc4ef48cd,1110162.8207769394,3.462,1359.3587769393343,77,1359.3587769393343,distilgpt2,0.37759966026092623
b5450811f2226912d7c86164eeca69e414c0407a87152597b8c7fbbc2ab8d110,b5e597c31a20d9046084e9b5365a5151a3cb4a3634f0d24e2e3ddbabc4ef48cd,1110162.8345320225,3.471,1359.363532022573,77,1359.363532022573,distilgpt2,0.3776009811173814
b5450811f2226912d7c86164eeca69e414c0407a87152597b8c7fbbc2ab8d110,b5e597c31a20d9046084e9b5365a5151a3cb4a3634f0d24e2e3ddbabc4ef48cd,1110162.7979500294,3.434,1359.3639500294812,77,1359.3639500294812,distilgpt2,0.37760109723041146
b5450811f2226912d7c86164eeca69e414c0407a87152597b8c7fbbc2ab8d110,b5e597c31a20d9046084e9b5365a5151a3cb4a3634f0d24e2e3ddbabc4ef48cd,1110162.8329889774,3.469,1359.3639889773913,77,1359.3639889773913,distilgpt2,0.3776011080492754
96149d3ed4f00afb92f12856101e693e93c4683f030ae6ca6ebfbb7ba5a2a345,eefb3a7b86d12c2676276a5dde28099ef6f546a60e5b78e0a1c2b7221baf154d,1023760.6515090466,0.0,1360.6515090465546,71,1360.6515090465546,googlenet,0.3779587525129318
96149d3ed4f00afb92f12856101e693e93c4683f030ae6ca6ebfbb7ba5a2a345,1bfbf6e1f849d22a0ece669507eb055525edf6929f273b999d865d52ea086a82,1023761.348160982,0.624,1360.724160982063,71,1360.724160982063,resnet50,0.3779789336061286
96149d3ed4f00afb92f12856101e693e93c4683f030ae6ca6ebfbb7ba5a2a345,1cf618f9ee318fecbc31aa059ded8328581b9a9b092f1069b9f7679b6f89e52e,1023761.4772100447,0.016,1361.4612100447994,71,1361.4612100447994,inception,0.3781836694568887
96149d3ed4f00afb92f12856101e693e93c4683f030ae6ca6ebfbb7ba5a2a345,eefb3a7b86d12c2676276a5dde28099ef6f546a60e5b78e0a1c2b7221baf154d,1023763.4169170856,0.0,1363.4169170856476,71,1363.4169170856476,googlenet,0.3787269214126799
96149d3ed4f00afb92f12856101e693e93c4683f030ae6ca6ebfbb7ba5a2a345,1bfbf6e1f849d22a0ece669507eb055525edf6929f273b999d865d52ea086a82,1023764.3725249768,0.926,1363.4465249768691,71,1363.4465249768691,resnet50,0.3787351458269081
96149d3ed4f00afb92f12856101e693e93c4683f030ae6ca6ebfbb7ba5a2a345,1bfbf6e1f849d22a0ece669507eb055525edf6929f273b999d865d52ea086a82,1023765.2837839128,0.752,1364.5317839127965,71,1364.5317839127965,resnet50,0.3790366066424435
b5450811f2226912d7c86164eeca69e414c0407a87152597b8c7fbbc2ab8d110,b5e597c31a20d9046084e9b5365a5151a3cb4a3634f0d24e2e3ddbabc4ef48cd,1110177.8048870564,3.444,1374.3608870564494,77,1374.3608870564494,distilgpt2,0.38176691307123595
b5450811f2226912d7c86164eeca69e414c0407a87152597b8c7fbbc2ab8d110,b5e597c31a20d9046084e9b5365a5151a3cb4a3634f0d24e2e3ddbabc4ef48cd,1110177.783879995,3.422,1374.3618799950927,77,1374.3618799950927,distilgpt2,0.38176718888752575
b5450811f2226912d7c86164eeca69e414c0407a87152597b8c7fbbc2ab8d110,b5e597c31a20d9046084e9b5365a5151a3cb4a3634f0d24e2e3ddbabc4ef48cd,1110177.806193113,3.444,1374.362193113193,77,1374.362193113193,distilgpt2,0.3817672758647758
b5450811f2226912d7c86164eeca69e414c0407a87152597b8c7fbbc2ab8d110,b5e597c31a20d9046084e9b5365a5151a3cb4a3634f0d24e2e3ddbabc4ef48cd,1110177.8134229183,3.451,1374.3624229184352,77,1374.3624229184352,distilgpt2,0.38176733969956533
b5450811f2226912d7c86164eeca69e414c0407a87152597b8c7fbbc2ab8d110,b5e597c31a20d9046084e9b5365a5151a3cb4a3634f0d24e2e3ddbabc4ef48cd,1110177.8740739822,3.511,1374.3630739822984,77,1374.3630739822984,distilgpt2,0.38176752055063845
b5450811f2226912d7c86164eeca69e414c0407a87152597b8c7fbbc2ab8d110,b5e597c31a20d9046084e9b5365a5151a3cb4a3634f0d24e2e3ddbabc4ef48cd,1110179.5606861117,5.197,1374.3636861117557,77,1374.3636861117557,distilgpt2,0.3817676905865988
b5450811f2226912d7c86164eeca69e414c0407a87152597b8c7fbbc2ab8d110,b5e597c31a20d9046084e9b5365a5151a3cb4a3634f0d24e2e3ddbabc4ef48cd,1110179.4382779598,4.745,1374.6932779597118,77,1374.6932779597118,distilgpt2,0.38185924387769776
b5450811f2226912d7c86164eeca69e414c0407a87152597b8c7fbbc2ab8d110,b5e597c31a20d9046084e9b5365a5151a3cb4a3634f0d24e2e3ddbabc4ef48cd,1110179.4242930412,4.731,1374.6932930413168,77,1374.6932930413168,distilgpt2,0.3818592480670324
b5450811f2226912d7c86164eeca69e414c0407a87152597b8c7fbbc2ab8d110,b5e597c31a20d9046084e9b5365a5151a3cb4a3634f0d24e2e3ddbabc4ef48cd,1110181.8752141,3.426,1378.4492140999064,77,1378.4492140999064,distilgpt2,0.3829025594721962
b5450811f2226912d7c86164eeca69e414c0407a87152597b8c7fbbc2ab8d110,b5e597c31a20d9046084e9b5365a5151a3cb4a3634f0d24e2e3ddbabc4ef48cd,1110181.8992779255,3.449,1378.450277925469,77,1378.450277925469,distilgpt2,0.38290285497929694
b5450811f2226912d7c86164eeca69e414c0407a87152597b8c7fbbc2ab8d110,b5e597c31a20d9046084e9b5365a5151a3cb4a3634f0d24e2e3ddbabc4ef48cd,1110194.321657896,3.567,1390.7546578960028,77,1390.7546578960028,distilgpt2,0.3863207383044452
b5450811f2226912d7c86164eeca69e414c0407a87152597b8c7fbbc2ab8d110,b5e597c31a20d9046084e9b5365a5151a3cb4a3634f0d24e2e3ddbabc4ef48cd,1110194.326980114,3.572,1390.7549801140558,77,1390.7549801140558,distilgpt2,0.3863208278094599
96149d3ed4f00afb92f12856101e693e93c4683f030ae6ca6ebfbb7ba5a2a345,eefb3a7b86d12c2676276a5dde28099ef6f546a60e5b78e0a1c2b7221baf154d,1023792.892031908,0.0,1392.8920319080353,71,1392.8920319080353,googlenet,0.38691445330778756
96149d3ed4f00afb92f12856101e693e93c4683f030ae6ca6ebfbb7ba5a2a345,1bfbf6e1f849d22a0ece669507eb055525edf6929f273b999d865d52ea086a82,1023793.875262022,0.925,1392.9502620219719,71,1392.9502620219719,resnet50,0.38693062833943664
96149d3ed4f00afb92f12856101e693e93c4683f030ae6ca6ebfbb7ba5a2a345,1bfbf6e1f849d22a0ece669507eb055525edf6929f273b999d865d52ea086a82,1023797.9327700138,0.646,1397.2867700138595,71,1397.2867700138595,resnet50,0.38813521389273875
b5450811f2226912d7c86164eeca69e414c0407a87152597b8c7fbbc2ab8d110,b5e597c31a20d9046084e9b5365a5151a3cb4a3634f0d24e2e3ddbabc4ef48cd,1110207.3186368942,3.467,1403.85163689428,77,1403.85163689428,distilgpt2,0.38995878802618894
b5450811f2226912d7c86164eeca69e414c0407a87152597b8c7fbbc2ab8d110,b5e597c31a20d9046084e9b5365a5151a3cb4a3634f0d24e2e3ddbabc4ef48cd,1110207.3099839687,3.458,1403.8519839686342,77,1403.8519839686342,distilgpt2,0.38995888443573173
96149d3ed4f00afb92f12856101e693e93c4683f030ae6ca6ebfbb7ba5a2a345,1bfbf6e1f849d22a0ece669507eb055525edf6929f273b999d865d52ea086a82,1023813.1004469396,0.948,1412.15244693961,71,1412.15244693961,resnet50,0.3922645685943361
96149d3ed4f00afb92f12856101e693e93c4683f030ae6ca6ebfbb7ba5a2a345,1cf618f9ee318fecbc31aa059ded8328581b9a9b092f1069b9f7679b6f89e52e,1023815.3559820652,0.014,1415.3419820652343,71,1415.3419820652343,inception,0.3931505505736762
96149d3ed4f00afb92f12856101e693e93c4683f030ae6ca6ebfbb7ba5a2a345,1bfbf6e1f849d22a0ece669507eb055525edf6929f273b999d865d52ea086a82,1023817.9840331078,0.667,1417.3170331077417,71,1417.3170331077417,resnet50,0.3936991758632616
96149d3ed4f00afb92f12856101e693e93c4683f030ae6ca6ebfbb7ba5a2a345,1bfbf6e1f849d22a0ece669507eb055525edf6929f273b999d865d52ea086a82,1023818.8136909008,0.65,1418.1636909007793,71,1418.1636909007793,resnet50,0.3939343585835498
96149d3ed4f00afb92f12856101e693e93c4683f030ae6ca6ebfbb7ba5a2a345,1bfbf6e1f849d22a0ece669507eb055525edf6929f273b999d865d52ea086a82,1023820.4529500008,0.692,1419.7609500007238,71,1419.7609500007238,resnet50,0.39437804166686774
96149d3ed4f00afb92f12856101e693e93c4683f030ae6ca6ebfbb7ba5a2a345,1bfbf6e1f849d22a0ece669507eb055525edf6929f273b999d865d52ea086a82,1023823.0532770156,0.662,1422.3912770155584,71,1422.3912770155584,resnet50,0.39510868805987737
96149d3ed4f00afb92f12856101e693e93c4683f030ae6ca6ebfbb7ba5a2a345,eefb3a7b86d12c2676276a5dde28099ef6f546a60e5b78e0a1c2b7221baf154d,1023828.228552103,0.0,1428.2285521030426,71,1428.2285521030426,googlenet,0.3967301533619563
b5450811f2226912d7c86164eeca69e414c0407a87152597b8c7fbbc2ab8d110,b5e597c31a20d9046084e9b5365a5151a3cb4a3634f0d24e2e3ddbabc4ef48cd,1110232.3337600231,3.47,1428.863760023145,77,1428.863760023145,distilgpt2,0.3969066000064292
b5450811f2226912d7c86164eeca69e414c0407a87152597b8c7fbbc2ab8d110,b5e597c31a20d9046084e9b5365a5151a3cb4a3634f0d24e2e3ddbabc4ef48cd,1110232.3723680973,3.508,1428.864368097391,77,1428.864368097391,distilgpt2,0.39690676891594195
96149d3ed4f00afb92f12856101e693e93c4683f030ae6ca6ebfbb7ba5a2a345,1cf618f9ee318fecbc31aa059ded8328581b9a9b092f1069b9f7679b6f89e52e,1023832.8799760342,0.016,1432.8639760342194,71,1432.8639760342194,inception,0.3980177711206165
96149d3ed4f00afb92f12856101e693e93c4683f030ae6ca6ebfbb7ba5a2a345,1cf618f9ee318fecbc31aa059ded8328581b9a9b092f1069b9f7679b6f89e52e,1023833.2748060226,0.009,1433.2658060226822,71,1433.2658060226822,inception,0.3981293905618562
96149d3ed4f00afb92f12856101e693e93c4683f030ae6ca6ebfbb7ba5a2a345,1cf618f9ee318fecbc31aa059ded8328581b9a9b092f1069b9f7679b6f89e52e,1023833.5527229308,0.021,1433.531722930842,71,1433.531722930842,inception,0.39820325636967835
96149d3ed4f00afb92f12856101e693e93c4683f030ae6ca6ebfbb7ba5a2a345,1cf618f9ee318fecbc31aa059ded8328581b9a9b092f1069b9f7679b6f89e52e,1023833.6033260822,0.016,1433.5873260822846,71,1433.5873260822846,inception,0.3982187016895235
96149d3ed4f00afb92f12856101e693e93c4683f030ae6ca6ebfbb7ba5a2a345,1bfbf6e1f849d22a0ece669507eb055525edf6929f273b999d865d52ea086a82,1023836.1632800102,0.725,1435.4382800102467,71,1435.4382800102467,resnet50,0.3987328555584019
96149d3ed4f00afb92f12856101e693e93c4683f030ae6ca6ebfbb7ba5a2a345,1bfbf6e1f849d22a0ece669507eb055525edf6929f273b999d865d52ea086a82,1023837.1387879848,0.814,1436.324787984835,71,1436.324787984835,resnet50,0.39897910777356527
b5450811f2226912d7c86164eeca69e414c0407a87152597b8c7fbbc2ab8d110,b5e597c31a20d9046084e9b5365a5151a3cb4a3634f0d24e2e3ddbabc4ef48cd,1110255.376085043,3.435,1451.9410850428976,77,1451.9410850428976,distilgpt2,0.4033169680674716
b5450811f2226912d7c86164eeca69e414c0407a87152597b8c7fbbc2ab8d110,b5e597c31a20d9046084e9b5365a5151a3cb4a3634f0d24e2e3ddbabc4ef48cd,1110255.4817318916,3.54,1451.9417318915948,77,1451.9417318915948,distilgpt2,0.40331714774766525
96149d3ed4f00afb92f12856101e693e93c4683f030ae6ca6ebfbb7ba5a2a345,1bfbf6e1f849d22a0ece669507eb055525edf6929f273b999d865d52ea086a82,1023856.2128050328,0.721,1455.491805032827,71,1455.491805032827,resnet50,0.4043032791757853
96149d3ed4f00afb92f12856101e693e93c4683f030ae6ca6ebfbb7ba5a2a345,eefb3a7b86d12c2676276a5dde28099ef6f546a60e5b78e0a1c2b7221baf154d,1023856.280698061,0.0,1456.2806980609894,71,1456.2806980609894,googlenet,0.4045224161280526
96149d3ed4f00afb92f12856101e693e93c4683f030ae6ca6ebfbb7ba5a2a345,eefb3a7b86d12c2676276a5dde28099ef6f546a60e5b78e0a1c2b7221baf154d,1023856.3330628872,0.0,1456.3330628871918,71,1456.3330628871918,googlenet,0.40453696191310884
96149d3ed4f00afb92f12856101e693e93c4683f030ae6ca6ebfbb7ba5a2a345,eefb3a7b86d12c2676276a5dde28099ef6f546a60e5b78e0a1c2b7221baf154d,1023858.6331100464,0.0,1458.6331100463867,71,1458.6331100463867,googlenet,0.40517586390177407
b5450811f2226912d7c86164eeca69e414c0407a87152597b8c7fbbc2ab8d110,b5e597c31a20d9046084e9b5365a5151a3cb4a3634f0d24e2e3ddbabc4ef48cd,1110262.368849039,3.475,1458.8938490389846,77,1458.8938490389846,distilgpt2,0.40524829139971796
b5450811f2226912d7c86164eeca69e414c0407a87152597b8c7fbbc2ab8d110,b5e597c31a20d9046084e9b5365a5151a3cb4a3634f0d24e2e3ddbabc4ef48cd,1110262.3552520275,3.458,1458.897252027411,77,1458.897252027411,distilgpt2,0.4052492366742808
96149d3ed4f00afb92f12856101e693e93c4683f030ae6ca6ebfbb7ba5a2a345,1bfbf6e1f849d22a0ece669507eb055525edf6929f273b999d865d52ea086a82,1023860.2241060734,0.651,1459.5731060734252,71,1459.5731060734252,resnet50,0.40543697390928474
b5450811f2226912d7c86164eeca69e414c0407a87152597b8c7fbbc2ab8d110,b5e597c31a20d9046084e9b5365a5151a3cb4a3634f0d24e2e3ddbabc4ef48cd,1110264.5060720444,3.466,1461.0400720443577,77,1461.0400720443577,distilgpt2,0.40584446445676603
b5450811f2226912d7c86164eeca69e414c0407a87152597b8c7fbbc2ab8d110,b5e597c31a20d9046084e9b5365a5151a3cb4a3634f0d24e2e3ddbabc4ef48cd,1110264.5410749912,3.5,1461.0410749912262,77,1461.0410749912262,distilgpt2,0.4058447430531184
96149d3ed4f00afb92f12856101e693e93c4683f030ae6ca6ebfbb7ba5a2a345,eefb3a7b86d12c2676276a5dde28099ef6f546a60e5b78e0a1c2b7221baf154d,1023863.1389191152,0.0,1463.138919115183,71,1463.138919115183,googlenet,0.40642747753199526
b5450811f2226912d7c86164eeca69e414c0407a87152597b8c7fbbc2ab8d110,b5e597c31a20d9046084e9b5365a5151a3cb4a3634f0d24e2e3ddbabc4ef48cd,1110268.2774350643,3.484,1464.7934350643773,77,1464.7934350643773,distilgpt2,0.4068870652956604
b5450811f2226912d7c86164eeca69e414c0407a87152597b8c7fbbc2ab8d110,b5e597c31a20d9046084e9b5365a5151a3cb4a3634f0d24e2e3ddbabc4ef48cd,1110268.3038170338,3.51,1464.7938170337584,77,1464.7938170337584,distilgpt2,0.40688717139826625
b5450811f2226912d7c86164eeca69e414c0407a87152597b8c7fbbc2ab8d110,b5e597c31a20d9046084e9b5365a5151a3cb4a3634f0d24e2e3ddbabc4ef48cd,1110268.8957269192,3.459,1465.4367269191425,77,1465.4367269191425,distilgpt2,0.4070657574775396
96149d3ed4f00afb92f12856101e693e93c4683f030ae6ca6ebfbb7ba5a2a345,eefb3a7b86d12c2676276a5dde28099ef6f546a60e5b78e0a1c2b7221baf154d,1023865.5885620116,0.0,1465.5885620116023,71,1465.5885620116023,googlenet,0.40710793389211175
96149d3ed4f00afb92f12856101e693e93c4683f030ae6ca6ebfbb7ba5a2a345,1bfbf6e1f849d22a0ece669507eb055525edf6929f273b999d865d52ea086a82,1023867.665776968,0.644,1467.0217769680312,71,1467.0217769680312,resnet50,0.40750604915778643
96149d3ed4f00afb92f12856101e693e93c4683f030ae6ca6ebfbb7ba5a2a345,1cf618f9ee318fecbc31aa059ded8328581b9a9b092f1069b9f7679b6f89e52e,1023868.1924910544,0.052,1468.1404910543934,71,1468.1404910543934,inception,0.4078168030706648
96149d3ed4f00afb92f12856101e693e93c4683f030ae6ca6ebfbb7ba5a2a345,eefb3a7b86d12c2676276a5dde28099ef6f546a60e5b78e0a1c2b7221baf154d,1023869.061549902,0.0,1469.0615499019623,71,1469.0615499019623,googlenet,0.40807265275054505
96149d3ed4f00afb92f12856101e693e93c4683f030ae6ca6ebfbb7ba5a2a345,eefb3a7b86d12c2676276a5dde28099ef6f546a60e5b78e0a1c2b7221baf154d,1023869.0861830713,0.0,1469.086183071253,71,1469.086183071253,googlenet,0.40807949529757026
b5450811f2226912d7c86164eeca69e414c0407a87152597b8c7fbbc2ab8d110,b5e597c31a20d9046084e9b5365a5151a3cb4a3634f0d24e2e3ddbabc4ef48cd,1110273.083986044,3.62,1469.4639860438183,77,1469.4639860438183,distilgpt2,0.4081844405677273
b5450811f2226912d7c86164eeca69e414c0407a87152597b8c7fbbc2ab8d110,b5e597c31a20d9046084e9b5365a5151a3cb4a3634f0d24e2e3ddbabc4ef48cd,1110272.912981033,3.448,1469.464981033001,77,1469.464981033001,distilgpt2,0.4081847169536114
96149d3ed4f00afb92f12856101e693e93c4683f030ae6ca6ebfbb7ba5a2a345,1bfbf6e1f849d22a0ece669507eb055525edf6929f273b999d865d52ea086a82,1023873.998716116,1.297,1472.701716115931,71,1472.701716115931,resnet50,0.40908381003220307
96149d3ed4f00afb92f12856101e693e93c4683f030ae6ca6ebfbb7ba5a2a345,1cf618f9ee318fecbc31aa059ded8328581b9a9b092f1069b9f7679b6f89e52e,1023879.3722639084,0.012,1479.3602639083983,71,1479.3602639083983,inception,0.41093340664122174
96149d3ed4f00afb92f12856101e693e93c4683f030ae6ca6ebfbb7ba5a2a345,1bfbf6e1f849d22a0ece669507eb055525edf6929f273b999d865d52ea086a82,1023880.344125986,0.805,1479.5391259859316,71,1479.5391259859316,resnet50,0.41098309055164767
96149d3ed4f00afb92f12856101e693e93c4683f030ae6ca6ebfbb7ba5a2a345,1cf618f9ee318fecbc31aa059ded8328581b9a9b092f1069b9f7679b6f89e52e,1023880.4648211002,0.01,1480.4548211002257,71,1480.4548211002257,inception,0.41123745030561826
b5450811f2226912d7c86164eeca69e414c0407a87152597b8c7fbbc2ab8d110,b5e597c31a20d9046084e9b5365a5151a3cb4a3634f0d24e2e3ddbabc4ef48cd,1110286.3089499474,3.427,1482.8819499474484,77,1482.8819499474484,distilgpt2,0.41191165276318015
b5450811f2226912d7c86164eeca69e414c0407a87152597b8c7fbbc2ab8d110,b5e597c31a20d9046084e9b5365a5151a3cb4a3634f0d24e2e3ddbabc4ef48cd,1110286.394306898,3.512,1482.88230689778,77,1482.88230689778,distilgpt2,0.41191175191605
b5450811f2226912d7c86164eeca69e414c0407a87152597b8c7fbbc2ab8d110,b5e597c31a20d9046084e9b5365a5151a3cb4a3634f0d24e2e3ddbabc4ef48cd,1110287.14150095,3.574,1483.56750095007,77,1483.56750095007,distilgpt2,0.4121020835972417
96149d3ed4f00afb92f12856101e693e93c4683f030ae6ca6ebfbb7ba5a2a345,1bfbf6e1f849d22a0ece669507eb055525edf6929f273b999d865d52ea086a82,1023884.5121240616,0.59,1483.922124061617,71,1483.922124061617,resnet50,0.41220059001711584
b5450811f2226912d7c86164eeca69e414c0407a87152597b8c7fbbc2ab8d110,b5e597c31a20d9046084e9b5365a5151a3cb4a3634f0d24e2e3ddbabc4ef48cd,1110287.6547210217,3.435,1484.2197210215963,77,1484.2197210215963,distilgpt2,0.41228325583933234
b5450811f2226912d7c86164eeca69e414c0407a87152597b8c7fbbc2ab8d110,b5e597c31a20d9046084e9b5365a5151a3cb4a3634f0d24e2e3ddbabc4ef48cd,1110287.6670498848,3.446,1484.2210498847999,77,1484.2210498847999,distilgpt2,0.412283624968
b5450811f2226912d7c86164eeca69e414c0407a87152597b8c7fbbc2ab8d110,b5e597c31a20d9046084e9b5365a5151a3cb4a3634f0d24e2e3ddbabc4ef48cd,1110289.8420689106,3.386,1486.4560689106584,77,1486.4560689106584,distilgpt2,0.412904463586294
b5450811f2226912d7c86164eeca69e414c0407a87152597b8c7fbbc2ab8d110,b5e597c31a20d9046084e9b5365a5151a3cb4a3634f0d24e2e3ddbabc4ef48cd,1110289.9389390943,3.482,1486.4569390942343,77,1486.4569390942343,distilgpt2,0.41290470530395396
96149d3ed4f00afb92f12856101e693e93c4683f030ae6ca6ebfbb7ba5a2a345,1cf618f9ee318fecbc31aa059ded8328581b9a9b092f1069b9f7679b6f89e52e,1023886.7371160984,0.009,1486.7281160984421,71,1486.7281160984421,inception,0.41298003224956725
b5450811f2226912d7c86164eeca69e414c0407a87152597b8c7fbbc2ab8d110,b5e597c31a20d9046084e9b5365a5151a3cb4a3634f0d24e2e3ddbabc4ef48cd,1110293.3054590223,3.431,1489.8744590221904,77,1489.8744590221904,distilgpt2,0.41385401639505287
b5450811f2226912d7c86164eeca69e414c0407a87152597b8c7fbbc2ab8d110,b5e597c31a20d9046084e9b5365a5151a3cb4a3634f0d24e2e3ddbabc4ef48cd,1110294.5172450542,3.532,1490.985245054355,77,1490.985245054355,distilgpt2,0.41416256807065416
b5450811f2226912d7c86164eeca69e414c0407a87152597b8c7fbbc2ab8d110,b5e597c31a20d9046084e9b5365a5151a3cb4a3634f0d24e2e3ddbabc4ef48cd,1110298.0286679268,3.437,1494.5916679268703,77,1494.5916679268703,distilgpt2,0.4151643522019084
b5450811f2226912d7c86164eeca69e414c0407a87152597b8c7fbbc2ab8d110,b5e597c31a20d9046084e9b5365a5151a3cb4a3634f0d24e2e3ddbabc4ef48cd,1110299.1840569973,3.416,1495.7680569973309,77,1495.7680569973309,distilgpt2,0.415491126943703
b5450811f2226912d7c86164eeca69e414c0407a87152597b8c7fbbc2ab8d110,b5e597c31a20d9046084e9b5365a5151a3cb4a3634f0d24e2e3ddbabc4ef48cd,1110300.5603311062,3.684,1496.876331106294,77,1496.876331106294,distilgpt2,0.41579898086285944
b5450811f2226912d7c86164eeca69e414c0407a87152597b8c7fbbc2ab8d110,b5e597c31a20d9046084e9b5365a5151a3cb4a3634f0d24e2e3ddbabc4ef48cd,1110300.3420729637,3.465,1496.8770729636308,77,1496.8770729636308,distilgpt2,0.41579918693434187
b5450811f2226912d7c86164eeca69e414c0407a87152597b8c7fbbc2ab8d110,b5e597c31a20d9046084e9b5365a5151a3cb4a3634f0d24e2e3ddbabc4ef48cd,1110301.3984351158,3.428,1497.9704351157416,77,1497.9704351157416,distilgpt2,0.41610289864326155
b5450811f2226912d7c86164eeca69e414c0407a87152597b8c7fbbc2ab8d110,b5e597c31a20d9046084e9b5365a5151a3cb4a3634f0d24e2e3ddbabc4ef48cd,1110301.468327999,3.497,1497.971327999141,77,1497.971327999141,distilgpt2,0.41610314666642806
b5450811f2226912d7c86164eeca69e414c0407a87152597b8c7fbbc2ab8d110,b5e597c31a20d9046084e9b5365a5151a3cb4a3634f0d24e2e3ddbabc4ef48cd,1110303.5581560135,3.463,1500.0951560135,77,1500.0951560135,distilgpt2,0.4166930988926389
b5450811f2226912d7c86164eeca69e414c0407a87152597b8c7fbbc2ab8d110,b5e597c31a20d9046084e9b5365a5151a3cb4a3634f0d24e2e3ddbabc4ef48cd,1110303.522974968,3.427,1500.0959749680478,77,1500.0959749680478,distilgpt2,0.4166933263800133
b5450811f2226912d7c86164eeca69e414c0407a87152597b8c7fbbc2ab8d110,b5e597c31a20d9046084e9b5365a5151a3cb4a3634f0d24e2e3ddbabc4ef48cd,1110303.7241110802,3.628,1500.0961110801436,77,1500.0961110801436,distilgpt2,0.41669336418892877
b5450811f2226912d7c86164eeca69e414c0407a87152597b8c7fbbc2ab8d110,b5e597c31a20d9046084e9b5365a5151a3cb4a3634f0d24e2e3ddbabc4ef48cd,1110305.6170749664,3.445,1502.1720749663655,77,1502.1720749663655,distilgpt2,0.4172700208239904
b5450811f2226912d7c86164eeca69e414c0407a87152597b8c7fbbc2ab8d110,b5e597c31a20d9046084e9b5365a5151a3cb4a3634f0d24e2e3ddbabc4ef48cd,1110306.295906067,4.123,1502.1729060669895,77,1502.1729060669895,distilgpt2,0.4172702516852749
b5450811f2226912d7c86164eeca69e414c0407a87152597b8c7fbbc2ab8d110,b5e597c31a20d9046084e9b5365a5151a3cb4a3634f0d24e2e3ddbabc4ef48cd,1110307.6421289444,3.4,1504.24212894449,77,1504.24212894449,distilgpt2,0.41784503581791393
b5450811f2226912d7c86164eeca69e414c0407a87152597b8c7fbbc2ab8d110,b5e597c31a20d9046084e9b5365a5151a3cb4a3634f0d24e2e3ddbabc4ef48cd,1110307.6922490597,3.449,1504.2432490596548,77,1504.2432490596548,distilgpt2,0.4178453469610152
b5450811f2226912d7c86164eeca69e414c0407a87152597b8c7fbbc2ab8d110,b5e597c31a20d9046084e9b5365a5151a3cb4a3634f0d24e2e3ddbabc4ef48cd,1110308.3266129494,3.433,1504.8936129494105,77,1504.8936129494105,distilgpt2,0.41802600359705844
b5450811f2226912d7c86164eeca69e414c0407a87152597b8c7fbbc2ab8d110,b5e597c31a20d9046084e9b5365a5151a3cb4a3634f0d24e2e3ddbabc4ef48cd,1110309.6159319878,3.494,1506.1219319878146,77,1506.1219319878146,distilgpt2,0.4183672033299485
b5450811f2226912d7c86164eeca69e414c0407a87152597b8c7fbbc2ab8d110,b5e597c31a20d9046084e9b5365a5151a3cb4a3634f0d24e2e3ddbabc4ef48cd,1110309.9333639145,3.461,1506.472363914596,77,1506.472363914596,distilgpt2,0.4184645455318322
b5450811f2226912d7c86164eeca69e414c0407a87152597b8c7fbbc2ab8d110,b5e597c31a20d9046084e9b5365a5151a3cb4a3634f0d24e2e3ddbabc4ef48cd,1110309.9350960257,3.462,1506.473096025642,77,1506.473096025642,distilgpt2,0.41846474889601165
b5450811f2226912d7c86164eeca69e414c0407a87152597b8c7fbbc2ab8d110,b5e597c31a20d9046084e9b5365a5151a3cb4a3634f0d24e2e3ddbabc4ef48cd,1110312.0275230408,3.387,1508.6405230406672,77,1508.6405230406672,distilgpt2,0.41906681195574086
b5450811f2226912d7c86164eeca69e414c0407a87152597b8c7fbbc2ab8d110,b5e597c31a20d9046084e9b5365a5151a3cb4a3634f0d24e2e3ddbabc4ef48cd,1110312.0553350449,3.414,1508.6413350447547,77,1508.6413350447547,distilgpt2,0.41906703751243185
b5450811f2226912d7c86164eeca69e414c0407a87152597b8c7fbbc2ab8d110,b5e597c31a20d9046084e9b5365a5151a3cb4a3634f0d24e2e3ddbabc4ef48cd,1110313.239741087,3.56,1509.679741086904,77,1509.679741086904,distilgpt2,0.4193554836352511
b5450811f2226912d7c86164eeca69e414c0407a87152597b8c7fbbc2ab8d110,b5e597c31a20d9046084e9b5365a5151a3cb4a3634f0d24e2e3ddbabc4ef48cd,1110313.4480309486,3.455,1509.9930309485644,77,1509.9930309485644,distilgpt2,0.41944250859682347
b5450811f2226912d7c86164eeca69e414c0407a87152597b8c7fbbc2ab8d110,b5e597c31a20d9046084e9b5365a5151a3cb4a3634f0d24e2e3ddbabc4ef48cd,1110313.5221180916,3.528,1509.9941180916503,77,1509.9941180916503,distilgpt2,0.41944281058101396
b5450811f2226912d7c86164eeca69e414c0407a87152597b8c7fbbc2ab8d110,b5e597c31a20d9046084e9b5365a5151a3cb4a3634f0d24e2e3ddbabc4ef48cd,1110315.668904066,3.472,1512.1969040660188,77,1512.1969040660188,distilgpt2,0.4200546955738941
b5450811f2226912d7c86164eeca69e414c0407a87152597b8c7fbbc2ab8d110,b5e597c31a20d9046084e9b5365a5151a3cb4a3634f0d24e2e3ddbabc4ef48cd,1110315.6743090153,3.477,1512.1973090153188,77,1512.1973090153188,distilgpt2,0.42005480805981077
b5450811f2226912d7c86164eeca69e414c0407a87152597b8c7fbbc2ab8d110,b5e597c31a20d9046084e9b5365a5151a3cb4a3634f0d24e2e3ddbabc4ef48cd,1110319.35332489,3.458,1515.8953248898033,77,1515.8953248898033,distilgpt2,0.42108203469161204
b5450811f2226912d7c86164eeca69e414c0407a87152597b8c7fbbc2ab8d110,b5e597c31a20d9046084e9b5365a5151a3cb4a3634f0d24e2e3ddbabc4ef48cd,1110319.657346964,3.402,1516.2553469641134,77,1516.2553469641134,distilgpt2,0.42118204082336486
b5450811f2226912d7c86164eeca69e414c0407a87152597b8c7fbbc2ab8d110,b5e597c31a20d9046084e9b5365a5151a3cb4a3634f0d24e2e3ddbabc4ef48cd,1110319.6852419376,3.429,1516.2562419376336,77,1516.2562419376336,distilgpt2,0.42118228942712044
734272c01926d19690e5ec308bab64ef97950b75b1c7582283e0783fce1751d8,9b61fd55aa093a2d172db1a68a60af5cf6cbfa7f5ea1fbc71846027a5954616d,1110632.341057062,0.172,1832.1690570618957,77,1832.1690570618957,bert,0.5089358491838599
734272c01926d19690e5ec308bab64ef97950b75b1c7582283e0783fce1751d8,9b61fd55aa093a2d172db1a68a60af5cf6cbfa7f5ea1fbc71846027a5954616d,1110632.3541560173,0.184,1832.1701560174115,77,1832.1701560174115,bert,0.508936154449281
734272c01926d19690e5ec308bab64ef97950b75b1c7582283e0783fce1751d8,9b61fd55aa093a2d172db1a68a60af5cf6cbfa7f5ea1fbc71846027a5954616d,1110632.60471797,0.434,1832.1707179700024,77,1832.1707179700024,bert,0.5089363105472229
734272c01926d19690e5ec308bab64ef97950b75b1c7582283e0783fce1751d8,9b61fd55aa093a2d172db1a68a60af5cf6cbfa7f5ea1fbc71846027a5954616d,1110632.590018034,0.419,1832.171018033987,77,1832.171018033987,bert,0.5089363938983297
734272c01926d19690e5ec308bab64ef97950b75b1c7582283e0783fce1751d8,9b61fd55aa093a2d172db1a68a60af5cf6cbfa7f5ea1fbc71846027a5954616d,1110632.5096669197,0.338,1832.1716669197194,77,1832.1716669197194,bert,0.5089365741443665
4dd59aea96ab30b4156e2166b472206ff912315495a3c4f713fbdc240d06b9b0,32c6e2d6d752d3c30c43a9891766d887e0d25d388034459828b1913fb62f482a,491664.0326120853,8.9,2055.132612085261,34,2055.132612085261,alexnet,0.5708701700236836
4dd59aea96ab30b4156e2166b472206ff912315495a3c4f713fbdc240d06b9b0,32c6e2d6d752d3c30c43a9891766d887e0d25d388034459828b1913fb62f482a,491664.2455019951,7.862,2056.383501995064,34,2056.383501995064,alexnet,0.5712176394430732
4dd59aea96ab30b4156e2166b472206ff912315495a3c4f713fbdc240d06b9b0,32c6e2d6d752d3c30c43a9891766d887e0d25d388034459828b1913fb62f482a,491668.6651310921,4.577,2064.0881310920813,34,2064.0881310920813,alexnet,0.5733578141922449
4dd59aea96ab30b4156e2166b472206ff912315495a3c4f713fbdc240d06b9b0,32c6e2d6d752d3c30c43a9891766d887e0d25d388034459828b1913fb62f482a,491668.5781209469,4.316,2064.2621209468925,34,2064.2621209468925,alexnet,0.5734061447074702
4dd59aea96ab30b4156e2166b472206ff912315495a3c4f713fbdc240d06b9b0,32c6e2d6d752d3c30c43a9891766d887e0d25d388034459828b1913fb62f482a,491679.792001009,13.135,2066.657001008978,34,2066.657001008978,alexnet,0.5740713891691606
4dd59aea96ab30b4156e2166b472206ff912315495a3c4f713fbdc240d06b9b0,32c6e2d6d752d3c30c43a9891766d887e0d25d388034459828b1913fb62f482a,491680.0543820858,11.975,2068.0793820858235,34,2068.0793820858235,alexnet,0.5744664950238398
4dd59aea96ab30b4156e2166b472206ff912315495a3c4f713fbdc240d06b9b0,32c6e2d6d752d3c30c43a9891766d887e0d25d388034459828b1913fb62f482a,491678.6154439449,9.912,2068.7034439448616,34,2068.7034439448616,alexnet,0.5746398455402394
4dd59aea96ab30b4156e2166b472206ff912315495a3c4f713fbdc240d06b9b0,32c6e2d6d752d3c30c43a9891766d887e0d25d388034459828b1913fb62f482a,491678.57334303856,9.863,2068.710343038547,34,2068.710343038547,alexnet,0.5746417619551519
4dd59aea96ab30b4156e2166b472206ff912315495a3c4f713fbdc240d06b9b0,32c6e2d6d752d3c30c43a9891766d887e0d25d388034459828b1913fb62f482a,491688.0156209469,9.391,2078.624620946881,34,2078.624620946881,alexnet,0.5773957280408002
4dd59aea96ab30b4156e2166b472206ff912315495a3c4f713fbdc240d06b9b0,32c6e2d6d752d3c30c43a9891766d887e0d25d388034459828b1913fb62f482a,491684.6812050343,6.047,2078.6342050342937,34,2078.6342050342937,alexnet,0.5773983902873038
4dd59aea96ab30b4156e2166b472206ff912315495a3c4f713fbdc240d06b9b0,32c6e2d6d752d3c30c43a9891766d887e0d25d388034459828b1913fb62f482a,491690.01849007607,10.205,2079.8134900760488,34,2079.8134900760488,alexnet,0.5777259694655691
4dd59aea96ab30b4156e2166b472206ff912315495a3c4f713fbdc240d06b9b0,32c6e2d6d752d3c30c43a9891766d887e0d25d388034459828b1913fb62f482a,491690.8483200073,10.761,2080.0873200073256,34,2080.0873200073256,alexnet,0.5778020333353683
4dd59aea96ab30b4156e2166b472206ff912315495a3c4f713fbdc240d06b9b0,32c6e2d6d752d3c30c43a9891766d887e0d25d388034459828b1913fb62f482a,491693.0724740029,8.325,2084.7474740028847,34,2084.7474740028847,alexnet,0.5790965205563569
4dd59aea96ab30b4156e2166b472206ff912315495a3c4f713fbdc240d06b9b0,32c6e2d6d752d3c30c43a9891766d887e0d25d388034459828b1913fb62f482a,491702.58641290665,15.751,2086.8354129066574,34,2086.8354129066574,alexnet,0.5796765035851826
4dd59aea96ab30b4156e2166b472206ff912315495a3c4f713fbdc240d06b9b0,32c6e2d6d752d3c30c43a9891766d887e0d25d388034459828b1913fb62f482a,491697.4866859913,9.454,2088.03268599126,34,2088.03268599126,alexnet,0.5800090794420167
4dd59aea96ab30b4156e2166b472206ff912315495a3c4f713fbdc240d06b9b0,32c6e2d6d752d3c30c43a9891766d887e0d25d388034459828b1913fb62f482a,491703.1824829578,14.544,2088.6384829577873,34,2088.6384829577873,alexnet,0.5801773563771632
4dd59aea96ab30b4156e2166b472206ff912315495a3c4f713fbdc240d06b9b0,32c6e2d6d752d3c30c43a9891766d887e0d25d388034459828b1913fb62f482a,491702.531140089,12.491,2090.040140088997,34,2090.040140088997,alexnet,0.5805667055802769
4dd59aea96ab30b4156e2166b472206ff912315495a3c4f713fbdc240d06b9b0,32c6e2d6d752d3c30c43a9891766d887e0d25d388034459828b1913fb62f482a,491706.373044014,15.505,2090.8680440139724,34,2090.8680440139724,alexnet,0.5807966788927701
4dd59aea96ab30b4156e2166b472206ff912315495a3c4f713fbdc240d06b9b0,32c6e2d6d752d3c30c43a9891766d887e0d25d388034459828b1913fb62f482a,491703.809871912,10.71,2093.0998719119816,34,2093.0998719119816,alexnet,0.5814166310866615
4dd59aea96ab30b4156e2166b472206ff912315495a3c4f713fbdc240d06b9b0,32c6e2d6d752d3c30c43a9891766d887e0d25d388034459828b1913fb62f482a,491710.1000180245,12.536,2097.564018024481,34,2097.564018024481,alexnet,0.5826566716734669
4dd59aea96ab30b4156e2166b472206ff912315495a3c4f713fbdc240d06b9b0,32c6e2d6d752d3c30c43a9891766d887e0d25d388034459828b1913fb62f482a,491716.6140758991,14.06,2102.5540758991265,34,2102.5540758991265,alexnet,0.5840427988608685
4dd59aea96ab30b4156e2166b472206ff912315495a3c4f713fbdc240d06b9b0,32c6e2d6d752d3c30c43a9891766d887e0d25d388034459828b1913fb62f482a,491718.6536090374,15.999,2102.6546090373886,34,2102.6546090373886,alexnet,0.5840707247326079
4dd59aea96ab30b4156e2166b472206ff912315495a3c4f713fbdc240d06b9b0,32c6e2d6d752d3c30c43a9891766d887e0d25d388034459828b1913fb62f482a,491720.0391030312,16.845,2103.1941030312446,34,2103.1941030312446,alexnet,0.5842205841753457
4dd59aea96ab30b4156e2166b472206ff912315495a3c4f713fbdc240d06b9b0,32c6e2d6d752d3c30c43a9891766d887e0d25d388034459828b1913fb62f482a,491714.86416602135,11.004,2103.8601660213317,34,2103.8601660213317,alexnet,0.5844056016725921
4dd59aea96ab30b4156e2166b472206ff912315495a3c4f713fbdc240d06b9b0,32c6e2d6d752d3c30c43a9891766d887e0d25d388034459828b1913fb62f482a,491723.27597904205,16.883,2106.3929790420807,34,2106.3929790420807,alexnet,0.5851091608450224
4dd59aea96ab30b4156e2166b472206ff912315495a3c4f713fbdc240d06b9b0,32c6e2d6d752d3c30c43a9891766d887e0d25d388034459828b1913fb62f482a,491726.79784703255,16.678,2110.1198470325326,34,2110.1198470325326,alexnet,0.5861444019534813
4dd59aea96ab30b4156e2166b472206ff912315495a3c4f713fbdc240d06b9b0,32c6e2d6d752d3c30c43a9891766d887e0d25d388034459828b1913fb62f482a,491738.5023999214,23.617,2114.8853999213898,34,2114.8853999213898,alexnet,0.5874681666448305
4dd59aea96ab30b4156e2166b472206ff912315495a3c4f713fbdc240d06b9b0,32c6e2d6d752d3c30c43a9891766d887e0d25d388034459828b1913fb62f482a,491731.101213932,14.47,2116.631213932007,34,2116.631213932007,alexnet,0.5879531149811131
734272c01926d19690e5ec308bab64ef97950b75b1c7582283e0783fce1751d8,9b61fd55aa093a2d172db1a68a60af5cf6cbfa7f5ea1fbc71846027a5954616d,1111221.7353589537,0.09,2421.645358953625,77,2421.645358953625,bert,0.672679266376007
734272c01926d19690e5ec308bab64ef97950b75b1c7582283e0783fce1751d8,9b61fd55aa093a2d172db1a68a60af5cf6cbfa7f5ea1fbc71846027a5954616d,1111221.6933939457,0.047,2421.6463939456735,77,2421.6463939456735,bert,0.6726795538737982
734272c01926d19690e5ec308bab64ef97950b75b1c7582283e0783fce1751d8,9b61fd55aa093a2d172db1a68a60af5cf6cbfa7f5ea1fbc71846027a5954616d,1111221.7246639729,0.078,2421.646663972875,77,2421.646663972875,bert,0.6726796288813542
734272c01926d19690e5ec308bab64ef97950b75b1c7582283e0783fce1751d8,9b61fd55aa093a2d172db1a68a60af5cf6cbfa7f5ea1fbc71846027a5954616d,1111221.763158083,0.116,2421.6471580830403,77,2421.6471580830403,bert,0.6726797661341779
734272c01926d19690e5ec308bab64ef97950b75b1c7582283e0783fce1751d8,9b61fd55aa093a2d172db1a68a60af5cf6cbfa7f5ea1fbc71846027a5954616d,1111221.7913489342,0.144,2421.647348934086,77,2421.647348934086,bert,0.6726798191483573
734272c01926d19690e5ec308bab64ef97950b75b1c7582283e0783fce1751d8,9b61fd55aa093a2d172db1a68a60af5cf6cbfa7f5ea1fbc71846027a5954616d,1111222.04596591,0.398,2421.647965909913,77,2421.647965909913,bert,0.6726799905305314
734272c01926d19690e5ec308bab64ef97950b75b1c7582283e0783fce1751d8,9b61fd55aa093a2d172db1a68a60af5cf6cbfa7f5ea1fbc71846027a5954616d,1111222.1292369366,0.481,2421.6482369366568,77,2421.6482369366568,bert,0.672680065815738
734272c01926d19690e5ec308bab64ef97950b75b1c7582283e0783fce1751d8,9b61fd55aa093a2d172db1a68a60af5cf6cbfa7f5ea1fbc71846027a5954616d,1111222.612443924,0.964,2421.6484439240303,77,2421.6484439240303,bert,0.6726801233122306
734272c01926d19690e5ec308bab64ef97950b75b1c7582283e0783fce1751d8,9b61fd55aa093a2d172db1a68a60af5cf6cbfa7f5ea1fbc71846027a5954616d,1111222.62184906,0.973,2421.6488490600605,77,2421.6488490600605,bert,0.6726802358500168
734272c01926d19690e5ec308bab64ef97950b75b1c7582283e0783fce1751d8,9b61fd55aa093a2d172db1a68a60af5cf6cbfa7f5ea1fbc71846027a5954616d,1111222.6261041164,0.973,2421.6531041164417,77,2421.6531041164417,bert,0.6726814178101227
734272c01926d19690e5ec308bab64ef97950b75b1c7582283e0783fce1751d8,9b61fd55aa093a2d172db1a68a60af5cf6cbfa7f5ea1fbc71846027a5954616d,1111222.6309421062,0.977,2421.6539421062917,77,2421.6539421062917,bert,0.672681650585081
734272c01926d19690e5ec308bab64ef97950b75b1c7582283e0783fce1751d8,9b61fd55aa093a2d172db1a68a60af5cf6cbfa7f5ea1fbc71846027a5954616d,1111222.1753370762,0.521,2421.6543370762374,77,2421.6543370762374,bert,0.6726817602989549
734272c01926d19690e5ec308bab64ef97950b75b1c7582283e0783fce1751d8,9b61fd55aa093a2d172db1a68a60af5cf6cbfa7f5ea1fbc71846027a5954616d,1111222.6226189137,0.968,2421.6546189135406,77,2421.6546189135406,bert,0.6726818385870946
734272c01926d19690e5ec308bab64ef97950b75b1c7582283e0783fce1751d8,9b61fd55aa093a2d172db1a68a60af5cf6cbfa7f5ea1fbc71846027a5954616d,1111222.6253800392,0.97,2421.655380039243,77,2421.655380039243,bert,0.6726820500109009
734272c01926d19690e5ec308bab64ef97950b75b1c7582283e0783fce1751d8,9b61fd55aa093a2d172db1a68a60af5cf6cbfa7f5ea1fbc71846027a5954616d,1111222.6319260595,0.976,2421.655926059466,77,2421.655926059466,bert,0.6726822016831849
734272c01926d19690e5ec308bab64ef97950b75b1c7582283e0783fce1751d8,9b61fd55aa093a2d172db1a68a60af5cf6cbfa7f5ea1fbc71846027a5954616d,1111222.5920701027,0.936,2421.6560701027047,77,2421.6560701027047,bert,0.6726822416951957
734272c01926d19690e5ec308bab64ef97950b75b1c7582283e0783fce1751d8,9b61fd55aa093a2d172db1a68a60af5cf6cbfa7f5ea1fbc71846027a5954616d,1111222.681941986,0.067,2422.614941986045,77,2422.614941986045,bert,0.6729485949961236
734272c01926d19690e5ec308bab64ef97950b75b1c7582283e0783fce1751d8,9b61fd55aa093a2d172db1a68a60af5cf6cbfa7f5ea1fbc71846027a5954616d,1111222.6761739254,0.061,2422.615173925413,77,2422.615173925413,bert,0.6729486594237258
734272c01926d19690e5ec308bab64ef97950b75b1c7582283e0783fce1751d8,9b61fd55aa093a2d172db1a68a60af5cf6cbfa7f5ea1fbc71846027a5954616d,1111222.6859118938,0.07,2422.6159118937794,77,2422.6159118937794,bert,0.6729488644149387
734272c01926d19690e5ec308bab64ef97950b75b1c7582283e0783fce1751d8,9b61fd55aa093a2d172db1a68a60af5cf6cbfa7f5ea1fbc71846027a5954616d,1111222.6849620342,0.069,2422.615962034324,77,2422.615962034324,bert,0.6729488783428679
734272c01926d19690e5ec308bab64ef97950b75b1c7582283e0783fce1751d8,9b61fd55aa093a2d172db1a68a60af5cf6cbfa7f5ea1fbc71846027a5954616d,1111222.7630369663,0.146,2422.617036966374,77,2422.617036966374,bert,0.6729491769351039
96149d3ed4f00afb92f12856101e693e93c4683f030ae6ca6ebfbb7ba5a2a345,1bfbf6e1f849d22a0ece669507eb055525edf6929f273b999d865d52ea086a82,1026129.3496251106,1.283,3728.066625110572,71,3728.066625110572,resnet50,1.0355740625307146
96149d3ed4f00afb92f12856101e693e93c4683f030ae6ca6ebfbb7ba5a2a345,eefb3a7b86d12c2676276a5dde28099ef6f546a60e5b78e0a1c2b7221baf154d,1026139.7731580734,0.0,3739.7731580734253,71,3739.7731580734253,googlenet,1.0388258772426182
96149d3ed4f00afb92f12856101e693e93c4683f030ae6ca6ebfbb7ba5a2a345,1bfbf6e1f849d22a0ece669507eb055525edf6929f273b999d865d52ea086a82,1026141.508300066,1.723,3739.785300065996,71,3739.785300065996,resnet50,1.0388292500183323
96149d3ed4f00afb92f12856101e693e93c4683f030ae6ca6ebfbb7ba5a2a345,1bfbf6e1f849d22a0ece669507eb055525edf6929f273b999d865d52ea086a82,1026142.94628191,1.156,3741.7902819099836,71,3741.7902819099836,resnet50,1.0393861894194398
96149d3ed4f00afb92f12856101e693e93c4683f030ae6ca6ebfbb7ba5a2a345,eefb3a7b86d12c2676276a5dde28099ef6f546a60e5b78e0a1c2b7221baf154d,1026144.0483429432,0.0,3744.0483429431915,71,3744.0483429431915,googlenet,1.040013428595331
96149d3ed4f00afb92f12856101e693e93c4683f030ae6ca6ebfbb7ba5a2a345,1cf618f9ee318fecbc31aa059ded8328581b9a9b092f1069b9f7679b6f89e52e,1026152.4453289508,0.291,3752.154328950797,71,3752.154328950797,inception,1.0422650913752214
96149d3ed4f00afb92f12856101e693e93c4683f030ae6ca6ebfbb7ba5a2a345,eefb3a7b86d12c2676276a5dde28099ef6f546a60e5b78e0a1c2b7221baf154d,1026153.3789229392,0.0,3753.378922939184,71,3753.378922939184,googlenet,1.0426052563719956
96149d3ed4f00afb92f12856101e693e93c4683f030ae6ca6ebfbb7ba5a2a345,eefb3a7b86d12c2676276a5dde28099ef6f546a60e5b78e0a1c2b7221baf154d,1026153.6663808824,0.0,3753.6663808823796,71,3753.6663808823796,googlenet,1.042685105800661
96149d3ed4f00afb92f12856101e693e93c4683f030ae6ca6ebfbb7ba5a2a345,1cf618f9ee318fecbc31aa059ded8328581b9a9b092f1069b9f7679b6f89e52e,1026153.845678091,0.009,3753.8366780910874,71,3753.8366780910874,inception,1.0427324105808575
96149d3ed4f00afb92f12856101e693e93c4683f030ae6ca6ebfbb7ba5a2a345,1bfbf6e1f849d22a0ece669507eb055525edf6929f273b999d865d52ea086a82,1026154.6638131142,0.608,3754.055813114159,71,3754.055813114159,resnet50,1.0427932814205996
96149d3ed4f00afb92f12856101e693e93c4683f030ae6ca6ebfbb7ba5a2a345,1bfbf6e1f849d22a0ece669507eb055525edf6929f273b999d865d52ea086a82,1026155.3909990788,0.676,3754.714999078773,71,3754.714999078773,resnet50,1.0429763886329926
96149d3ed4f00afb92f12856101e693e93c4683f030ae6ca6ebfbb7ba5a2a345,1cf618f9ee318fecbc31aa059ded8328581b9a9b092f1069b9f7679b6f89e52e,1026157.6937859058,0.01,3757.6837859058287,71,3757.6837859058287,inception,1.043801051640508
96149d3ed4f00afb92f12856101e693e93c4683f030ae6ca6ebfbb7ba5a2a345,1cf618f9ee318fecbc31aa059ded8328581b9a9b092f1069b9f7679b6f89e52e,1026158.0471959114,0.296,3757.7511959114345,71,3757.7511959114345,inception,1.0438197766420652
96149d3ed4f00afb92f12856101e693e93c4683f030ae6ca6ebfbb7ba5a2a345,1cf618f9ee318fecbc31aa059ded8328581b9a9b092f1069b9f7679b6f89e52e,1026158.305934906,0.009,3758.296934906044,71,3758.296934906044,inception,1.0439713708072345
96149d3ed4f00afb92f12856101e693e93c4683f030ae6ca6ebfbb7ba5a2a345,eefb3a7b86d12c2676276a5dde28099ef6f546a60e5b78e0a1c2b7221baf154d,1026162.173042059,0.0,3762.1730420589447,71,3762.1730420589447,googlenet,1.0450480672385958
96149d3ed4f00afb92f12856101e693e93c4683f030ae6ca6ebfbb7ba5a2a345,1cf618f9ee318fecbc31aa059ded8328581b9a9b092f1069b9f7679b6f89e52e,1026162.2665300368,0.01,3762.2565300368005,71,3762.2565300368005,inception,1.0450712583435557
96149d3ed4f00afb92f12856101e693e93c4683f030ae6ca6ebfbb7ba5a2a345,1bfbf6e1f849d22a0ece669507eb055525edf6929f273b999d865d52ea086a82,1026164.3070850372,0.993,3763.3140850372147,71,3763.3140850372147,resnet50,1.0453650236214485
96149d3ed4f00afb92f12856101e693e93c4683f030ae6ca6ebfbb7ba5a2a345,1bfbf6e1f849d22a0ece669507eb055525edf6929f273b999d865d52ea086a82,1026165.2671239376,0.914,3764.353123937617,71,3764.353123937617,resnet50,1.045653645538227
96149d3ed4f00afb92f12856101e693e93c4683f030ae6ca6ebfbb7ba5a2a345,1cf618f9ee318fecbc31aa059ded8328581b9a9b092f1069b9f7679b6f89e52e,1026167.4192919732,0.021,3767.3982919732807,71,3767.3982919732807,inception,1.0464995255481335
96149d3ed4f00afb92f12856101e693e93c4683f030ae6ca6ebfbb7ba5a2a345,eefb3a7b86d12c2676276a5dde28099ef6f546a60e5b78e0a1c2b7221baf154d,1026169.2684578896,0.0,3769.268457889557,71,3769.268457889557,googlenet,1.0470190160804325
96149d3ed4f00afb92f12856101e693e93c4683f030ae6ca6ebfbb7ba5a2a345,eefb3a7b86d12c2676276a5dde28099ef6f546a60e5b78e0a1c2b7221baf154d,1026169.2799880503,0.0,3769.2799880503444,71,3769.2799880503444,googlenet,1.0470222189028735
96149d3ed4f00afb92f12856101e693e93c4683f030ae6ca6ebfbb7ba5a2a345,1cf618f9ee318fecbc31aa059ded8328581b9a9b092f1069b9f7679b6f89e52e,1026175.1676340104,0.008,3775.1596340104006,71,3775.1596340104006,inception,1.048655453891778
96149d3ed4f00afb92f12856101e693e93c4683f030ae6ca6ebfbb7ba5a2a345,1bfbf6e1f849d22a0ece669507eb055525edf6929f273b999d865d52ea086a82,1026179.4423470496,0.776,3778.6663470496424,71,3778.6663470496424,resnet50,1.0496295408471228
96149d3ed4f00afb92f12856101e693e93c4683f030ae6ca6ebfbb7ba5a2a345,1bfbf6e1f849d22a0ece669507eb055525edf6929f273b999d865d52ea086a82,1026180.3375558852,0.594,3779.7435558851575,71,3779.7435558851575,resnet50,1.0499287655236549
96149d3ed4f00afb92f12856101e693e93c4683f030ae6ca6ebfbb7ba5a2a345,eefb3a7b86d12c2676276a5dde28099ef6f546a60e5b78e0a1c2b7221baf154d,1026183.9453380108,0.0,3783.945338010788,71,3783.945338010788,googlenet,1.051095927225219
96149d3ed4f00afb92f12856101e693e93c4683f030ae6ca6ebfbb7ba5a2a345,eefb3a7b86d12c2676276a5dde28099ef6f546a60e5b78e0a1c2b7221baf154d,1026184.1100420952,0.004,3784.106042095227,71,3784.106042095227,googlenet,1.0511405672486742
96149d3ed4f00afb92f12856101e693e93c4683f030ae6ca6ebfbb7ba5a2a345,1cf618f9ee318fecbc31aa059ded8328581b9a9b092f1069b9f7679b6f89e52e,1026194.7834908962,0.013,3794.7704908961896,71,3794.7704908961896,inception,1.0541029141378304
96149d3ed4f00afb92f12856101e693e93c4683f030ae6ca6ebfbb7ba5a2a345,1cf618f9ee318fecbc31aa059ded8328581b9a9b092f1069b9f7679b6f89e52e,1026197.9910020828,0.021,3797.970002082875,71,3797.970002082875,inception,1.054991667245243
96149d3ed4f00afb92f12856101e693e93c4683f030ae6ca6ebfbb7ba5a2a345,eefb3a7b86d12c2676276a5dde28099ef6f546a60e5b78e0a1c2b7221baf154d,1026227.6746890544,0.0,3827.6746890543727,71,3827.6746890543727,googlenet,1.0632429691817702
96149d3ed4f00afb92f12856101e693e93c4683f030ae6ca6ebfbb7ba5a2a345,eefb3a7b86d12c2676276a5dde28099ef6f546a60e5b78e0a1c2b7221baf154d,1026273.0738520622,0.002,3873.0718520622468,71,3873.0718520622468,googlenet,1.075853292239513
96149d3ed4f00afb92f12856101e693e93c4683f030ae6ca6ebfbb7ba5a2a345,1cf618f9ee318fecbc31aa059ded8328581b9a9b092f1069b9f7679b6f89e52e,1026275.898499012,0.009,3875.8894990120316,71,3875.8894990120316,inception,1.0766359719477865
96149d3ed4f00afb92f12856101e693e93c4683f030ae6ca6ebfbb7ba5a2a345,1cf618f9ee318fecbc31aa059ded8328581b9a9b092f1069b9f7679b6f89e52e,1026280.2835290432,0.009,3880.274529043236,71,3880.274529043236,inception,1.0778540358453432
96149d3ed4f00afb92f12856101e693e93c4683f030ae6ca6ebfbb7ba5a2a345,1cf618f9ee318fecbc31aa059ded8328581b9a9b092f1069b9f7679b6f89e52e,1026280.4279179572,0.012,3880.4159179572016,71,3880.4159179572016,inception,1.0778933105436672
96149d3ed4f00afb92f12856101e693e93c4683f030ae6ca6ebfbb7ba5a2a345,eefb3a7b86d12c2676276a5dde28099ef6f546a60e5b78e0a1c2b7221baf154d,1026281.6576309204,0.0,3881.65763092041,71,3881.65763092041,googlenet,1.078238230811225
96149d3ed4f00afb92f12856101e693e93c4683f030ae6ca6ebfbb7ba5a2a345,1bfbf6e1f849d22a0ece669507eb055525edf6929f273b999d865d52ea086a82,1026476.5383160114,1.56,4074.978316011373,71,4074.978316011373,resnet50,1.1319384211142702
96149d3ed4f00afb92f12856101e693e93c4683f030ae6ca6ebfbb7ba5a2a345,eefb3a7b86d12c2676276a5dde28099ef6f546a60e5b78e0a1c2b7221baf154d,1026480.4682779312,0.0,4080.4682779312134,71,4080.4682779312134,googlenet,1.133463410536448
96149d3ed4f00afb92f12856101e693e93c4683f030ae6ca6ebfbb7ba5a2a345,1bfbf6e1f849d22a0ece669507eb055525edf6929f273b999d865d52ea086a82,1026489.3560390472,1.036,4088.3200390472775,71,4088.3200390472775,resnet50,1.1356444552909104
96149d3ed4f00afb92f12856101e693e93c4683f030ae6ca6ebfbb7ba5a2a345,eefb3a7b86d12c2676276a5dde28099ef6f546a60e5b78e0a1c2b7221baf154d,1026497.632078886,0.0,4097.632078886032,71,4097.632078886032,googlenet,1.138231133023898
96149d3ed4f00afb92f12856101e693e93c4683f030ae6ca6ebfbb7ba5a2a345,1cf618f9ee318fecbc31aa059ded8328581b9a9b092f1069b9f7679b6f89e52e,1026502.1340579988,0.102,4102.032057998818,71,4102.032057998818,inception,1.1394533494441161
96149d3ed4f00afb92f12856101e693e93c4683f030ae6ca6ebfbb7ba5a2a345,1cf618f9ee318fecbc31aa059ded8328581b9a9b092f1069b9f7679b6f89e52e,1026503.2879199982,0.009,4103.278919998207,71,4103.278919998207,inception,1.139799699999502
96149d3ed4f00afb92f12856101e693e93c4683f030ae6ca6ebfbb7ba5a2a345,eefb3a7b86d12c2676276a5dde28099ef6f546a60e5b78e0a1c2b7221baf154d,1026506.8023130894,0.0,4106.802313089371,71,4106.802313089371,googlenet,1.140778420302603
96149d3ed4f00afb92f12856101e693e93c4683f030ae6ca6ebfbb7ba5a2a345,eefb3a7b86d12c2676276a5dde28099ef6f546a60e5b78e0a1c2b7221baf154d,1026507.8417079448,0.0,4107.841707944754,71,4107.841707944754,googlenet,1.141067141095765
96149d3ed4f00afb92f12856101e693e93c4683f030ae6ca6ebfbb7ba5a2a345,eefb3a7b86d12c2676276a5dde28099ef6f546a60e5b78e0a1c2b7221baf154d,1026507.8974449636,0.0,4107.897444963572,71,4107.897444963572,googlenet,1.141082623600992
96149d3ed4f00afb92f12856101e693e93c4683f030ae6ca6ebfbb7ba5a2a345,eefb3a7b86d12c2676276a5dde28099ef6f546a60e5b78e0a1c2b7221baf154d,1026508.771032095,0.0,4108.771032094955,71,4108.771032094955,googlenet,1.1413252866930432
96149d3ed4f00afb92f12856101e693e93c4683f030ae6ca6ebfbb7ba5a2a345,1cf618f9ee318fecbc31aa059ded8328581b9a9b092f1069b9f7679b6f89e52e,1026510.1600949764,0.02,4110.1400949764065,71,4110.1400949764065,inception,1.1417055819378907
96149d3ed4f00afb92f12856101e693e93c4683f030ae6ca6ebfbb7ba5a2a345,1cf618f9ee318fecbc31aa059ded8328581b9a9b092f1069b9f7679b6f89e52e,1026510.4620800018,0.013,4110.449080001796,71,4110.449080001796,inception,1.1417914111116099
96149d3ed4f00afb92f12856101e693e93c4683f030ae6ca6ebfbb7ba5a2a345,1bfbf6e1f849d22a0ece669507eb055525edf6929f273b999d865d52ea086a82,1026512.6565599442,0.774,4111.882559944177,71,4111.882559944177,resnet50,1.1421895999844935
96149d3ed4f00afb92f12856101e693e93c4683f030ae6ca6ebfbb7ba5a2a345,1bfbf6e1f849d22a0ece669507eb055525edf6929f273b999d865d52ea086a82,1026513.8958408833,0.81,4113.085840883199,71,4113.085840883199,resnet50,1.1425238446897776
96149d3ed4f00afb92f12856101e693e93c4683f030ae6ca6ebfbb7ba5a2a345,1bfbf6e1f849d22a0ece669507eb055525edf6929f273b999d865d52ea086a82,1026518.0313670636,0.627,4117.40436706366,71,4117.40436706366,resnet50,1.143723435295461
96149d3ed4f00afb92f12856101e693e93c4683f030ae6ca6ebfbb7ba5a2a345,1bfbf6e1f849d22a0ece669507eb055525edf6929f273b999d865d52ea086a82,1026520.6474709512,0.979,4119.668470951146,71,4119.668470951146,resnet50,1.144352353041985
96149d3ed4f00afb92f12856101e693e93c4683f030ae6ca6ebfbb7ba5a2a345,1bfbf6e1f849d22a0ece669507eb055525edf6929f273b999d865d52ea086a82,1026534.4009490012,0.716,4133.684949001181,71,4133.684949001181,resnet50,1.1482458191669946
96149d3ed4f00afb92f12856101e693e93c4683f030ae6ca6ebfbb7ba5a2a345,eefb3a7b86d12c2676276a5dde28099ef6f546a60e5b78e0a1c2b7221baf154d,1026535.5670259,0.0,4135.5670259000035,71,4135.5670259000035,googlenet,1.1487686183055565
96149d3ed4f00afb92f12856101e693e93c4683f030ae6ca6ebfbb7ba5a2a345,1cf618f9ee318fecbc31aa059ded8328581b9a9b092f1069b9f7679b6f89e52e,1026535.7172698976,0.01,4135.707269897568,71,4135.707269897568,inception,1.1488075749715467
96149d3ed4f00afb92f12856101e693e93c4683f030ae6ca6ebfbb7ba5a2a345,eefb3a7b86d12c2676276a5dde28099ef6f546a60e5b78e0a1c2b7221baf154d,1026538.3513081074,0.0,4138.351308107376,71,4138.351308107376,googlenet,1.1495420300298267
96149d3ed4f00afb92f12856101e693e93c4683f030ae6ca6ebfbb7ba5a2a345,1bfbf6e1f849d22a0ece669507eb055525edf6929f273b999d865d52ea086a82,1026543.9265079498,1.341,4142.585507949814,71,4142.585507949814,resnet50,1.1507181966527262
96149d3ed4f00afb92f12856101e693e93c4683f030ae6ca6ebfbb7ba5a2a345,eefb3a7b86d12c2676276a5dde28099ef6f546a60e5b78e0a1c2b7221baf154d,1026546.7847890854,0.0,4146.784789085388,71,4146.784789085388,googlenet,1.15188466363483
96149d3ed4f00afb92f12856101e693e93c4683f030ae6ca6ebfbb7ba5a2a345,1cf618f9ee318fecbc31aa059ded8328581b9a9b092f1069b9f7679b6f89e52e,1026547.2646250724,0.017,4147.24762507237,71,4147.24762507237,inception,1.1520132291867695
96149d3ed4f00afb92f12856101e693e93c4683f030ae6ca6ebfbb7ba5a2a345,1bfbf6e1f849d22a0ece669507eb055525edf6929f273b999d865d52ea086a82,1026551.8868870736,0.846,4151.040887073614,71,4151.040887073614,resnet50,1.1530669130760038
96149d3ed4f00afb92f12856101e693e93c4683f030ae6ca6ebfbb7ba5a2a345,1bfbf6e1f849d22a0ece669507eb055525edf6929f273b999d865d52ea086a82,1026552.7130489348,0.778,4151.935048934771,71,4151.935048934771,resnet50,1.1533152913707696
96149d3ed4f00afb92f12856101e693e93c4683f030ae6ca6ebfbb7ba5a2a345,1cf618f9ee318fecbc31aa059ded8328581b9a9b092f1069b9f7679b6f89e52e,1026554.5134010316,0.017,4154.496401031618,71,4154.496401031618,inception,1.1540267780643383
96149d3ed4f00afb92f12856101e693e93c4683f030ae6ca6ebfbb7ba5a2a345,eefb3a7b86d12c2676276a5dde28099ef6f546a60e5b78e0a1c2b7221baf154d,1026558.6700799464,0.0,4158.6700799464015,71,4158.6700799464015,googlenet,1.1551861333184448
96149d3ed4f00afb92f12856101e693e93c4683f030ae6ca6ebfbb7ba5a2a345,eefb3a7b86d12c2676276a5dde28099ef6f546a60e5b78e0a1c2b7221baf154d,1026558.7416639328,0.0,4158.7416639328,71,4158.7416639328,googlenet,1.1552060177591112
96149d3ed4f00afb92f12856101e693e93c4683f030ae6ca6ebfbb7ba5a2a345,eefb3a7b86d12c2676276a5dde28099ef6f546a60e5b78e0a1c2b7221baf154d,1026559.101109028,0.0,4159.101109027979,71,4159.101109027979,googlenet,1.155305863618883
96149d3ed4f00afb92f12856101e693e93c4683f030ae6ca6ebfbb7ba5a2a345,1bfbf6e1f849d22a0ece669507eb055525edf6929f273b999d865d52ea086a82,1026561.4057600498,0.599,4160.806760049774,71,4160.806760049774,resnet50,1.1557796555693818
96149d3ed4f00afb92f12856101e693e93c4683f030ae6ca6ebfbb7ba5a2a345,eefb3a7b86d12c2676276a5dde28099ef6f546a60e5b78e0a1c2b7221baf154d,1026563.536233902,0.001,4163.53523390193,71,4163.53523390193,googlenet,1.1565375649727583
96149d3ed4f00afb92f12856101e693e93c4683f030ae6ca6ebfbb7ba5a2a345,1bfbf6e1f849d22a0ece669507eb055525edf6929f273b999d865d52ea086a82,1026568.4848690032,0.904,4167.580869003199,71,4167.580869003199,resnet50,1.1576613525008885
96149d3ed4f00afb92f12856101e693e93c4683f030ae6ca6ebfbb7ba5a2a345,1cf618f9ee318fecbc31aa059ded8328581b9a9b092f1069b9f7679b6f89e52e,1026571.3991410732,0.193,4171.206141073257,71,4171.206141073257,inception,1.158668372520349
96149d3ed4f00afb92f12856101e693e93c4683f030ae6ca6ebfbb7ba5a2a345,1cf618f9ee318fecbc31aa059ded8328581b9a9b092f1069b9f7679b6f89e52e,1026576.4730370044,0.01,4176.463037004345,71,4176.463037004345,inception,1.1601286213900959
96149d3ed4f00afb92f12856101e693e93c4683f030ae6ca6ebfbb7ba5a2a345,1cf618f9ee318fecbc31aa059ded8328581b9a9b092f1069b9f7679b6f89e52e,1026577.5736579896,0.01,4177.563657989609,71,4177.563657989609,inception,1.160434349441558
96149d3ed4f00afb92f12856101e693e93c4683f030ae6ca6ebfbb7ba5a2a345,1cf618f9ee318fecbc31aa059ded8328581b9a9b092f1069b9f7679b6f89e52e,1026578.8234009744,0.009,4178.814400974428,71,4178.814400974428,inception,1.1607817780484524
96149d3ed4f00afb92f12856101e693e93c4683f030ae6ca6ebfbb7ba5a2a345,1bfbf6e1f849d22a0ece669507eb055525edf6929f273b999d865d52ea086a82,1026579.7812530994,0.715,4179.066253099474,71,4179.066253099474,resnet50,1.160851736972076
96149d3ed4f00afb92f12856101e693e93c4683f030ae6ca6ebfbb7ba5a2a345,1bfbf6e1f849d22a0ece669507eb055525edf6929f273b999d865d52ea086a82,1026580.7578549384,0.805,4179.952854938339,71,4179.952854938339,resnet50,1.1610980152606498
96149d3ed4f00afb92f12856101e693e93c4683f030ae6ca6ebfbb7ba5a2a345,1bfbf6e1f849d22a0ece669507eb055525edf6929f273b999d865d52ea086a82,1026585.4934449196,0.654,4184.839444919606,71,4184.839444919606,resnet50,1.1624554013665571
96149d3ed4f00afb92f12856101e693e93c4683f030ae6ca6ebfbb7ba5a2a345,1cf618f9ee318fecbc31aa059ded8328581b9a9b092f1069b9f7679b6f89e52e,1026585.557883978,0.009,4185.548883978045,71,4185.548883978045,inception,1.162652467771679
96149d3ed4f00afb92f12856101e693e93c4683f030ae6ca6ebfbb7ba5a2a345,eefb3a7b86d12c2676276a5dde28099ef6f546a60e5b78e0a1c2b7221baf154d,1026588.651293993,0.0,4188.651293992996,71,4188.651293992996,googlenet,1.1635142483313878
96149d3ed4f00afb92f12856101e693e93c4683f030ae6ca6ebfbb7ba5a2a345,1cf618f9ee318fecbc31aa059ded8328581b9a9b092f1069b9f7679b6f89e52e,1026590.7431910038,0.009,4190.734191003838,71,4190.734191003838,inception,1.1640928308343994
96149d3ed4f00afb92f12856101e693e93c4683f030ae6ca6ebfbb7ba5a2a345,1cf618f9ee318fecbc31aa059ded8328581b9a9b092f1069b9f7679b6f89e52e,1026592.736315012,0.01,4192.726315011969,71,4192.726315011969,inception,1.1646461986144359
96149d3ed4f00afb92f12856101e693e93c4683f030ae6ca6ebfbb7ba5a2a345,1cf618f9ee318fecbc31aa059ded8328581b9a9b092f1069b9f7679b6f89e52e,1026592.861759901,0.009,4192.852759901085,71,4192.852759901085,inception,1.1646813221947458
96149d3ed4f00afb92f12856101e693e93c4683f030ae6ca6ebfbb7ba5a2a345,eefb3a7b86d12c2676276a5dde28099ef6f546a60e5b78e0a1c2b7221baf154d,1026593.1207859516,0.0,4193.120785951614,71,4193.120785951614,googlenet,1.1647557738754484
96149d3ed4f00afb92f12856101e693e93c4683f030ae6ca6ebfbb7ba5a2a345,eefb3a7b86d12c2676276a5dde28099ef6f546a60e5b78e0a1c2b7221baf154d,1026595.1957941056,0.0,4195.195794105646,71,4195.195794105646,googlenet,1.1653321650293462
96149d3ed4f00afb92f12856101e693e93c4683f030ae6ca6ebfbb7ba5a2a345,eefb3a7b86d12c2676276a5dde28099ef6f546a60e5b78e0a1c2b7221baf154d,1026596.3896739484,0.0,4196.389673948404,71,4196.389673948404,googlenet,1.1656637983190012
96149d3ed4f00afb92f12856101e693e93c4683f030ae6ca6ebfbb7ba5a2a345,eefb3a7b86d12c2676276a5dde28099ef6f546a60e5b78e0a1c2b7221baf154d,1026596.4997520448,0.0,4196.499752044794,71,4196.499752044794,googlenet,1.1656943755679983
96149d3ed4f00afb92f12856101e693e93c4683f030ae6ca6ebfbb7ba5a2a345,eefb3a7b86d12c2676276a5dde28099ef6f546a60e5b78e0a1c2b7221baf154d,1026597.1296629906,0.0,4197.12966299057,71,4197.12966299057,googlenet,1.1658693508307139
96149d3ed4f00afb92f12856101e693e93c4683f030ae6ca6ebfbb7ba5a2a345,1cf618f9ee318fecbc31aa059ded8328581b9a9b092f1069b9f7679b6f89e52e,1026605.9898889064,0.013,4205.976888906327,71,4205.976888906327,inception,1.1683269135850909
96149d3ed4f00afb92f12856101e693e93c4683f030ae6ca6ebfbb7ba5a2a345,eefb3a7b86d12c2676276a5dde28099ef6f546a60e5b78e0a1c2b7221baf154d,1026606.1910400392,0.001,4206.190040039131,71,4206.190040039131,googlenet,1.168386122233092
96149d3ed4f00afb92f12856101e693e93c4683f030ae6ca6ebfbb7ba5a2a345,1bfbf6e1f849d22a0ece669507eb055525edf6929f273b999d865d52ea086a82,1026615.8643240927,0.93,4214.934324092697,71,4214.934324092697,resnet50,1.1708150900257492
96149d3ed4f00afb92f12856101e693e93c4683f030ae6ca6ebfbb7ba5a2a345,eefb3a7b86d12c2676276a5dde28099ef6f546a60e5b78e0a1c2b7221baf154d,1026616.0580010414,0.0,4216.058001041412,71,4216.058001041412,googlenet,1.1711272225115035
96149d3ed4f00afb92f12856101e693e93c4683f030ae6ca6ebfbb7ba5a2a345,eefb3a7b86d12c2676276a5dde28099ef6f546a60e5b78e0a1c2b7221baf154d,1026617.1229519844,0.0,4217.1229519844055,71,4217.1229519844055,googlenet,1.1714230422178904
96149d3ed4f00afb92f12856101e693e93c4683f030ae6ca6ebfbb7ba5a2a345,eefb3a7b86d12c2676276a5dde28099ef6f546a60e5b78e0a1c2b7221baf154d,1026617.489522934,0.0,4217.48952293396,71,4217.48952293396,googlenet,1.1715248674816556
734272c01926d19690e5ec308bab64ef97950b75b1c7582283e0783fce1751d8,9b61fd55aa093a2d172db1a68a60af5cf6cbfa7f5ea1fbc71846027a5954616d,1113041.9996800425,15.708,4226.291680042399,77,4226.291680042399,bert,1.1739699111228887
734272c01926d19690e5ec308bab64ef97950b75b1c7582283e0783fce1751d8,9b61fd55aa093a2d172db1a68a60af5cf6cbfa7f5ea1fbc71846027a5954616d,1113042.268846035,15.858,4226.410846034996,77,4226.410846034996,bert,1.174003012787499
734272c01926d19690e5ec308bab64ef97950b75b1c7582283e0783fce1751d8,9b61fd55aa093a2d172db1a68a60af5cf6cbfa7f5ea1fbc71846027a5954616d,1113042.2561810017,15.844,4226.412181001622,77,4226.412181001622,bert,1.1740033836115618
734272c01926d19690e5ec308bab64ef97950b75b1c7582283e0783fce1751d8,9b61fd55aa093a2d172db1a68a60af5cf6cbfa7f5ea1fbc71846027a5954616d,1113042.3366260529,15.924,4226.412626052741,77,4226.412626052741,bert,1.1740035072368724
734272c01926d19690e5ec308bab64ef97950b75b1c7582283e0783fce1751d8,9b61fd55aa093a2d172db1a68a60af5cf6cbfa7f5ea1fbc71846027a5954616d,1113042.1826329231,15.77,4226.412632923108,77,4226.412632923108,bert,1.1740035091453076
734272c01926d19690e5ec308bab64ef97950b75b1c7582283e0783fce1751d8,9b61fd55aa093a2d172db1a68a60af5cf6cbfa7f5ea1fbc71846027a5954616d,1113042.184279919,15.771,4226.413279918954,77,4226.413279918954,bert,1.174003688866376
734272c01926d19690e5ec308bab64ef97950b75b1c7582283e0783fce1751d8,9b61fd55aa093a2d172db1a68a60af5cf6cbfa7f5ea1fbc71846027a5954616d,1113042.1853539944,15.772,4226.413353994256,77,4226.413353994256,bert,1.1740037094428488
734272c01926d19690e5ec308bab64ef97950b75b1c7582283e0783fce1751d8,9b61fd55aa093a2d172db1a68a60af5cf6cbfa7f5ea1fbc71846027a5954616d,1113042.068850994,15.655,4226.413850994082,77,4226.413850994082,bert,1.174003847498356
734272c01926d19690e5ec308bab64ef97950b75b1c7582283e0783fce1751d8,9b61fd55aa093a2d172db1a68a60af5cf6cbfa7f5ea1fbc71846027a5954616d,1113042.2232310772,15.809,4226.414231077302,77,4226.414231077302,bert,1.1740039530770283
734272c01926d19690e5ec308bab64ef97950b75b1c7582283e0783fce1751d8,9b61fd55aa093a2d172db1a68a60af5cf6cbfa7f5ea1fbc71846027a5954616d,1113042.2254629135,15.811,4226.414462913526,77,4226.414462913526,bert,1.1740040174759796
734272c01926d19690e5ec308bab64ef97950b75b1c7582283e0783fce1751d8,9b61fd55aa093a2d172db1a68a60af5cf6cbfa7f5ea1fbc71846027a5954616d,1113042.2241289616,15.809,4226.415128961671,77,4226.415128961671,bert,1.174004202489353
734272c01926d19690e5ec308bab64ef97950b75b1c7582283e0783fce1751d8,9b61fd55aa093a2d172db1a68a60af5cf6cbfa7f5ea1fbc71846027a5954616d,1113042.2264950275,15.811,4226.415495027555,77,4226.415495027555,bert,1.174004304174321
734272c01926d19690e5ec308bab64ef97950b75b1c7582283e0783fce1751d8,9b61fd55aa093a2d172db1a68a60af5cf6cbfa7f5ea1fbc71846027a5954616d,1113042.2680499554,15.848,4226.42004995537,77,4226.42004995537,bert,1.1740055694320473
734272c01926d19690e5ec308bab64ef97950b75b1c7582283e0783fce1751d8,9b61fd55aa093a2d172db1a68a60af5cf6cbfa7f5ea1fbc71846027a5954616d,1113042.2735450268,15.853,4226.420545026893,77,4226.420545026893,bert,1.1740057069519148
734272c01926d19690e5ec308bab64ef97950b75b1c7582283e0783fce1751d8,9b61fd55aa093a2d172db1a68a60af5cf6cbfa7f5ea1fbc71846027a5954616d,1113042.2583880424,15.837,4226.421388042392,77,4226.421388042392,bert,1.1740059411228867
734272c01926d19690e5ec308bab64ef97950b75b1c7582283e0783fce1751d8,9b61fd55aa093a2d172db1a68a60af5cf6cbfa7f5ea1fbc71846027a5954616d,1113042.2632849216,15.838,4226.425284921657,77,4226.425284921657,bert,1.1740070235893492
96149d3ed4f00afb92f12856101e693e93c4683f030ae6ca6ebfbb7ba5a2a345,1bfbf6e1f849d22a0ece669507eb055525edf6929f273b999d865d52ea086a82,1026636.9149730206,0.729,4236.185973020503,71,4236.185973020503,resnet50,1.1767183258390288
96149d3ed4f00afb92f12856101e693e93c4683f030ae6ca6ebfbb7ba5a2a345,eefb3a7b86d12c2676276a5dde28099ef6f546a60e5b78e0a1c2b7221baf154d,1026639.4704198836,0.0,4239.470419883612,71,4239.470419883612,googlenet,1.1776306721898921
96149d3ed4f00afb92f12856101e693e93c4683f030ae6ca6ebfbb7ba5a2a345,1bfbf6e1f849d22a0ece669507eb055525edf6929f273b999d865d52ea086a82,1026640.708787918,0.905,4239.8037879179465,71,4239.8037879179465,resnet50,1.1777232744216517
96149d3ed4f00afb92f12856101e693e93c4683f030ae6ca6ebfbb7ba5a2a345,1bfbf6e1f849d22a0ece669507eb055525edf6929f273b999d865d52ea086a82,1026646.701818943,0.747,4245.95481894305,71,4245.95481894305,resnet50,1.1794318941508473
96149d3ed4f00afb92f12856101e693e93c4683f030ae6ca6ebfbb7ba5a2a345,1cf618f9ee318fecbc31aa059ded8328581b9a9b092f1069b9f7679b6f89e52e,1026648.3696949482,0.011,4248.35869494814,71,4248.35869494814,inception,1.1800996374855943
96149d3ed4f00afb92f12856101e693e93c4683f030ae6ca6ebfbb7ba5a2a345,eefb3a7b86d12c2676276a5dde28099ef6f546a60e5b78e0a1c2b7221baf154d,1026652.0981240273,0.0,4252.098124027252,71,4252.098124027252,googlenet,1.1811383677853478
96149d3ed4f00afb92f12856101e693e93c4683f030ae6ca6ebfbb7ba5a2a345,1cf618f9ee318fecbc31aa059ded8328581b9a9b092f1069b9f7679b6f89e52e,1026671.4854168892,0.01,4271.475416889181,71,4271.475416889181,inception,1.1865209491358837
96149d3ed4f00afb92f12856101e693e93c4683f030ae6ca6ebfbb7ba5a2a345,1bfbf6e1f849d22a0ece669507eb055525edf6929f273b999d865d52ea086a82,1026676.1215429306,0.769,4275.352542930632,71,4275.352542930632,resnet50,1.187597928591842
96149d3ed4f00afb92f12856101e693e93c4683f030ae6ca6ebfbb7ba5a2a345,eefb3a7b86d12c2676276a5dde28099ef6f546a60e5b78e0a1c2b7221baf154d,1026677.4308350086,0.0,4277.430835008621,71,4277.430835008621,googlenet,1.1881752319468393
96149d3ed4f00afb92f12856101e693e93c4683f030ae6ca6ebfbb7ba5a2a345,1bfbf6e1f849d22a0ece669507eb055525edf6929f273b999d865d52ea086a82,1026678.4670119286,0.837,4277.630011928501,71,4277.630011928501,resnet50,1.1882305588690278
96149d3ed4f00afb92f12856101e693e93c4683f030ae6ca6ebfbb7ba5a2a345,1bfbf6e1f849d22a0ece669507eb055525edf6929f273b999d865d52ea086a82,1026680.1995830536,0.806,4279.393583053607,71,4279.393583053607,resnet50,1.188720439737113
96149d3ed4f00afb92f12856101e693e93c4683f030ae6ca6ebfbb7ba5a2a345,eefb3a7b86d12c2676276a5dde28099ef6f546a60e5b78e0a1c2b7221baf154d,1026747.6307229996,0.0,4347.630722999573,71,4347.630722999573,googlenet,1.2076752008332146
96149d3ed4f00afb92f12856101e693e93c4683f030ae6ca6ebfbb7ba5a2a345,1bfbf6e1f849d22a0ece669507eb055525edf6929f273b999d865d52ea086a82,1026750.3149769306,0.793,4349.521976930671,71,4349.521976930671,resnet50,1.2082005491474088
96149d3ed4f00afb92f12856101e693e93c4683f030ae6ca6ebfbb7ba5a2a345,eefb3a7b86d12c2676276a5dde28099ef6f546a60e5b78e0a1c2b7221baf154d,1026753.587100029,0.0,4353.587100028992,71,4353.587100028992,googlenet,1.2093297500080533
96149d3ed4f00afb92f12856101e693e93c4683f030ae6ca6ebfbb7ba5a2a345,1cf618f9ee318fecbc31aa059ded8328581b9a9b092f1069b9f7679b6f89e52e,1026769.7277340888,0.196,4369.531734088785,71,4369.531734088785,inception,1.2137588150246625
96149d3ed4f00afb92f12856101e693e93c4683f030ae6ca6ebfbb7ba5a2a345,eefb3a7b86d12c2676276a5dde28099ef6f546a60e5b78e0a1c2b7221baf154d,1026769.7815380096,0.0,4369.781538009644,71,4369.781538009644,googlenet,1.2138282050026787
96149d3ed4f00afb92f12856101e693e93c4683f030ae6ca6ebfbb7ba5a2a345,1bfbf6e1f849d22a0ece669507eb055525edf6929f273b999d865d52ea086a82,1026771.1115629672,0.836,4370.275562967174,71,4370.275562967174,resnet50,1.2139654341575483
96149d3ed4f00afb92f12856101e693e93c4683f030ae6ca6ebfbb7ba5a2a345,1bfbf6e1f849d22a0ece669507eb055525edf6929f273b999d865d52ea086a82,1026782.2304670812,1.258,4380.972467081156,71,4380.972467081156,resnet50,1.2169367964114322
96149d3ed4f00afb92f12856101e693e93c4683f030ae6ca6ebfbb7ba5a2a345,eefb3a7b86d12c2676276a5dde28099ef6f546a60e5b78e0a1c2b7221baf154d,1026783.521821022,0.001,4383.520821021986,71,4383.520821021986,googlenet,1.2176446725061072
96149d3ed4f00afb92f12856101e693e93c4683f030ae6ca6ebfbb7ba5a2a345,eefb3a7b86d12c2676276a5dde28099ef6f546a60e5b78e0a1c2b7221baf154d,1026784.1383070946,0.0,4384.138307094574,71,4384.138307094574,googlenet,1.2178161964151595
96149d3ed4f00afb92f12856101e693e93c4683f030ae6ca6ebfbb7ba5a2a345,1bfbf6e1f849d22a0ece669507eb055525edf6929f273b999d865d52ea086a82,1026793.1659550668,1.507,4391.658955066814,71,4391.658955066814,resnet50,1.2199052652963371
96149d3ed4f00afb92f12856101e693e93c4683f030ae6ca6ebfbb7ba5a2a345,eefb3a7b86d12c2676276a5dde28099ef6f546a60e5b78e0a1c2b7221baf154d,1026794.5553560256,0.0,4394.555356025579,71,4394.555356025579,googlenet,1.2207098211182166
96149d3ed4f00afb92f12856101e693e93c4683f030ae6ca6ebfbb7ba5a2a345,eefb3a7b86d12c2676276a5dde28099ef6f546a60e5b78e0a1c2b7221baf154d,1026794.6440360546,0.0,4394.644036054611,71,4394.644036054611,googlenet,1.2207344544596141
96149d3ed4f00afb92f12856101e693e93c4683f030ae6ca6ebfbb7ba5a2a345,eefb3a7b86d12c2676276a5dde28099ef6f546a60e5b78e0a1c2b7221baf154d,1026800.7612020968,0.0,4400.761202096823,71,4400.761202096823,googlenet,1.2224336672491174
96149d3ed4f00afb92f12856101e693e93c4683f030ae6ca6ebfbb7ba5a2a345,eefb3a7b86d12c2676276a5dde28099ef6f546a60e5b78e0a1c2b7221baf154d,1026800.8525280952,0.0,4400.852528095245,71,4400.852528095245,googlenet,1.2224590355820126
96149d3ed4f00afb92f12856101e693e93c4683f030ae6ca6ebfbb7ba5a2a345,eefb3a7b86d12c2676276a5dde28099ef6f546a60e5b78e0a1c2b7221baf154d,1026801.0895569324,0.0,4401.089556932449,71,4401.089556932449,googlenet,1.2225248769256805
96149d3ed4f00afb92f12856101e693e93c4683f030ae6ca6ebfbb7ba5a2a345,eefb3a7b86d12c2676276a5dde28099ef6f546a60e5b78e0a1c2b7221baf154d,1026801.723997116,0.0,4401.723997115972,71,4401.723997115972,googlenet,1.2227011103099923
96149d3ed4f00afb92f12856101e693e93c4683f030ae6ca6ebfbb7ba5a2a345,1bfbf6e1f849d22a0ece669507eb055525edf6929f273b999d865d52ea086a82,1026803.2413740158,1.194,4402.04737401579,71,4402.04737401579,resnet50,1.2227909372266084
96149d3ed4f00afb92f12856101e693e93c4683f030ae6ca6ebfbb7ba5a2a345,1cf618f9ee318fecbc31aa059ded8328581b9a9b092f1069b9f7679b6f89e52e,1026803.3011689186,0.011,4403.290168918553,71,4403.290168918553,inception,1.2231361580329314
96149d3ed4f00afb92f12856101e693e93c4683f030ae6ca6ebfbb7ba5a2a345,1bfbf6e1f849d22a0ece669507eb055525edf6929f273b999d865d52ea086a82,1026805.5776219368,0.875,4404.702621936798,71,4404.702621936798,resnet50,1.223528506093555
96149d3ed4f00afb92f12856101e693e93c4683f030ae6ca6ebfbb7ba5a2a345,eefb3a7b86d12c2676276a5dde28099ef6f546a60e5b78e0a1c2b7221baf154d,1026808.8196671008,0.0,4408.81966710079,71,4408.81966710079,googlenet,1.2246721297502194
96149d3ed4f00afb92f12856101e693e93c4683f030ae6ca6ebfbb7ba5a2a345,eefb3a7b86d12c2676276a5dde28099ef6f546a60e5b78e0a1c2b7221baf154d,1026815.2827820778,0.0,4415.282782077789,71,4415.282782077789,googlenet,1.2264674394660526
96149d3ed4f00afb92f12856101e693e93c4683f030ae6ca6ebfbb7ba5a2a345,1cf618f9ee318fecbc31aa059ded8328581b9a9b092f1069b9f7679b6f89e52e,1026821.7788410188,0.01,4421.768841018784,71,4421.768841018784,inception,1.2282691225052178
96149d3ed4f00afb92f12856101e693e93c4683f030ae6ca6ebfbb7ba5a2a345,1bfbf6e1f849d22a0ece669507eb055525edf6929f273b999d865d52ea086a82,1026834.1831970216,1.828,4432.355197021621,71,4432.355197021621,resnet50,1.2312097769504504
96149d3ed4f00afb92f12856101e693e93c4683f030ae6ca6ebfbb7ba5a2a345,1cf618f9ee318fecbc31aa059ded8328581b9a9b092f1069b9f7679b6f89e52e,1026834.309139967,0.016,4434.29313996702,71,4434.29313996702,inception,1.2317480944352832
96149d3ed4f00afb92f12856101e693e93c4683f030ae6ca6ebfbb7ba5a2a345,1cf618f9ee318fecbc31aa059ded8328581b9a9b092f1069b9f7679b6f89e52e,1026836.7277350426,0.01,4436.717735042563,71,4436.717735042563,inception,1.2324215930673785
96149d3ed4f00afb92f12856101e693e93c4683f030ae6ca6ebfbb7ba5a2a345,1bfbf6e1f849d22a0ece669507eb055525edf6929f273b999d865d52ea086a82,1026838.6940190792,1.015,4437.679019079194,71,4437.679019079194,resnet50,1.2326886164108872
96149d3ed4f00afb92f12856101e693e93c4683f030ae6ca6ebfbb7ba5a2a345,1bfbf6e1f849d22a0ece669507eb055525edf6929f273b999d865d52ea086a82,1026842.634608984,1.363,4441.271608983981,71,4441.271608983981,resnet50,1.233686558051106
96149d3ed4f00afb92f12856101e693e93c4683f030ae6ca6ebfbb7ba5a2a345,1bfbf6e1f849d22a0ece669507eb055525edf6929f273b999d865d52ea086a82,1026845.4632790087,1.115,4444.348279008758,71,4444.348279008758,resnet50,1.234541188613544
96149d3ed4f00afb92f12856101e693e93c4683f030ae6ca6ebfbb7ba5a2a345,1bfbf6e1f849d22a0ece669507eb055525edf6929f273b999d865d52ea086a82,1026847.1997179984,1.448,4445.751717998413,71,4445.751717998413,resnet50,1.234931032777337
96149d3ed4f00afb92f12856101e693e93c4683f030ae6ca6ebfbb7ba5a2a345,1bfbf6e1f849d22a0ece669507eb055525edf6929f273b999d865d52ea086a82,1026946.1846079826,0.69,4545.494607982691,71,4545.494607982691,resnet50,1.2626373911063031
96149d3ed4f00afb92f12856101e693e93c4683f030ae6ca6ebfbb7ba5a2a345,1cf618f9ee318fecbc31aa059ded8328581b9a9b092f1069b9f7679b6f89e52e,1026950.0551390648,0.014,4550.041139064822,71,4550.041139064822,inception,1.2639003164068952
96149d3ed4f00afb92f12856101e693e93c4683f030ae6ca6ebfbb7ba5a2a345,eefb3a7b86d12c2676276a5dde28099ef6f546a60e5b78e0a1c2b7221baf154d,1026952.5913250446,0.0,4552.591325044632,71,4552.591325044632,googlenet,1.2646087014012866
96149d3ed4f00afb92f12856101e693e93c4683f030ae6ca6ebfbb7ba5a2a345,1bfbf6e1f849d22a0ece669507eb055525edf6929f273b999d865d52ea086a82,1026954.980036974,0.712,4554.2680369738955,71,4554.2680369738955,resnet50,1.265074454714971
96149d3ed4f00afb92f12856101e693e93c4683f030ae6ca6ebfbb7ba5a2a345,eefb3a7b86d12c2676276a5dde28099ef6f546a60e5b78e0a1c2b7221baf154d,1026959.3828599452,0.0,4559.382859945181,71,4559.382859945181,googlenet,1.2664952388736614
96149d3ed4f00afb92f12856101e693e93c4683f030ae6ca6ebfbb7ba5a2a345,eefb3a7b86d12c2676276a5dde28099ef6f546a60e5b78e0a1c2b7221baf154d,1026960.3298840524,0.0,4560.329884052393,71,4560.329884052393,googlenet,1.2667583011256647
96149d3ed4f00afb92f12856101e693e93c4683f030ae6ca6ebfbb7ba5a2a345,eefb3a7b86d12c2676276a5dde28099ef6f546a60e5b78e0a1c2b7221baf154d,1026961.3323609828,0.0,4561.3323609827785,71,4561.3323609827785,googlenet,1.2670367669396607
96149d3ed4f00afb92f12856101e693e93c4683f030ae6ca6ebfbb7ba5a2a345,1bfbf6e1f849d22a0ece669507eb055525edf6929f273b999d865d52ea086a82,1026966.6721971036,0.82,4565.852197103668,71,4565.852197103668,resnet50,1.2682922769732412
96149d3ed4f00afb92f12856101e693e93c4683f030ae6ca6ebfbb7ba5a2a345,1bfbf6e1f849d22a0ece669507eb055525edf6929f273b999d865d52ea086a82,1026969.7125020028,0.663,4569.04950200289,71,4569.04950200289,resnet50,1.269180417223025
96149d3ed4f00afb92f12856101e693e93c4683f030ae6ca6ebfbb7ba5a2a345,1bfbf6e1f849d22a0ece669507eb055525edf6929f273b999d865d52ea086a82,1026970.9300220012,0.688,4570.2420220011845,71,4570.2420220011845,resnet50,1.2695116727781068
96149d3ed4f00afb92f12856101e693e93c4683f030ae6ca6ebfbb7ba5a2a345,1cf618f9ee318fecbc31aa059ded8328581b9a9b092f1069b9f7679b6f89e52e,1026977.0826220512,0.027,4577.055622051237,71,4577.055622051237,inception,1.271404339458677
734272c01926d19690e5ec308bab64ef97950b75b1c7582283e0783fce1751d8,9b61fd55aa093a2d172db1a68a60af5cf6cbfa7f5ea1fbc71846027a5954616d,1113630.7721219065,0.99,4829.782121906523,77,4829.782121906523,bert,1.341606144974034
734272c01926d19690e5ec308bab64ef97950b75b1c7582283e0783fce1751d8,9b61fd55aa093a2d172db1a68a60af5cf6cbfa7f5ea1fbc71846027a5954616d,1113630.7680430412,0.982,4829.786043041153,77,4829.786043041153,bert,1.341607234178098
734272c01926d19690e5ec308bab64ef97950b75b1c7582283e0783fce1751d8,9b61fd55aa093a2d172db1a68a60af5cf6cbfa7f5ea1fbc71846027a5954616d,1113630.7506859305,0.964,4829.786685930565,77,4829.786685930565,bert,1.3416074127584903
734272c01926d19690e5ec308bab64ef97950b75b1c7582283e0783fce1751d8,9b61fd55aa093a2d172db1a68a60af5cf6cbfa7f5ea1fbc71846027a5954616d,1113630.9248030186,1.138,4829.786803018535,77,4829.786803018535,bert,1.3416074452829263
734272c01926d19690e5ec308bab64ef97950b75b1c7582283e0783fce1751d8,9b61fd55aa093a2d172db1a68a60af5cf6cbfa7f5ea1fbc71846027a5954616d,1113630.7691819668,0.982,4829.787181966705,77,4829.787181966705,bert,1.341607550546307
734272c01926d19690e5ec308bab64ef97950b75b1c7582283e0783fce1751d8,9b61fd55aa093a2d172db1a68a60af5cf6cbfa7f5ea1fbc71846027a5954616d,1113630.8179450035,1.03,4829.787945003482,77,4829.787945003482,bert,1.341607762500967
734272c01926d19690e5ec308bab64ef97950b75b1c7582283e0783fce1751d8,9b61fd55aa093a2d172db1a68a60af5cf6cbfa7f5ea1fbc71846027a5954616d,1113630.8097670078,1.021,4829.788767007878,77,4829.788767007878,bert,1.3416079908355216
734272c01926d19690e5ec308bab64ef97950b75b1c7582283e0783fce1751d8,9b61fd55aa093a2d172db1a68a60af5cf6cbfa7f5ea1fbc71846027a5954616d,1113630.8108139038,1.022,4829.788813903695,77,4829.788813903695,bert,1.3416080038621374
734272c01926d19690e5ec308bab64ef97950b75b1c7582283e0783fce1751d8,9b61fd55aa093a2d172db1a68a60af5cf6cbfa7f5ea1fbc71846027a5954616d,1113630.7595579624,0.968,4829.791557962308,77,4829.791557962308,bert,1.341608766100641
734272c01926d19690e5ec308bab64ef97950b75b1c7582283e0783fce1751d8,9b61fd55aa093a2d172db1a68a60af5cf6cbfa7f5ea1fbc71846027a5954616d,1113630.8013250828,1.009,4829.792325082701,77,4829.792325082701,bert,1.341608979189639
734272c01926d19690e5ec308bab64ef97950b75b1c7582283e0783fce1751d8,9b61fd55aa093a2d172db1a68a60af5cf6cbfa7f5ea1fbc71846027a5954616d,1113630.8118629456,1.015,4829.796862945659,77,4829.796862945659,bert,1.3416102397071274
734272c01926d19690e5ec308bab64ef97950b75b1c7582283e0783fce1751d8,9b61fd55aa093a2d172db1a68a60af5cf6cbfa7f5ea1fbc71846027a5954616d,1113630.8085939884,1.011,4829.797593988478,77,4829.797593988478,bert,1.3416104427745772
734272c01926d19690e5ec308bab64ef97950b75b1c7582283e0783fce1751d8,9b61fd55aa093a2d172db1a68a60af5cf6cbfa7f5ea1fbc71846027a5954616d,1113630.8229939938,1.025,4829.797993993852,77,4829.797993993852,bert,1.3416105538871812
734272c01926d19690e5ec308bab64ef97950b75b1c7582283e0783fce1751d8,9b61fd55aa093a2d172db1a68a60af5cf6cbfa7f5ea1fbc71846027a5954616d,1113630.8032898903,1.005,4829.798289890401,77,4829.798289890401,bert,1.341610636080667
734272c01926d19690e5ec308bab64ef97950b75b1c7582283e0783fce1751d8,9b61fd55aa093a2d172db1a68a60af5cf6cbfa7f5ea1fbc71846027a5954616d,1113630.8128929138,1.014,4829.798892913852,77,4829.798892913852,bert,1.341610803587181
734272c01926d19690e5ec308bab64ef97950b75b1c7582283e0783fce1751d8,9b61fd55aa093a2d172db1a68a60af5cf6cbfa7f5ea1fbc71846027a5954616d,1113630.802073002,1.003,4829.799073002068,77,4829.799073002068,bert,1.3416108536116857
734272c01926d19690e5ec308bab64ef97950b75b1c7582283e0783fce1751d8,9b61fd55aa093a2d172db1a68a60af5cf6cbfa7f5ea1fbc71846027a5954616d,1113631.1960279942,0.243,4830.953027994139,77,4830.953027994139,bert,1.3419313966650386
734272c01926d19690e5ec308bab64ef97950b75b1c7582283e0783fce1751d8,9b61fd55aa093a2d172db1a68a60af5cf6cbfa7f5ea1fbc71846027a5954616d,1113631.2179749012,0.263,4830.954974901164,77,4830.954974901164,bert,1.3419319374725456
734272c01926d19690e5ec308bab64ef97950b75b1c7582283e0783fce1751d8,9b61fd55aa093a2d172db1a68a60af5cf6cbfa7f5ea1fbc71846027a5954616d,1113631.1807219982,0.225,4830.955721998122,77,4830.955721998122,bert,1.3419321449994783
734272c01926d19690e5ec308bab64ef97950b75b1c7582283e0783fce1751d8,9b61fd55aa093a2d172db1a68a60af5cf6cbfa7f5ea1fbc71846027a5954616d,1113631.2013349533,0.245,4830.956334953196,77,4830.956334953196,bert,1.3419323152647769
734272c01926d19690e5ec308bab64ef97950b75b1c7582283e0783fce1751d8,9b61fd55aa093a2d172db1a68a60af5cf6cbfa7f5ea1fbc71846027a5954616d,1113631.1131129265,0.154,4830.959112926386,77,4830.959112926386,bert,1.3419330869239963
96149d3ed4f00afb92f12856101e693e93c4683f030ae6ca6ebfbb7ba5a2a345,eefb3a7b86d12c2676276a5dde28099ef6f546a60e5b78e0a1c2b7221baf154d,1027898.9287610054,0.0,5498.928761005402,71,5498.928761005402,googlenet,1.5274802113903894
96149d3ed4f00afb92f12856101e693e93c4683f030ae6ca6ebfbb7ba5a2a345,eefb3a7b86d12c2676276a5dde28099ef6f546a60e5b78e0a1c2b7221baf154d,1028369.9437520504,0.0,5969.9437520504,71,5969.9437520504,googlenet,1.6583177089028889
4dd59aea96ab30b4156e2166b472206ff912315495a3c4f713fbdc240d06b9b0,32c6e2d6d752d3c30c43a9891766d887e0d25d388034459828b1913fb62f482a,496521.0671019554,5.934,6915.133101955405,34,6915.133101955405,alexnet,1.9208703060987238
4dd59aea96ab30b4156e2166b472206ff912315495a3c4f713fbdc240d06b9b0,32c6e2d6d752d3c30c43a9891766d887e0d25d388034459828b1913fb62f482a,496521.2316710949,5.013,6916.218671094917,34,6916.218671094917,alexnet,1.9211718530819215
4dd59aea96ab30b4156e2166b472206ff912315495a3c4f713fbdc240d06b9b0,32c6e2d6d752d3c30c43a9891766d887e0d25d388034459828b1913fb62f482a,496528.0312941074,6.901,6921.130294107366,34,6921.130294107366,alexnet,1.9225361928076017
4dd59aea96ab30b4156e2166b472206ff912315495a3c4f713fbdc240d06b9b0,32c6e2d6d752d3c30c43a9891766d887e0d25d388034459828b1913fb62f482a,496530.5628609657,9.296,6921.266860965756,34,6921.266860965756,alexnet,1.9225741280460433
4dd59aea96ab30b4156e2166b472206ff912315495a3c4f713fbdc240d06b9b0,32c6e2d6d752d3c30c43a9891766d887e0d25d388034459828b1913fb62f482a,496535.622713089,13.124,6922.498713088979,34,6922.498713088979,alexnet,1.922916309191383
4dd59aea96ab30b4156e2166b472206ff912315495a3c4f713fbdc240d06b9b0,32c6e2d6d752d3c30c43a9891766d887e0d25d388034459828b1913fb62f482a,496536.3116769791,12.67,6923.641676979139,34,6923.641676979139,alexnet,1.9232337991608721
4dd59aea96ab30b4156e2166b472206ff912315495a3c4f713fbdc240d06b9b0,32c6e2d6d752d3c30c43a9891766d887e0d25d388034459828b1913fb62f482a,496537.1667969227,9.121,6928.045796922699,34,6928.045796922699,alexnet,1.9244571658118608
4dd59aea96ab30b4156e2166b472206ff912315495a3c4f713fbdc240d06b9b0,32c6e2d6d752d3c30c43a9891766d887e0d25d388034459828b1913fb62f482a,496549.8840649128,19.298,6930.586064912786,34,6930.586064912786,alexnet,1.9251627958091073
4dd59aea96ab30b4156e2166b472206ff912315495a3c4f713fbdc240d06b9b0,32c6e2d6d752d3c30c43a9891766d887e0d25d388034459828b1913fb62f482a,496542.585392952,6.81,6935.775392952026,34,6935.775392952026,alexnet,1.9266042758200073
4dd59aea96ab30b4156e2166b472206ff912315495a3c4f713fbdc240d06b9b0,32c6e2d6d752d3c30c43a9891766d887e0d25d388034459828b1913fb62f482a,496548.323900938,12.001,6936.322900937987,34,6936.322900937987,alexnet,1.926756361371663
4dd59aea96ab30b4156e2166b472206ff912315495a3c4f713fbdc240d06b9b0,32c6e2d6d752d3c30c43a9891766d887e0d25d388034459828b1913fb62f482a,496552.05826592445,14.873,6937.185265924432,34,6937.185265924432,alexnet,1.9269959072012313
4dd59aea96ab30b4156e2166b472206ff912315495a3c4f713fbdc240d06b9b0,32c6e2d6d752d3c30c43a9891766d887e0d25d388034459828b1913fb62f482a,496564.3958110809,21.792,6942.603811080859,34,6942.603811080859,alexnet,1.9285010586335718
4dd59aea96ab30b4156e2166b472206ff912315495a3c4f713fbdc240d06b9b0,32c6e2d6d752d3c30c43a9891766d887e0d25d388034459828b1913fb62f482a,496567.68077898026,19.295,6948.385778980271,34,6948.385778980271,alexnet,1.9301071608278533
4dd59aea96ab30b4156e2166b472206ff912315495a3c4f713fbdc240d06b9b0,32c6e2d6d752d3c30c43a9891766d887e0d25d388034459828b1913fb62f482a,496562.1703670025,12.119,6950.051367002481,34,6950.051367002481,alexnet,1.930569824167356
4dd59aea96ab30b4156e2166b472206ff912315495a3c4f713fbdc240d06b9b0,32c6e2d6d752d3c30c43a9891766d887e0d25d388034459828b1913fb62f482a,496613.37637496,62.21,6951.166374959983,34,6951.166374959983,alexnet,1.9308795485999952
4dd59aea96ab30b4156e2166b472206ff912315495a3c4f713fbdc240d06b9b0,32c6e2d6d752d3c30c43a9891766d887e0d25d388034459828b1913fb62f482a,496570.5070140362,18.431,6952.076014036196,34,6952.076014036196,alexnet,1.9311322261211656
4dd59aea96ab30b4156e2166b472206ff912315495a3c4f713fbdc240d06b9b0,32c6e2d6d752d3c30c43a9891766d887e0d25d388034459828b1913fb62f482a,496616.7085750103,63.966,6952.742575010285,34,6952.742575010285,alexnet,1.9313173819473013
734272c01926d19690e5ec308bab64ef97950b75b1c7582283e0783fce1751d8,556ccf8758c8c2a20082c161e955405e950439f0503522fe129e709a5dc0e58f,496982.50267004967,134.139,7248.363670049643,34,7248.363670049643,efficientnet,2.0134343527915672
734272c01926d19690e5ec308bab64ef97950b75b1c7582283e0783fce1751d8,556ccf8758c8c2a20082c161e955405e950439f0503522fe129e709a5dc0e58f,496986.33123898506,137.842,7248.489238985057,34,7248.489238985057,efficientnet,2.013469233051405
734272c01926d19690e5ec308bab64ef97950b75b1c7582283e0783fce1751d8,556ccf8758c8c2a20082c161e955405e950439f0503522fe129e709a5dc0e58f,496985.6364200115,137.146,7248.4904200115125,34,7248.4904200115125,efficientnet,2.013469561114309
734272c01926d19690e5ec308bab64ef97950b75b1c7582283e0783fce1751d8,556ccf8758c8c2a20082c161e955405e950439f0503522fe129e709a5dc0e58f,496986.3300709725,137.839,7248.491070972523,34,7248.491070972523,efficientnet,2.0134697419368117
734272c01926d19690e5ec308bab64ef97950b75b1c7582283e0783fce1751d8,556ccf8758c8c2a20082c161e955405e950439f0503522fe129e709a5dc0e58f,496985.8252439499,137.333,7248.492243949906,34,7248.492243949906,efficientnet,2.013470067763863
734272c01926d19690e5ec308bab64ef97950b75b1c7582283e0783fce1751d8,556ccf8758c8c2a20082c161e955405e950439f0503522fe129e709a5dc0e58f,496985.6346030235,137.142,7248.4926030235365,34,7248.4926030235365,efficientnet,2.013470167506538
734272c01926d19690e5ec308bab64ef97950b75b1c7582283e0783fce1751d8,556ccf8758c8c2a20082c161e955405e950439f0503522fe129e709a5dc0e58f,496986.3001279831,137.807,7248.493127983122,34,7248.493127983122,efficientnet,2.013470313328645
734272c01926d19690e5ec308bab64ef97950b75b1c7582283e0783fce1751d8,556ccf8758c8c2a20082c161e955405e950439f0503522fe129e709a5dc0e58f,496985.814718008,137.321,7248.493718007987,34,7248.493718007987,efficientnet,2.0134704772244407
734272c01926d19690e5ec308bab64ef97950b75b1c7582283e0783fce1751d8,556ccf8758c8c2a20082c161e955405e950439f0503522fe129e709a5dc0e58f,496986.4012839794,137.901,7248.500283979403,34,7248.500283979403,efficientnet,2.0134723011053897
734272c01926d19690e5ec308bab64ef97950b75b1c7582283e0783fce1751d8,556ccf8758c8c2a20082c161e955405e950439f0503522fe129e709a5dc0e58f,496985.191382885,136.691,7248.500382884988,34,7248.500382884988,efficientnet,2.013472328579163
734272c01926d19690e5ec308bab64ef97950b75b1c7582283e0783fce1751d8,556ccf8758c8c2a20082c161e955405e950439f0503522fe129e709a5dc0e58f,496985.2621870041,136.761,7248.501187004091,34,7248.501187004091,efficientnet,2.013472551945581
734272c01926d19690e5ec308bab64ef97950b75b1c7582283e0783fce1751d8,556ccf8758c8c2a20082c161e955405e950439f0503522fe129e709a5dc0e58f,496984.6244060993,136.123,7248.501406099298,34,7248.501406099298,efficientnet,2.0134726128053604
734272c01926d19690e5ec308bab64ef97950b75b1c7582283e0783fce1751d8,556ccf8758c8c2a20082c161e955405e950439f0503522fe129e709a5dc0e58f,496986.41589307785,137.914,7248.501893077861,34,7248.501893077861,efficientnet,2.0134727480771835
734272c01926d19690e5ec308bab64ef97950b75b1c7582283e0783fce1751d8,556ccf8758c8c2a20082c161e955405e950439f0503522fe129e709a5dc0e58f,496982.6430900097,134.14,7248.503090009675,34,7248.503090009675,efficientnet,2.013473080558243
734272c01926d19690e5ec308bab64ef97950b75b1c7582283e0783fce1751d8,556ccf8758c8c2a20082c161e955405e950439f0503522fe129e709a5dc0e58f,496986.5635991097,138.06,7248.50359910971,34,7248.50359910971,efficientnet,2.0134732219749196
734272c01926d19690e5ec308bab64ef97950b75b1c7582283e0783fce1751d8,556ccf8758c8c2a20082c161e955405e950439f0503522fe129e709a5dc0e58f,496986.34290599823,137.835,7248.507905998209,34,7248.507905998209,efficientnet,2.013474418332836
734272c01926d19690e5ec308bab64ef97950b75b1c7582283e0783fce1751d8,556ccf8758c8c2a20082c161e955405e950439f0503522fe129e709a5dc0e58f,496853.0901861191,0.069,7253.021186119062,34,7253.021186119062,efficientnet,2.014728107255295
4dd59aea96ab30b4156e2166b472206ff912315495a3c4f713fbdc240d06b9b0,32c6e2d6d752d3c30c43a9891766d887e0d25d388034459828b1913fb62f482a,497151.4262509346,3.809,7547.617250934592,34,7547.617250934592,alexnet,2.096560347481831
4dd59aea96ab30b4156e2166b472206ff912315495a3c4f713fbdc240d06b9b0,32c6e2d6d752d3c30c43a9891766d887e0d25d388034459828b1913fb62f482a,497150.9467461109,3.314,7547.632746110903,34,7547.632746110903,alexnet,2.096564651697473
4dd59aea96ab30b4156e2166b472206ff912315495a3c4f713fbdc240d06b9b0,32c6e2d6d752d3c30c43a9891766d887e0d25d388034459828b1913fb62f482a,497154.8833239079,3.837,7551.046323907911,34,7551.046323907911,alexnet,2.0975128677521973
4dd59aea96ab30b4156e2166b472206ff912315495a3c4f713fbdc240d06b9b0,32c6e2d6d752d3c30c43a9891766d887e0d25d388034459828b1913fb62f482a,497154.6709311009,3.189,7551.4819311008905,34,7551.4819311008905,alexnet,2.0976338697502475
4dd59aea96ab30b4156e2166b472206ff912315495a3c4f713fbdc240d06b9b0,32c6e2d6d752d3c30c43a9891766d887e0d25d388034459828b1913fb62f482a,497155.6505410671,3.145,7552.505541067105,34,7552.505541067105,alexnet,2.0979182058519736
4dd59aea96ab30b4156e2166b472206ff912315495a3c4f713fbdc240d06b9b0,32c6e2d6d752d3c30c43a9891766d887e0d25d388034459828b1913fb62f482a,497155.59714508057,3.077,7552.520145080576,34,7552.520145080576,alexnet,2.097922262522382
4dd59aea96ab30b4156e2166b472206ff912315495a3c4f713fbdc240d06b9b0,32c6e2d6d752d3c30c43a9891766d887e0d25d388034459828b1913fb62f482a,497157.0578780174,4.042,7553.01587801741,34,7553.01587801741,alexnet,2.0980599661159474
4dd59aea96ab30b4156e2166b472206ff912315495a3c4f713fbdc240d06b9b0,32c6e2d6d752d3c30c43a9891766d887e0d25d388034459828b1913fb62f482a,497157.24474692345,4.22,7553.024746923475,34,7553.024746923475,alexnet,2.098062429700965
4dd59aea96ab30b4156e2166b472206ff912315495a3c4f713fbdc240d06b9b0,32c6e2d6d752d3c30c43a9891766d887e0d25d388034459828b1913fb62f482a,497157.255466938,2.567,7554.688466938038,34,7554.688466938038,alexnet,2.098524574149455
4dd59aea96ab30b4156e2166b472206ff912315495a3c4f713fbdc240d06b9b0,32c6e2d6d752d3c30c43a9891766d887e0d25d388034459828b1913fb62f482a,497157.0941500664,2.197,7554.89715006639,34,7554.89715006639,alexnet,2.0985825416851083
4dd59aea96ab30b4156e2166b472206ff912315495a3c4f713fbdc240d06b9b0,32c6e2d6d752d3c30c43a9891766d887e0d25d388034459828b1913fb62f482a,497158.4158899784,2.753,7555.662889978383,34,7555.662889978383,alexnet,2.0987952472162172
4dd59aea96ab30b4156e2166b472206ff912315495a3c4f713fbdc240d06b9b0,32c6e2d6d752d3c30c43a9891766d887e0d25d388034459828b1913fb62f482a,497158.7851641178,3.088,7555.697164117824,34,7555.697164117824,alexnet,2.0988047678105066
4dd59aea96ab30b4156e2166b472206ff912315495a3c4f713fbdc240d06b9b0,32c6e2d6d752d3c30c43a9891766d887e0d25d388034459828b1913fb62f482a,497160.5382220745,3.424,7557.11422207451,34,7557.11422207451,alexnet,2.099198395020697
4dd59aea96ab30b4156e2166b472206ff912315495a3c4f713fbdc240d06b9b0,32c6e2d6d752d3c30c43a9891766d887e0d25d388034459828b1913fb62f482a,497160.0108950138,2.875,7557.135895013809,34,7557.135895013809,alexnet,2.099204415281614
4dd59aea96ab30b4156e2166b472206ff912315495a3c4f713fbdc240d06b9b0,32c6e2d6d752d3c30c43a9891766d887e0d25d388034459828b1913fb62f482a,497161.2046198845,3.948,7557.256619884516,34,7557.256619884516,alexnet,2.0992379499679212
4dd59aea96ab30b4156e2166b472206ff912315495a3c4f713fbdc240d06b9b0,32c6e2d6d752d3c30c43a9891766d887e0d25d388034459828b1913fb62f482a,497161.1526460648,3.867,7557.285646064789,34,7557.285646064789,alexnet,2.0992460127957746
4dd59aea96ab30b4156e2166b472206ff912315495a3c4f713fbdc240d06b9b0,32c6e2d6d752d3c30c43a9891766d887e0d25d388034459828b1913fb62f482a,497163.10289502144,4.615,7558.487895021448,34,7558.487895021448,alexnet,2.099579970839291
4dd59aea96ab30b4156e2166b472206ff912315495a3c4f713fbdc240d06b9b0,32c6e2d6d752d3c30c43a9891766d887e0d25d388034459828b1913fb62f482a,497162.9330348969,4.126,7558.8070348969195,34,7558.8070348969195,alexnet,2.0996686208047
4dd59aea96ab30b4156e2166b472206ff912315495a3c4f713fbdc240d06b9b0,32c6e2d6d752d3c30c43a9891766d887e0d25d388034459828b1913fb62f482a,497166.5275630951,6.29,7560.237563095114,34,7560.237563095114,alexnet,2.100065989748643
4dd59aea96ab30b4156e2166b472206ff912315495a3c4f713fbdc240d06b9b0,32c6e2d6d752d3c30c43a9891766d887e0d25d388034459828b1913fb62f482a,497167.6307609081,7.079,7560.5517609081,34,7560.5517609081,alexnet,2.1001532669189165
4dd59aea96ab30b4156e2166b472206ff912315495a3c4f713fbdc240d06b9b0,32c6e2d6d752d3c30c43a9891766d887e0d25d388034459828b1913fb62f482a,497167.43326210976,6.239,7561.194262109755,34,7561.194262109755,alexnet,2.100331739474932
4dd59aea96ab30b4156e2166b472206ff912315495a3c4f713fbdc240d06b9b0,32c6e2d6d752d3c30c43a9891766d887e0d25d388034459828b1913fb62f482a,497167.5731608868,6.349,7561.224160886835,34,7561.224160886835,alexnet,2.1003400446907876
4dd59aea96ab30b4156e2166b472206ff912315495a3c4f713fbdc240d06b9b0,32c6e2d6d752d3c30c43a9891766d887e0d25d388034459828b1913fb62f482a,497168.5081338882,5.562,7562.94613388821,34,7562.94613388821,alexnet,2.100818370524503
4dd59aea96ab30b4156e2166b472206ff912315495a3c4f713fbdc240d06b9b0,32c6e2d6d752d3c30c43a9891766d887e0d25d388034459828b1913fb62f482a,497168.3371660709,5.22,7563.117166070908,34,7563.117166070908,alexnet,2.1008658794641413
4dd59aea96ab30b4156e2166b472206ff912315495a3c4f713fbdc240d06b9b0,32c6e2d6d752d3c30c43a9891766d887e0d25d388034459828b1913fb62f482a,497172.0360200405,5.348,7566.688020040514,34,7566.688020040514,alexnet,2.1018577833445873
4dd59aea96ab30b4156e2166b472206ff912315495a3c4f713fbdc240d06b9b0,32c6e2d6d752d3c30c43a9891766d887e0d25d388034459828b1913fb62f482a,497174.7104179859,7.262,7567.448417985928,34,7567.448417985928,alexnet,2.1020690049960913
4dd59aea96ab30b4156e2166b472206ff912315495a3c4f713fbdc240d06b9b0,32c6e2d6d752d3c30c43a9891766d887e0d25d388034459828b1913fb62f482a,497172.84981298447,5.205,7567.64481298445,34,7567.64481298445,alexnet,2.1021235591623473
4dd59aea96ab30b4156e2166b472206ff912315495a3c4f713fbdc240d06b9b0,32c6e2d6d752d3c30c43a9891766d887e0d25d388034459828b1913fb62f482a,497173.8223090172,6.13,7567.692309017177,34,7567.692309017177,alexnet,2.102136752504771
4dd59aea96ab30b4156e2166b472206ff912315495a3c4f713fbdc240d06b9b0,32c6e2d6d752d3c30c43a9891766d887e0d25d388034459828b1913fb62f482a,497172.32252907753,3.969,7568.353529077547,34,7568.353529077547,alexnet,2.102320424743763
4dd59aea96ab30b4156e2166b472206ff912315495a3c4f713fbdc240d06b9b0,32c6e2d6d752d3c30c43a9891766d887e0d25d388034459828b1913fb62f482a,497172.1706800461,3.651,7568.519680046069,34,7568.519680046069,alexnet,2.102366577790575
4dd59aea96ab30b4156e2166b472206ff912315495a3c4f713fbdc240d06b9b0,32c6e2d6d752d3c30c43a9891766d887e0d25d388034459828b1913fb62f482a,497176.5131158829,4.329,7572.1841158828465,34,7572.1841158828465,alexnet,2.103384476634124
4dd59aea96ab30b4156e2166b472206ff912315495a3c4f713fbdc240d06b9b0,32c6e2d6d752d3c30c43a9891766d887e0d25d388034459828b1913fb62f482a,497176.0457479954,3.695,7572.35074799537,34,7572.35074799537,alexnet,2.1034307633320473
4dd59aea96ab30b4156e2166b472206ff912315495a3c4f713fbdc240d06b9b0,32c6e2d6d752d3c30c43a9891766d887e0d25d388034459828b1913fb62f482a,497176.2994790077,3.646,7572.653479007713,34,7572.653479007713,alexnet,2.1035148552799203
4dd59aea96ab30b4156e2166b472206ff912315495a3c4f713fbdc240d06b9b0,32c6e2d6d752d3c30c43a9891766d887e0d25d388034459828b1913fb62f482a,497183.6794641018,10.804,7572.875464101788,34,7572.875464101788,alexnet,2.103576517806052
4dd59aea96ab30b4156e2166b472206ff912315495a3c4f713fbdc240d06b9b0,32c6e2d6d752d3c30c43a9891766d887e0d25d388034459828b1913fb62f482a,497182.5580079556,8.673,7573.8850079556,34,7573.8850079556,alexnet,2.103856946654333
4dd59aea96ab30b4156e2166b472206ff912315495a3c4f713fbdc240d06b9b0,32c6e2d6d752d3c30c43a9891766d887e0d25d388034459828b1913fb62f482a,497178.57769703865,3.851,7574.726697038626,34,7574.726697038626,alexnet,2.1040907491773964
4dd59aea96ab30b4156e2166b472206ff912315495a3c4f713fbdc240d06b9b0,32c6e2d6d752d3c30c43a9891766d887e0d25d388034459828b1913fb62f482a,497180.3215689659,4.202,7576.119568965922,34,7576.119568965922,alexnet,2.1044776580460893
4dd59aea96ab30b4156e2166b472206ff912315495a3c4f713fbdc240d06b9b0,32c6e2d6d752d3c30c43a9891766d887e0d25d388034459828b1913fb62f482a,497181.53159689903,5.218,7576.313596899039,34,7576.313596899039,alexnet,2.1045315546941774
4dd59aea96ab30b4156e2166b472206ff912315495a3c4f713fbdc240d06b9b0,32c6e2d6d752d3c30c43a9891766d887e0d25d388034459828b1913fb62f482a,497181.3766400814,4.837,7576.539640081406,34,7576.539640081406,alexnet,2.104594344467057
4dd59aea96ab30b4156e2166b472206ff912315495a3c4f713fbdc240d06b9b0,32c6e2d6d752d3c30c43a9891766d887e0d25d388034459828b1913fb62f482a,497183.4016280174,4.813,7578.588628017402,34,7578.588628017402,alexnet,2.1051635077826116
4dd59aea96ab30b4156e2166b472206ff912315495a3c4f713fbdc240d06b9b0,32c6e2d6d752d3c30c43a9891766d887e0d25d388034459828b1913fb62f482a,497188.3676519394,8.161,7580.20665193937,34,7580.20665193937,alexnet,2.1056129588720474
4dd59aea96ab30b4156e2166b472206ff912315495a3c4f713fbdc240d06b9b0,32c6e2d6d752d3c30c43a9891766d887e0d25d388034459828b1913fb62f482a,497184.3891620636,4.055,7580.334162063606,34,7580.334162063606,alexnet,2.1056483783510016
4dd59aea96ab30b4156e2166b472206ff912315495a3c4f713fbdc240d06b9b0,32c6e2d6d752d3c30c43a9891766d887e0d25d388034459828b1913fb62f482a,497184.5677039623,3.167,7581.40070396231,34,7581.40070396231,alexnet,2.1059446399895307
4dd59aea96ab30b4156e2166b472206ff912315495a3c4f713fbdc240d06b9b0,32c6e2d6d752d3c30c43a9891766d887e0d25d388034459828b1913fb62f482a,497188.6580109596,7.171,7581.487010959652,34,7581.487010959652,alexnet,2.1059686141554588
4dd59aea96ab30b4156e2166b472206ff912315495a3c4f713fbdc240d06b9b0,32c6e2d6d752d3c30c43a9891766d887e0d25d388034459828b1913fb62f482a,497184.927767992,3.37,7581.557767992024,34,7581.557767992024,alexnet,2.1059882688866733
4dd59aea96ab30b4156e2166b472206ff912315495a3c4f713fbdc240d06b9b0,32c6e2d6d752d3c30c43a9891766d887e0d25d388034459828b1913fb62f482a,497185.2774140835,2.7,7582.577414083469,34,7582.577414083469,alexnet,2.1062715039120747
734272c01926d19690e5ec308bab64ef97950b75b1c7582283e0783fce1751d8,9b61fd55aa093a2d172db1a68a60af5cf6cbfa7f5ea1fbc71846027a5954616d,1117230.0987110138,5.945,8424.153711013729,77,8424.153711013729,bert,2.3400426975038133
734272c01926d19690e5ec308bab64ef97950b75b1c7582283e0783fce1751d8,9b61fd55aa093a2d172db1a68a60af5cf6cbfa7f5ea1fbc71846027a5954616d,1117230.0949089527,5.762,8424.332908952609,77,8424.332908952609,bert,2.340092474709058
734272c01926d19690e5ec308bab64ef97950b75b1c7582283e0783fce1751d8,9b61fd55aa093a2d172db1a68a60af5cf6cbfa7f5ea1fbc71846027a5954616d,1117230.1064081192,5.773,8424.333408119157,77,8424.333408119157,bert,2.3400926133664326
734272c01926d19690e5ec308bab64ef97950b75b1c7582283e0783fce1751d8,9b61fd55aa093a2d172db1a68a60af5cf6cbfa7f5ea1fbc71846027a5954616d,1117230.1235859394,5.789,8424.334585939301,77,8424.334585939301,bert,2.3400929405386948
734272c01926d19690e5ec308bab64ef97950b75b1c7582283e0783fce1751d8,9b61fd55aa093a2d172db1a68a60af5cf6cbfa7f5ea1fbc71846027a5954616d,1117229.8938069344,5.559,8424.334806934465,77,8424.334806934465,bert,2.34009300192624
734272c01926d19690e5ec308bab64ef97950b75b1c7582283e0783fce1751d8,9b61fd55aa093a2d172db1a68a60af5cf6cbfa7f5ea1fbc71846027a5954616d,1117230.087843895,5.753,8424.334843894932,77,8424.334843894932,bert,2.340093012193037
734272c01926d19690e5ec308bab64ef97950b75b1c7582283e0783fce1751d8,9b61fd55aa093a2d172db1a68a60af5cf6cbfa7f5ea1fbc71846027a5954616d,1117229.963365078,5.624,8424.339365077903,77,8424.339365077903,bert,2.3400942680771952
734272c01926d19690e5ec308bab64ef97950b75b1c7582283e0783fce1751d8,9b61fd55aa093a2d172db1a68a60af5cf6cbfa7f5ea1fbc71846027a5954616d,1117229.8873820305,5.548,8424.339382030535,77,8424.339382030535,bert,2.34009427278626
734272c01926d19690e5ec308bab64ef97950b75b1c7582283e0783fce1751d8,9b61fd55aa093a2d172db1a68a60af5cf6cbfa7f5ea1fbc71846027a5954616d,1117229.9557840824,5.616,8424.339784082491,77,8424.339784082491,bert,2.3400943844673585
734272c01926d19690e5ec308bab64ef97950b75b1c7582283e0783fce1751d8,9b61fd55aa093a2d172db1a68a60af5cf6cbfa7f5ea1fbc71846027a5954616d,1117229.954478979,5.614,8424.340478979051,77,8424.340478979051,bert,2.340094577494181
734272c01926d19690e5ec308bab64ef97950b75b1c7582283e0783fce1751d8,9b61fd55aa093a2d172db1a68a60af5cf6cbfa7f5ea1fbc71846027a5954616d,1117230.1048719883,5.764,8424.34087198833,77,8424.34087198833,bert,2.340094686663425
734272c01926d19690e5ec308bab64ef97950b75b1c7582283e0783fce1751d8,9b61fd55aa093a2d172db1a68a60af5cf6cbfa7f5ea1fbc71846027a5954616d,1117229.9569330215,5.616,8424.340933021624,77,8424.340933021624,bert,2.3400947036171176
734272c01926d19690e5ec308bab64ef97950b75b1c7582283e0783fce1751d8,9b61fd55aa093a2d172db1a68a60af5cf6cbfa7f5ea1fbc71846027a5954616d,1117230.0960140228,5.755,8424.341014022939,77,8424.341014022939,bert,2.340094726117483
734272c01926d19690e5ec308bab64ef97950b75b1c7582283e0783fce1751d8,9b61fd55aa093a2d172db1a68a60af5cf6cbfa7f5ea1fbc71846027a5954616d,1117229.962109089,5.62,8424.342109088786,77,8424.342109088786,bert,2.3400950303024404
734272c01926d19690e5ec308bab64ef97950b75b1c7582283e0783fce1751d8,9b61fd55aa093a2d172db1a68a60af5cf6cbfa7f5ea1fbc71846027a5954616d,1117229.9645929337,5.622,8424.34259293368,77,8424.34259293368,bert,2.3400951647038
734272c01926d19690e5ec308bab64ef97950b75b1c7582283e0783fce1751d8,9b61fd55aa093a2d172db1a68a60af5cf6cbfa7f5ea1fbc71846027a5954616d,1117229.8187100887,5.455,8424.363710088655,77,8424.363710088655,bert,2.340101030580182
734272c01926d19690e5ec308bab64ef97950b75b1c7582283e0783fce1751d8,9b61fd55aa093a2d172db1a68a60af5cf6cbfa7f5ea1fbc71846027a5954616d,1117230.50304389,0.179,8430.324043889996,77,8430.324043889996,bert,2.341756678858332
734272c01926d19690e5ec308bab64ef97950b75b1c7582283e0783fce1751d8,9b61fd55aa093a2d172db1a68a60af5cf6cbfa7f5ea1fbc71846027a5954616d,1117230.5233080387,0.194,8430.32930803881,77,8430.32930803881,bert,2.341758141121892
734272c01926d19690e5ec308bab64ef97950b75b1c7582283e0783fce1751d8,9b61fd55aa093a2d172db1a68a60af5cf6cbfa7f5ea1fbc71846027a5954616d,1117230.5133869648,0.184,8430.329386964906,77,8430.329386964906,bert,2.341758163045807
734272c01926d19690e5ec308bab64ef97950b75b1c7582283e0783fce1751d8,9b61fd55aa093a2d172db1a68a60af5cf6cbfa7f5ea1fbc71846027a5954616d,1117230.5379960537,0.208,8430.329996053595,77,8430.329996053595,bert,2.34175833223711
734272c01926d19690e5ec308bab64ef97950b75b1c7582283e0783fce1751d8,9b61fd55aa093a2d172db1a68a60af5cf6cbfa7f5ea1fbc71846027a5954616d,1117230.53945899,0.209,8430.330458990065,77,8430.330458990065,bert,2.3417584608305737
734272c01926d19690e5ec308bab64ef97950b75b1c7582283e0783fce1751d8,9b61fd55aa093a2d172db1a68a60af5cf6cbfa7f5ea1fbc71846027a5954616d,1117820.7865259647,0.032,9020.754525964847,77,9020.754525964847,bert,2.5057651461013464
734272c01926d19690e5ec308bab64ef97950b75b1c7582283e0783fce1751d8,9b61fd55aa093a2d172db1a68a60af5cf6cbfa7f5ea1fbc71846027a5954616d,1117820.980736971,0.225,9020.755736970808,77,9020.755736970808,bert,2.505765482491891
734272c01926d19690e5ec308bab64ef97950b75b1c7582283e0783fce1751d8,9b61fd55aa093a2d172db1a68a60af5cf6cbfa7f5ea1fbc71846027a5954616d,1117820.8379659653,0.082,9020.755965965334,77,9020.755965965334,bert,2.5057655461014816
734272c01926d19690e5ec308bab64ef97950b75b1c7582283e0783fce1751d8,9b61fd55aa093a2d172db1a68a60af5cf6cbfa7f5ea1fbc71846027a5954616d,1117821.4073901176,0.651,9020.756390117574,77,9020.756390117574,bert,2.5057656639215486
734272c01926d19690e5ec308bab64ef97950b75b1c7582283e0783fce1751d8,9b61fd55aa093a2d172db1a68a60af5cf6cbfa7f5ea1fbc71846027a5954616d,1117820.846549034,0.09,9020.756549033802,77,9020.756549033802,bert,2.505765708064945
734272c01926d19690e5ec308bab64ef97950b75b1c7582283e0783fce1751d8,9b61fd55aa093a2d172db1a68a60af5cf6cbfa7f5ea1fbc71846027a5954616d,1117821.5887920856,0.832,9020.756792085711,77,9020.756792085711,bert,2.505765775579364
734272c01926d19690e5ec308bab64ef97950b75b1c7582283e0783fce1751d8,9b61fd55aa093a2d172db1a68a60af5cf6cbfa7f5ea1fbc71846027a5954616d,1117821.404808998,0.647,9020.757808997994,77,9020.757808997994,bert,2.5057660580549985
734272c01926d19690e5ec308bab64ef97950b75b1c7582283e0783fce1751d8,9b61fd55aa093a2d172db1a68a60af5cf6cbfa7f5ea1fbc71846027a5954616d,1117821.3989400864,0.641,9020.757940086303,77,9020.757940086303,bert,2.5057660944684175
734272c01926d19690e5ec308bab64ef97950b75b1c7582283e0783fce1751d8,9b61fd55aa093a2d172db1a68a60af5cf6cbfa7f5ea1fbc71846027a5954616d,1117821.397286892,0.639,9020.75828689197,77,9020.75828689197,bert,2.505766190803325
734272c01926d19690e5ec308bab64ef97950b75b1c7582283e0783fce1751d8,9b61fd55aa093a2d172db1a68a60af5cf6cbfa7f5ea1fbc71846027a5954616d,1117821.406156063,0.647,9020.759156062966,77,9020.759156062966,bert,2.505766432239713
734272c01926d19690e5ec308bab64ef97950b75b1c7582283e0783fce1751d8,9b61fd55aa093a2d172db1a68a60af5cf6cbfa7f5ea1fbc71846027a5954616d,1117820.8641610146,0.105,9020.759161014576,77,9020.759161014576,bert,2.5057664336151597
734272c01926d19690e5ec308bab64ef97950b75b1c7582283e0783fce1751d8,9b61fd55aa093a2d172db1a68a60af5cf6cbfa7f5ea1fbc71846027a5954616d,1117821.4040811062,0.644,9020.760081106098,77,9020.760081106098,bert,2.5057666891961383
734272c01926d19690e5ec308bab64ef97950b75b1c7582283e0783fce1751d8,9b61fd55aa093a2d172db1a68a60af5cf6cbfa7f5ea1fbc71846027a5954616d,1117820.8782570362,0.118,9020.760257036192,77,9020.760257036192,bert,2.505766738065609
734272c01926d19690e5ec308bab64ef97950b75b1c7582283e0783fce1751d8,9b61fd55aa093a2d172db1a68a60af5cf6cbfa7f5ea1fbc71846027a5954616d,1117820.8843519688,0.124,9020.760351968696,77,9020.760351968696,bert,2.505766764435749
734272c01926d19690e5ec308bab64ef97950b75b1c7582283e0783fce1751d8,9b61fd55aa093a2d172db1a68a60af5cf6cbfa7f5ea1fbc71846027a5954616d,1117821.417892933,0.657,9020.760892933002,77,9020.760892933002,bert,2.5057669147036115
734272c01926d19690e5ec308bab64ef97950b75b1c7582283e0783fce1751d8,9b61fd55aa093a2d172db1a68a60af5cf6cbfa7f5ea1fbc71846027a5954616d,1117820.963376999,0.202,9020.761376998853,77,9020.761376998853,bert,2.505767049166348
734272c01926d19690e5ec308bab64ef97950b75b1c7582283e0783fce1751d8,9b61fd55aa093a2d172db1a68a60af5cf6cbfa7f5ea1fbc71846027a5954616d,1117821.4543700218,0.04,9021.414370021783,77,9021.414370021783,bert,2.505948436117162
734272c01926d19690e5ec308bab64ef97950b75b1c7582283e0783fce1751d8,9b61fd55aa093a2d172db1a68a60af5cf6cbfa7f5ea1fbc71846027a5954616d,1117821.455646038,0.04,9021.415646038018,77,9021.415646038018,bert,2.505948790566116
734272c01926d19690e5ec308bab64ef97950b75b1c7582283e0783fce1751d8,9b61fd55aa093a2d172db1a68a60af5cf6cbfa7f5ea1fbc71846027a5954616d,1117821.6271820068,0.211,9021.416182006942,77,9021.416182006942,bert,2.5059489394463728
734272c01926d19690e5ec308bab64ef97950b75b1c7582283e0783fce1751d8,9b61fd55aa093a2d172db1a68a60af5cf6cbfa7f5ea1fbc71846027a5954616d,1117821.600687027,0.184,9021.416687027086,77,9021.416687027086,bert,2.505949079729746
734272c01926d19690e5ec308bab64ef97950b75b1c7582283e0783fce1751d8,9b61fd55aa093a2d172db1a68a60af5cf6cbfa7f5ea1fbc71846027a5954616d,1117821.62818408,0.211,9021.417184079997,77,9021.417184079997,bert,2.505949217799999
734272c01926d19690e5ec308bab64ef97950b75b1c7582283e0783fce1751d8,9b61fd55aa093a2d172db1a68a60af5cf6cbfa7f5ea1fbc71846027a5954616d,1118404.9854900837,0.401,9604.584490083624,77,9604.584490083624,bert,2.66794013613434
734272c01926d19690e5ec308bab64ef97950b75b1c7582283e0783fce1751d8,9b61fd55aa093a2d172db1a68a60af5cf6cbfa7f5ea1fbc71846027a5954616d,1118404.6612269878,0.076,9604.585226987954,77,9604.585226987954,bert,2.667940340829987
734272c01926d19690e5ec308bab64ef97950b75b1c7582283e0783fce1751d8,9b61fd55aa093a2d172db1a68a60af5cf6cbfa7f5ea1fbc71846027a5954616d,1118404.6207990646,0.035,9604.58579906472,77,9604.58579906472,bert,2.6679404997402
734272c01926d19690e5ec308bab64ef97950b75b1c7582283e0783fce1751d8,9b61fd55aa093a2d172db1a68a60af5cf6cbfa7f5ea1fbc71846027a5954616d,1118404.6786739826,0.088,9604.590673982631,77,9604.590673982631,bert,2.6679418538840642
734272c01926d19690e5ec308bab64ef97950b75b1c7582283e0783fce1751d8,9b61fd55aa093a2d172db1a68a60af5cf6cbfa7f5ea1fbc71846027a5954616d,1118404.697052002,0.106,9604.59105200204,77,9604.59105200204,bert,2.6679419588894557
734272c01926d19690e5ec308bab64ef97950b75b1c7582283e0783fce1751d8,9b61fd55aa093a2d172db1a68a60af5cf6cbfa7f5ea1fbc71846027a5954616d,1118404.7871689796,0.196,9604.591168979649,77,9604.591168979649,bert,2.667941991383236
734272c01926d19690e5ec308bab64ef97950b75b1c7582283e0783fce1751d8,9b61fd55aa093a2d172db1a68a60af5cf6cbfa7f5ea1fbc71846027a5954616d,1118405.3662190435,0.774,9604.592219043523,77,9604.592219043523,bert,2.6679422830676454
734272c01926d19690e5ec308bab64ef97950b75b1c7582283e0783fce1751d8,9b61fd55aa093a2d172db1a68a60af5cf6cbfa7f5ea1fbc71846027a5954616d,1118404.954267979,0.362,9604.592267978936,77,9604.592267978936,bert,2.6679422966608155
734272c01926d19690e5ec308bab64ef97950b75b1c7582283e0783fce1751d8,9b61fd55aa093a2d172db1a68a60af5cf6cbfa7f5ea1fbc71846027a5954616d,1118404.94542408,0.352,9604.59342407994,77,9604.59342407994,bert,2.667942617799983
734272c01926d19690e5ec308bab64ef97950b75b1c7582283e0783fce1751d8,9b61fd55aa093a2d172db1a68a60af5cf6cbfa7f5ea1fbc71846027a5954616d,1118405.1117310524,0.517,9604.594731052406,77,9604.594731052406,bert,2.6679429808478905
734272c01926d19690e5ec308bab64ef97950b75b1c7582283e0783fce1751d8,9b61fd55aa093a2d172db1a68a60af5cf6cbfa7f5ea1fbc71846027a5954616d,1118405.0177960396,0.423,9604.59479603963,77,9604.59479603963,bert,2.667942998899897
734272c01926d19690e5ec308bab64ef97950b75b1c7582283e0783fce1751d8,9b61fd55aa093a2d172db1a68a60af5cf6cbfa7f5ea1fbc71846027a5954616d,1118404.8023130894,0.207,9604.595313089434,77,9604.595313089434,bert,2.6679431425248428
734272c01926d19690e5ec308bab64ef97950b75b1c7582283e0783fce1751d8,9b61fd55aa093a2d172db1a68a60af5cf6cbfa7f5ea1fbc71846027a5954616d,1118404.9846179483,0.389,9604.595617948333,77,9604.595617948333,bert,2.66794322720787
734272c01926d19690e5ec308bab64ef97950b75b1c7582283e0783fce1751d8,9b61fd55aa093a2d172db1a68a60af5cf6cbfa7f5ea1fbc71846027a5954616d,1118405.1931829453,0.597,9604.596182945184,77,9604.596182945184,bert,2.66794338415144
734272c01926d19690e5ec308bab64ef97950b75b1c7582283e0783fce1751d8,9b61fd55aa093a2d172db1a68a60af5cf6cbfa7f5ea1fbc71846027a5954616d,1118405.3115739822,0.715,9604.596573982155,77,9604.596573982155,bert,2.667943492772821
734272c01926d19690e5ec308bab64ef97950b75b1c7582283e0783fce1751d8,9b61fd55aa093a2d172db1a68a60af5cf6cbfa7f5ea1fbc71846027a5954616d,1118405.190226078,0.593,9604.597226077924,77,9604.597226077924,bert,2.667943673910534
734272c01926d19690e5ec308bab64ef97950b75b1c7582283e0783fce1751d8,9b61fd55aa093a2d172db1a68a60af5cf6cbfa7f5ea1fbc71846027a5954616d,1118405.2085020542,0.199,9605.009502054192,77,9605.009502054192,bert,2.6680581950150533
734272c01926d19690e5ec308bab64ef97950b75b1c7582283e0783fce1751d8,9b61fd55aa093a2d172db1a68a60af5cf6cbfa7f5ea1fbc71846027a5954616d,1118405.3911550045,0.381,9605.01015500445,77,9605.01015500445,bert,2.6680583763901247
734272c01926d19690e5ec308bab64ef97950b75b1c7582283e0783fce1751d8,9b61fd55aa093a2d172db1a68a60af5cf6cbfa7f5ea1fbc71846027a5954616d,1118405.341780901,0.331,9605.01078090095,77,9605.01078090095,bert,2.668058550250264
734272c01926d19690e5ec308bab64ef97950b75b1c7582283e0783fce1751d8,9b61fd55aa093a2d172db1a68a60af5cf6cbfa7f5ea1fbc71846027a5954616d,1118405.385005951,0.374,9605.011005950859,77,9605.011005950859,bert,2.6680586127641273
734272c01926d19690e5ec308bab64ef97950b75b1c7582283e0783fce1751d8,9b61fd55aa093a2d172db1a68a60af5cf6cbfa7f5ea1fbc71846027a5954616d,1118405.2021288872,0.19,9605.012128887232,77,9605.012128887232,bert,2.668058924690898
734272c01926d19690e5ec308bab64ef97950b75b1c7582283e0783fce1751d8,556ccf8758c8c2a20082c161e955405e950439f0503522fe129e709a5dc0e58f,500642.6498019695,213.017,10829.632801969536,34,10829.632801969536,efficientnet,3.0082313338804267
734272c01926d19690e5ec308bab64ef97950b75b1c7582283e0783fce1751d8,556ccf8758c8c2a20082c161e955405e950439f0503522fe129e709a5dc0e58f,500526.5688679218,96.935,10829.633867921773,34,10829.633867921773,efficientnet,3.0082316299782703
734272c01926d19690e5ec308bab64ef97950b75b1c7582283e0783fce1751d8,556ccf8758c8c2a20082c161e955405e950439f0503522fe129e709a5dc0e58f,500513.4943270683,83.86,10829.634327068343,34,10829.634327068343,efficientnet,3.0082317575189843
734272c01926d19690e5ec308bab64ef97950b75b1c7582283e0783fce1751d8,556ccf8758c8c2a20082c161e955405e950439f0503522fe129e709a5dc0e58f,500446.0774230957,16.443,10829.634423095675,34,10829.634423095675,efficientnet,3.008231784193243
734272c01926d19690e5ec308bab64ef97950b75b1c7582283e0783fce1751d8,556ccf8758c8c2a20082c161e955405e950439f0503522fe129e709a5dc0e58f,500523.2666769028,93.632,10829.634676902788,34,10829.634676902788,efficientnet,3.008231854695219
734272c01926d19690e5ec308bab64ef97950b75b1c7582283e0783fce1751d8,556ccf8758c8c2a20082c161e955405e950439f0503522fe129e709a5dc0e58f,500538.4756009578,108.84,10829.635600957787,34,10829.635600957787,efficientnet,3.008232111377163
734272c01926d19690e5ec308bab64ef97950b75b1c7582283e0783fce1751d8,556ccf8758c8c2a20082c161e955405e950439f0503522fe129e709a5dc0e58f,500528.1254758835,98.489,10829.636475883482,34,10829.636475883482,efficientnet,3.0082323544120784
734272c01926d19690e5ec308bab64ef97950b75b1c7582283e0783fce1751d8,556ccf8758c8c2a20082c161e955405e950439f0503522fe129e709a5dc0e58f,500538.3766260147,108.74,10829.636626014719,34,10829.636626014719,efficientnet,3.0082323961151998
734272c01926d19690e5ec308bab64ef97950b75b1c7582283e0783fce1751d8,556ccf8758c8c2a20082c161e955405e950439f0503522fe129e709a5dc0e58f,500540.3492100239,110.712,10829.63721002388,34,10829.63721002388,efficientnet,3.0082325583399667
734272c01926d19690e5ec308bab64ef97950b75b1c7582283e0783fce1751d8,556ccf8758c8c2a20082c161e955405e950439f0503522fe129e709a5dc0e58f,500499.97230196,70.334,10829.638301960018,34,10829.638301960018,efficientnet,3.0082328616555607
734272c01926d19690e5ec308bab64ef97950b75b1c7582283e0783fce1751d8,556ccf8758c8c2a20082c161e955405e950439f0503522fe129e709a5dc0e58f,500534.5439450741,104.905,10829.638945074053,34,10829.638945074053,efficientnet,3.0082330402983484
734272c01926d19690e5ec308bab64ef97950b75b1c7582283e0783fce1751d8,556ccf8758c8c2a20082c161e955405e950439f0503522fe129e709a5dc0e58f,500522.7879428864,93.148,10829.639942886424,34,10829.639942886424,efficientnet,3.0082333174684512
734272c01926d19690e5ec308bab64ef97950b75b1c7582283e0783fce1751d8,556ccf8758c8c2a20082c161e955405e950439f0503522fe129e709a5dc0e58f,500541.9619779587,112.322,10829.639977958694,34,10829.639977958694,efficientnet,3.0082333272107484
734272c01926d19690e5ec308bab64ef97950b75b1c7582283e0783fce1751d8,556ccf8758c8c2a20082c161e955405e950439f0503522fe129e709a5dc0e58f,500541.8646030426,112.224,10829.640603042615,34,10829.640603042615,efficientnet,3.008233500845171
734272c01926d19690e5ec308bab64ef97950b75b1c7582283e0783fce1751d8,556ccf8758c8c2a20082c161e955405e950439f0503522fe129e709a5dc0e58f,500528.09760308266,98.456,10829.641603082651,34,10829.641603082651,efficientnet,3.00823377863407
734272c01926d19690e5ec308bab64ef97950b75b1c7582283e0783fce1751d8,556ccf8758c8c2a20082c161e955405e950439f0503522fe129e709a5dc0e58f,500451.1064939499,21.464,10829.642493949912,34,10829.642493949912,efficientnet,3.0082340260971976
734272c01926d19690e5ec308bab64ef97950b75b1c7582283e0783fce1751d8,9b61fd55aa093a2d172db1a68a60af5cf6cbfa7f5ea1fbc71846027a5954616d,1121409.9534919262,3.952,12606.001491926145,77,12606.001491926145,bert,3.501667081090596
734272c01926d19690e5ec308bab64ef97950b75b1c7582283e0783fce1751d8,9b61fd55aa093a2d172db1a68a60af5cf6cbfa7f5ea1fbc71846027a5954616d,1121409.9881279469,3.951,12606.03712794697,77,12606.03712794697,bert,3.501676979985269
734272c01926d19690e5ec308bab64ef97950b75b1c7582283e0783fce1751d8,9b61fd55aa093a2d172db1a68a60af5cf6cbfa7f5ea1fbc71846027a5954616d,1121409.958812952,3.921,12606.037812951952,77,12606.037812951952,bert,3.5016771702644314
734272c01926d19690e5ec308bab64ef97950b75b1c7582283e0783fce1751d8,9b61fd55aa093a2d172db1a68a60af5cf6cbfa7f5ea1fbc71846027a5954616d,1121409.96310997,3.925,12606.038109970046,77,12606.038109970046,bert,3.5016772527694573
734272c01926d19690e5ec308bab64ef97950b75b1c7582283e0783fce1751d8,9b61fd55aa093a2d172db1a68a60af5cf6cbfa7f5ea1fbc71846027a5954616d,1121409.8295989037,3.79,12606.039598903619,77,12606.039598903619,bert,3.5016776663621165
b5450811f2226912d7c86164eeca69e414c0407a87152597b8c7fbbc2ab8d110,b5e597c31a20d9046084e9b5365a5151a3cb4a3634f0d24e2e3ddbabc4ef48cd,1122988.12382102,6.039,14182.084821019787,77,14182.084821019787,distilgpt2,3.9394680058388296
