app,func,end_timestamp,duration,arrival_time,trace_id,arrival_time_norm,func_id,arrival_time_hr
c8c43e1a911f29e5506460a2fbef61ff39723d672f3b3b67d12d4c236c6872f7,653cdbc309bc359f3289d3b4df21c4a8e478d22946b35cbfdab05377dcacd3e0,518446.8791460991,1.684,45.195146099082194,36,45.195146099082194,efficientnet,0.012554207249745054
c8c43e1a911f29e5506460a2fbef61ff39723d672f3b3b67d12d4c236c6872f7,653cdbc309bc359f3289d3b4df21c4a8e478d22946b35cbfdab05377dcacd3e0,518547.6248760224,2.222,145.40287602238823,36,145.40287602238823,efficientnet,0.04038968778399673
c8c43e1a911f29e5506460a2fbef61ff39723d672f3b3b67d12d4c236c6872f7,653cdbc309bc359f3289d3b4df21c4a8e478d22946b35cbfdab05377dcacd3e0,518622.211671114,2.256,219.95567111403216,36,219.95567111403216,efficientnet,0.061098797531675596
c8c43e1a911f29e5506460a2fbef61ff39723d672f3b3b67d12d4c236c6872f7,653cdbc309bc359f3289d3b4df21c4a8e478d22946b35cbfdab05377dcacd3e0,518659.2586801052,1.953,257.30568010522984,36,257.30568010522984,efficientnet,0.07147380002923051
c8c43e1a911f29e5506460a2fbef61ff39723d672f3b3b67d12d4c236c6872f7,653cdbc309bc359f3289d3b4df21c4a8e478d22946b35cbfdab05377dcacd3e0,519582.1695930958,2.972,1179.1975930957706,36,1179.1975930957706,efficientnet,0.3275548869710474
c8c43e1a911f29e5506460a2fbef61ff39723d672f3b3b67d12d4c236c6872f7,653cdbc309bc359f3289d3b4df21c4a8e478d22946b35cbfdab05377dcacd3e0,521066.4655470848,26.648,2639.817547084822,36,2639.817547084822,efficientnet,0.733282651968006
c8c43e1a911f29e5506460a2fbef61ff39723d672f3b3b67d12d4c236c6872f7,653cdbc309bc359f3289d3b4df21c4a8e478d22946b35cbfdab05377dcacd3e0,521081.66487693787,35.926,2645.7388769378886,36,2645.7388769378886,efficientnet,0.7349274658160801
c8c43e1a911f29e5506460a2fbef61ff39723d672f3b3b67d12d4c236c6872f7,653cdbc309bc359f3289d3b4df21c4a8e478d22946b35cbfdab05377dcacd3e0,521106.4310660362,35.13,2671.3010660362197,36,2671.3010660362197,efficientnet,0.7420280738989499
c8c43e1a911f29e5506460a2fbef61ff39723d672f3b3b67d12d4c236c6872f7,653cdbc309bc359f3289d3b4df21c4a8e478d22946b35cbfdab05377dcacd3e0,521158.26423096657,3.03,2755.23423096654,36,2755.23423096654,efficientnet,0.76534284193515
c8c43e1a911f29e5506460a2fbef61ff39723d672f3b3b67d12d4c236c6872f7,653cdbc309bc359f3289d3b4df21c4a8e478d22946b35cbfdab05377dcacd3e0,521167.7411839962,3.366,2764.3751839962206,36,2764.3751839962206,efficientnet,0.7678819955545058
c8c43e1a911f29e5506460a2fbef61ff39723d672f3b3b67d12d4c236c6872f7,653cdbc309bc359f3289d3b4df21c4a8e478d22946b35cbfdab05377dcacd3e0,521189.3959341049,15.368,2774.0279341049027,36,2774.0279341049027,efficientnet,0.7705633150291397
c8c43e1a911f29e5506460a2fbef61ff39723d672f3b3b67d12d4c236c6872f7,653cdbc309bc359f3289d3b4df21c4a8e478d22946b35cbfdab05377dcacd3e0,521234.6557340622,2.378,2832.2777340621687,36,2832.2777340621687,efficientnet,0.7867438150172691
c8c43e1a911f29e5506460a2fbef61ff39723d672f3b3b67d12d4c236c6872f7,653cdbc309bc359f3289d3b4df21c4a8e478d22946b35cbfdab05377dcacd3e0,521242.0210011005,1.906,2840.1150011004647,36,2840.1150011004647,efficientnet,0.788920833639018
c8c43e1a911f29e5506460a2fbef61ff39723d672f3b3b67d12d4c236c6872f7,653cdbc309bc359f3289d3b4df21c4a8e478d22946b35cbfdab05377dcacd3e0,521254.636179924,2.205,2852.431179923995,36,2852.431179923995,efficientnet,0.792341994423332
c8c43e1a911f29e5506460a2fbef61ff39723d672f3b3b67d12d4c236c6872f7,653cdbc309bc359f3289d3b4df21c4a8e478d22946b35cbfdab05377dcacd3e0,521325.7954819202,5.385,2920.410481920175,36,2920.410481920175,efficientnet,0.8112251338667152
c8c43e1a911f29e5506460a2fbef61ff39723d672f3b3b67d12d4c236c6872f7,653cdbc309bc359f3289d3b4df21c4a8e478d22946b35cbfdab05377dcacd3e0,521336.8306069374,8.714,2928.1166069374303,36,2928.1166069374303,efficientnet,0.8133657241492862
c8c43e1a911f29e5506460a2fbef61ff39723d672f3b3b67d12d4c236c6872f7,653cdbc309bc359f3289d3b4df21c4a8e478d22946b35cbfdab05377dcacd3e0,521346.2354359627,2.647,2943.58843596268,36,2943.58843596268,efficientnet,0.8176634544340777
c8c43e1a911f29e5506460a2fbef61ff39723d672f3b3b67d12d4c236c6872f7,653cdbc309bc359f3289d3b4df21c4a8e478d22946b35cbfdab05377dcacd3e0,522278.78348588943,21.796,3856.987485889462,36,3856.987485889462,efficientnet,1.0713854127470728
c8c43e1a911f29e5506460a2fbef61ff39723d672f3b3b67d12d4c236c6872f7,653cdbc309bc359f3289d3b4df21c4a8e478d22946b35cbfdab05377dcacd3e0,522351.2999300957,14.403,3936.8969300956815,36,3936.8969300956815,efficientnet,1.0935824805821337
c8c43e1a911f29e5506460a2fbef61ff39723d672f3b3b67d12d4c236c6872f7,653cdbc309bc359f3289d3b4df21c4a8e478d22946b35cbfdab05377dcacd3e0,522500.1129150391,2.485,4097.627915039135,36,4097.627915039135,efficientnet,1.1382299763997596
c8c43e1a911f29e5506460a2fbef61ff39723d672f3b3b67d12d4c236c6872f7,653cdbc309bc359f3289d3b4df21c4a8e478d22946b35cbfdab05377dcacd3e0,523159.63822603226,29.631,4730.007226032263,36,4730.007226032263,efficientnet,1.313890896120073
c8c43e1a911f29e5506460a2fbef61ff39723d672f3b3b67d12d4c236c6872f7,653cdbc309bc359f3289d3b4df21c4a8e478d22946b35cbfdab05377dcacd3e0,523281.8858029842,25.545,4856.340802984196,36,4856.340802984196,efficientnet,1.3489835563844987
c8c43e1a911f29e5506460a2fbef61ff39723d672f3b3b67d12d4c236c6872f7,653cdbc309bc359f3289d3b4df21c4a8e478d22946b35cbfdab05377dcacd3e0,523352.4423060417,4.122,4948.320306041744,36,4948.320306041744,efficientnet,1.3745334183449287
c8c43e1a911f29e5506460a2fbef61ff39723d672f3b3b67d12d4c236c6872f7,653cdbc309bc359f3289d3b4df21c4a8e478d22946b35cbfdab05377dcacd3e0,523391.1757099629,21.797,4969.378709962883,36,4969.378709962883,efficientnet,1.3803829749896896
c8c43e1a911f29e5506460a2fbef61ff39723d672f3b3b67d12d4c236c6872f7,653cdbc309bc359f3289d3b4df21c4a8e478d22946b35cbfdab05377dcacd3e0,523680.9212360382,4.603,5276.318236038205,36,5276.318236038205,efficientnet,1.465643954455057
c8c43e1a911f29e5506460a2fbef61ff39723d672f3b3b67d12d4c236c6872f7,653cdbc309bc359f3289d3b4df21c4a8e478d22946b35cbfdab05377dcacd3e0,523890.1618421078,22.857,5467.304842107755,36,5467.304842107755,efficientnet,1.5186957894743762
c8c43e1a911f29e5506460a2fbef61ff39723d672f3b3b67d12d4c236c6872f7,653cdbc309bc359f3289d3b4df21c4a8e478d22946b35cbfdab05377dcacd3e0,524057.88915491104,3.672,5654.217154911021,36,5654.217154911021,efficientnet,1.5706158763641724
c8c43e1a911f29e5506460a2fbef61ff39723d672f3b3b67d12d4c236c6872f7,653cdbc309bc359f3289d3b4df21c4a8e478d22946b35cbfdab05377dcacd3e0,524771.5208609104,2.372,6369.148860910442,36,6369.148860910442,efficientnet,1.7692080169195672
c8c43e1a911f29e5506460a2fbef61ff39723d672f3b3b67d12d4c236c6872f7,653cdbc309bc359f3289d3b4df21c4a8e478d22946b35cbfdab05377dcacd3e0,526582.9503259659,29.556,8153.394325965899,36,8153.394325965899,efficientnet,2.26483175721275
c8c43e1a911f29e5506460a2fbef61ff39723d672f3b3b67d12d4c236c6872f7,653cdbc309bc359f3289d3b4df21c4a8e478d22946b35cbfdab05377dcacd3e0,527371.3153960705,27.188,8944.127396070515,36,8944.127396070515,efficientnet,2.4844798322418096
c8c43e1a911f29e5506460a2fbef61ff39723d672f3b3b67d12d4c236c6872f7,653cdbc309bc359f3289d3b4df21c4a8e478d22946b35cbfdab05377dcacd3e0,527479.2829370499,4.235,9075.04793704988,36,9075.04793704988,efficientnet,2.520846649180522
c8c43e1a911f29e5506460a2fbef61ff39723d672f3b3b67d12d4c236c6872f7,653cdbc309bc359f3289d3b4df21c4a8e478d22946b35cbfdab05377dcacd3e0,527590.2382750511,22.248,9167.990275051096,36,9167.990275051096,efficientnet,2.546663965291971
85479ef37b5dc75dd5aeca3bab499129b97a134dac5d740d2c68941de9d63031,cd9f7f333d59aede8088772edac3bff78c45e2dad8eb498b450b9af511452a36,518465.0904829502,65.069,0.02148295019287616,36,0.02148295019287616,alexnet,5.967486164687822e-06
85479ef37b5dc75dd5aeca3bab499129b97a134dac5d740d2c68941de9d63031,cd9f7f333d59aede8088772edac3bff78c45e2dad8eb498b450b9af511452a36,518773.5643110275,73.543,300.02131102752173,36,300.02131102752173,alexnet,0.08333925306320047
85479ef37b5dc75dd5aeca3bab499129b97a134dac5d740d2c68941de9d63031,cd9f7f333d59aede8088772edac3bff78c45e2dad8eb498b450b9af511452a36,519064.5978450775,64.586,600.0118450775044,36,600.0118450775044,alexnet,0.16666995696597345
85479ef37b5dc75dd5aeca3bab499129b97a134dac5d740d2c68941de9d63031,cd9f7f333d59aede8088772edac3bff78c45e2dad8eb498b450b9af511452a36,519366.42815995216,66.416,900.0121599521372,36,900.0121599521372,alexnet,0.25000337776448256
85479ef37b5dc75dd5aeca3bab499129b97a134dac5d740d2c68941de9d63031,cd9f7f333d59aede8088772edac3bff78c45e2dad8eb498b450b9af511452a36,519670.4754259586,69.703,1200.7724259585957,36,1200.7724259585957,alexnet,0.33354789609960994
85479ef37b5dc75dd5aeca3bab499129b97a134dac5d740d2c68941de9d63031,cd9f7f333d59aede8088772edac3bff78c45e2dad8eb498b450b9af511452a36,520378.7517170906,162.579,1816.1727170905797,36,1816.1727170905797,alexnet,0.5044924214140499
85479ef37b5dc75dd5aeca3bab499129b97a134dac5d740d2c68941de9d63031,cd9f7f333d59aede8088772edac3bff78c45e2dad8eb498b450b9af511452a36,520763.775840044,263.764,2100.011840043997,36,2100.011840043997,alexnet,0.5833366222344436
85479ef37b5dc75dd5aeca3bab499129b97a134dac5d740d2c68941de9d63031,cd9f7f333d59aede8088772edac3bff78c45e2dad8eb498b450b9af511452a36,520763.744592905,12.525,2351.219592904963,36,2351.219592904963,alexnet,0.653116553584712
85479ef37b5dc75dd5aeca3bab499129b97a134dac5d740d2c68941de9d63031,cd9f7f333d59aede8088772edac3bff78c45e2dad8eb498b450b9af511452a36,520893.2894101143,87.419,2405.870410114294,36,2405.870410114294,alexnet,0.6682973361428595
85479ef37b5dc75dd5aeca3bab499129b97a134dac5d740d2c68941de9d63031,cd9f7f333d59aede8088772edac3bff78c45e2dad8eb498b450b9af511452a36,521357.5315179825,257.517,2700.0145179824904,36,2700.0145179824904,alexnet,0.7500040327729139
85479ef37b5dc75dd5aeca3bab499129b97a134dac5d740d2c68941de9d63031,cd9f7f333d59aede8088772edac3bff78c45e2dad8eb498b450b9af511452a36,521622.057598114,202.349,3019.7085981140262,36,3019.7085981140262,alexnet,0.8388079439205628
85479ef37b5dc75dd5aeca3bab499129b97a134dac5d740d2c68941de9d63031,cd9f7f333d59aede8088772edac3bff78c45e2dad8eb498b450b9af511452a36,522247.7328190804,29.089,3818.643819080433,36,3818.643819080433,alexnet,1.060734394189009
85479ef37b5dc75dd5aeca3bab499129b97a134dac5d740d2c68941de9d63031,cd9f7f333d59aede8088772edac3bff78c45e2dad8eb498b450b9af511452a36,522394.29969000816,61.073,3933.2266900081886,36,3933.2266900081886,alexnet,1.0925629694467192
85479ef37b5dc75dd5aeca3bab499129b97a134dac5d740d2c68941de9d63031,cd9f7f333d59aede8088772edac3bff78c45e2dad8eb498b450b9af511452a36,522675.2076408863,75.182,4200.025640886335,36,4200.025640886335,alexnet,1.1666737891350931
85479ef37b5dc75dd5aeca3bab499129b97a134dac5d740d2c68941de9d63031,cd9f7f333d59aede8088772edac3bff78c45e2dad8eb498b450b9af511452a36,522969.262442112,69.236,4500.026442112052,36,4500.026442112052,alexnet,1.2500073450311255
85479ef37b5dc75dd5aeca3bab499129b97a134dac5d740d2c68941de9d63031,cd9f7f333d59aede8088772edac3bff78c45e2dad8eb498b450b9af511452a36,523277.8383760452,77.779,4800.059376045247,36,4800.059376045247,alexnet,1.3333498266792352
85479ef37b5dc75dd5aeca3bab499129b97a134dac5d740d2c68941de9d63031,cd9f7f333d59aede8088772edac3bff78c45e2dad8eb498b450b9af511452a36,523567.8842151165,67.866,5100.018215116521,36,5100.018215116521,alexnet,1.4166717264212558
85479ef37b5dc75dd5aeca3bab499129b97a134dac5d740d2c68941de9d63031,cd9f7f333d59aede8088772edac3bff78c45e2dad8eb498b450b9af511452a36,523885.250330925,85.182,5400.068330925016,36,5400.068330925016,alexnet,1.5000189808125044
85479ef37b5dc75dd5aeca3bab499129b97a134dac5d740d2c68941de9d63031,cd9f7f333d59aede8088772edac3bff78c45e2dad8eb498b450b9af511452a36,524163.66848897934,62.638,5701.030488979362,36,5701.030488979362,alexnet,1.5836195802720452
85479ef37b5dc75dd5aeca3bab499129b97a134dac5d740d2c68941de9d63031,cd9f7f333d59aede8088772edac3bff78c45e2dad8eb498b450b9af511452a36,524479.7670509815,79.669,6000.098050981527,36,6000.098050981527,alexnet,1.6666939030504242
85479ef37b5dc75dd5aeca3bab499129b97a134dac5d740d2c68941de9d63031,cd9f7f333d59aede8088772edac3bff78c45e2dad8eb498b450b9af511452a36,524769.8118999004,69.803,6300.00889990048,36,6300.00889990048,alexnet,1.7500024721945777
85479ef37b5dc75dd5aeca3bab499129b97a134dac5d740d2c68941de9d63031,cd9f7f333d59aede8088772edac3bff78c45e2dad8eb498b450b9af511452a36,525075.85886693,75.803,6600.055866930052,36,6600.055866930052,alexnet,1.8333488519250143
85479ef37b5dc75dd5aeca3bab499129b97a134dac5d740d2c68941de9d63031,cd9f7f333d59aede8088772edac3bff78c45e2dad8eb498b450b9af511452a36,525371.30686903,71.288,6900.0188690300565,36,6900.0188690300565,alexnet,1.9166719080639045
85479ef37b5dc75dd5aeca3bab499129b97a134dac5d740d2c68941de9d63031,cd9f7f333d59aede8088772edac3bff78c45e2dad8eb498b450b9af511452a36,525681.5185630322,81.26,7200.258563032141,36,7200.258563032141,alexnet,2.0000718230644834
85479ef37b5dc75dd5aeca3bab499129b97a134dac5d740d2c68941de9d63031,cd9f7f333d59aede8088772edac3bff78c45e2dad8eb498b450b9af511452a36,525969.8171200752,69.802,7500.015120075201,36,7500.015120075201,alexnet,2.0833375333542223
85479ef37b5dc75dd5aeca3bab499129b97a134dac5d740d2c68941de9d63031,cd9f7f333d59aede8088772edac3bff78c45e2dad8eb498b450b9af511452a36,526282.0257298946,82.015,7800.010729894624,36,7800.010729894624,alexnet,2.166669647192951
85479ef37b5dc75dd5aeca3bab499129b97a134dac5d740d2c68941de9d63031,cd9f7f333d59aede8088772edac3bff78c45e2dad8eb498b450b9af511452a36,526565.7652390003,65.751,8100.014239000273,36,8100.014239000273,alexnet,2.2500039552778537
85479ef37b5dc75dd5aeca3bab499129b97a134dac5d740d2c68941de9d63031,cd9f7f333d59aede8088772edac3bff78c45e2dad8eb498b450b9af511452a36,526897.393750906,97.368,8400.025750905974,36,8400.025750905974,alexnet,2.3333404863627707
85479ef37b5dc75dd5aeca3bab499129b97a134dac5d740d2c68941de9d63031,cd9f7f333d59aede8088772edac3bff78c45e2dad8eb498b450b9af511452a36,527162.0339369774,62.017,8700.016936977394,36,8700.016936977394,alexnet,2.4166713713826096
85479ef37b5dc75dd5aeca3bab499129b97a134dac5d740d2c68941de9d63031,cd9f7f333d59aede8088772edac3bff78c45e2dad8eb498b450b9af511452a36,527478.5380339622,78.516,9000.022033962305,36,9000.022033962305,alexnet,2.5000061205450845
85479ef37b5dc75dd5aeca3bab499129b97a134dac5d740d2c68941de9d63031,cd9f7f333d59aede8088772edac3bff78c45e2dad8eb498b450b9af511452a36,527817.6869180202,116.968,9300.718918020255,36,9300.718918020255,alexnet,2.583533032783404
85479ef37b5dc75dd5aeca3bab499129b97a134dac5d740d2c68941de9d63031,cd9f7f333d59aede8088772edac3bff78c45e2dad8eb498b450b9af511452a36,528085.378015995,85.365,9600.013015995035,36,9600.013015995035,alexnet,2.666670282220843
85479ef37b5dc75dd5aeca3bab499129b97a134dac5d740d2c68941de9d63031,cd9f7f333d59aede8088772edac3bff78c45e2dad8eb498b450b9af511452a36,528408.0306088924,108.004,9900.026608892484,36,9900.026608892484,alexnet,2.750007391359023
85479ef37b5dc75dd5aeca3bab499129b97a134dac5d740d2c68941de9d63031,cd9f7f333d59aede8088772edac3bff78c45e2dad8eb498b450b9af511452a36,528694.9907770157,94.977,10200.01377701573,36,10200.01377701573,alexnet,2.8333371602821473
85479ef37b5dc75dd5aeca3bab499129b97a134dac5d740d2c68941de9d63031,cd9f7f333d59aede8088772edac3bff78c45e2dad8eb498b450b9af511452a36,528968.6001610756,68.539,10500.061161075602,36,10500.061161075602,alexnet,2.916683655854334
85479ef37b5dc75dd5aeca3bab499129b97a134dac5d740d2c68941de9d63031,cd9f7f333d59aede8088772edac3bff78c45e2dad8eb498b450b9af511452a36,529295.0746428967,95.055,10800.019642896601,36,10800.019642896601,alexnet,3.000005456360167
85479ef37b5dc75dd5aeca3bab499129b97a134dac5d740d2c68941de9d63031,cd9f7f333d59aede8088772edac3bff78c45e2dad8eb498b450b9af511452a36,529560.008136034,59.999,11100.00913603406,36,11100.00913603406,alexnet,3.083335871120572
85479ef37b5dc75dd5aeca3bab499129b97a134dac5d740d2c68941de9d63031,cd9f7f333d59aede8088772edac3bff78c45e2dad8eb498b450b9af511452a36,529870.6993069649,70.675,11400.024306964828,36,11400.024306964828,alexnet,3.166673418601341
85479ef37b5dc75dd5aeca3bab499129b97a134dac5d740d2c68941de9d63031,cd9f7f333d59aede8088772edac3bff78c45e2dad8eb498b450b9af511452a36,530161.9939301014,61.973,11700.020930101397,36,11700.020930101397,alexnet,3.2500058139170545
85479ef37b5dc75dd5aeca3bab499129b97a134dac5d740d2c68941de9d63031,cd9f7f333d59aede8088772edac3bff78c45e2dad8eb498b450b9af511452a36,530468.253330946,68.233,12000.020330945961,36,12000.020330945961,alexnet,3.3333389808183225
85479ef37b5dc75dd5aeca3bab499129b97a134dac5d740d2c68941de9d63031,cd9f7f333d59aede8088772edac3bff78c45e2dad8eb498b450b9af511452a36,530771.2739880085,71.247,12300.026988008525,36,12300.026988008525,alexnet,3.4166741633357014
85479ef37b5dc75dd5aeca3bab499129b97a134dac5d740d2c68941de9d63031,cd9f7f333d59aede8088772edac3bff78c45e2dad8eb498b450b9af511452a36,531071.0317029953,71.015,12600.016702995286,36,12600.016702995286,alexnet,3.500004639720913
85479ef37b5dc75dd5aeca3bab499129b97a134dac5d740d2c68941de9d63031,cd9f7f333d59aede8088772edac3bff78c45e2dad8eb498b450b9af511452a36,531371.1388099194,71.118,12900.02080991934,36,12900.02080991934,alexnet,3.5833391138664834
85479ef37b5dc75dd5aeca3bab499129b97a134dac5d740d2c68941de9d63031,cd9f7f333d59aede8088772edac3bff78c45e2dad8eb498b450b9af511452a36,531726.4169199467,126.16,13200.256919946638,36,13200.256919946638,alexnet,3.6667380333185107
85479ef37b5dc75dd5aeca3bab499129b97a134dac5d740d2c68941de9d63031,cd9f7f333d59aede8088772edac3bff78c45e2dad8eb498b450b9af511452a36,532040.4973080158,140.48,13500.017308015842,36,13500.017308015842,alexnet,3.750004807782178
85479ef37b5dc75dd5aeca3bab499129b97a134dac5d740d2c68941de9d63031,cd9f7f333d59aede8088772edac3bff78c45e2dad8eb498b450b9af511452a36,532288.6274540424,88.407,13800.220454042428,36,13800.220454042428,alexnet,3.833394570567341
85479ef37b5dc75dd5aeca3bab499129b97a134dac5d740d2c68941de9d63031,cd9f7f333d59aede8088772edac3bff78c45e2dad8eb498b450b9af511452a36,532585.9860360622,85.973,14100.013036062242,36,14100.013036062242,alexnet,3.916670287795067
4fd9ef036fda3832e6bb4e57f1cc1395c248edddda334ef8aede099536a5bae3,50bb98931d9e1fbba7d4411188779a5fc732fb5eaefca0c5de8bbb4f89ae540f,810010.6361720562,1.657,3608.9791720561916,56,3608.9791720561916,bert,1.0024942144600533
4fd9ef036fda3832e6bb4e57f1cc1395c248edddda334ef8aede099536a5bae3,50bb98931d9e1fbba7d4411188779a5fc732fb5eaefca0c5de8bbb4f89ae540f,810225.1639020443,0.124,3825.0399020443438,56,3825.0399020443438,bert,1.0625110839012066
4fd9ef036fda3832e6bb4e57f1cc1395c248edddda334ef8aede099536a5bae3,50bb98931d9e1fbba7d4411188779a5fc732fb5eaefca0c5de8bbb4f89ae540f,810226.7389929295,0.074,3826.6649929294363,56,3826.6649929294363,bert,1.0629624980359544
4fd9ef036fda3832e6bb4e57f1cc1395c248edddda334ef8aede099536a5bae3,50bb98931d9e1fbba7d4411188779a5fc732fb5eaefca0c5de8bbb4f89ae540f,810561.8295199871,0.127,4161.702519987128,56,4161.702519987128,bert,1.1560284777742023
4fd9ef036fda3832e6bb4e57f1cc1395c248edddda334ef8aede099536a5bae3,50bb98931d9e1fbba7d4411188779a5fc732fb5eaefca0c5de8bbb4f89ae540f,810564.2934780121,0.075,4164.2184780121315,56,4164.2184780121315,bert,1.1567273550033699
4fd9ef036fda3832e6bb4e57f1cc1395c248edddda334ef8aede099536a5bae3,50bb98931d9e1fbba7d4411188779a5fc732fb5eaefca0c5de8bbb4f89ae540f,810594.6863150597,0.094,4194.592315059621,56,4194.592315059621,bert,1.1651645319610058
4fd9ef036fda3832e6bb4e57f1cc1395c248edddda334ef8aede099536a5bae3,50bb98931d9e1fbba7d4411188779a5fc732fb5eaefca0c5de8bbb4f89ae540f,810602.7334699631,0.082,4202.651469963021,56,4202.651469963021,bert,1.1674031861008392
4fd9ef036fda3832e6bb4e57f1cc1395c248edddda334ef8aede099536a5bae3,50bb98931d9e1fbba7d4411188779a5fc732fb5eaefca0c5de8bbb4f89ae540f,810603.9445478916,0.082,4203.862547891564,56,4203.862547891564,bert,1.1677395966365456
4fd9ef036fda3832e6bb4e57f1cc1395c248edddda334ef8aede099536a5bae3,50bb98931d9e1fbba7d4411188779a5fc732fb5eaefca0c5de8bbb4f89ae540f,811262.6698579788,1.905,4860.764857978793,56,4860.764857978793,bert,1.3502124605496646
4fd9ef036fda3832e6bb4e57f1cc1395c248edddda334ef8aede099536a5bae3,50bb98931d9e1fbba7d4411188779a5fc732fb5eaefca0c5de8bbb4f89ae540f,811270.0470240116,0.076,4869.971024011611,56,4869.971024011611,bert,1.352769728892114
4fd9ef036fda3832e6bb4e57f1cc1395c248edddda334ef8aede099536a5bae3,50bb98931d9e1fbba7d4411188779a5fc732fb5eaefca0c5de8bbb4f89ae540f,811328.9845440388,0.111,4928.873544038739,56,4928.873544038739,bert,1.3691315400107609
4fd9ef036fda3832e6bb4e57f1cc1395c248edddda334ef8aede099536a5bae3,50bb98931d9e1fbba7d4411188779a5fc732fb5eaefca0c5de8bbb4f89ae540f,811329.7689380646,0.278,4929.490938064526,56,4929.490938064526,bert,1.3693030383512572
4fd9ef036fda3832e6bb4e57f1cc1395c248edddda334ef8aede099536a5bae3,50bb98931d9e1fbba7d4411188779a5fc732fb5eaefca0c5de8bbb4f89ae540f,811329.749958992,0.18,4929.569958991953,56,4929.569958991953,bert,1.3693249886088759
4fd9ef036fda3832e6bb4e57f1cc1395c248edddda334ef8aede099536a5bae3,50bb98931d9e1fbba7d4411188779a5fc732fb5eaefca0c5de8bbb4f89ae540f,811330.3172330856,0.418,4929.899233085685,56,4929.899233085685,bert,1.3694164536349127
4fd9ef036fda3832e6bb4e57f1cc1395c248edddda334ef8aede099536a5bae3,50bb98931d9e1fbba7d4411188779a5fc732fb5eaefca0c5de8bbb4f89ae540f,811330.3110220432,0.289,4930.022022043238,56,4930.022022043238,bert,1.3694505616786774
4fd9ef036fda3832e6bb4e57f1cc1395c248edddda334ef8aede099536a5bae3,50bb98931d9e1fbba7d4411188779a5fc732fb5eaefca0c5de8bbb4f89ae540f,811330.5956430435,0.184,4930.41164304351,56,4930.41164304351,bert,1.3695587897343082
4fd9ef036fda3832e6bb4e57f1cc1395c248edddda334ef8aede099536a5bae3,50bb98931d9e1fbba7d4411188779a5fc732fb5eaefca0c5de8bbb4f89ae540f,811331.3718810081,0.114,4931.257881008205,56,4931.257881008205,bert,1.3697938558356124
4fd9ef036fda3832e6bb4e57f1cc1395c248edddda334ef8aede099536a5bae3,50bb98931d9e1fbba7d4411188779a5fc732fb5eaefca0c5de8bbb4f89ae540f,811337.60780406,0.079,4937.528804059955,56,4937.528804059955,bert,1.3715357789055431
4fd9ef036fda3832e6bb4e57f1cc1395c248edddda334ef8aede099536a5bae3,50bb98931d9e1fbba7d4411188779a5fc732fb5eaefca0c5de8bbb4f89ae540f,811337.8809399605,0.076,4937.804939960479,56,4937.804939960479,bert,1.3716124833223553
4fd9ef036fda3832e6bb4e57f1cc1395c248edddda334ef8aede099536a5bae3,50bb98931d9e1fbba7d4411188779a5fc732fb5eaefca0c5de8bbb4f89ae540f,811341.8601510525,0.085,4941.775151052512,56,4941.775151052512,bert,1.372715319736809
4fd9ef036fda3832e6bb4e57f1cc1395c248edddda334ef8aede099536a5bae3,50bb98931d9e1fbba7d4411188779a5fc732fb5eaefca0c5de8bbb4f89ae540f,811343.6849629879,0.192,4943.492962987861,56,4943.492962987861,bert,1.37319248971885
4fd9ef036fda3832e6bb4e57f1cc1395c248edddda334ef8aede099536a5bae3,50bb98931d9e1fbba7d4411188779a5fc732fb5eaefca0c5de8bbb4f89ae540f,811346.8731749058,0.073,4946.800174905802,56,4946.800174905802,bert,1.3741111596960562
4fd9ef036fda3832e6bb4e57f1cc1395c248edddda334ef8aede099536a5bae3,50bb98931d9e1fbba7d4411188779a5fc732fb5eaefca0c5de8bbb4f89ae540f,811347.0352880955,0.098,4946.937288095476,56,4946.937288095476,bert,1.3741492466931877
4fd9ef036fda3832e6bb4e57f1cc1395c248edddda334ef8aede099536a5bae3,50bb98931d9e1fbba7d4411188779a5fc732fb5eaefca0c5de8bbb4f89ae540f,811350.7607290745,0.086,4950.674729074468,56,4950.674729074468,bert,1.3751874247429077
4fd9ef036fda3832e6bb4e57f1cc1395c248edddda334ef8aede099536a5bae3,50bb98931d9e1fbba7d4411188779a5fc732fb5eaefca0c5de8bbb4f89ae540f,811351.6837821007,0.103,4951.580782100675,56,4951.580782100675,bert,1.3754391061390763
4fd9ef036fda3832e6bb4e57f1cc1395c248edddda334ef8aede099536a5bae3,50bb98931d9e1fbba7d4411188779a5fc732fb5eaefca0c5de8bbb4f89ae540f,811353.5629398823,0.074,4953.488939882256,56,4953.488939882256,bert,1.3759691499672932
4fd9ef036fda3832e6bb4e57f1cc1395c248edddda334ef8aede099536a5bae3,50bb98931d9e1fbba7d4411188779a5fc732fb5eaefca0c5de8bbb4f89ae540f,811506.2118821144,0.125,5106.08688211441,56,5106.08688211441,bert,1.418357467254003
4fd9ef036fda3832e6bb4e57f1cc1395c248edddda334ef8aede099536a5bae3,50bb98931d9e1fbba7d4411188779a5fc732fb5eaefca0c5de8bbb4f89ae540f,811506.5927920341,0.109,5106.483792034094,56,5106.483792034094,bert,1.4184677200094706
4fd9ef036fda3832e6bb4e57f1cc1395c248edddda334ef8aede099536a5bae3,50bb98931d9e1fbba7d4411188779a5fc732fb5eaefca0c5de8bbb4f89ae540f,811506.8055639267,0.24,5106.565563926706,56,5106.565563926706,bert,1.418490434424085
4fd9ef036fda3832e6bb4e57f1cc1395c248edddda334ef8aede099536a5bae3,50bb98931d9e1fbba7d4411188779a5fc732fb5eaefca0c5de8bbb4f89ae540f,811506.8578929901,0.105,5106.752892990131,56,5106.752892990131,bert,1.4185424702750364
4fd9ef036fda3832e6bb4e57f1cc1395c248edddda334ef8aede099536a5bae3,50bb98931d9e1fbba7d4411188779a5fc732fb5eaefca0c5de8bbb4f89ae540f,811507.0228190422,0.159,5106.863819042221,56,5106.863819042221,bert,1.4185732830672835
4fd9ef036fda3832e6bb4e57f1cc1395c248edddda334ef8aede099536a5bae3,50bb98931d9e1fbba7d4411188779a5fc732fb5eaefca0c5de8bbb4f89ae540f,811530.8118100166,1.918,5128.893810016685,56,5128.893810016685,bert,1.4246927250046348
4fd9ef036fda3832e6bb4e57f1cc1395c248edddda334ef8aede099536a5bae3,50bb98931d9e1fbba7d4411188779a5fc732fb5eaefca0c5de8bbb4f89ae540f,811532.6623051167,0.081,5132.581305116648,56,5132.581305116648,bert,1.4257170291990688
4fd9ef036fda3832e6bb4e57f1cc1395c248edddda334ef8aede099536a5bae3,50bb98931d9e1fbba7d4411188779a5fc732fb5eaefca0c5de8bbb4f89ae540f,811537.2486820221,0.07,5137.178682022146,56,5137.178682022146,bert,1.426994078339485
4fd9ef036fda3832e6bb4e57f1cc1395c248edddda334ef8aede099536a5bae3,50bb98931d9e1fbba7d4411188779a5fc732fb5eaefca0c5de8bbb4f89ae540f,811664.1771030426,0.186,5263.991103042616,56,5263.991103042616,bert,1.462219750845171
4fd9ef036fda3832e6bb4e57f1cc1395c248edddda334ef8aede099536a5bae3,50bb98931d9e1fbba7d4411188779a5fc732fb5eaefca0c5de8bbb4f89ae540f,811664.679639101,0.139,5264.540639101062,56,5264.540639101062,bert,1.462372399750295
4fd9ef036fda3832e6bb4e57f1cc1395c248edddda334ef8aede099536a5bae3,50bb98931d9e1fbba7d4411188779a5fc732fb5eaefca0c5de8bbb4f89ae540f,811664.7876830101,0.161,5264.626683010138,56,5264.626683010138,bert,1.4623963008361494
4fd9ef036fda3832e6bb4e57f1cc1395c248edddda334ef8aede099536a5bae3,50bb98931d9e1fbba7d4411188779a5fc732fb5eaefca0c5de8bbb4f89ae540f,811668.9581170082,0.076,5268.882117008208,56,5268.882117008208,bert,1.4635783658356134
4fd9ef036fda3832e6bb4e57f1cc1395c248edddda334ef8aede099536a5bae3,50bb98931d9e1fbba7d4411188779a5fc732fb5eaefca0c5de8bbb4f89ae540f,811675.113353014,0.094,5275.019353013951,56,5275.019353013951,bert,1.4652831536149864
4fd9ef036fda3832e6bb4e57f1cc1395c248edddda334ef8aede099536a5bae3,50bb98931d9e1fbba7d4411188779a5fc732fb5eaefca0c5de8bbb4f89ae540f,811678.3223819733,0.073,5278.249381973292,56,5278.249381973292,bert,1.46618038388147
4fd9ef036fda3832e6bb4e57f1cc1395c248edddda334ef8aede099536a5bae3,50bb98931d9e1fbba7d4411188779a5fc732fb5eaefca0c5de8bbb4f89ae540f,811680.3795568943,0.067,5280.312556894263,56,5280.312556894263,bert,1.4667534880261843
4fd9ef036fda3832e6bb4e57f1cc1395c248edddda334ef8aede099536a5bae3,50bb98931d9e1fbba7d4411188779a5fc732fb5eaefca0c5de8bbb4f89ae540f,811685.4477880001,0.07,5285.377788000158,56,5285.377788000158,bert,1.4681604966667106
4fd9ef036fda3832e6bb4e57f1cc1395c248edddda334ef8aede099536a5bae3,50bb98931d9e1fbba7d4411188779a5fc732fb5eaefca0c5de8bbb4f89ae540f,811687.0667569637,0.075,5286.991756963776,56,5286.991756963776,bert,1.4686088213788269
4fd9ef036fda3832e6bb4e57f1cc1395c248edddda334ef8aede099536a5bae3,50bb98931d9e1fbba7d4411188779a5fc732fb5eaefca0c5de8bbb4f89ae540f,811689.5610690117,0.087,5289.4740690116305,56,5289.4740690116305,bert,1.4692983525032306
4fd9ef036fda3832e6bb4e57f1cc1395c248edddda334ef8aede099536a5bae3,50bb98931d9e1fbba7d4411188779a5fc732fb5eaefca0c5de8bbb4f89ae540f,811695.6060800552,0.103,5295.503080055234,56,5295.503080055234,bert,1.4709730777931205
4fd9ef036fda3832e6bb4e57f1cc1395c248edddda334ef8aede099536a5bae3,50bb98931d9e1fbba7d4411188779a5fc732fb5eaefca0c5de8bbb4f89ae540f,811696.3974909782,0.069,5296.328490978223,56,5296.328490978223,bert,1.471202358605062
4fd9ef036fda3832e6bb4e57f1cc1395c248edddda334ef8aede099536a5bae3,50bb98931d9e1fbba7d4411188779a5fc732fb5eaefca0c5de8bbb4f89ae540f,811700.6983950138,0.083,5300.615395013825,56,5300.615395013825,bert,1.472393165281618
4fd9ef036fda3832e6bb4e57f1cc1395c248edddda334ef8aede099536a5bae3,50bb98931d9e1fbba7d4411188779a5fc732fb5eaefca0c5de8bbb4f89ae540f,811700.8418600559,0.094,5300.7478600558825,56,5300.7478600558825,bert,1.472429961126634
4fd9ef036fda3832e6bb4e57f1cc1395c248edddda334ef8aede099536a5bae3,50bb98931d9e1fbba7d4411188779a5fc732fb5eaefca0c5de8bbb4f89ae540f,811700.9579780102,0.132,5300.825978010194,56,5300.825978010194,bert,1.4724516605583873
4fd9ef036fda3832e6bb4e57f1cc1395c248edddda334ef8aede099536a5bae3,50bb98931d9e1fbba7d4411188779a5fc732fb5eaefca0c5de8bbb4f89ae540f,811707.5097360611,0.08,5307.429736061138,56,5307.429736061138,bert,1.4742860377947606
4fd9ef036fda3832e6bb4e57f1cc1395c248edddda334ef8aede099536a5bae3,50bb98931d9e1fbba7d4411188779a5fc732fb5eaefca0c5de8bbb4f89ae540f,811711.5336918831,0.084,5311.4496918830555,56,5311.4496918830555,bert,1.4754026921897376
4fd9ef036fda3832e6bb4e57f1cc1395c248edddda334ef8aede099536a5bae3,50bb98931d9e1fbba7d4411188779a5fc732fb5eaefca0c5de8bbb4f89ae540f,811711.9038529396,0.065,5311.838852939662,56,5311.838852939662,bert,1.4755107924832394
4fd9ef036fda3832e6bb4e57f1cc1395c248edddda334ef8aede099536a5bae3,50bb98931d9e1fbba7d4411188779a5fc732fb5eaefca0c5de8bbb4f89ae540f,811721.3174090385,0.087,5321.230409038486,56,5321.230409038486,bert,1.478119558066246
4fd9ef036fda3832e6bb4e57f1cc1395c248edddda334ef8aede099536a5bae3,50bb98931d9e1fbba7d4411188779a5fc732fb5eaefca0c5de8bbb4f89ae540f,811722.1127181053,0.189,5321.923718105303,56,5321.923718105303,bert,1.4783121439181397
4fd9ef036fda3832e6bb4e57f1cc1395c248edddda334ef8aede099536a5bae3,50bb98931d9e1fbba7d4411188779a5fc732fb5eaefca0c5de8bbb4f89ae540f,811722.3624520302,0.084,5322.27845203015,56,5322.27845203015,bert,1.4784106811194861
4fd9ef036fda3832e6bb4e57f1cc1395c248edddda334ef8aede099536a5bae3,50bb98931d9e1fbba7d4411188779a5fc732fb5eaefca0c5de8bbb4f89ae540f,811727.5142641068,0.107,5327.4072641067905,56,5327.4072641067905,bert,1.4798353511407751
4fd9ef036fda3832e6bb4e57f1cc1395c248edddda334ef8aede099536a5bae3,50bb98931d9e1fbba7d4411188779a5fc732fb5eaefca0c5de8bbb4f89ae540f,811728.1217479706,0.068,5328.053747970611,56,5328.053747970611,bert,1.4800149299918364
4fd9ef036fda3832e6bb4e57f1cc1395c248edddda334ef8aede099536a5bae3,50bb98931d9e1fbba7d4411188779a5fc732fb5eaefca0c5de8bbb4f89ae540f,811732.3412349224,0.078,5332.26323492243,56,5332.26323492243,bert,1.4811842319228972
4fd9ef036fda3832e6bb4e57f1cc1395c248edddda334ef8aede099536a5bae3,50bb98931d9e1fbba7d4411188779a5fc732fb5eaefca0c5de8bbb4f89ae540f,811871.5313179493,0.11,5471.421317949309,56,5471.421317949309,bert,1.5198392549859192
4fd9ef036fda3832e6bb4e57f1cc1395c248edddda334ef8aede099536a5bae3,50bb98931d9e1fbba7d4411188779a5fc732fb5eaefca0c5de8bbb4f89ae540f,811872.2257928848,0.182,5472.043792884797,56,5472.043792884797,bert,1.5200121646902214
4fd9ef036fda3832e6bb4e57f1cc1395c248edddda334ef8aede099536a5bae3,50bb98931d9e1fbba7d4411188779a5fc732fb5eaefca0c5de8bbb4f89ae540f,811872.4807770252,0.294,5472.186777025228,56,5472.186777025228,bert,1.520051882507008
4fd9ef036fda3832e6bb4e57f1cc1395c248edddda334ef8aede099536a5bae3,50bb98931d9e1fbba7d4411188779a5fc732fb5eaefca0c5de8bbb4f89ae540f,811874.4971449375,0.084,5474.413144937484,56,5474.413144937484,bert,1.52067031803819
4fd9ef036fda3832e6bb4e57f1cc1395c248edddda334ef8aede099536a5bae3,50bb98931d9e1fbba7d4411188779a5fc732fb5eaefca0c5de8bbb4f89ae540f,811879.8514270782,0.068,5479.783427078277,56,5479.783427078277,bert,1.5221620630772992
4fd9ef036fda3832e6bb4e57f1cc1395c248edddda334ef8aede099536a5bae3,50bb98931d9e1fbba7d4411188779a5fc732fb5eaefca0c5de8bbb4f89ae540f,811884.2533509731,0.077,5484.176350973081,56,5484.176350973081,bert,1.5233823197147447
4fd9ef036fda3832e6bb4e57f1cc1395c248edddda334ef8aede099536a5bae3,50bb98931d9e1fbba7d4411188779a5fc732fb5eaefca0c5de8bbb4f89ae540f,811886.7411189079,0.073,5486.668118907954,56,5486.668118907954,bert,1.5240744774744315
4fd9ef036fda3832e6bb4e57f1cc1395c248edddda334ef8aede099536a5bae3,50bb98931d9e1fbba7d4411188779a5fc732fb5eaefca0c5de8bbb4f89ae540f,811892.0755209923,0.07,5492.00552099233,56,5492.00552099233,bert,1.5255570891645363
4fd9ef036fda3832e6bb4e57f1cc1395c248edddda334ef8aede099536a5bae3,50bb98931d9e1fbba7d4411188779a5fc732fb5eaefca0c5de8bbb4f89ae540f,811892.4305651188,0.063,5492.367565118824,56,5492.367565118824,bert,1.5256576569774511
4fd9ef036fda3832e6bb4e57f1cc1395c248edddda334ef8aede099536a5bae3,50bb98931d9e1fbba7d4411188779a5fc732fb5eaefca0c5de8bbb4f89ae540f,811898.7498760223,0.077,5498.67287602229,56,5498.67287602229,bert,1.527409132228414
4fd9ef036fda3832e6bb4e57f1cc1395c248edddda334ef8aede099536a5bae3,50bb98931d9e1fbba7d4411188779a5fc732fb5eaefca0c5de8bbb4f89ae540f,811900.3382539749,0.076,5500.262253974914,56,5500.262253974914,bert,1.5278506261041427
4fd9ef036fda3832e6bb4e57f1cc1395c248edddda334ef8aede099536a5bae3,50bb98931d9e1fbba7d4411188779a5fc732fb5eaefca0c5de8bbb4f89ae540f,811903.8799591064,0.084,5503.795959106414,56,5503.795959106414,bert,1.5288322108628927
4fd9ef036fda3832e6bb4e57f1cc1395c248edddda334ef8aede099536a5bae3,50bb98931d9e1fbba7d4411188779a5fc732fb5eaefca0c5de8bbb4f89ae540f,811904.7569189072,0.088,5504.668918907177,56,5504.668918907177,bert,1.529074699696438
4fd9ef036fda3832e6bb4e57f1cc1395c248edddda334ef8aede099536a5bae3,50bb98931d9e1fbba7d4411188779a5fc732fb5eaefca0c5de8bbb4f89ae540f,811948.8913090229,0.216,5548.6753090228885,56,5548.6753090228885,bert,1.5412986969508025
4fd9ef036fda3832e6bb4e57f1cc1395c248edddda334ef8aede099536a5bae3,50bb98931d9e1fbba7d4411188779a5fc732fb5eaefca0c5de8bbb4f89ae540f,811949.3494861126,0.661,5548.688486112631,56,5548.688486112631,bert,1.5413023572535085
4fd9ef036fda3832e6bb4e57f1cc1395c248edddda334ef8aede099536a5bae3,50bb98931d9e1fbba7d4411188779a5fc732fb5eaefca0c5de8bbb4f89ae540f,811950.0182099342,0.104,5549.914209934184,56,5549.914209934184,bert,1.541642836092829
4fd9ef036fda3832e6bb4e57f1cc1395c248edddda334ef8aede099536a5bae3,50bb98931d9e1fbba7d4411188779a5fc732fb5eaefca0c5de8bbb4f89ae540f,811952.0836648941,0.084,5551.999664894072,56,5551.999664894072,bert,1.5422221291372422
4fd9ef036fda3832e6bb4e57f1cc1395c248edddda334ef8aede099536a5bae3,50bb98931d9e1fbba7d4411188779a5fc732fb5eaefca0c5de8bbb4f89ae540f,811957.3707880974,0.082,5557.2887880973285,56,5557.2887880973285,bert,1.5436913300270356
4fd9ef036fda3832e6bb4e57f1cc1395c248edddda334ef8aede099536a5bae3,50bb98931d9e1fbba7d4411188779a5fc732fb5eaefca0c5de8bbb4f89ae540f,811962.5030419827,0.072,5562.431041982607,56,5562.431041982607,bert,1.5451197338840574
4fd9ef036fda3832e6bb4e57f1cc1395c248edddda334ef8aede099536a5bae3,50bb98931d9e1fbba7d4411188779a5fc732fb5eaefca0c5de8bbb4f89ae540f,811967.10176301,0.127,5566.974763010046,56,5566.974763010046,bert,1.5463818786139019
4fd9ef036fda3832e6bb4e57f1cc1395c248edddda334ef8aede099536a5bae3,50bb98931d9e1fbba7d4411188779a5fc732fb5eaefca0c5de8bbb4f89ae540f,811994.7780170441,0.087,5594.69101704401,56,5594.69101704401,bert,1.5540808380677804
4fd9ef036fda3832e6bb4e57f1cc1395c248edddda334ef8aede099536a5bae3,50bb98931d9e1fbba7d4411188779a5fc732fb5eaefca0c5de8bbb4f89ae540f,812009.2897019386,0.115,5609.1747019386385,56,5609.1747019386385,bert,1.558104083871844
4fd9ef036fda3832e6bb4e57f1cc1395c248edddda334ef8aede099536a5bae3,50bb98931d9e1fbba7d4411188779a5fc732fb5eaefca0c5de8bbb4f89ae540f,812011.6377739906,0.073,5611.564773990656,56,5611.564773990656,bert,1.5587679927751823
4fd9ef036fda3832e6bb4e57f1cc1395c248edddda334ef8aede099536a5bae3,50bb98931d9e1fbba7d4411188779a5fc732fb5eaefca0c5de8bbb4f89ae540f,813910.5920031071,0.166,7510.426003107103,56,7510.426003107103,bert,2.0862294453075285
4fd9ef036fda3832e6bb4e57f1cc1395c248edddda334ef8aede099536a5bae3,50bb98931d9e1fbba7d4411188779a5fc732fb5eaefca0c5de8bbb4f89ae540f,813911.6039249897,0.084,7511.519924989669,56,7511.519924989669,bert,2.08653331249713
4fd9ef036fda3832e6bb4e57f1cc1395c248edddda334ef8aede099536a5bae3,50bb98931d9e1fbba7d4411188779a5fc732fb5eaefca0c5de8bbb4f89ae540f,814026.6589388847,0.267,7626.391938884743,56,7626.391938884743,bert,2.1184422052457617
4fd9ef036fda3832e6bb4e57f1cc1395c248edddda334ef8aede099536a5bae3,50bb98931d9e1fbba7d4411188779a5fc732fb5eaefca0c5de8bbb4f89ae540f,814868.438986063,0.147,8468.291986063006,56,8468.291986063006,bert,2.352303329461946
4fd9ef036fda3832e6bb4e57f1cc1395c248edddda334ef8aede099536a5bae3,50bb98931d9e1fbba7d4411188779a5fc732fb5eaefca0c5de8bbb4f89ae540f,814875.2289009094,0.08,8475.148900909466,56,8475.148900909466,bert,2.354208028030407
4fd9ef036fda3832e6bb4e57f1cc1395c248edddda334ef8aede099536a5bae3,50bb98931d9e1fbba7d4411188779a5fc732fb5eaefca0c5de8bbb4f89ae540f,814881.77987504,0.128,8481.651875040028,56,8481.651875040028,bert,2.356014409733341
4fd9ef036fda3832e6bb4e57f1cc1395c248edddda334ef8aede099536a5bae3,50bb98931d9e1fbba7d4411188779a5fc732fb5eaefca0c5de8bbb4f89ae540f,815482.9116449356,0.208,9082.703644935624,56,9082.703644935624,bert,2.52297323470434
4fd9ef036fda3832e6bb4e57f1cc1395c248edddda334ef8aede099536a5bae3,50bb98931d9e1fbba7d4411188779a5fc732fb5eaefca0c5de8bbb4f89ae540f,815485.378098011,0.147,9085.23109801102,56,9085.23109801102,bert,2.523675305003061
4fd9ef036fda3832e6bb4e57f1cc1395c248edddda334ef8aede099536a5bae3,50bb98931d9e1fbba7d4411188779a5fc732fb5eaefca0c5de8bbb4f89ae540f,818834.1066410542,1.54,12432.566641054116,56,12432.566641054116,bert,3.4534907336261433
4fd9ef036fda3832e6bb4e57f1cc1395c248edddda334ef8aede099536a5bae3,50bb98931d9e1fbba7d4411188779a5fc732fb5eaefca0c5de8bbb4f89ae540f,818835.2012870312,0.358,12434.843287031166,56,12434.843287031166,bert,3.454123135286435
4fd9ef036fda3832e6bb4e57f1cc1395c248edddda334ef8aede099536a5bae3,50bb98931d9e1fbba7d4411188779a5fc732fb5eaefca0c5de8bbb4f89ae540f,818835.7327280045,0.249,12435.483728004503,56,12435.483728004503,bert,3.4543010355568065
4fd9ef036fda3832e6bb4e57f1cc1395c248edddda334ef8aede099536a5bae3,50bb98931d9e1fbba7d4411188779a5fc732fb5eaefca0c5de8bbb4f89ae540f,818846.5618560314,0.101,12446.460856031394,56,12446.460856031394,bert,3.4573502377864984
4fd9ef036fda3832e6bb4e57f1cc1395c248edddda334ef8aede099536a5bae3,50bb98931d9e1fbba7d4411188779a5fc732fb5eaefca0c5de8bbb4f89ae540f,818862.2194459438,0.132,12462.08744594385,56,12462.08744594385,bert,3.4616909572066246
4fd9ef036fda3832e6bb4e57f1cc1395c248edddda334ef8aede099536a5bae3,50bb98931d9e1fbba7d4411188779a5fc732fb5eaefca0c5de8bbb4f89ae540f,819096.7537209988,0.22,12696.533720998792,56,12696.533720998792,bert,3.5268149224996646
4fd9ef036fda3832e6bb4e57f1cc1395c248edddda334ef8aede099536a5bae3,50bb98931d9e1fbba7d4411188779a5fc732fb5eaefca0c5de8bbb4f89ae540f,820561.5737400055,0.16,14161.41374000546,56,14161.41374000546,bert,3.9337260388904056
4fd9ef036fda3832e6bb4e57f1cc1395c248edddda334ef8aede099536a5bae3,50bb98931d9e1fbba7d4411188779a5fc732fb5eaefca0c5de8bbb4f89ae540f,820631.0823569298,0.237,14230.845356929814,56,14230.845356929814,bert,3.9530125991471707
4fd9ef036fda3832e6bb4e57f1cc1395c248edddda334ef8aede099536a5bae3,50bb98931d9e1fbba7d4411188779a5fc732fb5eaefca0c5de8bbb4f89ae540f,820638.5252420902,0.076,14238.449242090224,56,14238.449242090224,bert,3.9551247894695067
4fd9ef036fda3832e6bb4e57f1cc1395c248edddda334ef8aede099536a5bae3,50bb98931d9e1fbba7d4411188779a5fc732fb5eaefca0c5de8bbb4f89ae540f,820641.2463619709,0.074,14241.17236197088,56,14241.17236197088,bert,3.9558812116585775
4fd9ef036fda3832e6bb4e57f1cc1395c248edddda334ef8aede099536a5bae3,50bb98931d9e1fbba7d4411188779a5fc732fb5eaefca0c5de8bbb4f89ae540f,820739.9578099251,0.232,14339.72580992512,56,14339.72580992512,bert,3.9832571694236445
938e7f49544b3293cd6cc7ec3e63e1751085cf5cb6a004dcc9e94543934f607b,6b2db95773685aa6d1f646584bbe1252579a0513df8057fba88b144d32d85816,806845.2368600368,1.731,443.5058600368211,56,443.5058600368211,distilgpt2,0.12319607223245031
938e7f49544b3293cd6cc7ec3e63e1751085cf5cb6a004dcc9e94543934f607b,6b2db95773685aa6d1f646584bbe1252579a0513df8057fba88b144d32d85816,807019.1320838928,0.121,619.0110838927794,56,619.0110838927794,distilgpt2,0.17194752330354984
938e7f49544b3293cd6cc7ec3e63e1751085cf5cb6a004dcc9e94543934f607b,6b2db95773685aa6d1f646584bbe1252579a0513df8057fba88b144d32d85816,807193.4733541012,0.16,793.3133541011484,56,793.3133541011484,distilgpt2,0.22036482058365234
938e7f49544b3293cd6cc7ec3e63e1751085cf5cb6a004dcc9e94543934f607b,6b2db95773685aa6d1f646584bbe1252579a0513df8057fba88b144d32d85816,807193.4677519798,0.133,793.3347519797971,56,793.3347519797971,distilgpt2,0.22037076443883255
938e7f49544b3293cd6cc7ec3e63e1751085cf5cb6a004dcc9e94543934f607b,6b2db95773685aa6d1f646584bbe1252579a0513df8057fba88b144d32d85816,807213.6734690666,0.04,813.6334690665826,56,813.6334690665826,distilgpt2,0.22600929696293962
938e7f49544b3293cd6cc7ec3e63e1751085cf5cb6a004dcc9e94543934f607b,6b2db95773685aa6d1f646584bbe1252579a0513df8057fba88b144d32d85816,807213.6787569523,0.041,813.6377569523174,56,813.6377569523174,distilgpt2,0.2260104880423104
938e7f49544b3293cd6cc7ec3e63e1751085cf5cb6a004dcc9e94543934f607b,6b2db95773685aa6d1f646584bbe1252579a0513df8057fba88b144d32d85816,807233.9184529781,0.02,833.8984529781155,56,833.8984529781155,distilgpt2,0.23163845916058765
938e7f49544b3293cd6cc7ec3e63e1751085cf5cb6a004dcc9e94543934f607b,6b2db95773685aa6d1f646584bbe1252579a0513df8057fba88b144d32d85816,807233.9678668976,0.067,833.9008668975439,56,833.9008668975439,distilgpt2,0.23163912969376219
938e7f49544b3293cd6cc7ec3e63e1751085cf5cb6a004dcc9e94543934f607b,6b2db95773685aa6d1f646584bbe1252579a0513df8057fba88b144d32d85816,807377.9913220406,0.073,977.918322040583,56,977.918322040583,distilgpt2,0.2716439783446064
938e7f49544b3293cd6cc7ec3e63e1751085cf5cb6a004dcc9e94543934f607b,6b2db95773685aa6d1f646584bbe1252579a0513df8057fba88b144d32d85816,807388.8571650982,0.034,988.8231650982052,56,988.8231650982052,distilgpt2,0.27467310141616813
938e7f49544b3293cd6cc7ec3e63e1751085cf5cb6a004dcc9e94543934f607b,6b2db95773685aa6d1f646584bbe1252579a0513df8057fba88b144d32d85816,807419.5806090832,0.024,1019.5566090831999,56,1019.5566090831999,distilgpt2,0.28321016918977776
938e7f49544b3293cd6cc7ec3e63e1751085cf5cb6a004dcc9e94543934f607b,6b2db95773685aa6d1f646584bbe1252579a0513df8057fba88b144d32d85816,807509.3003809452,0.054,1109.246380945202,56,1109.246380945202,distilgpt2,0.3081239947070005
938e7f49544b3293cd6cc7ec3e63e1751085cf5cb6a004dcc9e94543934f607b,6b2db95773685aa6d1f646584bbe1252579a0513df8057fba88b144d32d85816,807528.6937930584,0.021,1128.6727930584457,56,1128.6727930584457,distilgpt2,0.31352022029401266
938e7f49544b3293cd6cc7ec3e63e1751085cf5cb6a004dcc9e94543934f607b,6b2db95773685aa6d1f646584bbe1252579a0513df8057fba88b144d32d85816,807528.7210829258,0.045,1128.6760829257546,56,1128.6760829257546,distilgpt2,0.31352113414604293
938e7f49544b3293cd6cc7ec3e63e1751085cf5cb6a004dcc9e94543934f607b,6b2db95773685aa6d1f646584bbe1252579a0513df8057fba88b144d32d85816,807548.4804549217,0.06,1148.4204549216665,56,1148.4204549216665,distilgpt2,0.31900568192268514
938e7f49544b3293cd6cc7ec3e63e1751085cf5cb6a004dcc9e94543934f607b,6b2db95773685aa6d1f646584bbe1252579a0513df8057fba88b144d32d85816,807976.7595250607,1.39,1575.3695250606397,56,1575.3695250606397,distilgpt2,0.4376026458501777
938e7f49544b3293cd6cc7ec3e63e1751085cf5cb6a004dcc9e94543934f607b,6b2db95773685aa6d1f646584bbe1252579a0513df8057fba88b144d32d85816,807976.8767240047,1.455,1575.4217240047874,56,1575.4217240047874,distilgpt2,0.4376171455568854
938e7f49544b3293cd6cc7ec3e63e1751085cf5cb6a004dcc9e94543934f607b,6b2db95773685aa6d1f646584bbe1252579a0513df8057fba88b144d32d85816,807990.462733984,0.024,1590.4387339840177,56,1590.4387339840177,distilgpt2,0.4417885372177827
938e7f49544b3293cd6cc7ec3e63e1751085cf5cb6a004dcc9e94543934f607b,6b2db95773685aa6d1f646584bbe1252579a0513df8057fba88b144d32d85816,808000.2649381161,0.032,1600.232938116067,56,1600.232938116067,distilgpt2,0.4445091494766853
938e7f49544b3293cd6cc7ec3e63e1751085cf5cb6a004dcc9e94543934f607b,6b2db95773685aa6d1f646584bbe1252579a0513df8057fba88b144d32d85816,808000.2723639011,0.033,1600.2393639010843,56,1600.2393639010843,distilgpt2,0.4445109344169679
938e7f49544b3293cd6cc7ec3e63e1751085cf5cb6a004dcc9e94543934f607b,6b2db95773685aa6d1f646584bbe1252579a0513df8057fba88b144d32d85816,808010.057418108,0.025,1610.0324181079632,56,1610.0324181079632,distilgpt2,0.447231227252212
938e7f49544b3293cd6cc7ec3e63e1751085cf5cb6a004dcc9e94543934f607b,6b2db95773685aa6d1f646584bbe1252579a0513df8057fba88b144d32d85816,808132.9911429882,0.054,1732.9371429882012,56,1732.9371429882012,distilgpt2,0.48137142860783366
938e7f49544b3293cd6cc7ec3e63e1751085cf5cb6a004dcc9e94543934f607b,6b2db95773685aa6d1f646584bbe1252579a0513df8057fba88b144d32d85816,808192.5240929127,0.04,1792.4840929126367,56,1792.4840929126367,distilgpt2,0.497912248031288
938e7f49544b3293cd6cc7ec3e63e1751085cf5cb6a004dcc9e94543934f607b,6b2db95773685aa6d1f646584bbe1252579a0513df8057fba88b144d32d85816,808423.1760640144,0.104,2023.0720640143845,56,2023.0720640143845,distilgpt2,0.5619644622262179
938e7f49544b3293cd6cc7ec3e63e1751085cf5cb6a004dcc9e94543934f607b,6b2db95773685aa6d1f646584bbe1252579a0513df8057fba88b144d32d85816,808531.2473289967,0.078,2131.169328996679,56,2131.169328996679,distilgpt2,0.5919914802768552
938e7f49544b3293cd6cc7ec3e63e1751085cf5cb6a004dcc9e94543934f607b,6b2db95773685aa6d1f646584bbe1252579a0513df8057fba88b144d32d85816,808763.5438671112,0.097,2363.4468671112554,56,2363.4468671112554,distilgpt2,0.6565130186420154
938e7f49544b3293cd6cc7ec3e63e1751085cf5cb6a004dcc9e94543934f607b,6b2db95773685aa6d1f646584bbe1252579a0513df8057fba88b144d32d85816,808802.5483000278,0.022,2402.52630002785,56,2402.52630002785,distilgpt2,0.6673684166744028
938e7f49544b3293cd6cc7ec3e63e1751085cf5cb6a004dcc9e94543934f607b,6b2db95773685aa6d1f646584bbe1252579a0513df8057fba88b144d32d85816,809422.0778369904,1.464,3020.61383699032,56,3020.61383699032,distilgpt2,0.8390593991639778
938e7f49544b3293cd6cc7ec3e63e1751085cf5cb6a004dcc9e94543934f607b,6b2db95773685aa6d1f646584bbe1252579a0513df8057fba88b144d32d85816,809422.0942618847,1.41,3020.6842618846567,56,3020.6842618846567,distilgpt2,0.8390789616346269
938e7f49544b3293cd6cc7ec3e63e1751085cf5cb6a004dcc9e94543934f607b,6b2db95773685aa6d1f646584bbe1252579a0513df8057fba88b144d32d85816,809421.9748880863,1.266,3020.708888086374,56,3020.708888086374,distilgpt2,0.839085802246215
938e7f49544b3293cd6cc7ec3e63e1751085cf5cb6a004dcc9e94543934f607b,6b2db95773685aa6d1f646584bbe1252579a0513df8057fba88b144d32d85816,809484.5559029579,0.039,3084.5169029579265,56,3084.5169029579265,distilgpt2,0.8568102508216463
938e7f49544b3293cd6cc7ec3e63e1751085cf5cb6a004dcc9e94543934f607b,6b2db95773685aa6d1f646584bbe1252579a0513df8057fba88b144d32d85816,809495.1087119579,0.024,3095.0847119579557,56,3095.0847119579557,distilgpt2,0.8597457533216544
938e7f49544b3293cd6cc7ec3e63e1751085cf5cb6a004dcc9e94543934f607b,6b2db95773685aa6d1f646584bbe1252579a0513df8057fba88b144d32d85816,809505.1181519032,0.023,3105.0951519031078,56,3105.0951519031078,distilgpt2,0.8625264310841966
938e7f49544b3293cd6cc7ec3e63e1751085cf5cb6a004dcc9e94543934f607b,6b2db95773685aa6d1f646584bbe1252579a0513df8057fba88b144d32d85816,809505.1245429516,0.027,3105.097542951582,56,3105.097542951582,distilgpt2,0.8625270952643284
938e7f49544b3293cd6cc7ec3e63e1751085cf5cb6a004dcc9e94543934f607b,6b2db95773685aa6d1f646584bbe1252579a0513df8057fba88b144d32d85816,809679.6516489983,0.115,3279.53664899827,56,3279.53664899827,distilgpt2,0.9109824024995193
938e7f49544b3293cd6cc7ec3e63e1751085cf5cb6a004dcc9e94543934f607b,6b2db95773685aa6d1f646584bbe1252579a0513df8057fba88b144d32d85816,809679.6494400501,0.101,3279.548440050101,56,3279.548440050101,distilgpt2,0.9109856777916947
938e7f49544b3293cd6cc7ec3e63e1751085cf5cb6a004dcc9e94543934f607b,6b2db95773685aa6d1f646584bbe1252579a0513df8057fba88b144d32d85816,809689.1531391144,0.048,3289.1051391144283,56,3289.1051391144283,distilgpt2,0.9136403164206746
938e7f49544b3293cd6cc7ec3e63e1751085cf5cb6a004dcc9e94543934f607b,6b2db95773685aa6d1f646584bbe1252579a0513df8057fba88b144d32d85816,809700.7469599247,0.016,3300.730959924753,56,3300.730959924753,distilgpt2,0.9168697110902091
938e7f49544b3293cd6cc7ec3e63e1751085cf5cb6a004dcc9e94543934f607b,6b2db95773685aa6d1f646584bbe1252579a0513df8057fba88b144d32d85816,810235.5656349659,0.12,3835.4456349659013,56,3835.4456349659013,distilgpt2,1.065401565268306
938e7f49544b3293cd6cc7ec3e63e1751085cf5cb6a004dcc9e94543934f607b,6b2db95773685aa6d1f646584bbe1252579a0513df8057fba88b144d32d85816,810504.6253960133,0.121,4104.504396013217,56,4104.504396013217,distilgpt2,1.1401401100036714
938e7f49544b3293cd6cc7ec3e63e1751085cf5cb6a004dcc9e94543934f607b,6b2db95773685aa6d1f646584bbe1252579a0513df8057fba88b144d32d85816,810504.6176109314,0.104,4104.513610931346,56,4104.513610931346,distilgpt2,1.1401426697031518
938e7f49544b3293cd6cc7ec3e63e1751085cf5cb6a004dcc9e94543934f607b,6b2db95773685aa6d1f646584bbe1252579a0513df8057fba88b144d32d85816,811036.635696888,0.222,4636.413696888019,56,4636.413696888019,distilgpt2,1.2878926935800055
938e7f49544b3293cd6cc7ec3e63e1751085cf5cb6a004dcc9e94543934f607b,6b2db95773685aa6d1f646584bbe1252579a0513df8057fba88b144d32d85816,811056.6892180443,0.02,4656.669218044262,56,4656.669218044262,distilgpt2,1.2935192272345173
938e7f49544b3293cd6cc7ec3e63e1751085cf5cb6a004dcc9e94543934f607b,6b2db95773685aa6d1f646584bbe1252579a0513df8057fba88b144d32d85816,811065.3333489895,0.021,4665.312348989537,56,4665.312348989537,distilgpt2,1.295920096941538
938e7f49544b3293cd6cc7ec3e63e1751085cf5cb6a004dcc9e94543934f607b,6b2db95773685aa6d1f646584bbe1252579a0513df8057fba88b144d32d85816,814040.3808979988,2.501,7637.879897998762,56,7637.879897998762,distilgpt2,2.1216333049996563
938e7f49544b3293cd6cc7ec3e63e1751085cf5cb6a004dcc9e94543934f607b,6b2db95773685aa6d1f646584bbe1252579a0513df8057fba88b144d32d85816,814040.238214016,2.27,7637.968214015942,56,7637.968214015942,distilgpt2,2.1216578372266506
938e7f49544b3293cd6cc7ec3e63e1751085cf5cb6a004dcc9e94543934f607b,6b2db95773685aa6d1f646584bbe1252579a0513df8057fba88b144d32d85816,814110.9134159088,0.137,7710.776415908826,56,7710.776415908826,distilgpt2,2.1418823377524516
938e7f49544b3293cd6cc7ec3e63e1751085cf5cb6a004dcc9e94543934f607b,6b2db95773685aa6d1f646584bbe1252579a0513df8057fba88b144d32d85816,814773.1650080681,0.113,8373.052008068073,56,8373.052008068073,distilgpt2,2.325847780018909
938e7f49544b3293cd6cc7ec3e63e1751085cf5cb6a004dcc9e94543934f607b,6b2db95773685aa6d1f646584bbe1252579a0513df8057fba88b144d32d85816,815237.5633978844,1.67,8835.893397884327,56,8835.893397884327,distilgpt2,2.4544148327456465
938e7f49544b3293cd6cc7ec3e63e1751085cf5cb6a004dcc9e94543934f607b,6b2db95773685aa6d1f646584bbe1252579a0513df8057fba88b144d32d85816,815237.4633359909,1.405,8836.058335990878,56,8836.058335990878,distilgpt2,2.454460648886355
938e7f49544b3293cd6cc7ec3e63e1751085cf5cb6a004dcc9e94543934f607b,6b2db95773685aa6d1f646584bbe1252579a0513df8057fba88b144d32d85816,815486.2691829205,0.11,9086.15918292047,56,9086.15918292047,distilgpt2,2.523933106366797
938e7f49544b3293cd6cc7ec3e63e1751085cf5cb6a004dcc9e94543934f607b,6b2db95773685aa6d1f646584bbe1252579a0513df8057fba88b144d32d85816,815486.2729640007,0.095,9086.17796400073,56,9086.17796400073,distilgpt2,2.523938323333536
938e7f49544b3293cd6cc7ec3e63e1751085cf5cb6a004dcc9e94543934f607b,6b2db95773685aa6d1f646584bbe1252579a0513df8057fba88b144d32d85816,815941.61749506,0.092,9541.525495060021,56,9541.525495060021,distilgpt2,2.6504237486277837
938e7f49544b3293cd6cc7ec3e63e1751085cf5cb6a004dcc9e94543934f607b,6b2db95773685aa6d1f646584bbe1252579a0513df8057fba88b144d32d85816,816185.2276349068,0.109,9785.118634906714,56,9785.118634906714,distilgpt2,2.7180885096963094
938e7f49544b3293cd6cc7ec3e63e1751085cf5cb6a004dcc9e94543934f607b,6b2db95773685aa6d1f646584bbe1252579a0513df8057fba88b144d32d85816,816185.2251679897,0.1,9785.125167989754,56,9785.125167989754,distilgpt2,2.718090324441598
938e7f49544b3293cd6cc7ec3e63e1751085cf5cb6a004dcc9e94543934f607b,6b2db95773685aa6d1f646584bbe1252579a0513df8057fba88b144d32d85816,816304.6231911182,0.061,9904.562191118253,56,9904.562191118253,distilgpt2,2.7512672753106258
938e7f49544b3293cd6cc7ec3e63e1751085cf5cb6a004dcc9e94543934f607b,6b2db95773685aa6d1f646584bbe1252579a0513df8057fba88b144d32d85816,819999.6466259956,1.912,13597.734625995625,56,13597.734625995625,distilgpt2,3.777148507221007
938e7f49544b3293cd6cc7ec3e63e1751085cf5cb6a004dcc9e94543934f607b,6b2db95773685aa6d1f646584bbe1252579a0513df8057fba88b144d32d85816,820037.1782109737,0.04,13637.138210973702,56,13637.138210973702,distilgpt2,3.788093947492695
938e7f49544b3293cd6cc7ec3e63e1751085cf5cb6a004dcc9e94543934f607b,6b2db95773685aa6d1f646584bbe1252579a0513df8057fba88b144d32d85816,820187.8866529465,0.096,13787.790652946453,56,13787.790652946453,distilgpt2,3.8299418480406815
938e7f49544b3293cd6cc7ec3e63e1751085cf5cb6a004dcc9e94543934f607b,6b2db95773685aa6d1f646584bbe1252579a0513df8057fba88b144d32d85816,820331.4220590591,0.118,13931.304059059126,56,13931.304059059126,distilgpt2,3.8698066830719795
938e7f49544b3293cd6cc7ec3e63e1751085cf5cb6a004dcc9e94543934f607b,6b2db95773685aa6d1f646584bbe1252579a0513df8057fba88b144d32d85816,820331.4306740761,0.115,13931.31567407609,56,13931.31567407609,distilgpt2,3.8698099094655802
938e7f49544b3293cd6cc7ec3e63e1751085cf5cb6a004dcc9e94543934f607b,6b2db95773685aa6d1f646584bbe1252579a0513df8057fba88b144d32d85816,820361.6482961178,0.031,13961.617296117824,56,13961.617296117824,distilgpt2,3.8782270266993955
938e7f49544b3293cd6cc7ec3e63e1751085cf5cb6a004dcc9e94543934f607b,6b2db95773685aa6d1f646584bbe1252579a0513df8057fba88b144d32d85816,820361.6625370979,0.034,13961.628537097946,56,13961.628537097946,distilgpt2,3.878230149193874
938e7f49544b3293cd6cc7ec3e63e1751085cf5cb6a004dcc9e94543934f607b,6b2db95773685aa6d1f646584bbe1252579a0513df8057fba88b144d32d85816,820453.7070200443,0.089,14053.61802004429,56,14053.61802004429,distilgpt2,3.9037827833456364
938e7f49544b3293cd6cc7ec3e63e1751085cf5cb6a004dcc9e94543934f607b,6b2db95773685aa6d1f646584bbe1252579a0513df8057fba88b144d32d85816,820453.68460989,0.056,14053.628609890002,56,14053.628609890002,distilgpt2,3.903785724969445
938e7f49544b3293cd6cc7ec3e63e1751085cf5cb6a004dcc9e94543934f607b,6b2db95773685aa6d1f646584bbe1252579a0513df8057fba88b144d32d85816,820453.7192571163,0.089,14053.630257116281,56,14053.630257116281,distilgpt2,3.9037861825323006
938e7f49544b3293cd6cc7ec3e63e1751085cf5cb6a004dcc9e94543934f607b,6b2db95773685aa6d1f646584bbe1252579a0513df8057fba88b144d32d85816,820469.7766048908,0.018,14069.758604890783,56,14069.758604890783,distilgpt2,3.9082662791363285
938e7f49544b3293cd6cc7ec3e63e1751085cf5cb6a004dcc9e94543934f607b,6b2db95773685aa6d1f646584bbe1252579a0513df8057fba88b144d32d85816,820513.128743887,0.018,14113.110743886908,56,14113.110743886908,distilgpt2,3.9203085399685853
938e7f49544b3293cd6cc7ec3e63e1751085cf5cb6a004dcc9e94543934f607b,6b2db95773685aa6d1f646584bbe1252579a0513df8057fba88b144d32d85816,820590.4601109028,0.061,14190.3991109028,56,14190.3991109028,distilgpt2,3.941777530806333
938e7f49544b3293cd6cc7ec3e63e1751085cf5cb6a004dcc9e94543934f607b,6b2db95773685aa6d1f646584bbe1252579a0513df8057fba88b144d32d85816,820600.7008359432,0.021,14200.679835943272,56,14200.679835943272,distilgpt2,3.94463328776202
938e7f49544b3293cd6cc7ec3e63e1751085cf5cb6a004dcc9e94543934f607b,6b2db95773685aa6d1f646584bbe1252579a0513df8057fba88b144d32d85816,820788.8951230049,0.096,14388.799123004894,56,14388.799123004894,distilgpt2,3.996888645279137
96149d3ed4f00afb92f12856101e693e93c4683f030ae6ca6ebfbb7ba5a2a345,1bfbf6e1f849d22a0ece669507eb055525edf6929f273b999d865d52ea086a82,1022538.085310936,1.003,137.08231093594804,71,137.08231093594804,resnet50,0.03807841970443001
96149d3ed4f00afb92f12856101e693e93c4683f030ae6ca6ebfbb7ba5a2a345,1bfbf6e1f849d22a0ece669507eb055525edf6929f273b999d865d52ea086a82,1022540.0262210368,1.306,138.7202210368123,71,138.7202210368123,resnet50,0.03853339473244786
96149d3ed4f00afb92f12856101e693e93c4683f030ae6ca6ebfbb7ba5a2a345,1bfbf6e1f849d22a0ece669507eb055525edf6929f273b999d865d52ea086a82,1022541.4525170326,0.95,140.50251703266986,71,140.50251703266986,resnet50,0.0390284769535194
96149d3ed4f00afb92f12856101e693e93c4683f030ae6ca6ebfbb7ba5a2a345,1bfbf6e1f849d22a0ece669507eb055525edf6929f273b999d865d52ea086a82,1022544.4392080308,0.867,143.57220803084783,71,143.57220803084783,resnet50,0.039881168897457735
96149d3ed4f00afb92f12856101e693e93c4683f030ae6ca6ebfbb7ba5a2a345,1bfbf6e1f849d22a0ece669507eb055525edf6929f273b999d865d52ea086a82,1022549.338625908,1.024,148.31462590803858,71,148.31462590803858,resnet50,0.041198507196677385
96149d3ed4f00afb92f12856101e693e93c4683f030ae6ca6ebfbb7ba5a2a345,1bfbf6e1f849d22a0ece669507eb055525edf6929f273b999d865d52ea086a82,1022561.8042759896,2.076,159.72827598964795,71,159.72827598964795,resnet50,0.04436896555267999
96149d3ed4f00afb92f12856101e693e93c4683f030ae6ca6ebfbb7ba5a2a345,1bfbf6e1f849d22a0ece669507eb055525edf6929f273b999d865d52ea086a82,1022560.6762499808,0.942,159.73424998077098,71,159.73424998077098,resnet50,0.0443706249946586
96149d3ed4f00afb92f12856101e693e93c4683f030ae6ca6ebfbb7ba5a2a345,1bfbf6e1f849d22a0ece669507eb055525edf6929f273b999d865d52ea086a82,1022564.7855451108,1.078,163.70754511083942,71,163.70754511083942,resnet50,0.045474318086344286
96149d3ed4f00afb92f12856101e693e93c4683f030ae6ca6ebfbb7ba5a2a345,1bfbf6e1f849d22a0ece669507eb055525edf6929f273b999d865d52ea086a82,1022576.5915749072,1.028,175.56357490713708,71,175.56357490713708,resnet50,0.04876765969642697
96149d3ed4f00afb92f12856101e693e93c4683f030ae6ca6ebfbb7ba5a2a345,1bfbf6e1f849d22a0ece669507eb055525edf6929f273b999d865d52ea086a82,1022584.8568470478,1.355,183.5018470478244,71,183.5018470478244,resnet50,0.05097273529106234
96149d3ed4f00afb92f12856101e693e93c4683f030ae6ca6ebfbb7ba5a2a345,1bfbf6e1f849d22a0ece669507eb055525edf6929f273b999d865d52ea086a82,1022585.4081819056,1.236,184.17218190559652,71,184.17218190559652,resnet50,0.05115893941822126
96149d3ed4f00afb92f12856101e693e93c4683f030ae6ca6ebfbb7ba5a2a345,1bfbf6e1f849d22a0ece669507eb055525edf6929f273b999d865d52ea086a82,1022588.2049059868,2.105,186.09990598680452,71,186.09990598680452,resnet50,0.051694418329667924
96149d3ed4f00afb92f12856101e693e93c4683f030ae6ca6ebfbb7ba5a2a345,1bfbf6e1f849d22a0ece669507eb055525edf6929f273b999d865d52ea086a82,1022601.9554829596,1.033,200.92248295957688,71,200.92248295957688,resnet50,0.05581180082210469
96149d3ed4f00afb92f12856101e693e93c4683f030ae6ca6ebfbb7ba5a2a345,1bfbf6e1f849d22a0ece669507eb055525edf6929f273b999d865d52ea086a82,1022613.590884924,1.274,212.31688492407557,71,212.31688492407557,resnet50,0.058976912478909876
96149d3ed4f00afb92f12856101e693e93c4683f030ae6ca6ebfbb7ba5a2a345,1bfbf6e1f849d22a0ece669507eb055525edf6929f273b999d865d52ea086a82,1022614.017287016,1.085,212.93228701606859,71,212.93228701606859,resnet50,0.0591478575044635
96149d3ed4f00afb92f12856101e693e93c4683f030ae6ca6ebfbb7ba5a2a345,1bfbf6e1f849d22a0ece669507eb055525edf6929f273b999d865d52ea086a82,1022617.4732379912,1.148,216.3252379911719,71,216.3252379911719,resnet50,0.06009034388643664
96149d3ed4f00afb92f12856101e693e93c4683f030ae6ca6ebfbb7ba5a2a345,1bfbf6e1f849d22a0ece669507eb055525edf6929f273b999d865d52ea086a82,1022618.4478340148,0.851,217.59683401475195,71,217.59683401475195,resnet50,0.06044356500409776
96149d3ed4f00afb92f12856101e693e93c4683f030ae6ca6ebfbb7ba5a2a345,1bfbf6e1f849d22a0ece669507eb055525edf6929f273b999d865d52ea086a82,1022619.7905049324,1.011,218.77950493234675,71,218.77950493234675,resnet50,0.06077208470342965
96149d3ed4f00afb92f12856101e693e93c4683f030ae6ca6ebfbb7ba5a2a345,1bfbf6e1f849d22a0ece669507eb055525edf6929f273b999d865d52ea086a82,1022622.2889060974,1.102,221.1869060974568,71,221.1869060974568,resnet50,0.06144080724929356
96149d3ed4f00afb92f12856101e693e93c4683f030ae6ca6ebfbb7ba5a2a345,1bfbf6e1f849d22a0ece669507eb055525edf6929f273b999d865d52ea086a82,1022623.3338589668,1.008,222.32585896679666,71,222.32585896679666,resnet50,0.0617571830463324
96149d3ed4f00afb92f12856101e693e93c4683f030ae6ca6ebfbb7ba5a2a345,1bfbf6e1f849d22a0ece669507eb055525edf6929f273b999d865d52ea086a82,1022627.2857120036,1.427,225.85871200356632,71,225.85871200356632,resnet50,0.06273853111210176
96149d3ed4f00afb92f12856101e693e93c4683f030ae6ca6ebfbb7ba5a2a345,1bfbf6e1f849d22a0ece669507eb055525edf6929f273b999d865d52ea086a82,1022628.2140901088,1.679,226.53509010875132,71,226.53509010875132,resnet50,0.06292641391909759
96149d3ed4f00afb92f12856101e693e93c4683f030ae6ca6ebfbb7ba5a2a345,1bfbf6e1f849d22a0ece669507eb055525edf6929f273b999d865d52ea086a82,1022629.2204840184,0.918,228.3024840184953,71,228.3024840184953,resnet50,0.06341735667180425
96149d3ed4f00afb92f12856101e693e93c4683f030ae6ca6ebfbb7ba5a2a345,1bfbf6e1f849d22a0ece669507eb055525edf6929f273b999d865d52ea086a82,1022631.0288619996,1.021,230.00786199967843,71,230.00786199967843,resnet50,0.06389107277768845
96149d3ed4f00afb92f12856101e693e93c4683f030ae6ca6ebfbb7ba5a2a345,1bfbf6e1f849d22a0ece669507eb055525edf6929f273b999d865d52ea086a82,1022631.746179104,0.944,230.80217910395004,71,230.80217910395004,resnet50,0.0641117164177639
96149d3ed4f00afb92f12856101e693e93c4683f030ae6ca6ebfbb7ba5a2a345,1bfbf6e1f849d22a0ece669507eb055525edf6929f273b999d865d52ea086a82,1022636.0012969972,0.925,235.07629699714016,71,235.07629699714016,resnet50,0.06529897138809448
96149d3ed4f00afb92f12856101e693e93c4683f030ae6ca6ebfbb7ba5a2a345,1bfbf6e1f849d22a0ece669507eb055525edf6929f273b999d865d52ea086a82,1022666.919481039,0.781,266.1384810390882,71,266.1384810390882,resnet50,0.07392735584419118
96149d3ed4f00afb92f12856101e693e93c4683f030ae6ca6ebfbb7ba5a2a345,1bfbf6e1f849d22a0ece669507eb055525edf6929f273b999d865d52ea086a82,1022681.229266882,0.725,280.50426688196603,71,280.50426688196603,resnet50,0.07791785191165723
96149d3ed4f00afb92f12856101e693e93c4683f030ae6ca6ebfbb7ba5a2a345,1bfbf6e1f849d22a0ece669507eb055525edf6929f273b999d865d52ea086a82,1022682.2399919032,0.926,281.313991903211,71,281.313991903211,resnet50,0.07814277552866972
96149d3ed4f00afb92f12856101e693e93c4683f030ae6ca6ebfbb7ba5a2a345,1bfbf6e1f849d22a0ece669507eb055525edf6929f273b999d865d52ea086a82,1022691.352011919,0.791,290.56101191905327,71,290.56101191905327,resnet50,0.08071139219973703
96149d3ed4f00afb92f12856101e693e93c4683f030ae6ca6ebfbb7ba5a2a345,1bfbf6e1f849d22a0ece669507eb055525edf6929f273b999d865d52ea086a82,1022710.054044962,1.273,308.78104496200103,71,308.78104496200103,resnet50,0.08577251248944473
96149d3ed4f00afb92f12856101e693e93c4683f030ae6ca6ebfbb7ba5a2a345,1bfbf6e1f849d22a0ece669507eb055525edf6929f273b999d865d52ea086a82,1022711.0431389807,0.918,310.12513898080215,71,310.12513898080215,resnet50,0.0861458719391117
96149d3ed4f00afb92f12856101e693e93c4683f030ae6ca6ebfbb7ba5a2a345,1bfbf6e1f849d22a0ece669507eb055525edf6929f273b999d865d52ea086a82,1022719.7115290164,0.753,318.95852901635226,71,318.95852901635226,resnet50,0.08859959139343118
96149d3ed4f00afb92f12856101e693e93c4683f030ae6ca6ebfbb7ba5a2a345,1bfbf6e1f849d22a0ece669507eb055525edf6929f273b999d865d52ea086a82,1022721.7183630466,1.01,320.7083630466368,71,320.7083630466368,resnet50,0.08908565640184356
96149d3ed4f00afb92f12856101e693e93c4683f030ae6ca6ebfbb7ba5a2a345,1bfbf6e1f849d22a0ece669507eb055525edf6929f273b999d865d52ea086a82,1022726.0214619637,0.948,325.0734619636787,71,325.0734619636787,resnet50,0.09029818387879965
96149d3ed4f00afb92f12856101e693e93c4683f030ae6ca6ebfbb7ba5a2a345,1bfbf6e1f849d22a0ece669507eb055525edf6929f273b999d865d52ea086a82,1022784.8542730808,1.28,383.57427308079787,71,383.57427308079787,resnet50,0.10654840918911052
96149d3ed4f00afb92f12856101e693e93c4683f030ae6ca6ebfbb7ba5a2a345,1bfbf6e1f849d22a0ece669507eb055525edf6929f273b999d865d52ea086a82,1022794.8531560898,2.547,392.3061560897622,71,392.3061560897622,resnet50,0.10897393224715618
96149d3ed4f00afb92f12856101e693e93c4683f030ae6ca6ebfbb7ba5a2a345,1bfbf6e1f849d22a0ece669507eb055525edf6929f273b999d865d52ea086a82,1022803.0763070585,0.923,402.1533070584992,71,402.1533070584992,resnet50,0.11170925196069421
96149d3ed4f00afb92f12856101e693e93c4683f030ae6ca6ebfbb7ba5a2a345,1bfbf6e1f849d22a0ece669507eb055525edf6929f273b999d865d52ea086a82,1022804.0440158844,0.875,403.1690158843994,71,403.1690158843994,resnet50,0.11199139330122206
96149d3ed4f00afb92f12856101e693e93c4683f030ae6ca6ebfbb7ba5a2a345,1bfbf6e1f849d22a0ece669507eb055525edf6929f273b999d865d52ea086a82,1022807.4407858849,0.863,406.57778588484507,71,406.57778588484507,resnet50,0.1129382738569014
96149d3ed4f00afb92f12856101e693e93c4683f030ae6ca6ebfbb7ba5a2a345,1bfbf6e1f849d22a0ece669507eb055525edf6929f273b999d865d52ea086a82,1022808.9232409,0.959,407.964240900008,71,407.964240900008,resnet50,0.11332340025000222
96149d3ed4f00afb92f12856101e693e93c4683f030ae6ca6ebfbb7ba5a2a345,1bfbf6e1f849d22a0ece669507eb055525edf6929f273b999d865d52ea086a82,1022815.0495419502,1.08,413.96954195026774,71,413.96954195026774,resnet50,0.11499153943062992
96149d3ed4f00afb92f12856101e693e93c4683f030ae6ca6ebfbb7ba5a2a345,1bfbf6e1f849d22a0ece669507eb055525edf6929f273b999d865d52ea086a82,1022817.9549379348,0.937,417.0179379347246,71,417.0179379347246,resnet50,0.11583831609297907
96149d3ed4f00afb92f12856101e693e93c4683f030ae6ca6ebfbb7ba5a2a345,1bfbf6e1f849d22a0ece669507eb055525edf6929f273b999d865d52ea086a82,1022830.427458048,1.144,429.2834580480121,71,429.2834580480121,resnet50,0.11924540501333669
96149d3ed4f00afb92f12856101e693e93c4683f030ae6ca6ebfbb7ba5a2a345,1bfbf6e1f849d22a0ece669507eb055525edf6929f273b999d865d52ea086a82,1023007.2103579044,0.613,606.5973579044221,71,606.5973579044221,resnet50,0.1684992660845617
96149d3ed4f00afb92f12856101e693e93c4683f030ae6ca6ebfbb7ba5a2a345,1bfbf6e1f849d22a0ece669507eb055525edf6929f273b999d865d52ea086a82,1023011.8500390052,0.629,611.221039005206,71,611.221039005206,resnet50,0.16978362194589056
96149d3ed4f00afb92f12856101e693e93c4683f030ae6ca6ebfbb7ba5a2a345,1bfbf6e1f849d22a0ece669507eb055525edf6929f273b999d865d52ea086a82,1023014.9155249596,0.773,614.1425249595195,71,614.1425249595195,resnet50,0.17059514582208876
96149d3ed4f00afb92f12856101e693e93c4683f030ae6ca6ebfbb7ba5a2a345,1bfbf6e1f849d22a0ece669507eb055525edf6929f273b999d865d52ea086a82,1023015.913985014,0.699,615.2149850139394,71,615.2149850139394,resnet50,0.17089305139276095
96149d3ed4f00afb92f12856101e693e93c4683f030ae6ca6ebfbb7ba5a2a345,1bfbf6e1f849d22a0ece669507eb055525edf6929f273b999d865d52ea086a82,1023028.310872078,0.825,627.4858720779885,71,627.4858720779885,resnet50,0.17430163113277458
96149d3ed4f00afb92f12856101e693e93c4683f030ae6ca6ebfbb7ba5a2a345,1bfbf6e1f849d22a0ece669507eb055525edf6929f273b999d865d52ea086a82,1023030.8945240974,0.772,630.1225240974454,71,630.1225240974454,resnet50,0.1750340344715126
96149d3ed4f00afb92f12856101e693e93c4683f030ae6ca6ebfbb7ba5a2a345,1bfbf6e1f849d22a0ece669507eb055525edf6929f273b999d865d52ea086a82,1023107.8914780616,0.764,707.1274780615931,71,707.1274780615931,resnet50,0.19642429946155365
96149d3ed4f00afb92f12856101e693e93c4683f030ae6ca6ebfbb7ba5a2a345,1bfbf6e1f849d22a0ece669507eb055525edf6929f273b999d865d52ea086a82,1023108.9376759528,0.857,708.080675952835,71,708.080675952835,resnet50,0.19668907665356528
96149d3ed4f00afb92f12856101e693e93c4683f030ae6ca6ebfbb7ba5a2a345,1bfbf6e1f849d22a0ece669507eb055525edf6929f273b999d865d52ea086a82,1023124.5745549202,0.681,723.8935549202142,71,723.8935549202142,resnet50,0.20108154303339285
96149d3ed4f00afb92f12856101e693e93c4683f030ae6ca6ebfbb7ba5a2a345,1bfbf6e1f849d22a0ece669507eb055525edf6929f273b999d865d52ea086a82,1023125.2857699394,0.693,724.5927699394524,71,724.5927699394524,resnet50,0.20127576942762568
96149d3ed4f00afb92f12856101e693e93c4683f030ae6ca6ebfbb7ba5a2a345,1bfbf6e1f849d22a0ece669507eb055525edf6929f273b999d865d52ea086a82,1023129.0558810234,0.738,728.3178810233949,71,728.3178810233949,resnet50,0.20231052250649859
96149d3ed4f00afb92f12856101e693e93c4683f030ae6ca6ebfbb7ba5a2a345,1bfbf6e1f849d22a0ece669507eb055525edf6929f273b999d865d52ea086a82,1023131.47665596,0.778,730.6986559599172,71,730.6986559599172,resnet50,0.2029718488777548
96149d3ed4f00afb92f12856101e693e93c4683f030ae6ca6ebfbb7ba5a2a345,1bfbf6e1f849d22a0ece669507eb055525edf6929f273b999d865d52ea086a82,1023146.7057719232,0.773,745.9327719231369,71,745.9327719231369,resnet50,0.2072035477564269
96149d3ed4f00afb92f12856101e693e93c4683f030ae6ca6ebfbb7ba5a2a345,1bfbf6e1f849d22a0ece669507eb055525edf6929f273b999d865d52ea086a82,1023151.5054368972,0.641,750.8644368972164,71,750.8644368972164,resnet50,0.20857345469367122
96149d3ed4f00afb92f12856101e693e93c4683f030ae6ca6ebfbb7ba5a2a345,1bfbf6e1f849d22a0ece669507eb055525edf6929f273b999d865d52ea086a82,1023152.931994915,1.128,751.8039949149825,71,751.8039949149825,resnet50,0.20883444303193957
96149d3ed4f00afb92f12856101e693e93c4683f030ae6ca6ebfbb7ba5a2a345,1bfbf6e1f849d22a0ece669507eb055525edf6929f273b999d865d52ea086a82,1023155.2995929718,0.752,754.5475929718232,71,754.5475929718232,resnet50,0.20959655360328422
96149d3ed4f00afb92f12856101e693e93c4683f030ae6ca6ebfbb7ba5a2a345,1bfbf6e1f849d22a0ece669507eb055525edf6929f273b999d865d52ea086a82,1023156.0300080776,0.72,755.3100080776494,71,755.3100080776494,resnet50,0.20980833557712483
96149d3ed4f00afb92f12856101e693e93c4683f030ae6ca6ebfbb7ba5a2a345,1bfbf6e1f849d22a0ece669507eb055525edf6929f273b999d865d52ea086a82,1023175.7874159812,0.702,775.0854159811279,71,775.0854159811279,resnet50,0.21530150443920218
96149d3ed4f00afb92f12856101e693e93c4683f030ae6ca6ebfbb7ba5a2a345,1bfbf6e1f849d22a0ece669507eb055525edf6929f273b999d865d52ea086a82,1023180.889019966,0.671,780.2180199660361,71,780.2180199660361,resnet50,0.21672722776834336
96149d3ed4f00afb92f12856101e693e93c4683f030ae6ca6ebfbb7ba5a2a345,1bfbf6e1f849d22a0ece669507eb055525edf6929f273b999d865d52ea086a82,1023185.2451069356,0.621,784.6241069355747,71,784.6241069355747,resnet50,0.2179511408154374
96149d3ed4f00afb92f12856101e693e93c4683f030ae6ca6ebfbb7ba5a2a345,1bfbf6e1f849d22a0ece669507eb055525edf6929f273b999d865d52ea086a82,1023185.9569349288,0.679,785.2779349287739,71,785.2779349287739,resnet50,0.2181327597024372
96149d3ed4f00afb92f12856101e693e93c4683f030ae6ca6ebfbb7ba5a2a345,1bfbf6e1f849d22a0ece669507eb055525edf6929f273b999d865d52ea086a82,1023187.4555499554,0.6,786.8555499553913,71,786.8555499553913,resnet50,0.2185709860987198
96149d3ed4f00afb92f12856101e693e93c4683f030ae6ca6ebfbb7ba5a2a345,1bfbf6e1f849d22a0ece669507eb055525edf6929f273b999d865d52ea086a82,1023188.2790830137,0.732,787.547083013691,71,787.547083013691,resnet50,0.21876307861491417
96149d3ed4f00afb92f12856101e693e93c4683f030ae6ca6ebfbb7ba5a2a345,1bfbf6e1f849d22a0ece669507eb055525edf6929f273b999d865d52ea086a82,1023188.3364129066,0.67,787.6664129066048,71,787.6664129066048,resnet50,0.21879622580739022
96149d3ed4f00afb92f12856101e693e93c4683f030ae6ca6ebfbb7ba5a2a345,1bfbf6e1f849d22a0ece669507eb055525edf6929f273b999d865d52ea086a82,1023191.4929978848,1.958,789.5349978847662,71,789.5349978847662,resnet50,0.21931527719021282
96149d3ed4f00afb92f12856101e693e93c4683f030ae6ca6ebfbb7ba5a2a345,1bfbf6e1f849d22a0ece669507eb055525edf6929f273b999d865d52ea086a82,1023192.0898571014,1.226,790.8638571014162,71,790.8638571014162,resnet50,0.21968440475039339
96149d3ed4f00afb92f12856101e693e93c4683f030ae6ca6ebfbb7ba5a2a345,1bfbf6e1f849d22a0ece669507eb055525edf6929f273b999d865d52ea086a82,1023195.761744976,0.745,795.0167449760484,71,795.0167449760484,resnet50,0.22083798471556898
96149d3ed4f00afb92f12856101e693e93c4683f030ae6ca6ebfbb7ba5a2a345,1bfbf6e1f849d22a0ece669507eb055525edf6929f273b999d865d52ea086a82,1023197.7561740876,0.631,797.1251740875887,71,797.1251740875887,resnet50,0.22142365946877463
96149d3ed4f00afb92f12856101e693e93c4683f030ae6ca6ebfbb7ba5a2a345,1bfbf6e1f849d22a0ece669507eb055525edf6929f273b999d865d52ea086a82,1023198.707159996,0.668,798.0391599960858,71,798.0391599960858,resnet50,0.22167754444335716
96149d3ed4f00afb92f12856101e693e93c4683f030ae6ca6ebfbb7ba5a2a345,1bfbf6e1f849d22a0ece669507eb055525edf6929f273b999d865d52ea086a82,1023204.4062900544,0.763,803.6432900544023,71,803.6432900544023,resnet50,0.22323424723733398
96149d3ed4f00afb92f12856101e693e93c4683f030ae6ca6ebfbb7ba5a2a345,1bfbf6e1f849d22a0ece669507eb055525edf6929f273b999d865d52ea086a82,1023211.6406290532,0.779,810.8616290532518,71,810.8616290532518,resnet50,0.22523934140368107
96149d3ed4f00afb92f12856101e693e93c4683f030ae6ca6ebfbb7ba5a2a345,1bfbf6e1f849d22a0ece669507eb055525edf6929f273b999d865d52ea086a82,1023213.585709095,0.789,812.7967090950115,71,812.7967090950115,resnet50,0.22577686363750318
96149d3ed4f00afb92f12856101e693e93c4683f030ae6ca6ebfbb7ba5a2a345,1bfbf6e1f849d22a0ece669507eb055525edf6929f273b999d865d52ea086a82,1023222.5302610396,0.651,821.8792610396631,71,821.8792610396631,resnet50,0.22829979473323975
96149d3ed4f00afb92f12856101e693e93c4683f030ae6ca6ebfbb7ba5a2a345,1bfbf6e1f849d22a0ece669507eb055525edf6929f273b999d865d52ea086a82,1023224.6745378972,1.075,823.599537897273,71,823.599537897273,resnet50,0.22877764941590917
96149d3ed4f00afb92f12856101e693e93c4683f030ae6ca6ebfbb7ba5a2a345,1bfbf6e1f849d22a0ece669507eb055525edf6929f273b999d865d52ea086a82,1023225.4480199814,0.717,824.7310199814383,71,824.7310199814383,resnet50,0.22909194999484397
96149d3ed4f00afb92f12856101e693e93c4683f030ae6ca6ebfbb7ba5a2a345,1bfbf6e1f849d22a0ece669507eb055525edf6929f273b999d865d52ea086a82,1023226.1899750232,0.671,825.5189750231802,71,825.5189750231802,resnet50,0.22931082639532785
96149d3ed4f00afb92f12856101e693e93c4683f030ae6ca6ebfbb7ba5a2a345,1bfbf6e1f849d22a0ece669507eb055525edf6929f273b999d865d52ea086a82,1023232.9987790585,1.758,831.2407790584257,71,831.2407790584257,resnet50,0.23090021640511824
96149d3ed4f00afb92f12856101e693e93c4683f030ae6ca6ebfbb7ba5a2a345,1bfbf6e1f849d22a0ece669507eb055525edf6929f273b999d865d52ea086a82,1023241.4998760225,0.937,840.5628760224208,71,840.5628760224208,resnet50,0.23348968778400578
96149d3ed4f00afb92f12856101e693e93c4683f030ae6ca6ebfbb7ba5a2a345,1bfbf6e1f849d22a0ece669507eb055525edf6929f273b999d865d52ea086a82,1023245.1414608957,1.11,844.0314608956687,71,844.0314608956687,resnet50,0.2344531835821302
96149d3ed4f00afb92f12856101e693e93c4683f030ae6ca6ebfbb7ba5a2a345,1bfbf6e1f849d22a0ece669507eb055525edf6929f273b999d865d52ea086a82,1023249.9803869724,1.115,848.8653869724367,71,848.8653869724367,resnet50,0.23579594082567687
96149d3ed4f00afb92f12856101e693e93c4683f030ae6ca6ebfbb7ba5a2a345,1bfbf6e1f849d22a0ece669507eb055525edf6929f273b999d865d52ea086a82,1023250.9581370354,1.637,849.321137035382,71,849.321137035382,resnet50,0.23592253806538388
96149d3ed4f00afb92f12856101e693e93c4683f030ae6ca6ebfbb7ba5a2a345,1bfbf6e1f849d22a0ece669507eb055525edf6929f273b999d865d52ea086a82,1023251.9093980788,0.845,851.06439807883,71,851.06439807883,resnet50,0.23640677724411943
96149d3ed4f00afb92f12856101e693e93c4683f030ae6ca6ebfbb7ba5a2a345,1bfbf6e1f849d22a0ece669507eb055525edf6929f273b999d865d52ea086a82,1023255.188092947,0.941,854.2470929470146,71,854.2470929470146,resnet50,0.2372908591519485
96149d3ed4f00afb92f12856101e693e93c4683f030ae6ca6ebfbb7ba5a2a345,1bfbf6e1f849d22a0ece669507eb055525edf6929f273b999d865d52ea086a82,1023256.1901640892,1.082,855.1081640891498,71,855.1081640891498,resnet50,0.2375300455803194
96149d3ed4f00afb92f12856101e693e93c4683f030ae6ca6ebfbb7ba5a2a345,1bfbf6e1f849d22a0ece669507eb055525edf6929f273b999d865d52ea086a82,1023257.6554379464,0.76,856.8954379464267,71,856.8954379464267,resnet50,0.23802651054067409
96149d3ed4f00afb92f12856101e693e93c4683f030ae6ca6ebfbb7ba5a2a345,1bfbf6e1f849d22a0ece669507eb055525edf6929f273b999d865d52ea086a82,1023260.2590410708,1.033,859.2260410707677,71,859.2260410707677,resnet50,0.23867390029743546
96149d3ed4f00afb92f12856101e693e93c4683f030ae6ca6ebfbb7ba5a2a345,1bfbf6e1f849d22a0ece669507eb055525edf6929f273b999d865d52ea086a82,1023269.1503329276,0.852,868.2983329276321,71,868.2983329276321,resnet50,0.2411939813687867
96149d3ed4f00afb92f12856101e693e93c4683f030ae6ca6ebfbb7ba5a2a345,1bfbf6e1f849d22a0ece669507eb055525edf6929f273b999d865d52ea086a82,1023276.682199955,1.796,874.8861999550136,71,874.8861999550136,resnet50,0.24302394443194822
96149d3ed4f00afb92f12856101e693e93c4683f030ae6ca6ebfbb7ba5a2a345,1bfbf6e1f849d22a0ece669507eb055525edf6929f273b999d865d52ea086a82,1023276.4620399476,0.729,875.7330399475759,71,875.7330399475759,resnet50,0.2432591777632155
96149d3ed4f00afb92f12856101e693e93c4683f030ae6ca6ebfbb7ba5a2a345,1bfbf6e1f849d22a0ece669507eb055525edf6929f273b999d865d52ea086a82,1023277.5291900636,0.691,876.8381900636014,71,876.8381900636014,resnet50,0.24356616390655594
96149d3ed4f00afb92f12856101e693e93c4683f030ae6ca6ebfbb7ba5a2a345,1bfbf6e1f849d22a0ece669507eb055525edf6929f273b999d865d52ea086a82,1023279.3456680776,0.837,878.5086680775275,71,878.5086680775275,resnet50,0.244030185577091
96149d3ed4f00afb92f12856101e693e93c4683f030ae6ca6ebfbb7ba5a2a345,1bfbf6e1f849d22a0ece669507eb055525edf6929f273b999d865d52ea086a82,1023281.8486790656,0.693,881.1556790656177,71,881.1556790656177,resnet50,0.24476546640711605
96149d3ed4f00afb92f12856101e693e93c4683f030ae6ca6ebfbb7ba5a2a345,1bfbf6e1f849d22a0ece669507eb055525edf6929f273b999d865d52ea086a82,1023282.9499540328,0.987,881.9629540328169,71,881.9629540328169,resnet50,0.24498970945356024
96149d3ed4f00afb92f12856101e693e93c4683f030ae6ca6ebfbb7ba5a2a345,1bfbf6e1f849d22a0ece669507eb055525edf6929f273b999d865d52ea086a82,1023283.9133229256,0.845,883.0683229255956,71,883.0683229255956,resnet50,0.245296756368221
96149d3ed4f00afb92f12856101e693e93c4683f030ae6ca6ebfbb7ba5a2a345,1bfbf6e1f849d22a0ece669507eb055525edf6929f273b999d865d52ea086a82,1023285.1382040976,0.936,884.2022040976444,71,884.2022040976444,resnet50,0.24561172336045678
96149d3ed4f00afb92f12856101e693e93c4683f030ae6ca6ebfbb7ba5a2a345,1bfbf6e1f849d22a0ece669507eb055525edf6929f273b999d865d52ea086a82,1023288.3589849472,0.726,887.6329849471804,71,887.6329849471804,resnet50,0.24656471804088342
96149d3ed4f00afb92f12856101e693e93c4683f030ae6ca6ebfbb7ba5a2a345,1bfbf6e1f849d22a0ece669507eb055525edf6929f273b999d865d52ea086a82,1023288.48192811,0.691,887.7909281100146,71,887.7909281100146,resnet50,0.24660859114167075
96149d3ed4f00afb92f12856101e693e93c4683f030ae6ca6ebfbb7ba5a2a345,1bfbf6e1f849d22a0ece669507eb055525edf6929f273b999d865d52ea086a82,1023294.100415945,0.632,893.4684159450699,71,893.4684159450699,resnet50,0.24818567109585274
96149d3ed4f00afb92f12856101e693e93c4683f030ae6ca6ebfbb7ba5a2a345,1bfbf6e1f849d22a0ece669507eb055525edf6929f273b999d865d52ea086a82,1023294.9707770348,0.823,894.1477770347847,71,894.1477770347847,resnet50,0.2483743825096624
96149d3ed4f00afb92f12856101e693e93c4683f030ae6ca6ebfbb7ba5a2a345,1bfbf6e1f849d22a0ece669507eb055525edf6929f273b999d865d52ea086a82,1023295.7019131184,0.944,894.7579131183447,71,894.7579131183447,resnet50,0.24854386475509577
96149d3ed4f00afb92f12856101e693e93c4683f030ae6ca6ebfbb7ba5a2a345,1bfbf6e1f849d22a0ece669507eb055525edf6929f273b999d865d52ea086a82,1023298.491159916,0.943,897.5481599160703,71,897.5481599160703,resnet50,0.24931893331001953
96149d3ed4f00afb92f12856101e693e93c4683f030ae6ca6ebfbb7ba5a2a345,1bfbf6e1f849d22a0ece669507eb055525edf6929f273b999d865d52ea086a82,1023298.929420948,0.617,898.3124209480593,71,898.3124209480593,resnet50,0.2495312280411276
96149d3ed4f00afb92f12856101e693e93c4683f030ae6ca6ebfbb7ba5a2a345,1bfbf6e1f849d22a0ece669507eb055525edf6929f273b999d865d52ea086a82,1023309.1863119602,0.958,908.2283119602362,71,908.2283119602362,resnet50,0.2522856422111767
96149d3ed4f00afb92f12856101e693e93c4683f030ae6ca6ebfbb7ba5a2a345,1bfbf6e1f849d22a0ece669507eb055525edf6929f273b999d865d52ea086a82,1023310.8672471046,0.617,910.2502471046755,71,910.2502471046755,resnet50,0.25284729086240987
96149d3ed4f00afb92f12856101e693e93c4683f030ae6ca6ebfbb7ba5a2a345,1bfbf6e1f849d22a0ece669507eb055525edf6929f273b999d865d52ea086a82,1023314.7387299538,0.644,914.0947299537947,71,914.0947299537947,resnet50,0.253915202764943
96149d3ed4f00afb92f12856101e693e93c4683f030ae6ca6ebfbb7ba5a2a345,1bfbf6e1f849d22a0ece669507eb055525edf6929f273b999d865d52ea086a82,1023315.8907589912,0.74,915.1507589912508,71,915.1507589912508,resnet50,0.2542085441642363
96149d3ed4f00afb92f12856101e693e93c4683f030ae6ca6ebfbb7ba5a2a345,1bfbf6e1f849d22a0ece669507eb055525edf6929f273b999d865d52ea086a82,1023317.53262496,0.632,916.9006249599624,71,916.9006249599624,resnet50,0.254694618044434
96149d3ed4f00afb92f12856101e693e93c4683f030ae6ca6ebfbb7ba5a2a345,1bfbf6e1f849d22a0ece669507eb055525edf6929f273b999d865d52ea086a82,1023319.103509903,0.631,918.472509902902,71,918.472509902902,resnet50,0.2551312527508061
96149d3ed4f00afb92f12856101e693e93c4683f030ae6ca6ebfbb7ba5a2a345,1bfbf6e1f849d22a0ece669507eb055525edf6929f273b999d865d52ea086a82,1023319.4734530448,0.769,918.7044530448038,71,918.7044530448038,resnet50,0.2551956814013344
96149d3ed4f00afb92f12856101e693e93c4683f030ae6ca6ebfbb7ba5a2a345,1bfbf6e1f849d22a0ece669507eb055525edf6929f273b999d865d52ea086a82,1023320.195139885,0.65,919.5451398849254,71,919.5451398849254,resnet50,0.2554292055235904
96149d3ed4f00afb92f12856101e693e93c4683f030ae6ca6ebfbb7ba5a2a345,1bfbf6e1f849d22a0ece669507eb055525edf6929f273b999d865d52ea086a82,1023321.7380120754,0.705,921.0330120754661,71,921.0330120754661,resnet50,0.25584250335429615
96149d3ed4f00afb92f12856101e693e93c4683f030ae6ca6ebfbb7ba5a2a345,1bfbf6e1f849d22a0ece669507eb055525edf6929f273b999d865d52ea086a82,1023323.9104640484,0.83,923.0804640484275,71,923.0804640484275,resnet50,0.2564112400134521
96149d3ed4f00afb92f12856101e693e93c4683f030ae6ca6ebfbb7ba5a2a345,1bfbf6e1f849d22a0ece669507eb055525edf6929f273b999d865d52ea086a82,1023326.336327076,0.788,925.548327076016,71,925.548327076016,resnet50,0.25709675752111555
96149d3ed4f00afb92f12856101e693e93c4683f030ae6ca6ebfbb7ba5a2a345,1bfbf6e1f849d22a0ece669507eb055525edf6929f273b999d865d52ea086a82,1023328.1063621044,0.701,927.405362104415,71,927.405362104415,resnet50,0.2576126005845597
96149d3ed4f00afb92f12856101e693e93c4683f030ae6ca6ebfbb7ba5a2a345,1bfbf6e1f849d22a0ece669507eb055525edf6929f273b999d865d52ea086a82,1023335.4897289276,0.762,934.7277289276244,71,934.7277289276244,resnet50,0.25964659136878454
96149d3ed4f00afb92f12856101e693e93c4683f030ae6ca6ebfbb7ba5a2a345,1bfbf6e1f849d22a0ece669507eb055525edf6929f273b999d865d52ea086a82,1023338.8734080791,0.83,938.0434080791892,71,938.0434080791892,resnet50,0.26056761335533035
96149d3ed4f00afb92f12856101e693e93c4683f030ae6ca6ebfbb7ba5a2a345,1bfbf6e1f849d22a0ece669507eb055525edf6929f273b999d865d52ea086a82,1023339.8103849888,0.621,939.189384988742,71,939.189384988742,resnet50,0.26088594027465056
96149d3ed4f00afb92f12856101e693e93c4683f030ae6ca6ebfbb7ba5a2a345,1bfbf6e1f849d22a0ece669507eb055525edf6929f273b999d865d52ea086a82,1023339.8612039088,0.643,939.2182039087638,71,939.2182039087638,resnet50,0.26089394553021217
96149d3ed4f00afb92f12856101e693e93c4683f030ae6ca6ebfbb7ba5a2a345,1bfbf6e1f849d22a0ece669507eb055525edf6929f273b999d865d52ea086a82,1023341.7253680228,0.693,941.0323680228321,71,941.0323680228321,resnet50,0.26139788000634223
96149d3ed4f00afb92f12856101e693e93c4683f030ae6ca6ebfbb7ba5a2a345,1bfbf6e1f849d22a0ece669507eb055525edf6929f273b999d865d52ea086a82,1023342.6581230164,0.691,941.9671230163658,71,941.9671230163658,resnet50,0.26165753417121274
96149d3ed4f00afb92f12856101e693e93c4683f030ae6ca6ebfbb7ba5a2a345,1bfbf6e1f849d22a0ece669507eb055525edf6929f273b999d865d52ea086a82,1023346.2055630684,0.931,945.2745630684076,71,945.2745630684076,resnet50,0.2625762675190021
96149d3ed4f00afb92f12856101e693e93c4683f030ae6ca6ebfbb7ba5a2a345,1bfbf6e1f849d22a0ece669507eb055525edf6929f273b999d865d52ea086a82,1023349.080051899,0.637,948.4430518989684,71,948.4430518989684,resnet50,0.263456403305269
96149d3ed4f00afb92f12856101e693e93c4683f030ae6ca6ebfbb7ba5a2a345,1bfbf6e1f849d22a0ece669507eb055525edf6929f273b999d865d52ea086a82,1023352.7470920086,0.723,952.0240920085926,71,952.0240920085926,resnet50,0.2644511366690535
96149d3ed4f00afb92f12856101e693e93c4683f030ae6ca6ebfbb7ba5a2a345,1bfbf6e1f849d22a0ece669507eb055525edf6929f273b999d865d52ea086a82,1023354.6178109646,0.923,953.6948109646328,71,953.6948109646328,resnet50,0.2649152252679535
96149d3ed4f00afb92f12856101e693e93c4683f030ae6ca6ebfbb7ba5a2a345,1bfbf6e1f849d22a0ece669507eb055525edf6929f273b999d865d52ea086a82,1023458.4183609486,0.619,1057.7993609486148,71,1057.7993609486148,resnet50,0.29383315581905967
96149d3ed4f00afb92f12856101e693e93c4683f030ae6ca6ebfbb7ba5a2a345,1bfbf6e1f849d22a0ece669507eb055525edf6929f273b999d865d52ea086a82,1023466.6927740574,0.777,1065.9157740573864,71,1065.9157740573864,resnet50,0.29608771501594067
96149d3ed4f00afb92f12856101e693e93c4683f030ae6ca6ebfbb7ba5a2a345,1bfbf6e1f849d22a0ece669507eb055525edf6929f273b999d865d52ea086a82,1023498.3661289216,0.926,1097.4401289216476,71,1097.4401289216476,resnet50,0.3048444802560132
96149d3ed4f00afb92f12856101e693e93c4683f030ae6ca6ebfbb7ba5a2a345,1bfbf6e1f849d22a0ece669507eb055525edf6929f273b999d865d52ea086a82,1023516.5105900764,0.596,1115.914590076427,71,1115.914590076427,resnet50,0.3099762750212297
96149d3ed4f00afb92f12856101e693e93c4683f030ae6ca6ebfbb7ba5a2a345,1bfbf6e1f849d22a0ece669507eb055525edf6929f273b999d865d52ea086a82,1023530.5170331,0.857,1129.6600331000518,71,1129.6600331000518,resnet50,0.3137944536389033
96149d3ed4f00afb92f12856101e693e93c4683f030ae6ca6ebfbb7ba5a2a345,1bfbf6e1f849d22a0ece669507eb055525edf6929f273b999d865d52ea086a82,1023534.2854781152,0.614,1133.671478115255,71,1133.671478115255,resnet50,0.3149087439209042
96149d3ed4f00afb92f12856101e693e93c4683f030ae6ca6ebfbb7ba5a2a345,1bfbf6e1f849d22a0ece669507eb055525edf6929f273b999d865d52ea086a82,1023570.6199529172,0.611,1170.008952917182,71,1170.008952917182,resnet50,0.3250024869214394
96149d3ed4f00afb92f12856101e693e93c4683f030ae6ca6ebfbb7ba5a2a345,1bfbf6e1f849d22a0ece669507eb055525edf6929f273b999d865d52ea086a82,1023574.4735169412,0.75,1173.723516941187,71,1173.723516941187,resnet50,0.3260343102614408
96149d3ed4f00afb92f12856101e693e93c4683f030ae6ca6ebfbb7ba5a2a345,1bfbf6e1f849d22a0ece669507eb055525edf6929f273b999d865d52ea086a82,1023587.1605679988,1.117,1186.0435679988004,71,1186.0435679988004,resnet50,0.32945654666633345
96149d3ed4f00afb92f12856101e693e93c4683f030ae6ca6ebfbb7ba5a2a345,1bfbf6e1f849d22a0ece669507eb055525edf6929f273b999d865d52ea086a82,1023595.6391220092,0.644,1194.9951220091898,71,1194.9951220091898,resnet50,0.3319430894469972
96149d3ed4f00afb92f12856101e693e93c4683f030ae6ca6ebfbb7ba5a2a345,1bfbf6e1f849d22a0ece669507eb055525edf6929f273b999d865d52ea086a82,1023596.751801014,0.752,1195.999801013968,71,1195.999801013968,resnet50,0.3322221669483244
96149d3ed4f00afb92f12856101e693e93c4683f030ae6ca6ebfbb7ba5a2a345,1bfbf6e1f849d22a0ece669507eb055525edf6929f273b999d865d52ea086a82,1023598.5163109304,0.969,1197.5473109303275,71,1197.5473109303275,resnet50,0.33265203081397987
96149d3ed4f00afb92f12856101e693e93c4683f030ae6ca6ebfbb7ba5a2a345,1bfbf6e1f849d22a0ece669507eb055525edf6929f273b999d865d52ea086a82,1023649.6764669418,0.917,1248.7594669418177,71,1248.7594669418177,resnet50,0.34687762970606045
96149d3ed4f00afb92f12856101e693e93c4683f030ae6ca6ebfbb7ba5a2a345,1bfbf6e1f849d22a0ece669507eb055525edf6929f273b999d865d52ea086a82,1023653.3949289322,0.715,1252.6799289322225,71,1252.6799289322225,resnet50,0.34796664692561735
96149d3ed4f00afb92f12856101e693e93c4683f030ae6ca6ebfbb7ba5a2a345,1bfbf6e1f849d22a0ece669507eb055525edf6929f273b999d865d52ea086a82,1023655.796749115,0.729,1255.06774911494,71,1255.06774911494,resnet50,0.3486299303097055
96149d3ed4f00afb92f12856101e693e93c4683f030ae6ca6ebfbb7ba5a2a345,1bfbf6e1f849d22a0ece669507eb055525edf6929f273b999d865d52ea086a82,1023684.5073869228,0.711,1283.796386922826,71,1283.796386922826,resnet50,0.3566101074785628
96149d3ed4f00afb92f12856101e693e93c4683f030ae6ca6ebfbb7ba5a2a345,1bfbf6e1f849d22a0ece669507eb055525edf6929f273b999d865d52ea086a82,1023690.307320118,0.874,1289.433320117998,71,1289.433320117998,resnet50,0.35817592225499945
96149d3ed4f00afb92f12856101e693e93c4683f030ae6ca6ebfbb7ba5a2a345,1bfbf6e1f849d22a0ece669507eb055525edf6929f273b999d865d52ea086a82,1023693.6328749656,0.594,1293.0388749655103,71,1293.0388749655103,resnet50,0.3591774652681973
96149d3ed4f00afb92f12856101e693e93c4683f030ae6ca6ebfbb7ba5a2a345,1bfbf6e1f849d22a0ece669507eb055525edf6929f273b999d865d52ea086a82,1023698.7850821018,0.768,1298.0170821017819,71,1298.0170821017819,resnet50,0.3605603005838283
96149d3ed4f00afb92f12856101e693e93c4683f030ae6ca6ebfbb7ba5a2a345,1bfbf6e1f849d22a0ece669507eb055525edf6929f273b999d865d52ea086a82,1023699.7739501,0.904,1298.8699500999646,71,1298.8699500999646,resnet50,0.3607972083611013
96149d3ed4f00afb92f12856101e693e93c4683f030ae6ca6ebfbb7ba5a2a345,1bfbf6e1f849d22a0ece669507eb055525edf6929f273b999d865d52ea086a82,1023702.3460330964,0.751,1301.5950330963824,71,1301.5950330963824,resnet50,0.36155417586010624
96149d3ed4f00afb92f12856101e693e93c4683f030ae6ca6ebfbb7ba5a2a345,1bfbf6e1f849d22a0ece669507eb055525edf6929f273b999d865d52ea086a82,1023704.1999750136,0.639,1303.56097501365,71,1303.56097501365,resnet50,0.362100270837125
96149d3ed4f00afb92f12856101e693e93c4683f030ae6ca6ebfbb7ba5a2a345,1bfbf6e1f849d22a0ece669507eb055525edf6929f273b999d865d52ea086a82,1023719.8428709508,0.69,1319.1528709508711,71,1319.1528709508711,resnet50,0.36643135304190866
96149d3ed4f00afb92f12856101e693e93c4683f030ae6ca6ebfbb7ba5a2a345,1bfbf6e1f849d22a0ece669507eb055525edf6929f273b999d865d52ea086a82,1023723.896912098,0.608,1323.2889120980399,71,1323.2889120980399,resnet50,0.36758025336056666
96149d3ed4f00afb92f12856101e693e93c4683f030ae6ca6ebfbb7ba5a2a345,1bfbf6e1f849d22a0ece669507eb055525edf6929f273b999d865d52ea086a82,1023729.9203300476,0.621,1329.2993300475646,71,1329.2993300475646,resnet50,0.36924981390210126
96149d3ed4f00afb92f12856101e693e93c4683f030ae6ca6ebfbb7ba5a2a345,1bfbf6e1f849d22a0ece669507eb055525edf6929f273b999d865d52ea086a82,1023761.348160982,0.624,1360.724160982063,71,1360.724160982063,resnet50,0.3779789336061286
96149d3ed4f00afb92f12856101e693e93c4683f030ae6ca6ebfbb7ba5a2a345,1bfbf6e1f849d22a0ece669507eb055525edf6929f273b999d865d52ea086a82,1023764.3725249768,0.926,1363.4465249768691,71,1363.4465249768691,resnet50,0.3787351458269081
96149d3ed4f00afb92f12856101e693e93c4683f030ae6ca6ebfbb7ba5a2a345,1bfbf6e1f849d22a0ece669507eb055525edf6929f273b999d865d52ea086a82,1023765.2837839128,0.752,1364.5317839127965,71,1364.5317839127965,resnet50,0.3790366066424435
96149d3ed4f00afb92f12856101e693e93c4683f030ae6ca6ebfbb7ba5a2a345,1bfbf6e1f849d22a0ece669507eb055525edf6929f273b999d865d52ea086a82,1023793.875262022,0.925,1392.9502620219719,71,1392.9502620219719,resnet50,0.38693062833943664
96149d3ed4f00afb92f12856101e693e93c4683f030ae6ca6ebfbb7ba5a2a345,1bfbf6e1f849d22a0ece669507eb055525edf6929f273b999d865d52ea086a82,1023797.9327700138,0.646,1397.2867700138595,71,1397.2867700138595,resnet50,0.38813521389273875
96149d3ed4f00afb92f12856101e693e93c4683f030ae6ca6ebfbb7ba5a2a345,1bfbf6e1f849d22a0ece669507eb055525edf6929f273b999d865d52ea086a82,1023813.1004469396,0.948,1412.15244693961,71,1412.15244693961,resnet50,0.3922645685943361
96149d3ed4f00afb92f12856101e693e93c4683f030ae6ca6ebfbb7ba5a2a345,1bfbf6e1f849d22a0ece669507eb055525edf6929f273b999d865d52ea086a82,1023817.9840331078,0.667,1417.3170331077417,71,1417.3170331077417,resnet50,0.3936991758632616
96149d3ed4f00afb92f12856101e693e93c4683f030ae6ca6ebfbb7ba5a2a345,1bfbf6e1f849d22a0ece669507eb055525edf6929f273b999d865d52ea086a82,1023818.8136909008,0.65,1418.1636909007793,71,1418.1636909007793,resnet50,0.3939343585835498
96149d3ed4f00afb92f12856101e693e93c4683f030ae6ca6ebfbb7ba5a2a345,1bfbf6e1f849d22a0ece669507eb055525edf6929f273b999d865d52ea086a82,1023820.4529500008,0.692,1419.7609500007238,71,1419.7609500007238,resnet50,0.39437804166686774
96149d3ed4f00afb92f12856101e693e93c4683f030ae6ca6ebfbb7ba5a2a345,1bfbf6e1f849d22a0ece669507eb055525edf6929f273b999d865d52ea086a82,1023823.0532770156,0.662,1422.3912770155584,71,1422.3912770155584,resnet50,0.39510868805987737
96149d3ed4f00afb92f12856101e693e93c4683f030ae6ca6ebfbb7ba5a2a345,1bfbf6e1f849d22a0ece669507eb055525edf6929f273b999d865d52ea086a82,1023836.1632800102,0.725,1435.4382800102467,71,1435.4382800102467,resnet50,0.3987328555584019
96149d3ed4f00afb92f12856101e693e93c4683f030ae6ca6ebfbb7ba5a2a345,1bfbf6e1f849d22a0ece669507eb055525edf6929f273b999d865d52ea086a82,1023837.1387879848,0.814,1436.324787984835,71,1436.324787984835,resnet50,0.39897910777356527
96149d3ed4f00afb92f12856101e693e93c4683f030ae6ca6ebfbb7ba5a2a345,1bfbf6e1f849d22a0ece669507eb055525edf6929f273b999d865d52ea086a82,1023856.2128050328,0.721,1455.491805032827,71,1455.491805032827,resnet50,0.4043032791757853
96149d3ed4f00afb92f12856101e693e93c4683f030ae6ca6ebfbb7ba5a2a345,1bfbf6e1f849d22a0ece669507eb055525edf6929f273b999d865d52ea086a82,1023860.2241060734,0.651,1459.5731060734252,71,1459.5731060734252,resnet50,0.40543697390928474
96149d3ed4f00afb92f12856101e693e93c4683f030ae6ca6ebfbb7ba5a2a345,1bfbf6e1f849d22a0ece669507eb055525edf6929f273b999d865d52ea086a82,1023867.665776968,0.644,1467.0217769680312,71,1467.0217769680312,resnet50,0.40750604915778643
96149d3ed4f00afb92f12856101e693e93c4683f030ae6ca6ebfbb7ba5a2a345,1bfbf6e1f849d22a0ece669507eb055525edf6929f273b999d865d52ea086a82,1023873.998716116,1.297,1472.701716115931,71,1472.701716115931,resnet50,0.40908381003220307
96149d3ed4f00afb92f12856101e693e93c4683f030ae6ca6ebfbb7ba5a2a345,1bfbf6e1f849d22a0ece669507eb055525edf6929f273b999d865d52ea086a82,1023880.344125986,0.805,1479.5391259859316,71,1479.5391259859316,resnet50,0.41098309055164767
96149d3ed4f00afb92f12856101e693e93c4683f030ae6ca6ebfbb7ba5a2a345,1bfbf6e1f849d22a0ece669507eb055525edf6929f273b999d865d52ea086a82,1023884.5121240616,0.59,1483.922124061617,71,1483.922124061617,resnet50,0.41220059001711584
96149d3ed4f00afb92f12856101e693e93c4683f030ae6ca6ebfbb7ba5a2a345,1bfbf6e1f849d22a0ece669507eb055525edf6929f273b999d865d52ea086a82,1026129.3496251106,1.283,3728.066625110572,71,3728.066625110572,resnet50,1.0355740625307146
96149d3ed4f00afb92f12856101e693e93c4683f030ae6ca6ebfbb7ba5a2a345,1bfbf6e1f849d22a0ece669507eb055525edf6929f273b999d865d52ea086a82,1026141.508300066,1.723,3739.785300065996,71,3739.785300065996,resnet50,1.0388292500183323
96149d3ed4f00afb92f12856101e693e93c4683f030ae6ca6ebfbb7ba5a2a345,1bfbf6e1f849d22a0ece669507eb055525edf6929f273b999d865d52ea086a82,1026142.94628191,1.156,3741.7902819099836,71,3741.7902819099836,resnet50,1.0393861894194398
96149d3ed4f00afb92f12856101e693e93c4683f030ae6ca6ebfbb7ba5a2a345,1bfbf6e1f849d22a0ece669507eb055525edf6929f273b999d865d52ea086a82,1026154.6638131142,0.608,3754.055813114159,71,3754.055813114159,resnet50,1.0427932814205996
96149d3ed4f00afb92f12856101e693e93c4683f030ae6ca6ebfbb7ba5a2a345,1bfbf6e1f849d22a0ece669507eb055525edf6929f273b999d865d52ea086a82,1026155.3909990788,0.676,3754.714999078773,71,3754.714999078773,resnet50,1.0429763886329926
96149d3ed4f00afb92f12856101e693e93c4683f030ae6ca6ebfbb7ba5a2a345,1bfbf6e1f849d22a0ece669507eb055525edf6929f273b999d865d52ea086a82,1026164.3070850372,0.993,3763.3140850372147,71,3763.3140850372147,resnet50,1.0453650236214485
96149d3ed4f00afb92f12856101e693e93c4683f030ae6ca6ebfbb7ba5a2a345,1bfbf6e1f849d22a0ece669507eb055525edf6929f273b999d865d52ea086a82,1026165.2671239376,0.914,3764.353123937617,71,3764.353123937617,resnet50,1.045653645538227
96149d3ed4f00afb92f12856101e693e93c4683f030ae6ca6ebfbb7ba5a2a345,1bfbf6e1f849d22a0ece669507eb055525edf6929f273b999d865d52ea086a82,1026179.4423470496,0.776,3778.6663470496424,71,3778.6663470496424,resnet50,1.0496295408471228
96149d3ed4f00afb92f12856101e693e93c4683f030ae6ca6ebfbb7ba5a2a345,1bfbf6e1f849d22a0ece669507eb055525edf6929f273b999d865d52ea086a82,1026180.3375558852,0.594,3779.7435558851575,71,3779.7435558851575,resnet50,1.0499287655236549
96149d3ed4f00afb92f12856101e693e93c4683f030ae6ca6ebfbb7ba5a2a345,1bfbf6e1f849d22a0ece669507eb055525edf6929f273b999d865d52ea086a82,1026476.5383160114,1.56,4074.978316011373,71,4074.978316011373,resnet50,1.1319384211142702
96149d3ed4f00afb92f12856101e693e93c4683f030ae6ca6ebfbb7ba5a2a345,1bfbf6e1f849d22a0ece669507eb055525edf6929f273b999d865d52ea086a82,1026489.3560390472,1.036,4088.3200390472775,71,4088.3200390472775,resnet50,1.1356444552909104
96149d3ed4f00afb92f12856101e693e93c4683f030ae6ca6ebfbb7ba5a2a345,1bfbf6e1f849d22a0ece669507eb055525edf6929f273b999d865d52ea086a82,1026512.6565599442,0.774,4111.882559944177,71,4111.882559944177,resnet50,1.1421895999844935
96149d3ed4f00afb92f12856101e693e93c4683f030ae6ca6ebfbb7ba5a2a345,1bfbf6e1f849d22a0ece669507eb055525edf6929f273b999d865d52ea086a82,1026513.8958408833,0.81,4113.085840883199,71,4113.085840883199,resnet50,1.1425238446897776
96149d3ed4f00afb92f12856101e693e93c4683f030ae6ca6ebfbb7ba5a2a345,1bfbf6e1f849d22a0ece669507eb055525edf6929f273b999d865d52ea086a82,1026518.0313670636,0.627,4117.40436706366,71,4117.40436706366,resnet50,1.143723435295461
96149d3ed4f00afb92f12856101e693e93c4683f030ae6ca6ebfbb7ba5a2a345,1bfbf6e1f849d22a0ece669507eb055525edf6929f273b999d865d52ea086a82,1026520.6474709512,0.979,4119.668470951146,71,4119.668470951146,resnet50,1.144352353041985
96149d3ed4f00afb92f12856101e693e93c4683f030ae6ca6ebfbb7ba5a2a345,1bfbf6e1f849d22a0ece669507eb055525edf6929f273b999d865d52ea086a82,1026534.4009490012,0.716,4133.684949001181,71,4133.684949001181,resnet50,1.1482458191669946
96149d3ed4f00afb92f12856101e693e93c4683f030ae6ca6ebfbb7ba5a2a345,1bfbf6e1f849d22a0ece669507eb055525edf6929f273b999d865d52ea086a82,1026543.9265079498,1.341,4142.585507949814,71,4142.585507949814,resnet50,1.1507181966527262
96149d3ed4f00afb92f12856101e693e93c4683f030ae6ca6ebfbb7ba5a2a345,1bfbf6e1f849d22a0ece669507eb055525edf6929f273b999d865d52ea086a82,1026551.8868870736,0.846,4151.040887073614,71,4151.040887073614,resnet50,1.1530669130760038
96149d3ed4f00afb92f12856101e693e93c4683f030ae6ca6ebfbb7ba5a2a345,1bfbf6e1f849d22a0ece669507eb055525edf6929f273b999d865d52ea086a82,1026552.7130489348,0.778,4151.935048934771,71,4151.935048934771,resnet50,1.1533152913707696
96149d3ed4f00afb92f12856101e693e93c4683f030ae6ca6ebfbb7ba5a2a345,1bfbf6e1f849d22a0ece669507eb055525edf6929f273b999d865d52ea086a82,1026561.4057600498,0.599,4160.806760049774,71,4160.806760049774,resnet50,1.1557796555693818
96149d3ed4f00afb92f12856101e693e93c4683f030ae6ca6ebfbb7ba5a2a345,1bfbf6e1f849d22a0ece669507eb055525edf6929f273b999d865d52ea086a82,1026568.4848690032,0.904,4167.580869003199,71,4167.580869003199,resnet50,1.1576613525008885
96149d3ed4f00afb92f12856101e693e93c4683f030ae6ca6ebfbb7ba5a2a345,1bfbf6e1f849d22a0ece669507eb055525edf6929f273b999d865d52ea086a82,1026579.7812530994,0.715,4179.066253099474,71,4179.066253099474,resnet50,1.160851736972076
96149d3ed4f00afb92f12856101e693e93c4683f030ae6ca6ebfbb7ba5a2a345,1bfbf6e1f849d22a0ece669507eb055525edf6929f273b999d865d52ea086a82,1026580.7578549384,0.805,4179.952854938339,71,4179.952854938339,resnet50,1.1610980152606498
96149d3ed4f00afb92f12856101e693e93c4683f030ae6ca6ebfbb7ba5a2a345,1bfbf6e1f849d22a0ece669507eb055525edf6929f273b999d865d52ea086a82,1026585.4934449196,0.654,4184.839444919606,71,4184.839444919606,resnet50,1.1624554013665571
96149d3ed4f00afb92f12856101e693e93c4683f030ae6ca6ebfbb7ba5a2a345,1bfbf6e1f849d22a0ece669507eb055525edf6929f273b999d865d52ea086a82,1026615.8643240927,0.93,4214.934324092697,71,4214.934324092697,resnet50,1.1708150900257492
96149d3ed4f00afb92f12856101e693e93c4683f030ae6ca6ebfbb7ba5a2a345,1bfbf6e1f849d22a0ece669507eb055525edf6929f273b999d865d52ea086a82,1026636.9149730206,0.729,4236.185973020503,71,4236.185973020503,resnet50,1.1767183258390288
96149d3ed4f00afb92f12856101e693e93c4683f030ae6ca6ebfbb7ba5a2a345,1bfbf6e1f849d22a0ece669507eb055525edf6929f273b999d865d52ea086a82,1026640.708787918,0.905,4239.8037879179465,71,4239.8037879179465,resnet50,1.1777232744216517
96149d3ed4f00afb92f12856101e693e93c4683f030ae6ca6ebfbb7ba5a2a345,1bfbf6e1f849d22a0ece669507eb055525edf6929f273b999d865d52ea086a82,1026646.701818943,0.747,4245.95481894305,71,4245.95481894305,resnet50,1.1794318941508473
96149d3ed4f00afb92f12856101e693e93c4683f030ae6ca6ebfbb7ba5a2a345,1bfbf6e1f849d22a0ece669507eb055525edf6929f273b999d865d52ea086a82,1026676.1215429306,0.769,4275.352542930632,71,4275.352542930632,resnet50,1.187597928591842
96149d3ed4f00afb92f12856101e693e93c4683f030ae6ca6ebfbb7ba5a2a345,1bfbf6e1f849d22a0ece669507eb055525edf6929f273b999d865d52ea086a82,1026678.4670119286,0.837,4277.630011928501,71,4277.630011928501,resnet50,1.1882305588690278
96149d3ed4f00afb92f12856101e693e93c4683f030ae6ca6ebfbb7ba5a2a345,1bfbf6e1f849d22a0ece669507eb055525edf6929f273b999d865d52ea086a82,1026680.1995830536,0.806,4279.393583053607,71,4279.393583053607,resnet50,1.188720439737113
96149d3ed4f00afb92f12856101e693e93c4683f030ae6ca6ebfbb7ba5a2a345,1bfbf6e1f849d22a0ece669507eb055525edf6929f273b999d865d52ea086a82,1026750.3149769306,0.793,4349.521976930671,71,4349.521976930671,resnet50,1.2082005491474088
96149d3ed4f00afb92f12856101e693e93c4683f030ae6ca6ebfbb7ba5a2a345,1bfbf6e1f849d22a0ece669507eb055525edf6929f273b999d865d52ea086a82,1026771.1115629672,0.836,4370.275562967174,71,4370.275562967174,resnet50,1.2139654341575483
96149d3ed4f00afb92f12856101e693e93c4683f030ae6ca6ebfbb7ba5a2a345,1bfbf6e1f849d22a0ece669507eb055525edf6929f273b999d865d52ea086a82,1026782.2304670812,1.258,4380.972467081156,71,4380.972467081156,resnet50,1.2169367964114322
96149d3ed4f00afb92f12856101e693e93c4683f030ae6ca6ebfbb7ba5a2a345,1bfbf6e1f849d22a0ece669507eb055525edf6929f273b999d865d52ea086a82,1026793.1659550668,1.507,4391.658955066814,71,4391.658955066814,resnet50,1.2199052652963371
96149d3ed4f00afb92f12856101e693e93c4683f030ae6ca6ebfbb7ba5a2a345,1bfbf6e1f849d22a0ece669507eb055525edf6929f273b999d865d52ea086a82,1026803.2413740158,1.194,4402.04737401579,71,4402.04737401579,resnet50,1.2227909372266084
96149d3ed4f00afb92f12856101e693e93c4683f030ae6ca6ebfbb7ba5a2a345,1bfbf6e1f849d22a0ece669507eb055525edf6929f273b999d865d52ea086a82,1026805.5776219368,0.875,4404.702621936798,71,4404.702621936798,resnet50,1.223528506093555
96149d3ed4f00afb92f12856101e693e93c4683f030ae6ca6ebfbb7ba5a2a345,1bfbf6e1f849d22a0ece669507eb055525edf6929f273b999d865d52ea086a82,1026834.1831970216,1.828,4432.355197021621,71,4432.355197021621,resnet50,1.2312097769504504
96149d3ed4f00afb92f12856101e693e93c4683f030ae6ca6ebfbb7ba5a2a345,1bfbf6e1f849d22a0ece669507eb055525edf6929f273b999d865d52ea086a82,1026838.6940190792,1.015,4437.679019079194,71,4437.679019079194,resnet50,1.2326886164108872
96149d3ed4f00afb92f12856101e693e93c4683f030ae6ca6ebfbb7ba5a2a345,1bfbf6e1f849d22a0ece669507eb055525edf6929f273b999d865d52ea086a82,1026842.634608984,1.363,4441.271608983981,71,4441.271608983981,resnet50,1.233686558051106
96149d3ed4f00afb92f12856101e693e93c4683f030ae6ca6ebfbb7ba5a2a345,1bfbf6e1f849d22a0ece669507eb055525edf6929f273b999d865d52ea086a82,1026845.4632790087,1.115,4444.348279008758,71,4444.348279008758,resnet50,1.234541188613544
96149d3ed4f00afb92f12856101e693e93c4683f030ae6ca6ebfbb7ba5a2a345,1bfbf6e1f849d22a0ece669507eb055525edf6929f273b999d865d52ea086a82,1026847.1997179984,1.448,4445.751717998413,71,4445.751717998413,resnet50,1.234931032777337
96149d3ed4f00afb92f12856101e693e93c4683f030ae6ca6ebfbb7ba5a2a345,1bfbf6e1f849d22a0ece669507eb055525edf6929f273b999d865d52ea086a82,1026946.1846079826,0.69,4545.494607982691,71,4545.494607982691,resnet50,1.2626373911063031
96149d3ed4f00afb92f12856101e693e93c4683f030ae6ca6ebfbb7ba5a2a345,1bfbf6e1f849d22a0ece669507eb055525edf6929f273b999d865d52ea086a82,1026954.980036974,0.712,4554.2680369738955,71,4554.2680369738955,resnet50,1.265074454714971
96149d3ed4f00afb92f12856101e693e93c4683f030ae6ca6ebfbb7ba5a2a345,1bfbf6e1f849d22a0ece669507eb055525edf6929f273b999d865d52ea086a82,1026966.6721971036,0.82,4565.852197103668,71,4565.852197103668,resnet50,1.2682922769732412
96149d3ed4f00afb92f12856101e693e93c4683f030ae6ca6ebfbb7ba5a2a345,1bfbf6e1f849d22a0ece669507eb055525edf6929f273b999d865d52ea086a82,1026969.7125020028,0.663,4569.04950200289,71,4569.04950200289,resnet50,1.269180417223025
96149d3ed4f00afb92f12856101e693e93c4683f030ae6ca6ebfbb7ba5a2a345,1bfbf6e1f849d22a0ece669507eb055525edf6929f273b999d865d52ea086a82,1026970.9300220012,0.688,4570.2420220011845,71,4570.2420220011845,resnet50,1.2695116727781068
96149d3ed4f00afb92f12856101e693e93c4683f030ae6ca6ebfbb7ba5a2a345,c098bb74acb70a0ea1bce98a7090169f3be59a0758389a403d77592aa56ce596,1022562.4138789176,0.002,162.4118789175991,71,162.4118789175991,googlenet,0.04511441081044419
96149d3ed4f00afb92f12856101e693e93c4683f030ae6ca6ebfbb7ba5a2a345,c098bb74acb70a0ea1bce98a7090169f3be59a0758389a403d77592aa56ce596,1022563.0926520824,0.002,163.09065208246466,71,163.09065208246466,googlenet,0.04530295891179574
96149d3ed4f00afb92f12856101e693e93c4683f030ae6ca6ebfbb7ba5a2a345,c098bb74acb70a0ea1bce98a7090169f3be59a0758389a403d77592aa56ce596,1022563.1648089886,0.002,163.1628089885926,71,163.1628089885926,googlenet,0.04532300249683127
96149d3ed4f00afb92f12856101e693e93c4683f030ae6ca6ebfbb7ba5a2a345,c098bb74acb70a0ea1bce98a7090169f3be59a0758389a403d77592aa56ce596,1022563.3583819866,0.002,163.35638198663946,71,163.35638198663946,googlenet,0.045376772774066515
96149d3ed4f00afb92f12856101e693e93c4683f030ae6ca6ebfbb7ba5a2a345,c098bb74acb70a0ea1bce98a7090169f3be59a0758389a403d77592aa56ce596,1022587.2458291054,0.002,187.24382910539862,71,187.24382910539862,googlenet,0.052012174751499614
96149d3ed4f00afb92f12856101e693e93c4683f030ae6ca6ebfbb7ba5a2a345,c098bb74acb70a0ea1bce98a7090169f3be59a0758389a403d77592aa56ce596,1022595.422693014,0.002,195.4206930140499,71,195.4206930140499,googlenet,0.054283525837236085
96149d3ed4f00afb92f12856101e693e93c4683f030ae6ca6ebfbb7ba5a2a345,c098bb74acb70a0ea1bce98a7090169f3be59a0758389a403d77592aa56ce596,1022606.2593939304,0.002,206.2573939304566,71,206.2573939304566,googlenet,0.05729372053623794
96149d3ed4f00afb92f12856101e693e93c4683f030ae6ca6ebfbb7ba5a2a345,c098bb74acb70a0ea1bce98a7090169f3be59a0758389a403d77592aa56ce596,1022614.3426949978,0.002,214.3406949978089,71,214.3406949978089,googlenet,0.0595390819438358
96149d3ed4f00afb92f12856101e693e93c4683f030ae6ca6ebfbb7ba5a2a345,c098bb74acb70a0ea1bce98a7090169f3be59a0758389a403d77592aa56ce596,1022620.0791831017,0.002,220.07718310167547,71,220.07718310167547,googlenet,0.06113255086157652
96149d3ed4f00afb92f12856101e693e93c4683f030ae6ca6ebfbb7ba5a2a345,c098bb74acb70a0ea1bce98a7090169f3be59a0758389a403d77592aa56ce596,1022623.9070150852,0.002,223.90501508524176,71,223.90501508524176,googlenet,0.062195837523678264
96149d3ed4f00afb92f12856101e693e93c4683f030ae6ca6ebfbb7ba5a2a345,c098bb74acb70a0ea1bce98a7090169f3be59a0758389a403d77592aa56ce596,1022624.6995499134,0.002,224.6975499134278,71,224.6975499134278,googlenet,0.06241598608706327
96149d3ed4f00afb92f12856101e693e93c4683f030ae6ca6ebfbb7ba5a2a345,c098bb74acb70a0ea1bce98a7090169f3be59a0758389a403d77592aa56ce596,1022627.4082169532,0.002,227.4062169531826,71,227.4062169531826,googlenet,0.06316839359810628
96149d3ed4f00afb92f12856101e693e93c4683f030ae6ca6ebfbb7ba5a2a345,c098bb74acb70a0ea1bce98a7090169f3be59a0758389a403d77592aa56ce596,1022629.347835064,0.002,229.34583506407216,71,229.34583506407216,googlenet,0.06370717640668672
96149d3ed4f00afb92f12856101e693e93c4683f030ae6ca6ebfbb7ba5a2a345,c098bb74acb70a0ea1bce98a7090169f3be59a0758389a403d77592aa56ce596,1022632.288752079,0.011,232.2777520789532,71,232.2777520789532,googlenet,0.06452159779970922
96149d3ed4f00afb92f12856101e693e93c4683f030ae6ca6ebfbb7ba5a2a345,c098bb74acb70a0ea1bce98a7090169f3be59a0758389a403d77592aa56ce596,1022634.9011859894,0.003,234.8981859893538,71,234.8981859893538,googlenet,0.06524949610815384
96149d3ed4f00afb92f12856101e693e93c4683f030ae6ca6ebfbb7ba5a2a345,c098bb74acb70a0ea1bce98a7090169f3be59a0758389a403d77592aa56ce596,1022637.0902240276,0.003,237.0872240276076,71,237.0872240276076,googlenet,0.065857562229891
96149d3ed4f00afb92f12856101e693e93c4683f030ae6ca6ebfbb7ba5a2a345,c098bb74acb70a0ea1bce98a7090169f3be59a0758389a403d77592aa56ce596,1022678.344014883,0.002,278.3420148830628,71,278.3420148830628,googlenet,0.07731722635640634
96149d3ed4f00afb92f12856101e693e93c4683f030ae6ca6ebfbb7ba5a2a345,c098bb74acb70a0ea1bce98a7090169f3be59a0758389a403d77592aa56ce596,1022686.594331026,0.002,286.5923310259823,71,286.5923310259823,googlenet,0.07960898084055064
96149d3ed4f00afb92f12856101e693e93c4683f030ae6ca6ebfbb7ba5a2a345,c098bb74acb70a0ea1bce98a7090169f3be59a0758389a403d77592aa56ce596,1022696.8762159348,0.002,296.87421593477484,71,296.87421593477484,googlenet,0.0824650599818819
96149d3ed4f00afb92f12856101e693e93c4683f030ae6ca6ebfbb7ba5a2a345,c098bb74acb70a0ea1bce98a7090169f3be59a0758389a403d77592aa56ce596,1022703.8533170224,0.002,303.85131702246144,71,303.85131702246144,googlenet,0.0844031436173504
96149d3ed4f00afb92f12856101e693e93c4683f030ae6ca6ebfbb7ba5a2a345,c098bb74acb70a0ea1bce98a7090169f3be59a0758389a403d77592aa56ce596,1022718.0902130604,0.002,318.08821306040045,71,318.08821306040045,googlenet,0.08835783696122235
96149d3ed4f00afb92f12856101e693e93c4683f030ae6ca6ebfbb7ba5a2a345,c098bb74acb70a0ea1bce98a7090169f3be59a0758389a403d77592aa56ce596,1022724.1263570786,0.002,324.12435707857367,71,324.12435707857367,googlenet,0.09003454363293713
96149d3ed4f00afb92f12856101e693e93c4683f030ae6ca6ebfbb7ba5a2a345,c098bb74acb70a0ea1bce98a7090169f3be59a0758389a403d77592aa56ce596,1022776.8167800904,0.011,376.80578009039164,71,376.80578009039164,googlenet,0.10466827224733101
96149d3ed4f00afb92f12856101e693e93c4683f030ae6ca6ebfbb7ba5a2a345,c098bb74acb70a0ea1bce98a7090169f3be59a0758389a403d77592aa56ce596,1022806.10106802,0.002,406.0990680200048,71,406.0990680200048,googlenet,0.11280529667222355
96149d3ed4f00afb92f12856101e693e93c4683f030ae6ca6ebfbb7ba5a2a345,c098bb74acb70a0ea1bce98a7090169f3be59a0758389a403d77592aa56ce596,1022822.6121470928,0.006,422.60614709276706,71,422.60614709276706,googlenet,0.11739059641465752
96149d3ed4f00afb92f12856101e693e93c4683f030ae6ca6ebfbb7ba5a2a345,c098bb74acb70a0ea1bce98a7090169f3be59a0758389a403d77592aa56ce596,1022823.9186799526,0.002,423.9166799526429,71,423.9166799526429,googlenet,0.11775463332017858
96149d3ed4f00afb92f12856101e693e93c4683f030ae6ca6ebfbb7ba5a2a345,c098bb74acb70a0ea1bce98a7090169f3be59a0758389a403d77592aa56ce596,1022930.2649509908,0.002,530.2629509908147,71,530.2629509908147,googlenet,0.1472952641641152
96149d3ed4f00afb92f12856101e693e93c4683f030ae6ca6ebfbb7ba5a2a345,c098bb74acb70a0ea1bce98a7090169f3be59a0758389a403d77592aa56ce596,1023005.4991800784,0.002,605.4971800784115,71,605.4971800784115,googlenet,0.16819366113289208
96149d3ed4f00afb92f12856101e693e93c4683f030ae6ca6ebfbb7ba5a2a345,c098bb74acb70a0ea1bce98a7090169f3be59a0758389a403d77592aa56ce596,1023016.2696969508,0.004,616.2656969508389,71,616.2656969508389,googlenet,0.17118491581967749
96149d3ed4f00afb92f12856101e693e93c4683f030ae6ca6ebfbb7ba5a2a345,c098bb74acb70a0ea1bce98a7090169f3be59a0758389a403d77592aa56ce596,1023028.3519101144,0.002,628.3499101144262,71,628.3499101144262,googlenet,0.1745416416984517
96149d3ed4f00afb92f12856101e693e93c4683f030ae6ca6ebfbb7ba5a2a345,c098bb74acb70a0ea1bce98a7090169f3be59a0758389a403d77592aa56ce596,1023083.3876810074,0.002,683.3856810074067,71,683.3856810074067,googlenet,0.18982935583539073
96149d3ed4f00afb92f12856101e693e93c4683f030ae6ca6ebfbb7ba5a2a345,c098bb74acb70a0ea1bce98a7090169f3be59a0758389a403d77592aa56ce596,1023083.7063369752,0.002,683.7043369752355,71,683.7043369752355,googlenet,0.18991787138200986
96149d3ed4f00afb92f12856101e693e93c4683f030ae6ca6ebfbb7ba5a2a345,c098bb74acb70a0ea1bce98a7090169f3be59a0758389a403d77592aa56ce596,1023090.8815460204,0.002,690.8795460204128,71,690.8795460204128,googlenet,0.19191098500567022
96149d3ed4f00afb92f12856101e693e93c4683f030ae6ca6ebfbb7ba5a2a345,c098bb74acb70a0ea1bce98a7090169f3be59a0758389a403d77592aa56ce596,1023119.959583044,0.01,719.9495830440428,71,719.9495830440428,googlenet,0.1999859952900119
96149d3ed4f00afb92f12856101e693e93c4683f030ae6ca6ebfbb7ba5a2a345,c098bb74acb70a0ea1bce98a7090169f3be59a0758389a403d77592aa56ce596,1023126.2889430524,0.002,726.2869430524297,71,726.2869430524297,googlenet,0.20174637307011936
96149d3ed4f00afb92f12856101e693e93c4683f030ae6ca6ebfbb7ba5a2a345,c098bb74acb70a0ea1bce98a7090169f3be59a0758389a403d77592aa56ce596,1023129.4176299572,0.002,729.4156299572205,71,729.4156299572205,googlenet,0.2026154527658946
96149d3ed4f00afb92f12856101e693e93c4683f030ae6ca6ebfbb7ba5a2a345,c098bb74acb70a0ea1bce98a7090169f3be59a0758389a403d77592aa56ce596,1023147.9208550452,0.002,747.9188550452236,71,747.9188550452236,googlenet,0.2077552375125621
96149d3ed4f00afb92f12856101e693e93c4683f030ae6ca6ebfbb7ba5a2a345,c098bb74acb70a0ea1bce98a7090169f3be59a0758389a403d77592aa56ce596,1023150.4613199234,0.004,750.4573199234437,71,750.4573199234437,googlenet,0.20846036664540105
96149d3ed4f00afb92f12856101e693e93c4683f030ae6ca6ebfbb7ba5a2a345,c098bb74acb70a0ea1bce98a7090169f3be59a0758389a403d77592aa56ce596,1023158.8081030846,0.003,758.8051030845381,71,758.8051030845381,googlenet,0.2107791953012606
96149d3ed4f00afb92f12856101e693e93c4683f030ae6ca6ebfbb7ba5a2a345,c098bb74acb70a0ea1bce98a7090169f3be59a0758389a403d77592aa56ce596,1023159.136017084,0.002,759.1340170840267,71,759.1340170840267,googlenet,0.21087056030111853
96149d3ed4f00afb92f12856101e693e93c4683f030ae6ca6ebfbb7ba5a2a345,c098bb74acb70a0ea1bce98a7090169f3be59a0758389a403d77592aa56ce596,1023171.4561240672,0.002,771.4541240672115,71,771.4541240672115,googlenet,0.21429281224089208
96149d3ed4f00afb92f12856101e693e93c4683f030ae6ca6ebfbb7ba5a2a345,c098bb74acb70a0ea1bce98a7090169f3be59a0758389a403d77592aa56ce596,1023183.4093720912,0.002,783.4073720911983,71,783.4073720911983,googlenet,0.21761315891422175
96149d3ed4f00afb92f12856101e693e93c4683f030ae6ca6ebfbb7ba5a2a345,c098bb74acb70a0ea1bce98a7090169f3be59a0758389a403d77592aa56ce596,1023183.4695880412,0.002,783.4675880412105,71,783.4675880412105,googlenet,0.21762988556700294
96149d3ed4f00afb92f12856101e693e93c4683f030ae6ca6ebfbb7ba5a2a345,c098bb74acb70a0ea1bce98a7090169f3be59a0758389a403d77592aa56ce596,1023188.5208520888,0.002,788.5188520888332,71,788.5188520888332,googlenet,0.21903301446912035
96149d3ed4f00afb92f12856101e693e93c4683f030ae6ca6ebfbb7ba5a2a345,c098bb74acb70a0ea1bce98a7090169f3be59a0758389a403d77592aa56ce596,1023192.190691948,0.002,792.1886919480748,71,792.1886919480748,googlenet,0.2200524144300208
96149d3ed4f00afb92f12856101e693e93c4683f030ae6ca6ebfbb7ba5a2a345,c098bb74acb70a0ea1bce98a7090169f3be59a0758389a403d77592aa56ce596,1023192.3182580472,0.002,792.3162580472417,71,792.3162580472417,googlenet,0.22008784945756715
96149d3ed4f00afb92f12856101e693e93c4683f030ae6ca6ebfbb7ba5a2a345,c098bb74acb70a0ea1bce98a7090169f3be59a0758389a403d77592aa56ce596,1023193.2223470212,0.006,793.2163470211672,71,793.2163470211672,googlenet,0.22033787417254644
96149d3ed4f00afb92f12856101e693e93c4683f030ae6ca6ebfbb7ba5a2a345,c098bb74acb70a0ea1bce98a7090169f3be59a0758389a403d77592aa56ce596,1023194.6063759328,0.002,794.6043759328313,71,794.6043759328313,googlenet,0.22072343775911982
96149d3ed4f00afb92f12856101e693e93c4683f030ae6ca6ebfbb7ba5a2a345,c098bb74acb70a0ea1bce98a7090169f3be59a0758389a403d77592aa56ce596,1023194.8373289108,0.003,794.8343289108016,71,794.8343289108016,googlenet,0.22078731358633377
96149d3ed4f00afb92f12856101e693e93c4683f030ae6ca6ebfbb7ba5a2a345,c098bb74acb70a0ea1bce98a7090169f3be59a0758389a403d77592aa56ce596,1023198.8960499763,0.002,798.8940499763703,71,798.8940499763703,googlenet,0.2219150138823251
96149d3ed4f00afb92f12856101e693e93c4683f030ae6ca6ebfbb7ba5a2a345,c098bb74acb70a0ea1bce98a7090169f3be59a0758389a403d77592aa56ce596,1023203.4875319004,0.003,803.4845319003798,71,803.4845319003798,googlenet,0.2231901477501055
96149d3ed4f00afb92f12856101e693e93c4683f030ae6ca6ebfbb7ba5a2a345,c098bb74acb70a0ea1bce98a7090169f3be59a0758389a403d77592aa56ce596,1023208.3201611042,0.002,808.3181611042237,71,808.3181611042237,googlenet,0.22453282252895101
96149d3ed4f00afb92f12856101e693e93c4683f030ae6ca6ebfbb7ba5a2a345,c098bb74acb70a0ea1bce98a7090169f3be59a0758389a403d77592aa56ce596,1023210.581825018,0.002,810.5798250180669,71,810.5798250180669,googlenet,0.22516106250501858
96149d3ed4f00afb92f12856101e693e93c4683f030ae6ca6ebfbb7ba5a2a345,c098bb74acb70a0ea1bce98a7090169f3be59a0758389a403d77592aa56ce596,1023215.6300311089,0.002,815.6280311088776,71,815.6280311088776,googlenet,0.22656334197468822
96149d3ed4f00afb92f12856101e693e93c4683f030ae6ca6ebfbb7ba5a2a345,c098bb74acb70a0ea1bce98a7090169f3be59a0758389a403d77592aa56ce596,1023223.4248640536,0.002,823.4228640536312,71,823.4228640536312,googlenet,0.22872857334823088
96149d3ed4f00afb92f12856101e693e93c4683f030ae6ca6ebfbb7ba5a2a345,c098bb74acb70a0ea1bce98a7090169f3be59a0758389a403d77592aa56ce596,1023226.2760128976,0.002,826.2740128976293,71,826.2740128976293,googlenet,0.22952055913823036
96149d3ed4f00afb92f12856101e693e93c4683f030ae6ca6ebfbb7ba5a2a345,c098bb74acb70a0ea1bce98a7090169f3be59a0758389a403d77592aa56ce596,1023231.230396986,0.002,831.2283969860291,71,831.2283969860291,googlenet,0.23089677694056365
96149d3ed4f00afb92f12856101e693e93c4683f030ae6ca6ebfbb7ba5a2a345,c098bb74acb70a0ea1bce98a7090169f3be59a0758389a403d77592aa56ce596,1023240.6344881058,0.003,840.6314881057478,71,840.6314881057478,googlenet,0.23350874669604108
96149d3ed4f00afb92f12856101e693e93c4683f030ae6ca6ebfbb7ba5a2a345,c098bb74acb70a0ea1bce98a7090169f3be59a0758389a403d77592aa56ce596,1023241.5834729671,0.002,841.5814729671692,71,841.5814729671692,googlenet,0.23377263137976922
96149d3ed4f00afb92f12856101e693e93c4683f030ae6ca6ebfbb7ba5a2a345,c098bb74acb70a0ea1bce98a7090169f3be59a0758389a403d77592aa56ce596,1023241.711792946,0.002,841.7097929459997,71,841.7097929459997,googlenet,0.23380827581833324
96149d3ed4f00afb92f12856101e693e93c4683f030ae6ca6ebfbb7ba5a2a345,c098bb74acb70a0ea1bce98a7090169f3be59a0758389a403d77592aa56ce596,1023247.6625289916,0.007,847.6555289915996,71,847.6555289915996,googlenet,0.2354598691643332
96149d3ed4f00afb92f12856101e693e93c4683f030ae6ca6ebfbb7ba5a2a345,c098bb74acb70a0ea1bce98a7090169f3be59a0758389a403d77592aa56ce596,1023248.8088800908,0.002,848.8068800908513,71,848.8068800908513,googlenet,0.23577968891412537
96149d3ed4f00afb92f12856101e693e93c4683f030ae6ca6ebfbb7ba5a2a345,c098bb74acb70a0ea1bce98a7090169f3be59a0758389a403d77592aa56ce596,1023250.3934960364,0.002,850.3914960364345,71,850.3914960364345,googlenet,0.2362198600101207
96149d3ed4f00afb92f12856101e693e93c4683f030ae6ca6ebfbb7ba5a2a345,c098bb74acb70a0ea1bce98a7090169f3be59a0758389a403d77592aa56ce596,1023254.1227610112,0.002,854.1207610112615,71,854.1207610112615,googlenet,0.23725576694757264
96149d3ed4f00afb92f12856101e693e93c4683f030ae6ca6ebfbb7ba5a2a345,c098bb74acb70a0ea1bce98a7090169f3be59a0758389a403d77592aa56ce596,1023261.2898180484,0.002,861.2878180483822,71,861.2878180483822,googlenet,0.23924661612455062
96149d3ed4f00afb92f12856101e693e93c4683f030ae6ca6ebfbb7ba5a2a345,c098bb74acb70a0ea1bce98a7090169f3be59a0758389a403d77592aa56ce596,1023262.2038969994,0.002,862.2018969993806,71,862.2018969993806,googlenet,0.23950052694427237
96149d3ed4f00afb92f12856101e693e93c4683f030ae6ca6ebfbb7ba5a2a345,c098bb74acb70a0ea1bce98a7090169f3be59a0758389a403d77592aa56ce596,1023265.9837620258,0.002,865.9817620258546,71,865.9817620258546,googlenet,0.24055048945162627
96149d3ed4f00afb92f12856101e693e93c4683f030ae6ca6ebfbb7ba5a2a345,c098bb74acb70a0ea1bce98a7090169f3be59a0758389a403d77592aa56ce596,1023267.1275250912,0.006,867.1215250911191,71,867.1215250911191,googlenet,0.24086709030308864
96149d3ed4f00afb92f12856101e693e93c4683f030ae6ca6ebfbb7ba5a2a345,c098bb74acb70a0ea1bce98a7090169f3be59a0758389a403d77592aa56ce596,1023277.4731800556,0.002,877.4711800556397,71,877.4711800556397,googlenet,0.2437419944598999
96149d3ed4f00afb92f12856101e693e93c4683f030ae6ca6ebfbb7ba5a2a345,c098bb74acb70a0ea1bce98a7090169f3be59a0758389a403d77592aa56ce596,1023278.3311519624,0.002,878.3291519624181,71,878.3291519624181,googlenet,0.24398031998956057
96149d3ed4f00afb92f12856101e693e93c4683f030ae6ca6ebfbb7ba5a2a345,c098bb74acb70a0ea1bce98a7090169f3be59a0758389a403d77592aa56ce596,1023278.6337270736,0.002,878.6317270735744,71,878.6317270735744,googlenet,0.24406436863154846
96149d3ed4f00afb92f12856101e693e93c4683f030ae6ca6ebfbb7ba5a2a345,c098bb74acb70a0ea1bce98a7090169f3be59a0758389a403d77592aa56ce596,1023281.0759429932,0.002,881.0739429931855,71,881.0739429931855,googlenet,0.2447427619425515
96149d3ed4f00afb92f12856101e693e93c4683f030ae6ca6ebfbb7ba5a2a345,c098bb74acb70a0ea1bce98a7090169f3be59a0758389a403d77592aa56ce596,1023290.3495020866,0.002,890.3475020866608,71,890.3475020866608,googlenet,0.24731875057962802
96149d3ed4f00afb92f12856101e693e93c4683f030ae6ca6ebfbb7ba5a2a345,c098bb74acb70a0ea1bce98a7090169f3be59a0758389a403d77592aa56ce596,1023295.7222759724,0.002,895.7202759723878,71,895.7202759723878,googlenet,0.24881118777010772
96149d3ed4f00afb92f12856101e693e93c4683f030ae6ca6ebfbb7ba5a2a345,c098bb74acb70a0ea1bce98a7090169f3be59a0758389a403d77592aa56ce596,1023296.6634569168,0.003,896.660456916783,71,896.660456916783,googlenet,0.24907234914355084
96149d3ed4f00afb92f12856101e693e93c4683f030ae6ca6ebfbb7ba5a2a345,c098bb74acb70a0ea1bce98a7090169f3be59a0758389a403d77592aa56ce596,1023298.8232679368,0.002,898.8212679368444,71,898.8212679368444,googlenet,0.24967257442690122
96149d3ed4f00afb92f12856101e693e93c4683f030ae6ca6ebfbb7ba5a2a345,c098bb74acb70a0ea1bce98a7090169f3be59a0758389a403d77592aa56ce596,1023299.4208359718,0.002,899.4188359718537,71,899.4188359718537,googlenet,0.24983856554773715
96149d3ed4f00afb92f12856101e693e93c4683f030ae6ca6ebfbb7ba5a2a345,c098bb74acb70a0ea1bce98a7090169f3be59a0758389a403d77592aa56ce596,1023299.9851419926,0.002,899.9831419925904,71,899.9831419925904,googlenet,0.249995317220164
96149d3ed4f00afb92f12856101e693e93c4683f030ae6ca6ebfbb7ba5a2a345,c098bb74acb70a0ea1bce98a7090169f3be59a0758389a403d77592aa56ce596,1023302.0810530186,0.002,902.0790530185914,71,902.0790530185914,googlenet,0.2505775147273865
96149d3ed4f00afb92f12856101e693e93c4683f030ae6ca6ebfbb7ba5a2a345,c098bb74acb70a0ea1bce98a7090169f3be59a0758389a403d77592aa56ce596,1023303.1517739296,0.002,903.1497739296174,71,903.1497739296174,googlenet,0.2508749372026715
96149d3ed4f00afb92f12856101e693e93c4683f030ae6ca6ebfbb7ba5a2a345,c098bb74acb70a0ea1bce98a7090169f3be59a0758389a403d77592aa56ce596,1023305.9845190048,0.003,905.9815190047957,71,905.9815190047957,googlenet,0.2516615330568877
96149d3ed4f00afb92f12856101e693e93c4683f030ae6ca6ebfbb7ba5a2a345,c098bb74acb70a0ea1bce98a7090169f3be59a0758389a403d77592aa56ce596,1023307.94602108,0.002,907.9440210800385,71,907.9440210800385,googlenet,0.25220667252223294
96149d3ed4f00afb92f12856101e693e93c4683f030ae6ca6ebfbb7ba5a2a345,c098bb74acb70a0ea1bce98a7090169f3be59a0758389a403d77592aa56ce596,1023311.6219201088,0.002,911.6199201088166,71,911.6199201088166,googlenet,0.25322775558578237
96149d3ed4f00afb92f12856101e693e93c4683f030ae6ca6ebfbb7ba5a2a345,c098bb74acb70a0ea1bce98a7090169f3be59a0758389a403d77592aa56ce596,1023313.7815411092,0.003,913.7785411091754,71,913.7785411091754,googlenet,0.2538273725303265
96149d3ed4f00afb92f12856101e693e93c4683f030ae6ca6ebfbb7ba5a2a345,c098bb74acb70a0ea1bce98a7090169f3be59a0758389a403d77592aa56ce596,1023313.9312829972,0.002,913.9292829972692,71,913.9292829972692,googlenet,0.2538692452770192
96149d3ed4f00afb92f12856101e693e93c4683f030ae6ca6ebfbb7ba5a2a345,c098bb74acb70a0ea1bce98a7090169f3be59a0758389a403d77592aa56ce596,1023318.3900659084,0.003,918.3870659084059,71,918.3870659084059,googlenet,0.2551075183078905
96149d3ed4f00afb92f12856101e693e93c4683f030ae6ca6ebfbb7ba5a2a345,c098bb74acb70a0ea1bce98a7090169f3be59a0758389a403d77592aa56ce596,1023320.0036799908,0.002,920.0016799907899,71,920.0016799907899,googlenet,0.25555602221966384
96149d3ed4f00afb92f12856101e693e93c4683f030ae6ca6ebfbb7ba5a2a345,c098bb74acb70a0ea1bce98a7090169f3be59a0758389a403d77592aa56ce596,1023321.6212821008,0.002,921.6192821008153,71,921.6192821008153,googlenet,0.25600535613911535
96149d3ed4f00afb92f12856101e693e93c4683f030ae6ca6ebfbb7ba5a2a345,c098bb74acb70a0ea1bce98a7090169f3be59a0758389a403d77592aa56ce596,1023322.5642290117,0.002,922.5622290116735,71,922.5622290116735,googlenet,0.256267285836576
96149d3ed4f00afb92f12856101e693e93c4683f030ae6ca6ebfbb7ba5a2a345,c098bb74acb70a0ea1bce98a7090169f3be59a0758389a403d77592aa56ce596,1023322.7250790596,0.002,922.7230790596223,71,922.7230790596223,googlenet,0.2563119664054506
96149d3ed4f00afb92f12856101e693e93c4683f030ae6ca6ebfbb7ba5a2a345,c098bb74acb70a0ea1bce98a7090169f3be59a0758389a403d77592aa56ce596,1023328.1184968948,0.002,928.1164968948578,71,928.1164968948578,googlenet,0.2578101380263494
96149d3ed4f00afb92f12856101e693e93c4683f030ae6ca6ebfbb7ba5a2a345,c098bb74acb70a0ea1bce98a7090169f3be59a0758389a403d77592aa56ce596,1023328.134649992,0.002,928.1326499920106,71,928.1326499920106,googlenet,0.2578146249977807
96149d3ed4f00afb92f12856101e693e93c4683f030ae6ca6ebfbb7ba5a2a345,c098bb74acb70a0ea1bce98a7090169f3be59a0758389a403d77592aa56ce596,1023329.4420309068,0.002,929.4400309068151,71,929.4400309068151,googlenet,0.2581777863630042
96149d3ed4f00afb92f12856101e693e93c4683f030ae6ca6ebfbb7ba5a2a345,c098bb74acb70a0ea1bce98a7090169f3be59a0758389a403d77592aa56ce596,1023334.3396780492,0.002,934.3376780492254,71,934.3376780492254,googlenet,0.2595382439025626
96149d3ed4f00afb92f12856101e693e93c4683f030ae6ca6ebfbb7ba5a2a345,c098bb74acb70a0ea1bce98a7090169f3be59a0758389a403d77592aa56ce596,1023351.7872109412,0.006,951.7812109411461,71,951.7812109411461,googlenet,0.2643836697058739
96149d3ed4f00afb92f12856101e693e93c4683f030ae6ca6ebfbb7ba5a2a345,c098bb74acb70a0ea1bce98a7090169f3be59a0758389a403d77592aa56ce596,1023351.8201789856,0.002,951.8181789856171,71,951.8181789856171,googlenet,0.26439393860711585
96149d3ed4f00afb92f12856101e693e93c4683f030ae6ca6ebfbb7ba5a2a345,c098bb74acb70a0ea1bce98a7090169f3be59a0758389a403d77592aa56ce596,1023353.3414890766,0.002,953.3394890766358,71,953.3394890766358,googlenet,0.2648165247435099
96149d3ed4f00afb92f12856101e693e93c4683f030ae6ca6ebfbb7ba5a2a345,c098bb74acb70a0ea1bce98a7090169f3be59a0758389a403d77592aa56ce596,1023358.4272019864,0.002,958.4252019864507,71,958.4252019864507,googlenet,0.26622922277401406
96149d3ed4f00afb92f12856101e693e93c4683f030ae6ca6ebfbb7ba5a2a345,c098bb74acb70a0ea1bce98a7090169f3be59a0758389a403d77592aa56ce596,1023360.2196290492,0.002,960.2176290492062,71,960.2176290492062,googlenet,0.26672711918033504
96149d3ed4f00afb92f12856101e693e93c4683f030ae6ca6ebfbb7ba5a2a345,c098bb74acb70a0ea1bce98a7090169f3be59a0758389a403d77592aa56ce596,1023461.9694039822,0.006,1061.9634039821103,71,1061.9634039821103,googlenet,0.2949898344394751
96149d3ed4f00afb92f12856101e693e93c4683f030ae6ca6ebfbb7ba5a2a345,c098bb74acb70a0ea1bce98a7090169f3be59a0758389a403d77592aa56ce596,1023462.552462101,0.002,1062.550462101004,71,1062.550462101004,googlenet,0.2951529061391678
96149d3ed4f00afb92f12856101e693e93c4683f030ae6ca6ebfbb7ba5a2a345,c098bb74acb70a0ea1bce98a7090169f3be59a0758389a403d77592aa56ce596,1023463.8169178964,0.002,1063.8149178964086,71,1063.8149178964086,googlenet,0.2955041438601135
96149d3ed4f00afb92f12856101e693e93c4683f030ae6ca6ebfbb7ba5a2a345,c098bb74acb70a0ea1bce98a7090169f3be59a0758389a403d77592aa56ce596,1023482.1227788924,0.002,1082.120778892422,71,1082.120778892422,googlenet,0.300589105247895
96149d3ed4f00afb92f12856101e693e93c4683f030ae6ca6ebfbb7ba5a2a345,c098bb74acb70a0ea1bce98a7090169f3be59a0758389a403d77592aa56ce596,1023516.8125140668,0.003,1116.8095140667865,71,1116.8095140667865,googlenet,0.3102248650185518
96149d3ed4f00afb92f12856101e693e93c4683f030ae6ca6ebfbb7ba5a2a345,c098bb74acb70a0ea1bce98a7090169f3be59a0758389a403d77592aa56ce596,1023518.4257678986,0.002,1118.423767898581,71,1118.423767898581,googlenet,0.31067326886071694
96149d3ed4f00afb92f12856101e693e93c4683f030ae6ca6ebfbb7ba5a2a345,c098bb74acb70a0ea1bce98a7090169f3be59a0758389a403d77592aa56ce596,1023518.5076889992,0.002,1118.5056889991974,71,1118.5056889991974,googlenet,0.3106960247219993
96149d3ed4f00afb92f12856101e693e93c4683f030ae6ca6ebfbb7ba5a2a345,c098bb74acb70a0ea1bce98a7090169f3be59a0758389a403d77592aa56ce596,1023522.8236789705,0.002,1122.8216789704747,71,1122.8216789704747,googlenet,0.3118949108251319
96149d3ed4f00afb92f12856101e693e93c4683f030ae6ca6ebfbb7ba5a2a345,c098bb74acb70a0ea1bce98a7090169f3be59a0758389a403d77592aa56ce596,1023527.1108050346,0.002,1127.1088050346589,71,1127.1088050346589,googlenet,0.31308577917629415
96149d3ed4f00afb92f12856101e693e93c4683f030ae6ca6ebfbb7ba5a2a345,c098bb74acb70a0ea1bce98a7090169f3be59a0758389a403d77592aa56ce596,1023554.3992259502,0.002,1154.3972259502625,71,1154.3972259502625,googlenet,0.3206658960972951
96149d3ed4f00afb92f12856101e693e93c4683f030ae6ca6ebfbb7ba5a2a345,c098bb74acb70a0ea1bce98a7090169f3be59a0758389a403d77592aa56ce596,1023554.783217907,0.002,1154.7812179069733,71,1154.7812179069733,googlenet,0.3207725605297148
96149d3ed4f00afb92f12856101e693e93c4683f030ae6ca6ebfbb7ba5a2a345,c098bb74acb70a0ea1bce98a7090169f3be59a0758389a403d77592aa56ce596,1023561.603185892,0.002,1161.60118589201,71,1161.60118589201,googlenet,0.32266699608111393
96149d3ed4f00afb92f12856101e693e93c4683f030ae6ca6ebfbb7ba5a2a345,c098bb74acb70a0ea1bce98a7090169f3be59a0758389a403d77592aa56ce596,1023566.0929830074,0.002,1166.0909830074525,71,1166.0909830074525,googlenet,0.32391416194651457
96149d3ed4f00afb92f12856101e693e93c4683f030ae6ca6ebfbb7ba5a2a345,c098bb74acb70a0ea1bce98a7090169f3be59a0758389a403d77592aa56ce596,1023580.2809131144,0.002,1180.2789131144527,71,1180.2789131144527,googlenet,0.3278552536429035
96149d3ed4f00afb92f12856101e693e93c4683f030ae6ca6ebfbb7ba5a2a345,c098bb74acb70a0ea1bce98a7090169f3be59a0758389a403d77592aa56ce596,1023589.0811030864,0.002,1189.0791030863766,71,1189.0791030863766,googlenet,0.3302997508573268
96149d3ed4f00afb92f12856101e693e93c4683f030ae6ca6ebfbb7ba5a2a345,c098bb74acb70a0ea1bce98a7090169f3be59a0758389a403d77592aa56ce596,1023589.2351090908,0.003,1189.232109090779,71,1189.232109090779,googlenet,0.3303422525252164
96149d3ed4f00afb92f12856101e693e93c4683f030ae6ca6ebfbb7ba5a2a345,c098bb74acb70a0ea1bce98a7090169f3be59a0758389a403d77592aa56ce596,1023646.0510439872,0.007,1246.0440439871745,71,1246.0440439871745,googlenet,0.3461233455519929
96149d3ed4f00afb92f12856101e693e93c4683f030ae6ca6ebfbb7ba5a2a345,c098bb74acb70a0ea1bce98a7090169f3be59a0758389a403d77592aa56ce596,1023649.8415939808,0.003,1249.838593980763,71,1249.838593980763,googlenet,0.34717738721687863
96149d3ed4f00afb92f12856101e693e93c4683f030ae6ca6ebfbb7ba5a2a345,c098bb74acb70a0ea1bce98a7090169f3be59a0758389a403d77592aa56ce596,1023657.2361550332,0.002,1257.2341550332494,71,1257.2341550332494,googlenet,0.3492317097314582
96149d3ed4f00afb92f12856101e693e93c4683f030ae6ca6ebfbb7ba5a2a345,c098bb74acb70a0ea1bce98a7090169f3be59a0758389a403d77592aa56ce596,1023658.111000061,0.002,1258.1090000610566,71,1258.1090000610566,googlenet,0.34947472223918236
96149d3ed4f00afb92f12856101e693e93c4683f030ae6ca6ebfbb7ba5a2a345,c098bb74acb70a0ea1bce98a7090169f3be59a0758389a403d77592aa56ce596,1023673.7656509876,0.003,1273.762650987599,71,1273.762650987599,googlenet,0.3538229586076664
96149d3ed4f00afb92f12856101e693e93c4683f030ae6ca6ebfbb7ba5a2a345,c098bb74acb70a0ea1bce98a7090169f3be59a0758389a403d77592aa56ce596,1023692.3086869715,0.002,1292.3066869715694,71,1292.3066869715694,googlenet,0.3589740797143248
96149d3ed4f00afb92f12856101e693e93c4683f030ae6ca6ebfbb7ba5a2a345,c098bb74acb70a0ea1bce98a7090169f3be59a0758389a403d77592aa56ce596,1023698.8154110909,0.002,1298.8134110908723,71,1298.8134110908723,googlenet,0.36078150308079787
96149d3ed4f00afb92f12856101e693e93c4683f030ae6ca6ebfbb7ba5a2a345,c098bb74acb70a0ea1bce98a7090169f3be59a0758389a403d77592aa56ce596,1023700.6986351012,0.002,1300.6966351012234,71,1300.6966351012234,googlenet,0.36130462086145093
96149d3ed4f00afb92f12856101e693e93c4683f030ae6ca6ebfbb7ba5a2a345,c098bb74acb70a0ea1bce98a7090169f3be59a0758389a403d77592aa56ce596,1023700.783876896,0.004,1300.7798768960638,71,1300.7798768960638,googlenet,0.36132774358223996
96149d3ed4f00afb92f12856101e693e93c4683f030ae6ca6ebfbb7ba5a2a345,c098bb74acb70a0ea1bce98a7090169f3be59a0758389a403d77592aa56ce596,1023718.6256370544,0.003,1318.6226370544173,71,1318.6226370544173,googlenet,0.36628406584844925
96149d3ed4f00afb92f12856101e693e93c4683f030ae6ca6ebfbb7ba5a2a345,c098bb74acb70a0ea1bce98a7090169f3be59a0758389a403d77592aa56ce596,1023722.8508028984,0.002,1322.8488028984284,71,1322.8488028984284,googlenet,0.367458000805119
96149d3ed4f00afb92f12856101e693e93c4683f030ae6ca6ebfbb7ba5a2a345,c098bb74acb70a0ea1bce98a7090169f3be59a0758389a403d77592aa56ce596,1023725.9391961098,0.003,1325.9361961097457,71,1325.9361961097457,googlenet,0.3683156100304849
96149d3ed4f00afb92f12856101e693e93c4683f030ae6ca6ebfbb7ba5a2a345,c098bb74acb70a0ea1bce98a7090169f3be59a0758389a403d77592aa56ce596,1023760.6522090436,0.002,1360.6502090436406,71,1360.6502090436406,googlenet,0.3779583914010113
96149d3ed4f00afb92f12856101e693e93c4683f030ae6ca6ebfbb7ba5a2a345,c098bb74acb70a0ea1bce98a7090169f3be59a0758389a403d77592aa56ce596,1023763.4176249504,0.002,1363.4156249504304,71,1363.4156249504304,googlenet,0.37872656248623066
96149d3ed4f00afb92f12856101e693e93c4683f030ae6ca6ebfbb7ba5a2a345,c098bb74acb70a0ea1bce98a7090169f3be59a0758389a403d77592aa56ce596,1023792.892829895,0.006,1392.8868298949674,71,1392.8868298949674,googlenet,0.3869130083041576
96149d3ed4f00afb92f12856101e693e93c4683f030ae6ca6ebfbb7ba5a2a345,c098bb74acb70a0ea1bce98a7090169f3be59a0758389a403d77592aa56ce596,1023828.2292749882,0.002,1428.2272749881959,71,1428.2272749881959,googlenet,0.3967297986078322
96149d3ed4f00afb92f12856101e693e93c4683f030ae6ca6ebfbb7ba5a2a345,c098bb74acb70a0ea1bce98a7090169f3be59a0758389a403d77592aa56ce596,1023856.2815821172,0.002,1456.2795821172185,71,1456.2795821172185,googlenet,0.4045221061436718
96149d3ed4f00afb92f12856101e693e93c4683f030ae6ca6ebfbb7ba5a2a345,c098bb74acb70a0ea1bce98a7090169f3be59a0758389a403d77592aa56ce596,1023856.3342630864,0.003,1456.3312630864093,71,1456.3312630864093,googlenet,0.404536461968447
96149d3ed4f00afb92f12856101e693e93c4683f030ae6ca6ebfbb7ba5a2a345,c098bb74acb70a0ea1bce98a7090169f3be59a0758389a403d77592aa56ce596,1023858.633840084,0.002,1458.631840083981,71,1458.631840083981,googlenet,0.40517551113443917
96149d3ed4f00afb92f12856101e693e93c4683f030ae6ca6ebfbb7ba5a2a345,c098bb74acb70a0ea1bce98a7090169f3be59a0758389a403d77592aa56ce596,1023863.1396679878,0.002,1463.137667987845,71,1463.137667987845,googlenet,0.40642712999662356
96149d3ed4f00afb92f12856101e693e93c4683f030ae6ca6ebfbb7ba5a2a345,c098bb74acb70a0ea1bce98a7090169f3be59a0758389a403d77592aa56ce596,1023865.5893440248,0.002,1465.587344024796,71,1465.587344024796,googlenet,0.40710759556244336
96149d3ed4f00afb92f12856101e693e93c4683f030ae6ca6ebfbb7ba5a2a345,c098bb74acb70a0ea1bce98a7090169f3be59a0758389a403d77592aa56ce596,1023869.0622661114,0.002,1469.0602661113953,71,1469.0602661113953,googlenet,0.40807229614205426
96149d3ed4f00afb92f12856101e693e93c4683f030ae6ca6ebfbb7ba5a2a345,c098bb74acb70a0ea1bce98a7090169f3be59a0758389a403d77592aa56ce596,1023869.0868239404,0.002,1469.084823940415,71,1469.084823940415,googlenet,0.40807911776122635
96149d3ed4f00afb92f12856101e693e93c4683f030ae6ca6ebfbb7ba5a2a345,c098bb74acb70a0ea1bce98a7090169f3be59a0758389a403d77592aa56ce596,1026139.7739698888,0.002,3739.771969888825,71,3739.771969888825,googlenet,1.0388255471913403
96149d3ed4f00afb92f12856101e693e93c4683f030ae6ca6ebfbb7ba5a2a345,c098bb74acb70a0ea1bce98a7090169f3be59a0758389a403d77592aa56ce596,1026144.0491240025,0.002,3744.047124002478,71,3744.047124002478,googlenet,1.0400130900006883
96149d3ed4f00afb92f12856101e693e93c4683f030ae6ca6ebfbb7ba5a2a345,c098bb74acb70a0ea1bce98a7090169f3be59a0758389a403d77592aa56ce596,1026153.3796179296,0.002,3753.3776179295965,71,3753.3776179295965,googlenet,1.0426048938693324
96149d3ed4f00afb92f12856101e693e93c4683f030ae6ca6ebfbb7ba5a2a345,c098bb74acb70a0ea1bce98a7090169f3be59a0758389a403d77592aa56ce596,1026153.6710939409,0.006,3753.665093940799,71,3753.665093940799,googlenet,1.0426847483168886
96149d3ed4f00afb92f12856101e693e93c4683f030ae6ca6ebfbb7ba5a2a345,c098bb74acb70a0ea1bce98a7090169f3be59a0758389a403d77592aa56ce596,1026162.1738669872,0.002,3762.17186698725,71,3762.17186698725,googlenet,1.0450477408297916
96149d3ed4f00afb92f12856101e693e93c4683f030ae6ca6ebfbb7ba5a2a345,c098bb74acb70a0ea1bce98a7090169f3be59a0758389a403d77592aa56ce596,1026169.2691791058,0.002,3769.26717910578,71,3769.26717910578,googlenet,1.0470186608627168
96149d3ed4f00afb92f12856101e693e93c4683f030ae6ca6ebfbb7ba5a2a345,c098bb74acb70a0ea1bce98a7090169f3be59a0758389a403d77592aa56ce596,1026169.2806699276,0.002,3769.2786699276185,71,3769.2786699276185,googlenet,1.0470218527576718
96149d3ed4f00afb92f12856101e693e93c4683f030ae6ca6ebfbb7ba5a2a345,c098bb74acb70a0ea1bce98a7090169f3be59a0758389a403d77592aa56ce596,1026183.9460480212,0.002,3783.9440480212215,71,3783.9440480212215,googlenet,1.0510955688947838
96149d3ed4f00afb92f12856101e693e93c4683f030ae6ca6ebfbb7ba5a2a345,c098bb74acb70a0ea1bce98a7090169f3be59a0758389a403d77592aa56ce596,1026184.1107449532,0.006,3784.1047449531034,71,3784.1047449531034,googlenet,1.0511402069314175
96149d3ed4f00afb92f12856101e693e93c4683f030ae6ca6ebfbb7ba5a2a345,c098bb74acb70a0ea1bce98a7090169f3be59a0758389a403d77592aa56ce596,1026227.6755731106,0.003,3827.6725731105544,71,3827.6725731105544,googlenet,1.0632423814195984
96149d3ed4f00afb92f12856101e693e93c4683f030ae6ca6ebfbb7ba5a2a345,c098bb74acb70a0ea1bce98a7090169f3be59a0758389a403d77592aa56ce596,1026273.0745649338,0.004,3873.0705649338197,71,3873.0705649338197,googlenet,1.0758529347038388
96149d3ed4f00afb92f12856101e693e93c4683f030ae6ca6ebfbb7ba5a2a345,c098bb74acb70a0ea1bce98a7090169f3be59a0758389a403d77592aa56ce596,1026281.6584990025,0.002,3881.656499002478,71,3881.656499002478,googlenet,1.0782379163895772
96149d3ed4f00afb92f12856101e693e93c4683f030ae6ca6ebfbb7ba5a2a345,c098bb74acb70a0ea1bce98a7090169f3be59a0758389a403d77592aa56ce596,1026480.4690220356,0.002,4080.46702203562,71,4080.46702203562,googlenet,1.133463061676561
96149d3ed4f00afb92f12856101e693e93c4683f030ae6ca6ebfbb7ba5a2a345,c098bb74acb70a0ea1bce98a7090169f3be59a0758389a403d77592aa56ce596,1026497.6328380108,0.006,4097.626838010736,71,4097.626838010736,googlenet,1.1382296772252043
96149d3ed4f00afb92f12856101e693e93c4683f030ae6ca6ebfbb7ba5a2a345,c098bb74acb70a0ea1bce98a7090169f3be59a0758389a403d77592aa56ce596,1026506.8031089306,0.002,4106.801108930609,71,4106.801108930609,googlenet,1.1407780858140582
96149d3ed4f00afb92f12856101e693e93c4683f030ae6ca6ebfbb7ba5a2a345,c098bb74acb70a0ea1bce98a7090169f3be59a0758389a403d77592aa56ce596,1026507.8424370288,0.006,4107.836437028716,71,4107.836437028716,googlenet,1.1410656769524212
96149d3ed4f00afb92f12856101e693e93c4683f030ae6ca6ebfbb7ba5a2a345,c098bb74acb70a0ea1bce98a7090169f3be59a0758389a403d77592aa56ce596,1026507.8981370926,0.002,4107.896137092612,71,4107.896137092612,googlenet,1.1410822603035033
96149d3ed4f00afb92f12856101e693e93c4683f030ae6ca6ebfbb7ba5a2a345,c098bb74acb70a0ea1bce98a7090169f3be59a0758389a403d77592aa56ce596,1026508.7717239856,0.002,4108.769723985577,71,4108.769723985577,googlenet,1.141324923329327
96149d3ed4f00afb92f12856101e693e93c4683f030ae6ca6ebfbb7ba5a2a345,c098bb74acb70a0ea1bce98a7090169f3be59a0758389a403d77592aa56ce596,1026535.5677599908,0.002,4135.56575999083,71,4135.56575999083,googlenet,1.1487682666641195
96149d3ed4f00afb92f12856101e693e93c4683f030ae6ca6ebfbb7ba5a2a345,c098bb74acb70a0ea1bce98a7090169f3be59a0758389a403d77592aa56ce596,1026538.3520059586,0.002,4138.350005958579,71,4138.350005958579,googlenet,1.1495416683218274
96149d3ed4f00afb92f12856101e693e93c4683f030ae6ca6ebfbb7ba5a2a345,c098bb74acb70a0ea1bce98a7090169f3be59a0758389a403d77592aa56ce596,1026546.7855610847,0.019,4146.766561084776,71,4146.766561084776,googlenet,1.1518796003013267
96149d3ed4f00afb92f12856101e693e93c4683f030ae6ca6ebfbb7ba5a2a345,c098bb74acb70a0ea1bce98a7090169f3be59a0758389a403d77592aa56ce596,1026558.6708021164,0.002,4158.6688021164155,71,4158.6688021164155,googlenet,1.155185778365671
96149d3ed4f00afb92f12856101e693e93c4683f030ae6ca6ebfbb7ba5a2a345,c098bb74acb70a0ea1bce98a7090169f3be59a0758389a403d77592aa56ce596,1026558.7423739432,0.009,4158.733373943251,71,4158.733373943251,googlenet,1.1552037149842362
96149d3ed4f00afb92f12856101e693e93c4683f030ae6ca6ebfbb7ba5a2a345,c098bb74acb70a0ea1bce98a7090169f3be59a0758389a403d77592aa56ce596,1026559.101831913,0.002,4159.099831913016,71,4159.099831913016,googlenet,1.1553055088647266
96149d3ed4f00afb92f12856101e693e93c4683f030ae6ca6ebfbb7ba5a2a345,c098bb74acb70a0ea1bce98a7090169f3be59a0758389a403d77592aa56ce596,1026563.5417129992,0.008,4163.533712999197,71,4163.533712999197,googlenet,1.1565371424997768
96149d3ed4f00afb92f12856101e693e93c4683f030ae6ca6ebfbb7ba5a2a345,c098bb74acb70a0ea1bce98a7090169f3be59a0758389a403d77592aa56ce596,1026588.6520090104,0.002,4188.650009010453,71,4188.650009010453,googlenet,1.1635138913917924
96149d3ed4f00afb92f12856101e693e93c4683f030ae6ca6ebfbb7ba5a2a345,c098bb74acb70a0ea1bce98a7090169f3be59a0758389a403d77592aa56ce596,1026593.1215500832,0.002,4193.119550083182,71,4193.119550083182,googlenet,1.1647554305786616
96149d3ed4f00afb92f12856101e693e93c4683f030ae6ca6ebfbb7ba5a2a345,c098bb74acb70a0ea1bce98a7090169f3be59a0758389a403d77592aa56ce596,1026595.1964960098,0.002,4195.194496009848,71,4195.194496009848,googlenet,1.16533180444718
96149d3ed4f00afb92f12856101e693e93c4683f030ae6ca6ebfbb7ba5a2a345,c098bb74acb70a0ea1bce98a7090169f3be59a0758389a403d77592aa56ce596,1026596.3903980256,0.002,4196.3883980256505,71,4196.3883980256505,googlenet,1.165663443896014
96149d3ed4f00afb92f12856101e693e93c4683f030ae6ca6ebfbb7ba5a2a345,c098bb74acb70a0ea1bce98a7090169f3be59a0758389a403d77592aa56ce596,1026596.500458002,0.003,4196.497458001948,71,4196.497458001948,googlenet,1.1656937383338744
96149d3ed4f00afb92f12856101e693e93c4683f030ae6ca6ebfbb7ba5a2a345,c098bb74acb70a0ea1bce98a7090169f3be59a0758389a403d77592aa56ce596,1026597.1303620338,0.002,4197.128362033865,71,4197.128362033865,googlenet,1.1658689894538514
96149d3ed4f00afb92f12856101e693e93c4683f030ae6ca6ebfbb7ba5a2a345,c098bb74acb70a0ea1bce98a7090169f3be59a0758389a403d77592aa56ce596,1026606.191804886,0.003,4206.188804885955,71,4206.188804885955,googlenet,1.1683857791349874
96149d3ed4f00afb92f12856101e693e93c4683f030ae6ca6ebfbb7ba5a2a345,c098bb74acb70a0ea1bce98a7090169f3be59a0758389a403d77592aa56ce596,1026616.0587229728,0.002,4216.056722972775,71,4216.056722972775,googlenet,1.1711268674924376
96149d3ed4f00afb92f12856101e693e93c4683f030ae6ca6ebfbb7ba5a2a345,c098bb74acb70a0ea1bce98a7090169f3be59a0758389a403d77592aa56ce596,1026617.1236670016,0.002,4217.121667001629,71,4217.121667001629,googlenet,1.1714226852782303
96149d3ed4f00afb92f12856101e693e93c4683f030ae6ca6ebfbb7ba5a2a345,c098bb74acb70a0ea1bce98a7090169f3be59a0758389a403d77592aa56ce596,1026617.4902191162,0.002,4217.488219116232,71,4217.488219116232,googlenet,1.1715245053100645
96149d3ed4f00afb92f12856101e693e93c4683f030ae6ca6ebfbb7ba5a2a345,c098bb74acb70a0ea1bce98a7090169f3be59a0758389a403d77592aa56ce596,1026639.4712309836,0.002,4239.469230983639,71,4239.469230983639,googlenet,1.1776303419398997
96149d3ed4f00afb92f12856101e693e93c4683f030ae6ca6ebfbb7ba5a2a345,c098bb74acb70a0ea1bce98a7090169f3be59a0758389a403d77592aa56ce596,1026652.0988430976,0.002,4252.096843097592,71,4252.096843097592,googlenet,1.1811380119715533
96149d3ed4f00afb92f12856101e693e93c4683f030ae6ca6ebfbb7ba5a2a345,c098bb74acb70a0ea1bce98a7090169f3be59a0758389a403d77592aa56ce596,1026677.4315309525,0.002,4277.429530952475,71,4277.429530952475,googlenet,1.1881748697090209
96149d3ed4f00afb92f12856101e693e93c4683f030ae6ca6ebfbb7ba5a2a345,c098bb74acb70a0ea1bce98a7090169f3be59a0758389a403d77592aa56ce596,1026747.6315779686,0.002,4347.629577968619,71,4347.629577968619,googlenet,1.2076748827690609
96149d3ed4f00afb92f12856101e693e93c4683f030ae6ca6ebfbb7ba5a2a345,c098bb74acb70a0ea1bce98a7090169f3be59a0758389a403d77592aa56ce596,1026753.5878090858,0.002,4353.585809085867,71,4353.585809085867,googlenet,1.209329391412741
96149d3ed4f00afb92f12856101e693e93c4683f030ae6ca6ebfbb7ba5a2a345,c098bb74acb70a0ea1bce98a7090169f3be59a0758389a403d77592aa56ce596,1026769.7823710442,0.006,4369.776371044107,71,4369.776371044107,googlenet,1.213826769734474
96149d3ed4f00afb92f12856101e693e93c4683f030ae6ca6ebfbb7ba5a2a345,c098bb74acb70a0ea1bce98a7090169f3be59a0758389a403d77592aa56ce596,1026783.523202896,0.018,4383.505202895962,71,4383.505202895962,googlenet,1.217640334137767
96149d3ed4f00afb92f12856101e693e93c4683f030ae6ca6ebfbb7ba5a2a345,c098bb74acb70a0ea1bce98a7090169f3be59a0758389a403d77592aa56ce596,1026784.1390008926,0.002,4384.137000892661,71,4384.137000892661,googlenet,1.2178158335812945
96149d3ed4f00afb92f12856101e693e93c4683f030ae6ca6ebfbb7ba5a2a345,c098bb74acb70a0ea1bce98a7090169f3be59a0758389a403d77592aa56ce596,1026794.5560719968,0.002,4394.554071996827,71,4394.554071996827,googlenet,1.220709464443563
96149d3ed4f00afb92f12856101e693e93c4683f030ae6ca6ebfbb7ba5a2a345,c098bb74acb70a0ea1bce98a7090169f3be59a0758389a403d77592aa56ce596,1026794.6492240428,0.007,4394.642224042793,71,4394.642224042793,googlenet,1.220733951122998
96149d3ed4f00afb92f12856101e693e93c4683f030ae6ca6ebfbb7ba5a2a345,c098bb74acb70a0ea1bce98a7090169f3be59a0758389a403d77592aa56ce596,1026800.7619290352,0.002,4400.759929035208,71,4400.759929035208,googlenet,1.2224333136208911
96149d3ed4f00afb92f12856101e693e93c4683f030ae6ca6ebfbb7ba5a2a345,c098bb74acb70a0ea1bce98a7090169f3be59a0758389a403d77592aa56ce596,1026800.8532409668,0.003,4400.850240966771,71,4400.850240966771,googlenet,1.2224584002685475
96149d3ed4f00afb92f12856101e693e93c4683f030ae6ca6ebfbb7ba5a2a345,c098bb74acb70a0ea1bce98a7090169f3be59a0758389a403d77592aa56ce596,1026801.0903410912,0.002,4401.088341091177,71,4401.088341091177,googlenet,1.2225245391919937
96149d3ed4f00afb92f12856101e693e93c4683f030ae6ca6ebfbb7ba5a2a345,c098bb74acb70a0ea1bce98a7090169f3be59a0758389a403d77592aa56ce596,1026801.72469306,0.002,4401.722693060059,71,4401.722693060059,googlenet,1.2227007480722387
96149d3ed4f00afb92f12856101e693e93c4683f030ae6ca6ebfbb7ba5a2a345,c098bb74acb70a0ea1bce98a7090169f3be59a0758389a403d77592aa56ce596,1026808.8204920292,0.002,4408.8184920292115,71,4408.8184920292115,googlenet,1.2246718033414477
96149d3ed4f00afb92f12856101e693e93c4683f030ae6ca6ebfbb7ba5a2a345,c098bb74acb70a0ea1bce98a7090169f3be59a0758389a403d77592aa56ce596,1026815.2834858894,0.002,4415.281485889456,71,4415.281485889456,googlenet,1.2264670794137378
96149d3ed4f00afb92f12856101e693e93c4683f030ae6ca6ebfbb7ba5a2a345,c098bb74acb70a0ea1bce98a7090169f3be59a0758389a403d77592aa56ce596,1026952.5921850204,0.002,4552.590185020468,71,4552.590185020468,googlenet,1.264608384727908
96149d3ed4f00afb92f12856101e693e93c4683f030ae6ca6ebfbb7ba5a2a345,c098bb74acb70a0ea1bce98a7090169f3be59a0758389a403d77592aa56ce596,1026959.383564949,0.002,4559.381564949057,71,4559.381564949057,googlenet,1.266494879152516
96149d3ed4f00afb92f12856101e693e93c4683f030ae6ca6ebfbb7ba5a2a345,c098bb74acb70a0ea1bce98a7090169f3be59a0758389a403d77592aa56ce596,1026960.3306100368,0.002,4560.328610036871,71,4560.328610036871,googlenet,1.2667579472324644
96149d3ed4f00afb92f12856101e693e93c4683f030ae6ca6ebfbb7ba5a2a345,c098bb74acb70a0ea1bce98a7090169f3be59a0758389a403d77592aa56ce596,1026961.333163023,0.002,4561.331163023016,71,4561.331163023016,googlenet,1.2670364341730602
96149d3ed4f00afb92f12856101e693e93c4683f030ae6ca6ebfbb7ba5a2a345,c098bb74acb70a0ea1bce98a7090169f3be59a0758389a403d77592aa56ce596,1027898.9298830032,0.003,5498.926883003209,71,5498.926883003209,googlenet,1.5274796897231135
96149d3ed4f00afb92f12856101e693e93c4683f030ae6ca6ebfbb7ba5a2a345,c098bb74acb70a0ea1bce98a7090169f3be59a0758389a403d77592aa56ce596,1028369.9488170148,0.002,5969.946817014832,71,5969.946817014832,googlenet,1.6583185602818977
96149d3ed4f00afb92f12856101e693e93c4683f030ae6ca6ebfbb7ba5a2a345,eefb3a7b86d12c2676276a5dde28099ef6f546a60e5b78e0a1c2b7221baf154d,1022562.4131069185,0.0,162.41310691845138,71,162.41310691845138,inception,0.04511475192179205
96149d3ed4f00afb92f12856101e693e93c4683f030ae6ca6ebfbb7ba5a2a345,eefb3a7b86d12c2676276a5dde28099ef6f546a60e5b78e0a1c2b7221baf154d,1022563.0919630527,0.0,163.09196305274963,71,163.09196305274963,inception,0.045303323070208235
96149d3ed4f00afb92f12856101e693e93c4683f030ae6ca6ebfbb7ba5a2a345,eefb3a7b86d12c2676276a5dde28099ef6f546a60e5b78e0a1c2b7221baf154d,1022563.164098978,0.0,163.1640989780426,71,163.1640989780426,inception,0.04532336082723406
96149d3ed4f00afb92f12856101e693e93c4683f030ae6ca6ebfbb7ba5a2a345,eefb3a7b86d12c2676276a5dde28099ef6f546a60e5b78e0a1c2b7221baf154d,1022563.3576960564,0.0,163.35769605636597,71,163.35769605636597,inception,0.04537713779343499
96149d3ed4f00afb92f12856101e693e93c4683f030ae6ca6ebfbb7ba5a2a345,eefb3a7b86d12c2676276a5dde28099ef6f546a60e5b78e0a1c2b7221baf154d,1022587.2450649738,0.0,187.24506497383118,71,187.24506497383118,inception,0.05201251804828644
96149d3ed4f00afb92f12856101e693e93c4683f030ae6ca6ebfbb7ba5a2a345,eefb3a7b86d12c2676276a5dde28099ef6f546a60e5b78e0a1c2b7221baf154d,1022595.421941042,0.0,195.4219410419464,71,195.4219410419464,inception,0.05428387251165178
96149d3ed4f00afb92f12856101e693e93c4683f030ae6ca6ebfbb7ba5a2a345,eefb3a7b86d12c2676276a5dde28099ef6f546a60e5b78e0a1c2b7221baf154d,1022606.258692026,0.0,206.2586920260219,71,206.2586920260219,inception,0.05729408111833941
96149d3ed4f00afb92f12856101e693e93c4683f030ae6ca6ebfbb7ba5a2a345,eefb3a7b86d12c2676276a5dde28099ef6f546a60e5b78e0a1c2b7221baf154d,1022614.3419880868,0.0,214.34198808681685,71,214.34198808681685,inception,0.059539441135226905
96149d3ed4f00afb92f12856101e693e93c4683f030ae6ca6ebfbb7ba5a2a345,eefb3a7b86d12c2676276a5dde28099ef6f546a60e5b78e0a1c2b7221baf154d,1022620.0784699916,0.0,220.07846999156754,71,220.07846999156754,inception,0.061132908330990984
96149d3ed4f00afb92f12856101e693e93c4683f030ae6ca6ebfbb7ba5a2a345,eefb3a7b86d12c2676276a5dde28099ef6f546a60e5b78e0a1c2b7221baf154d,1022623.9062559603,0.0,223.90625596034806,71,223.90625596034806,inception,0.0621961822112078
96149d3ed4f00afb92f12856101e693e93c4683f030ae6ca6ebfbb7ba5a2a345,eefb3a7b86d12c2676276a5dde28099ef6f546a60e5b78e0a1c2b7221baf154d,1022624.6988430024,0.0,224.69884300243575,71,224.69884300243575,inception,0.062416345278454376
96149d3ed4f00afb92f12856101e693e93c4683f030ae6ca6ebfbb7ba5a2a345,eefb3a7b86d12c2676276a5dde28099ef6f546a60e5b78e0a1c2b7221baf154d,1022627.407552004,0.0,227.4075520039769,71,227.4075520039769,inception,0.06316876444554914
96149d3ed4f00afb92f12856101e693e93c4683f030ae6ca6ebfbb7ba5a2a345,eefb3a7b86d12c2676276a5dde28099ef6f546a60e5b78e0a1c2b7221baf154d,1022629.3471388816,0.0,229.34713888156693,71,229.34713888156693,inception,0.06370753857821304
96149d3ed4f00afb92f12856101e693e93c4683f030ae6ca6ebfbb7ba5a2a345,eefb3a7b86d12c2676276a5dde28099ef6f546a60e5b78e0a1c2b7221baf154d,1022632.2809979916,0.0,232.2809979915619,71,232.2809979915619,inception,0.06452249944210052
96149d3ed4f00afb92f12856101e693e93c4683f030ae6ca6ebfbb7ba5a2a345,eefb3a7b86d12c2676276a5dde28099ef6f546a60e5b78e0a1c2b7221baf154d,1022634.9004909992,0.0,234.9004909992218,71,234.9004909992218,inception,0.06525013638867272
96149d3ed4f00afb92f12856101e693e93c4683f030ae6ca6ebfbb7ba5a2a345,eefb3a7b86d12c2676276a5dde28099ef6f546a60e5b78e0a1c2b7221baf154d,1022637.0895330906,0.0,237.08953309059143,71,237.08953309059143,inception,0.0658582036362754
96149d3ed4f00afb92f12856101e693e93c4683f030ae6ca6ebfbb7ba5a2a345,eefb3a7b86d12c2676276a5dde28099ef6f546a60e5b78e0a1c2b7221baf154d,1022678.3433279992,0.0,278.3433279992314,71,278.3433279992314,inception,0.07731759111089762
96149d3ed4f00afb92f12856101e693e93c4683f030ae6ca6ebfbb7ba5a2a345,eefb3a7b86d12c2676276a5dde28099ef6f546a60e5b78e0a1c2b7221baf154d,1022686.5936419964,0.0,286.59364199638367,71,286.59364199638367,inception,0.07960934499899547
96149d3ed4f00afb92f12856101e693e93c4683f030ae6ca6ebfbb7ba5a2a345,eefb3a7b86d12c2676276a5dde28099ef6f546a60e5b78e0a1c2b7221baf154d,1022696.8755168916,0.0,296.8755168915959,71,296.8755168915959,inception,0.08246542135877664
96149d3ed4f00afb92f12856101e693e93c4683f030ae6ca6ebfbb7ba5a2a345,eefb3a7b86d12c2676276a5dde28099ef6f546a60e5b78e0a1c2b7221baf154d,1022703.8525300026,0.0,303.852530002594,71,303.852530002594,inception,0.08440348055627611
96149d3ed4f00afb92f12856101e693e93c4683f030ae6ca6ebfbb7ba5a2a345,eefb3a7b86d12c2676276a5dde28099ef6f546a60e5b78e0a1c2b7221baf154d,1022718.0894420148,0.0,318.08944201481063,71,318.08944201481063,inception,0.0883581783374474
96149d3ed4f00afb92f12856101e693e93c4683f030ae6ca6ebfbb7ba5a2a345,eefb3a7b86d12c2676276a5dde28099ef6f546a60e5b78e0a1c2b7221baf154d,1022724.1255590916,0.0,324.125559091568,71,324.125559091568,inception,0.09003487752543556
96149d3ed4f00afb92f12856101e693e93c4683f030ae6ca6ebfbb7ba5a2a345,eefb3a7b86d12c2676276a5dde28099ef6f546a60e5b78e0a1c2b7221baf154d,1022776.81596303,0.008,376.80796302994713,71,376.80796302994713,inception,0.10466887861942976
96149d3ed4f00afb92f12856101e693e93c4683f030ae6ca6ebfbb7ba5a2a345,eefb3a7b86d12c2676276a5dde28099ef6f546a60e5b78e0a1c2b7221baf154d,1022806.1003530024,0.0,406.1003530024318,71,406.1003530024318,inception,0.11280565361178661
96149d3ed4f00afb92f12856101e693e93c4683f030ae6ca6ebfbb7ba5a2a345,eefb3a7b86d12c2676276a5dde28099ef6f546a60e5b78e0a1c2b7221baf154d,1022822.6113679408,0.004,422.60736794082914,71,422.60736794082914,inception,0.11739093553911921
96149d3ed4f00afb92f12856101e693e93c4683f030ae6ca6ebfbb7ba5a2a345,eefb3a7b86d12c2676276a5dde28099ef6f546a60e5b78e0a1c2b7221baf154d,1022823.917871952,0.0,423.9178719520569,71,423.9178719520569,inception,0.11775496443112692
96149d3ed4f00afb92f12856101e693e93c4683f030ae6ca6ebfbb7ba5a2a345,eefb3a7b86d12c2676276a5dde28099ef6f546a60e5b78e0a1c2b7221baf154d,1022930.2640960217,0.0,530.2640960216522,71,530.2640960216522,inception,0.14729558222823672
96149d3ed4f00afb92f12856101e693e93c4683f030ae6ca6ebfbb7ba5a2a345,eefb3a7b86d12c2676276a5dde28099ef6f546a60e5b78e0a1c2b7221baf154d,1023005.4984629154,0.0,605.4984629154205,71,605.4984629154205,inception,0.1681940174765057
96149d3ed4f00afb92f12856101e693e93c4683f030ae6ca6ebfbb7ba5a2a345,eefb3a7b86d12c2676276a5dde28099ef6f546a60e5b78e0a1c2b7221baf154d,1023016.2688789368,0.002,616.266878936789,71,616.266878936789,inception,0.17118524414910805
96149d3ed4f00afb92f12856101e693e93c4683f030ae6ca6ebfbb7ba5a2a345,eefb3a7b86d12c2676276a5dde28099ef6f546a60e5b78e0a1c2b7221baf154d,1023028.3510770798,0.0,628.351077079773,71,628.351077079773,inception,0.17454196585549248
96149d3ed4f00afb92f12856101e693e93c4683f030ae6ca6ebfbb7ba5a2a345,eefb3a7b86d12c2676276a5dde28099ef6f546a60e5b78e0a1c2b7221baf154d,1023083.3867740632,0.0,683.3867740632268,71,683.3867740632268,inception,0.18982965946200744
96149d3ed4f00afb92f12856101e693e93c4683f030ae6ca6ebfbb7ba5a2a345,eefb3a7b86d12c2676276a5dde28099ef6f546a60e5b78e0a1c2b7221baf154d,1023083.7055559158,0.0,683.7055559158325,71,683.7055559158325,inception,0.18991820997662015
96149d3ed4f00afb92f12856101e693e93c4683f030ae6ca6ebfbb7ba5a2a345,eefb3a7b86d12c2676276a5dde28099ef6f546a60e5b78e0a1c2b7221baf154d,1023090.8808419704,0.0,690.8808419704437,71,690.8808419704437,inception,0.1919113449917899
96149d3ed4f00afb92f12856101e693e93c4683f030ae6ca6ebfbb7ba5a2a345,eefb3a7b86d12c2676276a5dde28099ef6f546a60e5b78e0a1c2b7221baf154d,1023119.9511830808,0.0,719.9511830807896,71,719.9511830807896,inception,0.1999864397446638
96149d3ed4f00afb92f12856101e693e93c4683f030ae6ca6ebfbb7ba5a2a345,eefb3a7b86d12c2676276a5dde28099ef6f546a60e5b78e0a1c2b7221baf154d,1023126.2882208824,0.0,726.2882208824158,71,726.2882208824158,inception,0.20174672802289326
96149d3ed4f00afb92f12856101e693e93c4683f030ae6ca6ebfbb7ba5a2a345,eefb3a7b86d12c2676276a5dde28099ef6f546a60e5b78e0a1c2b7221baf154d,1023129.4169080256,0.0,729.4169080256252,71,729.4169080256252,inception,0.20261580778489588
96149d3ed4f00afb92f12856101e693e93c4683f030ae6ca6ebfbb7ba5a2a345,eefb3a7b86d12c2676276a5dde28099ef6f546a60e5b78e0a1c2b7221baf154d,1023147.920133114,0.0,747.9201331139775,71,747.9201331139775,inception,0.20775559253166043
96149d3ed4f00afb92f12856101e693e93c4683f030ae6ca6ebfbb7ba5a2a345,eefb3a7b86d12c2676276a5dde28099ef6f546a60e5b78e0a1c2b7221baf154d,1023150.4602921008,0.0,750.46029210079,71,750.46029210079,inception,0.20846119225021945
96149d3ed4f00afb92f12856101e693e93c4683f030ae6ca6ebfbb7ba5a2a345,eefb3a7b86d12c2676276a5dde28099ef6f546a60e5b78e0a1c2b7221baf154d,1023158.8067200184,0.0,758.8067200183868,71,758.8067200183868,inception,0.2107796444495519
96149d3ed4f00afb92f12856101e693e93c4683f030ae6ca6ebfbb7ba5a2a345,eefb3a7b86d12c2676276a5dde28099ef6f546a60e5b78e0a1c2b7221baf154d,1023159.1353299618,0.0,759.1353299617767,71,759.1353299617767,inception,0.21087092498938242
96149d3ed4f00afb92f12856101e693e93c4683f030ae6ca6ebfbb7ba5a2a345,eefb3a7b86d12c2676276a5dde28099ef6f546a60e5b78e0a1c2b7221baf154d,1023171.4552900792,0.0,771.4552900792332,71,771.4552900792332,inception,0.21429313613312034
96149d3ed4f00afb92f12856101e693e93c4683f030ae6ca6ebfbb7ba5a2a345,eefb3a7b86d12c2676276a5dde28099ef6f546a60e5b78e0a1c2b7221baf154d,1023183.4086689948,0.0,783.4086689947871,71,783.4086689947871,inception,0.21761351916521865
96149d3ed4f00afb92f12856101e693e93c4683f030ae6ca6ebfbb7ba5a2a345,eefb3a7b86d12c2676276a5dde28099ef6f546a60e5b78e0a1c2b7221baf154d,1023183.4688949584,0.0,783.4688949583797,71,783.4688949583797,inception,0.2176302485995499
96149d3ed4f00afb92f12856101e693e93c4683f030ae6ca6ebfbb7ba5a2a345,eefb3a7b86d12c2676276a5dde28099ef6f546a60e5b78e0a1c2b7221baf154d,1023188.520136118,0.0,788.5201361180516,71,788.5201361180516,inception,0.21903337114390323
96149d3ed4f00afb92f12856101e693e93c4683f030ae6ca6ebfbb7ba5a2a345,eefb3a7b86d12c2676276a5dde28099ef6f546a60e5b78e0a1c2b7221baf154d,1023192.189923048,0.0,792.1899230480194,71,792.1899230480194,inception,0.2200527564022276
96149d3ed4f00afb92f12856101e693e93c4683f030ae6ca6ebfbb7ba5a2a345,eefb3a7b86d12c2676276a5dde28099ef6f546a60e5b78e0a1c2b7221baf154d,1023192.317565918,0.0,792.3175659179688,71,792.3175659179688,inception,0.22008821275499132
96149d3ed4f00afb92f12856101e693e93c4683f030ae6ca6ebfbb7ba5a2a345,eefb3a7b86d12c2676276a5dde28099ef6f546a60e5b78e0a1c2b7221baf154d,1023193.2216289043,0.004,793.2176289043855,71,793.2176289043855,inception,0.22033823025121818
96149d3ed4f00afb92f12856101e693e93c4683f030ae6ca6ebfbb7ba5a2a345,eefb3a7b86d12c2676276a5dde28099ef6f546a60e5b78e0a1c2b7221baf154d,1023194.6056470872,0.0,794.6056470872136,71,794.6056470872136,inception,0.22072379085755933
96149d3ed4f00afb92f12856101e693e93c4683f030ae6ca6ebfbb7ba5a2a345,eefb3a7b86d12c2676276a5dde28099ef6f546a60e5b78e0a1c2b7221baf154d,1023194.8360819815,0.0,794.8360819815425,71,794.8360819815425,inception,0.2207878005504285
96149d3ed4f00afb92f12856101e693e93c4683f030ae6ca6ebfbb7ba5a2a345,eefb3a7b86d12c2676276a5dde28099ef6f546a60e5b78e0a1c2b7221baf154d,1023198.8952810764,0.0,798.8952810764313,71,798.8952810764313,inception,0.22191535585456423
96149d3ed4f00afb92f12856101e693e93c4683f030ae6ca6ebfbb7ba5a2a345,eefb3a7b86d12c2676276a5dde28099ef6f546a60e5b78e0a1c2b7221baf154d,1023203.4865689278,0.0,803.4865689277649,71,803.4865689277649,inception,0.2231907135910458
96149d3ed4f00afb92f12856101e693e93c4683f030ae6ca6ebfbb7ba5a2a345,eefb3a7b86d12c2676276a5dde28099ef6f546a60e5b78e0a1c2b7221baf154d,1023208.3194520472,0.0,808.3194520472316,71,808.3194520472316,inception,0.224533181124231
96149d3ed4f00afb92f12856101e693e93c4683f030ae6ca6ebfbb7ba5a2a345,eefb3a7b86d12c2676276a5dde28099ef6f546a60e5b78e0a1c2b7221baf154d,1023210.5811309814,0.0,810.5811309814453,71,810.5811309814453,inception,0.2251614252726237
96149d3ed4f00afb92f12856101e693e93c4683f030ae6ca6ebfbb7ba5a2a345,eefb3a7b86d12c2676276a5dde28099ef6f546a60e5b78e0a1c2b7221baf154d,1023215.6293098928,0.0,815.6293098927708,71,815.6293098927708,inception,0.22656369719243635
96149d3ed4f00afb92f12856101e693e93c4683f030ae6ca6ebfbb7ba5a2a345,eefb3a7b86d12c2676276a5dde28099ef6f546a60e5b78e0a1c2b7221baf154d,1023223.4241290092,0.0,823.4241290092468,71,823.4241290092468,inception,0.22872892472479078
96149d3ed4f00afb92f12856101e693e93c4683f030ae6ca6ebfbb7ba5a2a345,eefb3a7b86d12c2676276a5dde28099ef6f546a60e5b78e0a1c2b7221baf154d,1023226.2753059864,0.0,826.2753059864044,71,826.2753059864044,inception,0.2295209183295568
96149d3ed4f00afb92f12856101e693e93c4683f030ae6ca6ebfbb7ba5a2a345,eefb3a7b86d12c2676276a5dde28099ef6f546a60e5b78e0a1c2b7221baf154d,1023231.2295770644,0.0,831.2295770643977,71,831.2295770643977,inception,0.2308971047401105
96149d3ed4f00afb92f12856101e693e93c4683f030ae6ca6ebfbb7ba5a2a345,eefb3a7b86d12c2676276a5dde28099ef6f546a60e5b78e0a1c2b7221baf154d,1023240.6337389946,0.0,840.6337389945984,71,840.6337389945984,inception,0.233509371942944
96149d3ed4f00afb92f12856101e693e93c4683f030ae6ca6ebfbb7ba5a2a345,eefb3a7b86d12c2676276a5dde28099ef6f546a60e5b78e0a1c2b7221baf154d,1023241.578911066,0.0,841.5789110660553,71,841.5789110660553,inception,0.2337719197405709
96149d3ed4f00afb92f12856101e693e93c4683f030ae6ca6ebfbb7ba5a2a345,eefb3a7b86d12c2676276a5dde28099ef6f546a60e5b78e0a1c2b7221baf154d,1023241.711071968,0.0,841.7110719679622,71,841.7110719679622,inception,0.23380863110221173
96149d3ed4f00afb92f12856101e693e93c4683f030ae6ca6ebfbb7ba5a2a345,eefb3a7b86d12c2676276a5dde28099ef6f546a60e5b78e0a1c2b7221baf154d,1023247.6617650986,0.0,847.6617650985718,71,847.6617650985718,inception,0.23546160141626993
96149d3ed4f00afb92f12856101e693e93c4683f030ae6ca6ebfbb7ba5a2a345,eefb3a7b86d12c2676276a5dde28099ef6f546a60e5b78e0a1c2b7221baf154d,1023248.8081760406,0.0,848.8081760406494,71,848.8081760406494,inception,0.2357800489001804
96149d3ed4f00afb92f12856101e693e93c4683f030ae6ca6ebfbb7ba5a2a345,eefb3a7b86d12c2676276a5dde28099ef6f546a60e5b78e0a1c2b7221baf154d,1023250.3927869796,0.0,850.3927869795589,71,850.3927869795589,inception,0.23622021860543302
96149d3ed4f00afb92f12856101e693e93c4683f030ae6ca6ebfbb7ba5a2a345,eefb3a7b86d12c2676276a5dde28099ef6f546a60e5b78e0a1c2b7221baf154d,1023254.12195611,0.0,854.1219561100006,71,854.1219561100006,inception,0.2372560989194446
96149d3ed4f00afb92f12856101e693e93c4683f030ae6ca6ebfbb7ba5a2a345,eefb3a7b86d12c2676276a5dde28099ef6f546a60e5b78e0a1c2b7221baf154d,1023261.2890160084,0.0,861.2890160083771,71,861.2890160083771,inception,0.23924694889121587
96149d3ed4f00afb92f12856101e693e93c4683f030ae6ca6ebfbb7ba5a2a345,eefb3a7b86d12c2676276a5dde28099ef6f546a60e5b78e0a1c2b7221baf154d,1023262.203152895,0.0,862.2031528949738,71,862.2031528949738,inception,0.23950087580415938
96149d3ed4f00afb92f12856101e693e93c4683f030ae6ca6ebfbb7ba5a2a345,eefb3a7b86d12c2676276a5dde28099ef6f546a60e5b78e0a1c2b7221baf154d,1023265.9830698968,0.0,865.9830698968144,71,865.9830698968144,inception,0.2405508527491151
96149d3ed4f00afb92f12856101e693e93c4683f030ae6ca6ebfbb7ba5a2a345,eefb3a7b86d12c2676276a5dde28099ef6f546a60e5b78e0a1c2b7221baf154d,1023267.1229000092,0.0,867.1229000091553,71,867.1229000091553,inception,0.24086747222476534
96149d3ed4f00afb92f12856101e693e93c4683f030ae6ca6ebfbb7ba5a2a345,eefb3a7b86d12c2676276a5dde28099ef6f546a60e5b78e0a1c2b7221baf154d,1023277.4724779128,0.0,877.4724779127864,71,877.4724779127864,inception,0.243742354975774
96149d3ed4f00afb92f12856101e693e93c4683f030ae6ca6ebfbb7ba5a2a345,eefb3a7b86d12c2676276a5dde28099ef6f546a60e5b78e0a1c2b7221baf154d,1023278.3304669856,0.0,878.3304669855861,71,878.3304669855861,inception,0.24398068527377392
96149d3ed4f00afb92f12856101e693e93c4683f030ae6ca6ebfbb7ba5a2a345,eefb3a7b86d12c2676276a5dde28099ef6f546a60e5b78e0a1c2b7221baf154d,1023278.6328999996,0.0,878.6328999996185,71,878.6328999996185,inception,0.24406469444433848
96149d3ed4f00afb92f12856101e693e93c4683f030ae6ca6ebfbb7ba5a2a345,eefb3a7b86d12c2676276a5dde28099ef6f546a60e5b78e0a1c2b7221baf154d,1023281.07523489,0.0,881.0752348899841,71,881.0752348899841,inception,0.24474312080277336
96149d3ed4f00afb92f12856101e693e93c4683f030ae6ca6ebfbb7ba5a2a345,eefb3a7b86d12c2676276a5dde28099ef6f546a60e5b78e0a1c2b7221baf154d,1023290.3487970828,0.0,890.3487970827846,71,890.3487970827846,inception,0.2473191103007735
96149d3ed4f00afb92f12856101e693e93c4683f030ae6ca6ebfbb7ba5a2a345,eefb3a7b86d12c2676276a5dde28099ef6f546a60e5b78e0a1c2b7221baf154d,1023295.7215878963,0.0,895.721587896347,71,895.721587896347,inception,0.24881155219342974
96149d3ed4f00afb92f12856101e693e93c4683f030ae6ca6ebfbb7ba5a2a345,eefb3a7b86d12c2676276a5dde28099ef6f546a60e5b78e0a1c2b7221baf154d,1023296.6627368928,0.001,896.6617368927691,71,896.6617368927691,inception,0.24907270469243586
96149d3ed4f00afb92f12856101e693e93c4683f030ae6ca6ebfbb7ba5a2a345,eefb3a7b86d12c2676276a5dde28099ef6f546a60e5b78e0a1c2b7221baf154d,1023298.8225040436,0.0,898.8225040435791,71,898.8225040435791,inception,0.2496729177898831
96149d3ed4f00afb92f12856101e693e93c4683f030ae6ca6ebfbb7ba5a2a345,eefb3a7b86d12c2676276a5dde28099ef6f546a60e5b78e0a1c2b7221baf154d,1023299.4201350212,0.0,899.4201350212097,71,899.4201350212097,inception,0.24983892639478048
96149d3ed4f00afb92f12856101e693e93c4683f030ae6ca6ebfbb7ba5a2a345,eefb3a7b86d12c2676276a5dde28099ef6f546a60e5b78e0a1c2b7221baf154d,1023299.9844429492,0.0,899.9844429491786,71,899.9844429491786,inception,0.24999567859699406
96149d3ed4f00afb92f12856101e693e93c4683f030ae6ca6ebfbb7ba5a2a345,eefb3a7b86d12c2676276a5dde28099ef6f546a60e5b78e0a1c2b7221baf154d,1023302.0803189278,0.0,902.0803189277649,71,902.0803189277649,inception,0.25057786636882357
96149d3ed4f00afb92f12856101e693e93c4683f030ae6ca6ebfbb7ba5a2a345,eefb3a7b86d12c2676276a5dde28099ef6f546a60e5b78e0a1c2b7221baf154d,1023303.1510879992,0.0,903.1510879992275,71,903.1510879992275,inception,0.2508753022220076
96149d3ed4f00afb92f12856101e693e93c4683f030ae6ca6ebfbb7ba5a2a345,eefb3a7b86d12c2676276a5dde28099ef6f546a60e5b78e0a1c2b7221baf154d,1023305.983766079,0.0,905.983766078949,71,905.983766078949,inception,0.2516621572441525
96149d3ed4f00afb92f12856101e693e93c4683f030ae6ca6ebfbb7ba5a2a345,eefb3a7b86d12c2676276a5dde28099ef6f546a60e5b78e0a1c2b7221baf154d,1023307.9453120232,0.0,907.9453120231628,71,907.9453120231628,inception,0.2522070311175452
96149d3ed4f00afb92f12856101e693e93c4683f030ae6ca6ebfbb7ba5a2a345,eefb3a7b86d12c2676276a5dde28099ef6f546a60e5b78e0a1c2b7221baf154d,1023311.6212830544,0.0,911.6212830543518,71,911.6212830543518,inception,0.2532281341817644
96149d3ed4f00afb92f12856101e693e93c4683f030ae6ca6ebfbb7ba5a2a345,eefb3a7b86d12c2676276a5dde28099ef6f546a60e5b78e0a1c2b7221baf154d,1023313.78037405,0.001,913.7793740499765,71,913.7793740499765,inception,0.25382760390277126
96149d3ed4f00afb92f12856101e693e93c4683f030ae6ca6ebfbb7ba5a2a345,eefb3a7b86d12c2676276a5dde28099ef6f546a60e5b78e0a1c2b7221baf154d,1023313.9305899144,0.0,913.9305899144383,71,913.9305899144383,inception,0.2538696083095662
96149d3ed4f00afb92f12856101e693e93c4683f030ae6ca6ebfbb7ba5a2a345,eefb3a7b86d12c2676276a5dde28099ef6f546a60e5b78e0a1c2b7221baf154d,1023318.3891940116,0.001,918.3881940115243,71,918.3881940115243,inception,0.2551078316698679
96149d3ed4f00afb92f12856101e693e93c4683f030ae6ca6ebfbb7ba5a2a345,eefb3a7b86d12c2676276a5dde28099ef6f546a60e5b78e0a1c2b7221baf154d,1023320.0029530524,0.0,920.0029530524043,71,920.0029530524043,inception,0.2555563758478901
96149d3ed4f00afb92f12856101e693e93c4683f030ae6ca6ebfbb7ba5a2a345,eefb3a7b86d12c2676276a5dde28099ef6f546a60e5b78e0a1c2b7221baf154d,1023321.6205649376,0.0,921.6205649375916,71,921.6205649375916,inception,0.2560057124826643
96149d3ed4f00afb92f12856101e693e93c4683f030ae6ca6ebfbb7ba5a2a345,eefb3a7b86d12c2676276a5dde28099ef6f546a60e5b78e0a1c2b7221baf154d,1023322.5635159016,0.0,922.5635159015656,71,922.5635159015656,inception,0.25626764330599044
96149d3ed4f00afb92f12856101e693e93c4683f030ae6ca6ebfbb7ba5a2a345,eefb3a7b86d12c2676276a5dde28099ef6f546a60e5b78e0a1c2b7221baf154d,1023322.7242269516,0.0,922.7242269515991,71,922.7242269515991,inception,0.2563122852643331
96149d3ed4f00afb92f12856101e693e93c4683f030ae6ca6ebfbb7ba5a2a345,eefb3a7b86d12c2676276a5dde28099ef6f546a60e5b78e0a1c2b7221baf154d,1023328.117837906,0.0,928.1178379060002,71,928.1178379060002,inception,0.2578105105294445
96149d3ed4f00afb92f12856101e693e93c4683f030ae6ca6ebfbb7ba5a2a345,eefb3a7b86d12c2676276a5dde28099ef6f546a60e5b78e0a1c2b7221baf154d,1023328.1339600086,0.0,928.1339600086212,71,928.1339600086212,inception,0.2578149888912837
96149d3ed4f00afb92f12856101e693e93c4683f030ae6ca6ebfbb7ba5a2a345,eefb3a7b86d12c2676276a5dde28099ef6f546a60e5b78e0a1c2b7221baf154d,1023329.4413280488,0.0,929.4413280488225,71,929.4413280488225,inception,0.2581781466802285
96149d3ed4f00afb92f12856101e693e93c4683f030ae6ca6ebfbb7ba5a2a345,eefb3a7b86d12c2676276a5dde28099ef6f546a60e5b78e0a1c2b7221baf154d,1023334.3389790058,0.0,934.3389790058136,71,934.3389790058136,inception,0.25953860527939265
96149d3ed4f00afb92f12856101e693e93c4683f030ae6ca6ebfbb7ba5a2a345,eefb3a7b86d12c2676276a5dde28099ef6f546a60e5b78e0a1c2b7221baf154d,1023351.786497116,0.0,951.7864971159725,71,951.7864971159725,inception,0.26438513808777014
96149d3ed4f00afb92f12856101e693e93c4683f030ae6ca6ebfbb7ba5a2a345,eefb3a7b86d12c2676276a5dde28099ef6f546a60e5b78e0a1c2b7221baf154d,1023351.8194639684,0.0,951.8194639683934,71,951.8194639683934,inception,0.26439429554677596
96149d3ed4f00afb92f12856101e693e93c4683f030ae6ca6ebfbb7ba5a2a345,eefb3a7b86d12c2676276a5dde28099ef6f546a60e5b78e0a1c2b7221baf154d,1023353.3407731056,0.0,953.3407731056213,71,953.3407731056213,inception,0.2648168814182281
96149d3ed4f00afb92f12856101e693e93c4683f030ae6ca6ebfbb7ba5a2a345,eefb3a7b86d12c2676276a5dde28099ef6f546a60e5b78e0a1c2b7221baf154d,1023358.4264791012,0.0,958.426479101181,71,958.426479101181,inception,0.26622957752810583
96149d3ed4f00afb92f12856101e693e93c4683f030ae6ca6ebfbb7ba5a2a345,eefb3a7b86d12c2676276a5dde28099ef6f546a60e5b78e0a1c2b7221baf154d,1023360.2189400196,0.0,960.2189400196075,71,960.2189400196075,inception,0.2667274833387799
96149d3ed4f00afb92f12856101e693e93c4683f030ae6ca6ebfbb7ba5a2a345,eefb3a7b86d12c2676276a5dde28099ef6f546a60e5b78e0a1c2b7221baf154d,1023461.968638897,0.0,1061.9686388969421,71,1061.9686388969421,inception,0.2949912885824839
96149d3ed4f00afb92f12856101e693e93c4683f030ae6ca6ebfbb7ba5a2a345,eefb3a7b86d12c2676276a5dde28099ef6f546a60e5b78e0a1c2b7221baf154d,1023462.5517680644,0.0,1062.5517680643825,71,1062.5517680643825,inception,0.2951532689067729
96149d3ed4f00afb92f12856101e693e93c4683f030ae6ca6ebfbb7ba5a2a345,eefb3a7b86d12c2676276a5dde28099ef6f546a60e5b78e0a1c2b7221baf154d,1023463.8160231112,0.0,1063.816023111227,71,1063.816023111227,inception,0.2955044508642297
96149d3ed4f00afb92f12856101e693e93c4683f030ae6ca6ebfbb7ba5a2a345,eefb3a7b86d12c2676276a5dde28099ef6f546a60e5b78e0a1c2b7221baf154d,1023482.1217520236,0.0,1082.1217520235805,71,1082.1217520235805,inception,0.3005893755621057
96149d3ed4f00afb92f12856101e693e93c4683f030ae6ca6ebfbb7ba5a2a345,eefb3a7b86d12c2676276a5dde28099ef6f546a60e5b78e0a1c2b7221baf154d,1023516.8117399216,0.001,1116.8107399215223,71,1116.8107399215223,inception,0.3102252055337562
96149d3ed4f00afb92f12856101e693e93c4683f030ae6ca6ebfbb7ba5a2a345,eefb3a7b86d12c2676276a5dde28099ef6f546a60e5b78e0a1c2b7221baf154d,1023518.4250869752,0.0,1118.425086975214,71,1118.425086975214,inception,0.3106736352708928
96149d3ed4f00afb92f12856101e693e93c4683f030ae6ca6ebfbb7ba5a2a345,eefb3a7b86d12c2676276a5dde28099ef6f546a60e5b78e0a1c2b7221baf154d,1023518.5069921016,0.0,1118.506992101553,71,1118.506992101553,inception,0.3106963866948758
96149d3ed4f00afb92f12856101e693e93c4683f030ae6ca6ebfbb7ba5a2a345,eefb3a7b86d12c2676276a5dde28099ef6f546a60e5b78e0a1c2b7221baf154d,1023522.8229789734,0.0,1122.8229789733887,71,1122.8229789733887,inception,0.3118952719370524
96149d3ed4f00afb92f12856101e693e93c4683f030ae6ca6ebfbb7ba5a2a345,eefb3a7b86d12c2676276a5dde28099ef6f546a60e5b78e0a1c2b7221baf154d,1023527.1100819112,0.0,1127.1100819112035,71,1127.1100819112035,inception,0.3130861338642232
96149d3ed4f00afb92f12856101e693e93c4683f030ae6ca6ebfbb7ba5a2a345,eefb3a7b86d12c2676276a5dde28099ef6f546a60e5b78e0a1c2b7221baf154d,1023554.3982729912,0.0,1154.3982729911804,71,1154.3982729911804,inception,0.32066618694199456
96149d3ed4f00afb92f12856101e693e93c4683f030ae6ca6ebfbb7ba5a2a345,eefb3a7b86d12c2676276a5dde28099ef6f546a60e5b78e0a1c2b7221baf154d,1023554.7825119497,0.0,1154.7825119496556,71,1154.7825119496556,inception,0.3207729199860154
96149d3ed4f00afb92f12856101e693e93c4683f030ae6ca6ebfbb7ba5a2a345,eefb3a7b86d12c2676276a5dde28099ef6f546a60e5b78e0a1c2b7221baf154d,1023561.6024820803,0.0,1161.6024820803432,71,1161.6024820803432,inception,0.3226673561334287
96149d3ed4f00afb92f12856101e693e93c4683f030ae6ca6ebfbb7ba5a2a345,eefb3a7b86d12c2676276a5dde28099ef6f546a60e5b78e0a1c2b7221baf154d,1023566.092147112,0.0,1166.0921471120091,71,1166.0921471120091,inception,0.32391448530889144
96149d3ed4f00afb92f12856101e693e93c4683f030ae6ca6ebfbb7ba5a2a345,eefb3a7b86d12c2676276a5dde28099ef6f546a60e5b78e0a1c2b7221baf154d,1023580.2802131176,0.0,1180.2802131175995,71,1180.2802131175995,inception,0.3278556147548887
96149d3ed4f00afb92f12856101e693e93c4683f030ae6ca6ebfbb7ba5a2a345,eefb3a7b86d12c2676276a5dde28099ef6f546a60e5b78e0a1c2b7221baf154d,1023589.080395937,0.0,1189.080395936966,71,1189.080395936966,inception,0.33030010998249054
96149d3ed4f00afb92f12856101e693e93c4683f030ae6ca6ebfbb7ba5a2a345,eefb3a7b86d12c2676276a5dde28099ef6f546a60e5b78e0a1c2b7221baf154d,1023589.2338490486,0.0,1189.2338490486145,71,1189.2338490486145,inception,0.3303427358468374
96149d3ed4f00afb92f12856101e693e93c4683f030ae6ca6ebfbb7ba5a2a345,eefb3a7b86d12c2676276a5dde28099ef6f546a60e5b78e0a1c2b7221baf154d,1023646.0503230096,0.0,1246.0503230096074,71,1246.0503230096074,inception,0.3461250897248909
96149d3ed4f00afb92f12856101e693e93c4683f030ae6ca6ebfbb7ba5a2a345,eefb3a7b86d12c2676276a5dde28099ef6f546a60e5b78e0a1c2b7221baf154d,1023649.8403789996,0.0,1249.8403789995937,71,1249.8403789995937,inception,0.34717788305544267
96149d3ed4f00afb92f12856101e693e93c4683f030ae6ca6ebfbb7ba5a2a345,eefb3a7b86d12c2676276a5dde28099ef6f546a60e5b78e0a1c2b7221baf154d,1023657.2353549004,0.0,1257.23535490036,71,1257.23535490036,inception,0.3492320430278778
96149d3ed4f00afb92f12856101e693e93c4683f030ae6ca6ebfbb7ba5a2a345,eefb3a7b86d12c2676276a5dde28099ef6f546a60e5b78e0a1c2b7221baf154d,1023658.1103301048,0.0,1258.1103301048279,71,1258.1103301048279,inception,0.3494750916957855
96149d3ed4f00afb92f12856101e693e93c4683f030ae6ca6ebfbb7ba5a2a345,eefb3a7b86d12c2676276a5dde28099ef6f546a60e5b78e0a1c2b7221baf154d,1023673.7648980618,0.0,1273.7648980617523,71,1273.7648980617523,inception,0.3538235827949312
96149d3ed4f00afb92f12856101e693e93c4683f030ae6ca6ebfbb7ba5a2a345,eefb3a7b86d12c2676276a5dde28099ef6f546a60e5b78e0a1c2b7221baf154d,1023692.3079559804,0.0,1292.3079559804173,71,1292.3079559804173,inception,0.3589744322167826
96149d3ed4f00afb92f12856101e693e93c4683f030ae6ca6ebfbb7ba5a2a345,eefb3a7b86d12c2676276a5dde28099ef6f546a60e5b78e0a1c2b7221baf154d,1023698.8146350384,0.0,1298.8146350383759,71,1298.8146350383759,inception,0.3607818430662155
96149d3ed4f00afb92f12856101e693e93c4683f030ae6ca6ebfbb7ba5a2a345,eefb3a7b86d12c2676276a5dde28099ef6f546a60e5b78e0a1c2b7221baf154d,1023700.6979050636,0.0,1300.6979050636292,71,1300.6979050636292,inception,0.3613049736287859
96149d3ed4f00afb92f12856101e693e93c4683f030ae6ca6ebfbb7ba5a2a345,eefb3a7b86d12c2676276a5dde28099ef6f546a60e5b78e0a1c2b7221baf154d,1023700.783158064,0.001,1300.7821580639575,71,1300.7821580639575,inception,0.3613283772399882
96149d3ed4f00afb92f12856101e693e93c4683f030ae6ca6ebfbb7ba5a2a345,eefb3a7b86d12c2676276a5dde28099ef6f546a60e5b78e0a1c2b7221baf154d,1023718.6247661114,0.0,1318.624766111374,71,1318.624766111374,inception,0.3662846572531594
96149d3ed4f00afb92f12856101e693e93c4683f030ae6ca6ebfbb7ba5a2a345,eefb3a7b86d12c2676276a5dde28099ef6f546a60e5b78e0a1c2b7221baf154d,1023722.8500959872,0.0,1322.8500959872035,71,1322.8500959872035,inception,0.36745835999644544
96149d3ed4f00afb92f12856101e693e93c4683f030ae6ca6ebfbb7ba5a2a345,eefb3a7b86d12c2676276a5dde28099ef6f546a60e5b78e0a1c2b7221baf154d,1023725.9384679794,0.0,1325.9384679794312,71,1325.9384679794312,inception,0.36831624110539757
96149d3ed4f00afb92f12856101e693e93c4683f030ae6ca6ebfbb7ba5a2a345,eefb3a7b86d12c2676276a5dde28099ef6f546a60e5b78e0a1c2b7221baf154d,1023760.6515090466,0.0,1360.6515090465546,71,1360.6515090465546,inception,0.3779587525129318
96149d3ed4f00afb92f12856101e693e93c4683f030ae6ca6ebfbb7ba5a2a345,eefb3a7b86d12c2676276a5dde28099ef6f546a60e5b78e0a1c2b7221baf154d,1023763.4169170856,0.0,1363.4169170856476,71,1363.4169170856476,inception,0.3787269214126799
96149d3ed4f00afb92f12856101e693e93c4683f030ae6ca6ebfbb7ba5a2a345,eefb3a7b86d12c2676276a5dde28099ef6f546a60e5b78e0a1c2b7221baf154d,1023792.892031908,0.0,1392.8920319080353,71,1392.8920319080353,inception,0.38691445330778756
96149d3ed4f00afb92f12856101e693e93c4683f030ae6ca6ebfbb7ba5a2a345,eefb3a7b86d12c2676276a5dde28099ef6f546a60e5b78e0a1c2b7221baf154d,1023828.228552103,0.0,1428.2285521030426,71,1428.2285521030426,inception,0.3967301533619563
96149d3ed4f00afb92f12856101e693e93c4683f030ae6ca6ebfbb7ba5a2a345,eefb3a7b86d12c2676276a5dde28099ef6f546a60e5b78e0a1c2b7221baf154d,1023856.280698061,0.0,1456.2806980609894,71,1456.2806980609894,inception,0.4045224161280526
96149d3ed4f00afb92f12856101e693e93c4683f030ae6ca6ebfbb7ba5a2a345,eefb3a7b86d12c2676276a5dde28099ef6f546a60e5b78e0a1c2b7221baf154d,1023856.3330628872,0.0,1456.3330628871918,71,1456.3330628871918,inception,0.40453696191310884
96149d3ed4f00afb92f12856101e693e93c4683f030ae6ca6ebfbb7ba5a2a345,eefb3a7b86d12c2676276a5dde28099ef6f546a60e5b78e0a1c2b7221baf154d,1023858.6331100464,0.0,1458.6331100463867,71,1458.6331100463867,inception,0.40517586390177407
96149d3ed4f00afb92f12856101e693e93c4683f030ae6ca6ebfbb7ba5a2a345,eefb3a7b86d12c2676276a5dde28099ef6f546a60e5b78e0a1c2b7221baf154d,1023863.1389191152,0.0,1463.138919115183,71,1463.138919115183,inception,0.40642747753199526
96149d3ed4f00afb92f12856101e693e93c4683f030ae6ca6ebfbb7ba5a2a345,eefb3a7b86d12c2676276a5dde28099ef6f546a60e5b78e0a1c2b7221baf154d,1023865.5885620116,0.0,1465.5885620116023,71,1465.5885620116023,inception,0.40710793389211175
96149d3ed4f00afb92f12856101e693e93c4683f030ae6ca6ebfbb7ba5a2a345,eefb3a7b86d12c2676276a5dde28099ef6f546a60e5b78e0a1c2b7221baf154d,1023869.061549902,0.0,1469.0615499019623,71,1469.0615499019623,inception,0.40807265275054505
96149d3ed4f00afb92f12856101e693e93c4683f030ae6ca6ebfbb7ba5a2a345,eefb3a7b86d12c2676276a5dde28099ef6f546a60e5b78e0a1c2b7221baf154d,1023869.0861830713,0.0,1469.086183071253,71,1469.086183071253,inception,0.40807949529757026
96149d3ed4f00afb92f12856101e693e93c4683f030ae6ca6ebfbb7ba5a2a345,eefb3a7b86d12c2676276a5dde28099ef6f546a60e5b78e0a1c2b7221baf154d,1026139.7731580734,0.0,3739.7731580734253,71,3739.7731580734253,inception,1.0388258772426182
96149d3ed4f00afb92f12856101e693e93c4683f030ae6ca6ebfbb7ba5a2a345,eefb3a7b86d12c2676276a5dde28099ef6f546a60e5b78e0a1c2b7221baf154d,1026144.0483429432,0.0,3744.0483429431915,71,3744.0483429431915,inception,1.040013428595331
96149d3ed4f00afb92f12856101e693e93c4683f030ae6ca6ebfbb7ba5a2a345,eefb3a7b86d12c2676276a5dde28099ef6f546a60e5b78e0a1c2b7221baf154d,1026153.3789229392,0.0,3753.378922939184,71,3753.378922939184,inception,1.0426052563719956
96149d3ed4f00afb92f12856101e693e93c4683f030ae6ca6ebfbb7ba5a2a345,eefb3a7b86d12c2676276a5dde28099ef6f546a60e5b78e0a1c2b7221baf154d,1026153.6663808824,0.0,3753.6663808823796,71,3753.6663808823796,inception,1.042685105800661
96149d3ed4f00afb92f12856101e693e93c4683f030ae6ca6ebfbb7ba5a2a345,eefb3a7b86d12c2676276a5dde28099ef6f546a60e5b78e0a1c2b7221baf154d,1026162.173042059,0.0,3762.1730420589447,71,3762.1730420589447,inception,1.0450480672385958
96149d3ed4f00afb92f12856101e693e93c4683f030ae6ca6ebfbb7ba5a2a345,eefb3a7b86d12c2676276a5dde28099ef6f546a60e5b78e0a1c2b7221baf154d,1026169.2684578896,0.0,3769.268457889557,71,3769.268457889557,inception,1.0470190160804325
96149d3ed4f00afb92f12856101e693e93c4683f030ae6ca6ebfbb7ba5a2a345,eefb3a7b86d12c2676276a5dde28099ef6f546a60e5b78e0a1c2b7221baf154d,1026169.2799880503,0.0,3769.2799880503444,71,3769.2799880503444,inception,1.0470222189028735
96149d3ed4f00afb92f12856101e693e93c4683f030ae6ca6ebfbb7ba5a2a345,eefb3a7b86d12c2676276a5dde28099ef6f546a60e5b78e0a1c2b7221baf154d,1026183.9453380108,0.0,3783.945338010788,71,3783.945338010788,inception,1.051095927225219
96149d3ed4f00afb92f12856101e693e93c4683f030ae6ca6ebfbb7ba5a2a345,eefb3a7b86d12c2676276a5dde28099ef6f546a60e5b78e0a1c2b7221baf154d,1026184.1100420952,0.004,3784.106042095227,71,3784.106042095227,inception,1.0511405672486742
96149d3ed4f00afb92f12856101e693e93c4683f030ae6ca6ebfbb7ba5a2a345,eefb3a7b86d12c2676276a5dde28099ef6f546a60e5b78e0a1c2b7221baf154d,1026227.6746890544,0.0,3827.6746890543727,71,3827.6746890543727,inception,1.0632429691817702
96149d3ed4f00afb92f12856101e693e93c4683f030ae6ca6ebfbb7ba5a2a345,eefb3a7b86d12c2676276a5dde28099ef6f546a60e5b78e0a1c2b7221baf154d,1026273.0738520622,0.002,3873.0718520622468,71,3873.0718520622468,inception,1.075853292239513
96149d3ed4f00afb92f12856101e693e93c4683f030ae6ca6ebfbb7ba5a2a345,eefb3a7b86d12c2676276a5dde28099ef6f546a60e5b78e0a1c2b7221baf154d,1026281.6576309204,0.0,3881.65763092041,71,3881.65763092041,inception,1.078238230811225
96149d3ed4f00afb92f12856101e693e93c4683f030ae6ca6ebfbb7ba5a2a345,eefb3a7b86d12c2676276a5dde28099ef6f546a60e5b78e0a1c2b7221baf154d,1026480.4682779312,0.0,4080.4682779312134,71,4080.4682779312134,inception,1.133463410536448
96149d3ed4f00afb92f12856101e693e93c4683f030ae6ca6ebfbb7ba5a2a345,eefb3a7b86d12c2676276a5dde28099ef6f546a60e5b78e0a1c2b7221baf154d,1026497.632078886,0.0,4097.632078886032,71,4097.632078886032,inception,1.138231133023898
96149d3ed4f00afb92f12856101e693e93c4683f030ae6ca6ebfbb7ba5a2a345,eefb3a7b86d12c2676276a5dde28099ef6f546a60e5b78e0a1c2b7221baf154d,1026506.8023130894,0.0,4106.802313089371,71,4106.802313089371,inception,1.140778420302603
96149d3ed4f00afb92f12856101e693e93c4683f030ae6ca6ebfbb7ba5a2a345,eefb3a7b86d12c2676276a5dde28099ef6f546a60e5b78e0a1c2b7221baf154d,1026507.8417079448,0.0,4107.841707944754,71,4107.841707944754,inception,1.141067141095765
96149d3ed4f00afb92f12856101e693e93c4683f030ae6ca6ebfbb7ba5a2a345,eefb3a7b86d12c2676276a5dde28099ef6f546a60e5b78e0a1c2b7221baf154d,1026507.8974449636,0.0,4107.897444963572,71,4107.897444963572,inception,1.141082623600992
96149d3ed4f00afb92f12856101e693e93c4683f030ae6ca6ebfbb7ba5a2a345,eefb3a7b86d12c2676276a5dde28099ef6f546a60e5b78e0a1c2b7221baf154d,1026508.771032095,0.0,4108.771032094955,71,4108.771032094955,inception,1.1413252866930432
96149d3ed4f00afb92f12856101e693e93c4683f030ae6ca6ebfbb7ba5a2a345,eefb3a7b86d12c2676276a5dde28099ef6f546a60e5b78e0a1c2b7221baf154d,1026535.5670259,0.0,4135.5670259000035,71,4135.5670259000035,inception,1.1487686183055565
96149d3ed4f00afb92f12856101e693e93c4683f030ae6ca6ebfbb7ba5a2a345,eefb3a7b86d12c2676276a5dde28099ef6f546a60e5b78e0a1c2b7221baf154d,1026538.3513081074,0.0,4138.351308107376,71,4138.351308107376,inception,1.1495420300298267
96149d3ed4f00afb92f12856101e693e93c4683f030ae6ca6ebfbb7ba5a2a345,eefb3a7b86d12c2676276a5dde28099ef6f546a60e5b78e0a1c2b7221baf154d,1026546.7847890854,0.0,4146.784789085388,71,4146.784789085388,inception,1.15188466363483
96149d3ed4f00afb92f12856101e693e93c4683f030ae6ca6ebfbb7ba5a2a345,eefb3a7b86d12c2676276a5dde28099ef6f546a60e5b78e0a1c2b7221baf154d,1026558.6700799464,0.0,4158.6700799464015,71,4158.6700799464015,inception,1.1551861333184448
96149d3ed4f00afb92f12856101e693e93c4683f030ae6ca6ebfbb7ba5a2a345,eefb3a7b86d12c2676276a5dde28099ef6f546a60e5b78e0a1c2b7221baf154d,1026558.7416639328,0.0,4158.7416639328,71,4158.7416639328,inception,1.1552060177591112
96149d3ed4f00afb92f12856101e693e93c4683f030ae6ca6ebfbb7ba5a2a345,eefb3a7b86d12c2676276a5dde28099ef6f546a60e5b78e0a1c2b7221baf154d,1026559.101109028,0.0,4159.101109027979,71,4159.101109027979,inception,1.155305863618883
96149d3ed4f00afb92f12856101e693e93c4683f030ae6ca6ebfbb7ba5a2a345,eefb3a7b86d12c2676276a5dde28099ef6f546a60e5b78e0a1c2b7221baf154d,1026563.536233902,0.001,4163.53523390193,71,4163.53523390193,inception,1.1565375649727583
96149d3ed4f00afb92f12856101e693e93c4683f030ae6ca6ebfbb7ba5a2a345,eefb3a7b86d12c2676276a5dde28099ef6f546a60e5b78e0a1c2b7221baf154d,1026588.651293993,0.0,4188.651293992996,71,4188.651293992996,inception,1.1635142483313878
96149d3ed4f00afb92f12856101e693e93c4683f030ae6ca6ebfbb7ba5a2a345,eefb3a7b86d12c2676276a5dde28099ef6f546a60e5b78e0a1c2b7221baf154d,1026593.1207859516,0.0,4193.120785951614,71,4193.120785951614,inception,1.1647557738754484
96149d3ed4f00afb92f12856101e693e93c4683f030ae6ca6ebfbb7ba5a2a345,eefb3a7b86d12c2676276a5dde28099ef6f546a60e5b78e0a1c2b7221baf154d,1026595.1957941056,0.0,4195.195794105646,71,4195.195794105646,inception,1.1653321650293462
96149d3ed4f00afb92f12856101e693e93c4683f030ae6ca6ebfbb7ba5a2a345,eefb3a7b86d12c2676276a5dde28099ef6f546a60e5b78e0a1c2b7221baf154d,1026596.3896739484,0.0,4196.389673948404,71,4196.389673948404,inception,1.1656637983190012
96149d3ed4f00afb92f12856101e693e93c4683f030ae6ca6ebfbb7ba5a2a345,eefb3a7b86d12c2676276a5dde28099ef6f546a60e5b78e0a1c2b7221baf154d,1026596.4997520448,0.0,4196.499752044794,71,4196.499752044794,inception,1.1656943755679983
96149d3ed4f00afb92f12856101e693e93c4683f030ae6ca6ebfbb7ba5a2a345,eefb3a7b86d12c2676276a5dde28099ef6f546a60e5b78e0a1c2b7221baf154d,1026597.1296629906,0.0,4197.12966299057,71,4197.12966299057,inception,1.1658693508307139
96149d3ed4f00afb92f12856101e693e93c4683f030ae6ca6ebfbb7ba5a2a345,eefb3a7b86d12c2676276a5dde28099ef6f546a60e5b78e0a1c2b7221baf154d,1026606.1910400392,0.001,4206.190040039131,71,4206.190040039131,inception,1.168386122233092
96149d3ed4f00afb92f12856101e693e93c4683f030ae6ca6ebfbb7ba5a2a345,eefb3a7b86d12c2676276a5dde28099ef6f546a60e5b78e0a1c2b7221baf154d,1026616.0580010414,0.0,4216.058001041412,71,4216.058001041412,inception,1.1711272225115035
96149d3ed4f00afb92f12856101e693e93c4683f030ae6ca6ebfbb7ba5a2a345,eefb3a7b86d12c2676276a5dde28099ef6f546a60e5b78e0a1c2b7221baf154d,1026617.1229519844,0.0,4217.1229519844055,71,4217.1229519844055,inception,1.1714230422178904
96149d3ed4f00afb92f12856101e693e93c4683f030ae6ca6ebfbb7ba5a2a345,eefb3a7b86d12c2676276a5dde28099ef6f546a60e5b78e0a1c2b7221baf154d,1026617.489522934,0.0,4217.48952293396,71,4217.48952293396,inception,1.1715248674816556
96149d3ed4f00afb92f12856101e693e93c4683f030ae6ca6ebfbb7ba5a2a345,eefb3a7b86d12c2676276a5dde28099ef6f546a60e5b78e0a1c2b7221baf154d,1026639.4704198836,0.0,4239.470419883612,71,4239.470419883612,inception,1.1776306721898921
96149d3ed4f00afb92f12856101e693e93c4683f030ae6ca6ebfbb7ba5a2a345,eefb3a7b86d12c2676276a5dde28099ef6f546a60e5b78e0a1c2b7221baf154d,1026652.0981240273,0.0,4252.098124027252,71,4252.098124027252,inception,1.1811383677853478
96149d3ed4f00afb92f12856101e693e93c4683f030ae6ca6ebfbb7ba5a2a345,eefb3a7b86d12c2676276a5dde28099ef6f546a60e5b78e0a1c2b7221baf154d,1026677.4308350086,0.0,4277.430835008621,71,4277.430835008621,inception,1.1881752319468393
96149d3ed4f00afb92f12856101e693e93c4683f030ae6ca6ebfbb7ba5a2a345,eefb3a7b86d12c2676276a5dde28099ef6f546a60e5b78e0a1c2b7221baf154d,1026747.6307229996,0.0,4347.630722999573,71,4347.630722999573,inception,1.2076752008332146
96149d3ed4f00afb92f12856101e693e93c4683f030ae6ca6ebfbb7ba5a2a345,eefb3a7b86d12c2676276a5dde28099ef6f546a60e5b78e0a1c2b7221baf154d,1026753.587100029,0.0,4353.587100028992,71,4353.587100028992,inception,1.2093297500080533
96149d3ed4f00afb92f12856101e693e93c4683f030ae6ca6ebfbb7ba5a2a345,eefb3a7b86d12c2676276a5dde28099ef6f546a60e5b78e0a1c2b7221baf154d,1026769.7815380096,0.0,4369.781538009644,71,4369.781538009644,inception,1.2138282050026787
96149d3ed4f00afb92f12856101e693e93c4683f030ae6ca6ebfbb7ba5a2a345,eefb3a7b86d12c2676276a5dde28099ef6f546a60e5b78e0a1c2b7221baf154d,1026783.521821022,0.001,4383.520821021986,71,4383.520821021986,inception,1.2176446725061072
96149d3ed4f00afb92f12856101e693e93c4683f030ae6ca6ebfbb7ba5a2a345,eefb3a7b86d12c2676276a5dde28099ef6f546a60e5b78e0a1c2b7221baf154d,1026784.1383070946,0.0,4384.138307094574,71,4384.138307094574,inception,1.2178161964151595
96149d3ed4f00afb92f12856101e693e93c4683f030ae6ca6ebfbb7ba5a2a345,eefb3a7b86d12c2676276a5dde28099ef6f546a60e5b78e0a1c2b7221baf154d,1026794.5553560256,0.0,4394.555356025579,71,4394.555356025579,inception,1.2207098211182166
96149d3ed4f00afb92f12856101e693e93c4683f030ae6ca6ebfbb7ba5a2a345,eefb3a7b86d12c2676276a5dde28099ef6f546a60e5b78e0a1c2b7221baf154d,1026794.6440360546,0.0,4394.644036054611,71,4394.644036054611,inception,1.2207344544596141
96149d3ed4f00afb92f12856101e693e93c4683f030ae6ca6ebfbb7ba5a2a345,eefb3a7b86d12c2676276a5dde28099ef6f546a60e5b78e0a1c2b7221baf154d,1026800.7612020968,0.0,4400.761202096823,71,4400.761202096823,inception,1.2224336672491174
96149d3ed4f00afb92f12856101e693e93c4683f030ae6ca6ebfbb7ba5a2a345,eefb3a7b86d12c2676276a5dde28099ef6f546a60e5b78e0a1c2b7221baf154d,1026800.8525280952,0.0,4400.852528095245,71,4400.852528095245,inception,1.2224590355820126
96149d3ed4f00afb92f12856101e693e93c4683f030ae6ca6ebfbb7ba5a2a345,eefb3a7b86d12c2676276a5dde28099ef6f546a60e5b78e0a1c2b7221baf154d,1026801.0895569324,0.0,4401.089556932449,71,4401.089556932449,inception,1.2225248769256805
96149d3ed4f00afb92f12856101e693e93c4683f030ae6ca6ebfbb7ba5a2a345,eefb3a7b86d12c2676276a5dde28099ef6f546a60e5b78e0a1c2b7221baf154d,1026801.723997116,0.0,4401.723997115972,71,4401.723997115972,inception,1.2227011103099923
96149d3ed4f00afb92f12856101e693e93c4683f030ae6ca6ebfbb7ba5a2a345,eefb3a7b86d12c2676276a5dde28099ef6f546a60e5b78e0a1c2b7221baf154d,1026808.8196671008,0.0,4408.81966710079,71,4408.81966710079,inception,1.2246721297502194
96149d3ed4f00afb92f12856101e693e93c4683f030ae6ca6ebfbb7ba5a2a345,eefb3a7b86d12c2676276a5dde28099ef6f546a60e5b78e0a1c2b7221baf154d,1026815.2827820778,0.0,4415.282782077789,71,4415.282782077789,inception,1.2264674394660526
96149d3ed4f00afb92f12856101e693e93c4683f030ae6ca6ebfbb7ba5a2a345,eefb3a7b86d12c2676276a5dde28099ef6f546a60e5b78e0a1c2b7221baf154d,1026952.5913250446,0.0,4552.591325044632,71,4552.591325044632,inception,1.2646087014012866
96149d3ed4f00afb92f12856101e693e93c4683f030ae6ca6ebfbb7ba5a2a345,eefb3a7b86d12c2676276a5dde28099ef6f546a60e5b78e0a1c2b7221baf154d,1026959.3828599452,0.0,4559.382859945181,71,4559.382859945181,inception,1.2664952388736614
96149d3ed4f00afb92f12856101e693e93c4683f030ae6ca6ebfbb7ba5a2a345,eefb3a7b86d12c2676276a5dde28099ef6f546a60e5b78e0a1c2b7221baf154d,1026960.3298840524,0.0,4560.329884052393,71,4560.329884052393,inception,1.2667583011256647
96149d3ed4f00afb92f12856101e693e93c4683f030ae6ca6ebfbb7ba5a2a345,eefb3a7b86d12c2676276a5dde28099ef6f546a60e5b78e0a1c2b7221baf154d,1026961.3323609828,0.0,4561.3323609827785,71,4561.3323609827785,inception,1.2670367669396607
96149d3ed4f00afb92f12856101e693e93c4683f030ae6ca6ebfbb7ba5a2a345,eefb3a7b86d12c2676276a5dde28099ef6f546a60e5b78e0a1c2b7221baf154d,1027898.9287610054,0.0,5498.928761005402,71,5498.928761005402,inception,1.5274802113903894
96149d3ed4f00afb92f12856101e693e93c4683f030ae6ca6ebfbb7ba5a2a345,eefb3a7b86d12c2676276a5dde28099ef6f546a60e5b78e0a1c2b7221baf154d,1028369.9437520504,0.0,5969.9437520504,71,5969.9437520504,inception,1.6583177089028889
