app,func,end_timestamp,duration,arrival_time,arrival_time_fix,trace_id,arrival_time_norm
96149d3ed4f00afb92f12856101e693e93c4683f030ae6ca6ebfbb7ba5a2a345,89d488538f940c98367ff572230106d1089868bdd379d9e2b9755b679dc186d2,288051.95829701424,0.019,51.93929701426532,288051.9378061142,20,51.93929701426532
96149d3ed4f00afb92f12856101e693e93c4683f030ae6ca6ebfbb7ba5a2a345,89d488538f940c98367ff572230106d1089868bdd379d9e2b9755b679dc186d2,288052.080696106,0.009,52.071696105995215,288052.07020520594,20,52.071696105995215
96149d3ed4f00afb92f12856101e693e93c4683f030ae6ca6ebfbb7ba5a2a345,89d488538f940c98367ff572230106d1089868bdd379d9e2b9755b679dc186d2,288619.2293150425,0.217,619.0123150424915,288619.01082414243,20,619.0123150424915
96149d3ed4f00afb92f12856101e693e93c4683f030ae6ca6ebfbb7ba5a2a345,89d488538f940c98367ff572230106d1089868bdd379d9e2b9755b679dc186d2,288641.01165509224,0.038,640.9736550922389,288640.9721641922,20,640.9736550922389
96149d3ed4f00afb92f12856101e693e93c4683f030ae6ca6ebfbb7ba5a2a345,89d488538f940c98367ff572230106d1089868bdd379d9e2b9755b679dc186d2,288666.99712991714,0.036,666.9611299171229,288666.95963901706,20,666.9611299171229
96149d3ed4f00afb92f12856101e693e93c4683f030ae6ca6ebfbb7ba5a2a345,89d488538f940c98367ff572230106d1089868bdd379d9e2b9755b679dc186d2,288685.21913194656,0.038,685.1811319465633,288685.1796410465,20,685.1811319465633
96149d3ed4f00afb92f12856101e693e93c4683f030ae6ca6ebfbb7ba5a2a345,89d488538f940c98367ff572230106d1089868bdd379d9e2b9755b679dc186d2,288701.0656340122,0.04,701.0256340122432,288701.0241431122,20,701.0256340122432
96149d3ed4f00afb92f12856101e693e93c4683f030ae6ca6ebfbb7ba5a2a345,89d488538f940c98367ff572230106d1089868bdd379d9e2b9755b679dc186d2,288706.0184440613,0.044,705.9744440612849,288705.9729531612,20,705.9744440612849
96149d3ed4f00afb92f12856101e693e93c4683f030ae6ca6ebfbb7ba5a2a345,89d488538f940c98367ff572230106d1089868bdd379d9e2b9755b679dc186d2,288716.37378692627,0.038,716.3357869262691,288716.3342960262,20,716.3357869262691
96149d3ed4f00afb92f12856101e693e93c4683f030ae6ca6ebfbb7ba5a2a345,89d488538f940c98367ff572230106d1089868bdd379d9e2b9755b679dc186d2,288717.0729210377,0.04,717.0329210376949,288717.03143013763,20,717.0329210376949
96149d3ed4f00afb92f12856101e693e93c4683f030ae6ca6ebfbb7ba5a2a345,89d488538f940c98367ff572230106d1089868bdd379d9e2b9755b679dc186d2,288738.8611090183,0.037,738.8241090183146,288738.82261811825,20,738.8241090183146
96149d3ed4f00afb92f12856101e693e93c4683f030ae6ca6ebfbb7ba5a2a345,89d488538f940c98367ff572230106d1089868bdd379d9e2b9755b679dc186d2,288751.92044591904,0.047,751.8734459190164,288751.87195501896,20,751.8734459190164
96149d3ed4f00afb92f12856101e693e93c4683f030ae6ca6ebfbb7ba5a2a345,89d488538f940c98367ff572230106d1089868bdd379d9e2b9755b679dc186d2,288769.67136597633,0.037,769.6343659763224,288769.63287507626,20,769.6343659763224
96149d3ed4f00afb92f12856101e693e93c4683f030ae6ca6ebfbb7ba5a2a345,89d488538f940c98367ff572230106d1089868bdd379d9e2b9755b679dc186d2,288772.5309250355,0.038,772.4929250354762,288772.4914341354,20,772.4929250354762
96149d3ed4f00afb92f12856101e693e93c4683f030ae6ca6ebfbb7ba5a2a345,89d488538f940c98367ff572230106d1089868bdd379d9e2b9755b679dc186d2,288785.3465900421,0.036,785.3105900420924,288785.30909914203,20,785.3105900420924
96149d3ed4f00afb92f12856101e693e93c4683f030ae6ca6ebfbb7ba5a2a345,89d488538f940c98367ff572230106d1089868bdd379d9e2b9755b679dc186d2,288785.9320139885,0.037,785.8950139884837,288785.8935230884,20,785.8950139884837
96149d3ed4f00afb92f12856101e693e93c4683f030ae6ca6ebfbb7ba5a2a345,89d488538f940c98367ff572230106d1089868bdd379d9e2b9755b679dc186d2,288800.7114970684,1.39,799.3214970683912,288799.32000616833,20,799.3214970683912
96149d3ed4f00afb92f12856101e693e93c4683f030ae6ca6ebfbb7ba5a2a345,89d488538f940c98367ff572230106d1089868bdd379d9e2b9755b679dc186d2,288801.7173039913,0.755,800.9623039913131,288800.96081309125,20,800.9623039913131
96149d3ed4f00afb92f12856101e693e93c4683f030ae6ca6ebfbb7ba5a2a345,89d488538f940c98367ff572230106d1089868bdd379d9e2b9755b679dc186d2,288814.5033149719,0.038,814.4653149719234,288814.46382407186,20,814.4653149719234
96149d3ed4f00afb92f12856101e693e93c4683f030ae6ca6ebfbb7ba5a2a345,89d488538f940c98367ff572230106d1089868bdd379d9e2b9755b679dc186d2,288837.2301340103,1.286,835.944134010293,288835.94264311023,20,835.944134010293
96149d3ed4f00afb92f12856101e693e93c4683f030ae6ca6ebfbb7ba5a2a345,89d488538f940c98367ff572230106d1089868bdd379d9e2b9755b679dc186d2,288841.34000110626,0.038,841.3020011062617,288841.3005102062,20,841.3020011062617
96149d3ed4f00afb92f12856101e693e93c4683f030ae6ca6ebfbb7ba5a2a345,89d488538f940c98367ff572230106d1089868bdd379d9e2b9755b679dc186d2,288841.5745010376,0.04,841.5345010376186,288841.53301013756,20,841.5345010376186
96149d3ed4f00afb92f12856101e693e93c4683f030ae6ca6ebfbb7ba5a2a345,89d488538f940c98367ff572230106d1089868bdd379d9e2b9755b679dc186d2,288883.4523279667,0.047,883.4053279666696,288883.4038370666,20,883.4053279666696
96149d3ed4f00afb92f12856101e693e93c4683f030ae6ca6ebfbb7ba5a2a345,89d488538f940c98367ff572230106d1089868bdd379d9e2b9755b679dc186d2,288889.6199989319,0.748,888.8719989318633,288888.8705080318,20,888.8719989318633
96149d3ed4f00afb92f12856101e693e93c4683f030ae6ca6ebfbb7ba5a2a345,89d488538f940c98367ff572230106d1089868bdd379d9e2b9755b679dc186d2,288892.88929891586,0.037,892.8522989158519,288892.8508080158,20,892.8522989158519
96149d3ed4f00afb92f12856101e693e93c4683f030ae6ca6ebfbb7ba5a2a345,89d488538f940c98367ff572230106d1089868bdd379d9e2b9755b679dc186d2,288925.3742160797,0.054,925.3202160797082,288925.31872517965,20,925.3202160797082
96149d3ed4f00afb92f12856101e693e93c4683f030ae6ca6ebfbb7ba5a2a345,89d488538f940c98367ff572230106d1089868bdd379d9e2b9755b679dc186d2,288926.95962905884,0.041,926.9186290588113,288926.91713815875,20,926.9186290588113
96149d3ed4f00afb92f12856101e693e93c4683f030ae6ca6ebfbb7ba5a2a345,89d488538f940c98367ff572230106d1089868bdd379d9e2b9755b679dc186d2,288927.41385388374,0.038,927.3758538837428,288927.3743629837,20,927.3758538837428
96149d3ed4f00afb92f12856101e693e93c4683f030ae6ca6ebfbb7ba5a2a345,89d488538f940c98367ff572230106d1089868bdd379d9e2b9755b679dc186d2,288950.9781179428,0.051,950.9271179428324,288950.9256270428,20,950.9271179428324
96149d3ed4f00afb92f12856101e693e93c4683f030ae6ca6ebfbb7ba5a2a345,89d488538f940c98367ff572230106d1089868bdd379d9e2b9755b679dc186d2,288952.70048594475,0.038,952.6624859447475,288952.6609950447,20,952.6624859447475
96149d3ed4f00afb92f12856101e693e93c4683f030ae6ca6ebfbb7ba5a2a345,89d488538f940c98367ff572230106d1089868bdd379d9e2b9755b679dc186d2,288965.615694046,0.045,965.5706940460368,288965.569203146,20,965.5706940460368
96149d3ed4f00afb92f12856101e693e93c4683f030ae6ca6ebfbb7ba5a2a345,89d488538f940c98367ff572230106d1089868bdd379d9e2b9755b679dc186d2,288994.16388988495,0.035,994.1288898849743,288994.1273989849,20,994.1288898849743
96149d3ed4f00afb92f12856101e693e93c4683f030ae6ca6ebfbb7ba5a2a345,89d488538f940c98367ff572230106d1089868bdd379d9e2b9755b679dc186d2,289006.99697208405,0.04,1006.9569720840664,289006.955481184,20,1006.9569720840664
96149d3ed4f00afb92f12856101e693e93c4683f030ae6ca6ebfbb7ba5a2a345,89d488538f940c98367ff572230106d1089868bdd379d9e2b9755b679dc186d2,289019.5204100609,0.036,1019.4844100608607,289019.4829191608,20,1019.4844100608607
96149d3ed4f00afb92f12856101e693e93c4683f030ae6ca6ebfbb7ba5a2a345,89d488538f940c98367ff572230106d1089868bdd379d9e2b9755b679dc186d2,289020.12976789474,0.039,1020.0907678947551,289020.0892769947,20,1020.0907678947551
96149d3ed4f00afb92f12856101e693e93c4683f030ae6ca6ebfbb7ba5a2a345,89d488538f940c98367ff572230106d1089868bdd379d9e2b9755b679dc186d2,289030.85085105896,0.039,1030.8118510589702,289030.8103601589,20,1030.8118510589702
96149d3ed4f00afb92f12856101e693e93c4683f030ae6ca6ebfbb7ba5a2a345,89d488538f940c98367ff572230106d1089868bdd379d9e2b9755b679dc186d2,289035.8535079956,0.035,1035.818507995631,289035.8170170956,20,1035.818507995631
96149d3ed4f00afb92f12856101e693e93c4683f030ae6ca6ebfbb7ba5a2a345,89d488538f940c98367ff572230106d1089868bdd379d9e2b9755b679dc186d2,289037.7765510082,0.038,1037.738551008224,289037.73706010816,20,1037.738551008224
96149d3ed4f00afb92f12856101e693e93c4683f030ae6ca6ebfbb7ba5a2a345,89d488538f940c98367ff572230106d1089868bdd379d9e2b9755b679dc186d2,289037.9018781185,0.041,1037.8608781184885,289037.8593872184,20,1037.8608781184885
96149d3ed4f00afb92f12856101e693e93c4683f030ae6ca6ebfbb7ba5a2a345,89d488538f940c98367ff572230106d1089868bdd379d9e2b9755b679dc186d2,289038.35232400894,0.043,1038.3093240089365,289038.3078331089,20,1038.3093240089365
96149d3ed4f00afb92f12856101e693e93c4683f030ae6ca6ebfbb7ba5a2a345,89d488538f940c98367ff572230106d1089868bdd379d9e2b9755b679dc186d2,289042.0201699734,0.038,1041.982169973373,289041.9806790733,20,1041.982169973373
96149d3ed4f00afb92f12856101e693e93c4683f030ae6ca6ebfbb7ba5a2a345,89d488538f940c98367ff572230106d1089868bdd379d9e2b9755b679dc186d2,289042.5562400818,0.036,1042.5202400817652,289042.5187491817,20,1042.5202400817652
96149d3ed4f00afb92f12856101e693e93c4683f030ae6ca6ebfbb7ba5a2a345,89d488538f940c98367ff572230106d1089868bdd379d9e2b9755b679dc186d2,289052.55533099174,0.037,1052.5183309917338,289052.5168400917,20,1052.5183309917338
96149d3ed4f00afb92f12856101e693e93c4683f030ae6ca6ebfbb7ba5a2a345,89d488538f940c98367ff572230106d1089868bdd379d9e2b9755b679dc186d2,289072.5908250809,0.038,1072.5528250808711,289072.5513341808,20,1072.5528250808711
96149d3ed4f00afb92f12856101e693e93c4683f030ae6ca6ebfbb7ba5a2a345,89d488538f940c98367ff572230106d1089868bdd379d9e2b9755b679dc186d2,289109.4033100605,0.035,1109.3683100605267,289109.36681916047,20,1109.3683100605267
96149d3ed4f00afb92f12856101e693e93c4683f030ae6ca6ebfbb7ba5a2a345,89d488538f940c98367ff572230106d1089868bdd379d9e2b9755b679dc186d2,289143.0831749439,0.038,1143.0451749439235,289143.04368404386,20,1143.0451749439235
96149d3ed4f00afb92f12856101e693e93c4683f030ae6ca6ebfbb7ba5a2a345,89d488538f940c98367ff572230106d1089868bdd379d9e2b9755b679dc186d2,289197.18977594376,0.034,1197.155775943771,289197.1542850437,20,1197.155775943771
96149d3ed4f00afb92f12856101e693e93c4683f030ae6ca6ebfbb7ba5a2a345,89d488538f940c98367ff572230106d1089868bdd379d9e2b9755b679dc186d2,289215.6108510494,0.043,1215.567851049418,289215.56636014936,20,1215.567851049418
96149d3ed4f00afb92f12856101e693e93c4683f030ae6ca6ebfbb7ba5a2a345,89d488538f940c98367ff572230106d1089868bdd379d9e2b9755b679dc186d2,289221.31396603584,0.035,1221.2789660358685,289221.2774751358,20,1221.2789660358685
96149d3ed4f00afb92f12856101e693e93c4683f030ae6ca6ebfbb7ba5a2a345,89d488538f940c98367ff572230106d1089868bdd379d9e2b9755b679dc186d2,289233.9029068947,0.036,1233.866906894662,289233.8654159946,20,1233.866906894662
96149d3ed4f00afb92f12856101e693e93c4683f030ae6ca6ebfbb7ba5a2a345,89d488538f940c98367ff572230106d1089868bdd379d9e2b9755b679dc186d2,289247.5799319744,0.037,1247.5429319743998,289247.54144107434,20,1247.5429319743998
96149d3ed4f00afb92f12856101e693e93c4683f030ae6ca6ebfbb7ba5a2a345,89d488538f940c98367ff572230106d1089868bdd379d9e2b9755b679dc186d2,289254.3322610855,0.037,1254.295261085499,289254.29377018544,20,1254.295261085499
96149d3ed4f00afb92f12856101e693e93c4683f030ae6ca6ebfbb7ba5a2a345,89d488538f940c98367ff572230106d1089868bdd379d9e2b9755b679dc186d2,289256.71669101715,0.036,1256.680691017129,289256.67920011707,20,1256.680691017129
96149d3ed4f00afb92f12856101e693e93c4683f030ae6ca6ebfbb7ba5a2a345,89d488538f940c98367ff572230106d1089868bdd379d9e2b9755b679dc186d2,289261.693985939,0.043,1261.6509859390208,289261.64949503896,20,1261.6509859390208
96149d3ed4f00afb92f12856101e693e93c4683f030ae6ca6ebfbb7ba5a2a345,89d488538f940c98367ff572230106d1089868bdd379d9e2b9755b679dc186d2,289263.70890307426,0.039,1263.6699030742748,289263.6684121742,20,1263.6699030742748
96149d3ed4f00afb92f12856101e693e93c4683f030ae6ca6ebfbb7ba5a2a345,89d488538f940c98367ff572230106d1089868bdd379d9e2b9755b679dc186d2,289264.2382810116,0.04,1264.1982810116024,289264.19679011154,20,1264.1982810116024
96149d3ed4f00afb92f12856101e693e93c4683f030ae6ca6ebfbb7ba5a2a345,89d488538f940c98367ff572230106d1089868bdd379d9e2b9755b679dc186d2,289344.49136805534,0.037,1344.4543680553325,289344.4528771553,20,1344.4543680553325
96149d3ed4f00afb92f12856101e693e93c4683f030ae6ca6ebfbb7ba5a2a345,89d488538f940c98367ff572230106d1089868bdd379d9e2b9755b679dc186d2,289412.99774193764,0.037,1412.9607419376262,289412.95925103757,20,1412.9607419376262
96149d3ed4f00afb92f12856101e693e93c4683f030ae6ca6ebfbb7ba5a2a345,89d488538f940c98367ff572230106d1089868bdd379d9e2b9755b679dc186d2,289415.62132811546,0.039,1415.5823281154735,289415.5808372154,20,1415.5823281154735
96149d3ed4f00afb92f12856101e693e93c4683f030ae6ca6ebfbb7ba5a2a345,89d488538f940c98367ff572230106d1089868bdd379d9e2b9755b679dc186d2,289433.83951091766,0.036,1433.8035109176417,289433.8020200176,20,1433.8035109176417
96149d3ed4f00afb92f12856101e693e93c4683f030ae6ca6ebfbb7ba5a2a345,89d488538f940c98367ff572230106d1089868bdd379d9e2b9755b679dc186d2,289467.03268289566,0.037,1466.9956828956492,289466.9941919956,20,1466.9956828956492
96149d3ed4f00afb92f12856101e693e93c4683f030ae6ca6ebfbb7ba5a2a345,89d488538f940c98367ff572230106d1089868bdd379d9e2b9755b679dc186d2,289558.74470090866,0.046,1558.698700908688,289558.6972100086,20,1558.698700908688
96149d3ed4f00afb92f12856101e693e93c4683f030ae6ca6ebfbb7ba5a2a345,89d488538f940c98367ff572230106d1089868bdd379d9e2b9755b679dc186d2,289568.6101388931,0.041,1568.569138893101,289568.56764799304,20,1568.569138893101
96149d3ed4f00afb92f12856101e693e93c4683f030ae6ca6ebfbb7ba5a2a345,89d488538f940c98367ff572230106d1089868bdd379d9e2b9755b679dc186d2,289582.0458729267,0.043,1582.002872926707,289582.00138202665,20,1582.002872926707
96149d3ed4f00afb92f12856101e693e93c4683f030ae6ca6ebfbb7ba5a2a345,89d488538f940c98367ff572230106d1089868bdd379d9e2b9755b679dc186d2,289620.27847003937,0.043,1620.2354700393626,289620.2339791393,20,1620.2354700393626
96149d3ed4f00afb92f12856101e693e93c4683f030ae6ca6ebfbb7ba5a2a345,89d488538f940c98367ff572230106d1089868bdd379d9e2b9755b679dc186d2,289630.35126805305,0.044,1630.3072680530604,289630.305777153,20,1630.3072680530604
96149d3ed4f00afb92f12856101e693e93c4683f030ae6ca6ebfbb7ba5a2a345,89d488538f940c98367ff572230106d1089868bdd379d9e2b9755b679dc186d2,289635.53045892715,0.042,1635.4884589271387,289635.4869680271,20,1635.4884589271387
96149d3ed4f00afb92f12856101e693e93c4683f030ae6ca6ebfbb7ba5a2a345,89d488538f940c98367ff572230106d1089868bdd379d9e2b9755b679dc186d2,289636.8167710304,0.042,1636.7747710304102,289636.77328013035,20,1636.7747710304102
96149d3ed4f00afb92f12856101e693e93c4683f030ae6ca6ebfbb7ba5a2a345,89d488538f940c98367ff572230106d1089868bdd379d9e2b9755b679dc186d2,289650.1518690586,0.041,1650.1108690585825,289650.1093781585,20,1650.1108690585825
96149d3ed4f00afb92f12856101e693e93c4683f030ae6ca6ebfbb7ba5a2a345,89d488538f940c98367ff572230106d1089868bdd379d9e2b9755b679dc186d2,289683.6260828972,0.036,1683.5900828971644,289683.5885919971,20,1683.5900828971644
96149d3ed4f00afb92f12856101e693e93c4683f030ae6ca6ebfbb7ba5a2a345,89d488538f940c98367ff572230106d1089868bdd379d9e2b9755b679dc186d2,289685.1393470764,0.036,1685.1033470763941,289685.10185617633,20,1685.1033470763941
96149d3ed4f00afb92f12856101e693e93c4683f030ae6ca6ebfbb7ba5a2a345,89d488538f940c98367ff572230106d1089868bdd379d9e2b9755b679dc186d2,289707.243432045,0.037,1707.2064320449717,289707.2049411449,20,1707.2064320449717
96149d3ed4f00afb92f12856101e693e93c4683f030ae6ca6ebfbb7ba5a2a345,89d488538f940c98367ff572230106d1089868bdd379d9e2b9755b679dc186d2,289747.7139599323,0.041,1747.6729599323007,289747.67146903224,20,1747.6729599323007
96149d3ed4f00afb92f12856101e693e93c4683f030ae6ca6ebfbb7ba5a2a345,89d488538f940c98367ff572230106d1089868bdd379d9e2b9755b679dc186d2,289791.04516100883,0.036,1791.009161008813,289791.00767010875,20,1791.009161008813
96149d3ed4f00afb92f12856101e693e93c4683f030ae6ca6ebfbb7ba5a2a345,89d488538f940c98367ff572230106d1089868bdd379d9e2b9755b679dc186d2,289792.7422540188,0.038,1792.704254018783,289792.7027631187,20,1792.704254018783
96149d3ed4f00afb92f12856101e693e93c4683f030ae6ca6ebfbb7ba5a2a345,89d488538f940c98367ff572230106d1089868bdd379d9e2b9755b679dc186d2,290327.8574230671,0.009,2327.848423067073,290327.846932167,20,2327.848423067073
96149d3ed4f00afb92f12856101e693e93c4683f030ae6ca6ebfbb7ba5a2a345,89d488538f940c98367ff572230106d1089868bdd379d9e2b9755b679dc186d2,290332.9919729233,0.017,2332.9749729232863,290332.9734820232,20,2332.9749729232863
96149d3ed4f00afb92f12856101e693e93c4683f030ae6ca6ebfbb7ba5a2a345,89d488538f940c98367ff572230106d1089868bdd379d9e2b9755b679dc186d2,290333.5349640846,0.008,2333.5269640846527,290333.5254731846,20,2333.5269640846527
96149d3ed4f00afb92f12856101e693e93c4683f030ae6ca6ebfbb7ba5a2a345,89d488538f940c98367ff572230106d1089868bdd379d9e2b9755b679dc186d2,290440.675896883,0.972,2439.703896883002,290439.70240598294,20,2439.703896883002
96149d3ed4f00afb92f12856101e693e93c4683f030ae6ca6ebfbb7ba5a2a345,89d488538f940c98367ff572230106d1089868bdd379d9e2b9755b679dc186d2,290440.8098640442,0.007,2440.802864044206,290440.80137314415,20,2440.802864044206
96149d3ed4f00afb92f12856101e693e93c4683f030ae6ca6ebfbb7ba5a2a345,89d488538f940c98367ff572230106d1089868bdd379d9e2b9755b679dc186d2,290441.5659480095,0.01,2441.5559480094817,290441.5544571094,20,2441.5559480094817
96149d3ed4f00afb92f12856101e693e93c4683f030ae6ca6ebfbb7ba5a2a345,89d488538f940c98367ff572230106d1089868bdd379d9e2b9755b679dc186d2,290464.27574396133,0.009,2464.266743961314,290464.26525306125,20,2464.266743961314
96149d3ed4f00afb92f12856101e693e93c4683f030ae6ca6ebfbb7ba5a2a345,89d488538f940c98367ff572230106d1089868bdd379d9e2b9755b679dc186d2,290518.9181880951,0.012,2518.906188095105,290518.90469719504,20,2518.906188095105
96149d3ed4f00afb92f12856101e693e93c4683f030ae6ca6ebfbb7ba5a2a345,89d488538f940c98367ff572230106d1089868bdd379d9e2b9755b679dc186d2,290528.98767900467,0.009,2528.978679004649,290528.9771881046,20,2528.978679004649
96149d3ed4f00afb92f12856101e693e93c4683f030ae6ca6ebfbb7ba5a2a345,89d488538f940c98367ff572230106d1089868bdd379d9e2b9755b679dc186d2,290544.38784599304,0.008,2544.3798459930695,290544.378355093,20,2544.3798459930695
96149d3ed4f00afb92f12856101e693e93c4683f030ae6ca6ebfbb7ba5a2a345,89d488538f940c98367ff572230106d1089868bdd379d9e2b9755b679dc186d2,290552.729254961,0.969,2551.760254961031,290551.75876406097,20,2551.760254961031
96149d3ed4f00afb92f12856101e693e93c4683f030ae6ca6ebfbb7ba5a2a345,89d488538f940c98367ff572230106d1089868bdd379d9e2b9755b679dc186d2,290580.3085589409,1.024,2579.2845589409117,290579.28306804085,20,2579.2845589409117
96149d3ed4f00afb92f12856101e693e93c4683f030ae6ca6ebfbb7ba5a2a345,89d488538f940c98367ff572230106d1089868bdd379d9e2b9755b679dc186d2,290584.33556103706,0.007,2584.3285610370804,290584.327070137,20,2584.3285610370804
96149d3ed4f00afb92f12856101e693e93c4683f030ae6ca6ebfbb7ba5a2a345,89d488538f940c98367ff572230106d1089868bdd379d9e2b9755b679dc186d2,290590.9446070194,0.019,2590.9256070194533,290590.9241161194,20,2590.9256070194533
96149d3ed4f00afb92f12856101e693e93c4683f030ae6ca6ebfbb7ba5a2a345,89d488538f940c98367ff572230106d1089868bdd379d9e2b9755b679dc186d2,290598.9586570263,0.639,2598.319657026266,290598.3181661262,20,2598.319657026266
96149d3ed4f00afb92f12856101e693e93c4683f030ae6ca6ebfbb7ba5a2a345,89d488538f940c98367ff572230106d1089868bdd379d9e2b9755b679dc186d2,290624.96065688133,0.008,2624.95265688136,290624.9511659813,20,2624.95265688136
96149d3ed4f00afb92f12856101e693e93c4683f030ae6ca6ebfbb7ba5a2a345,89d488538f940c98367ff572230106d1089868bdd379d9e2b9755b679dc186d2,290626.45987200737,0.014,2626.4458720073453,290626.4443811073,20,2626.4458720073453
96149d3ed4f00afb92f12856101e693e93c4683f030ae6ca6ebfbb7ba5a2a345,89d488538f940c98367ff572230106d1089868bdd379d9e2b9755b679dc186d2,290628.06663393974,0.01,2628.0566339397337,290628.0551430397,20,2628.0566339397337
96149d3ed4f00afb92f12856101e693e93c4683f030ae6ca6ebfbb7ba5a2a345,89d488538f940c98367ff572230106d1089868bdd379d9e2b9755b679dc186d2,290645.57078289986,0.009,2645.5617828998365,290645.5602919998,20,2645.5617828998365
96149d3ed4f00afb92f12856101e693e93c4683f030ae6ca6ebfbb7ba5a2a345,89d488538f940c98367ff572230106d1089868bdd379d9e2b9755b679dc186d2,290645.6354711056,0.015,2645.6204711055616,290645.6189802055,20,2645.6204711055616
96149d3ed4f00afb92f12856101e693e93c4683f030ae6ca6ebfbb7ba5a2a345,89d488538f940c98367ff572230106d1089868bdd379d9e2b9755b679dc186d2,290646.0497639179,0.013,2646.036763917946,290646.0352730179,20,2646.036763917946
96149d3ed4f00afb92f12856101e693e93c4683f030ae6ca6ebfbb7ba5a2a345,89d488538f940c98367ff572230106d1089868bdd379d9e2b9755b679dc186d2,291033.9620850086,0.04,3033.922085008642,291033.9205941086,20,3033.922085008642
96149d3ed4f00afb92f12856101e693e93c4683f030ae6ca6ebfbb7ba5a2a345,89d488538f940c98367ff572230106d1089868bdd379d9e2b9755b679dc186d2,291124.0736730099,0.038,3124.035673009872,291124.0341821098,20,3124.035673009872
96149d3ed4f00afb92f12856101e693e93c4683f030ae6ca6ebfbb7ba5a2a345,89d488538f940c98367ff572230106d1089868bdd379d9e2b9755b679dc186d2,291135.9417290688,0.035,3135.90672906884,291135.9052381688,20,3135.90672906884
96149d3ed4f00afb92f12856101e693e93c4683f030ae6ca6ebfbb7ba5a2a345,89d488538f940c98367ff572230106d1089868bdd379d9e2b9755b679dc186d2,291138.7847979069,0.037,3138.7477979068644,291138.7463070068,20,3138.7477979068644
96149d3ed4f00afb92f12856101e693e93c4683f030ae6ca6ebfbb7ba5a2a345,89d488538f940c98367ff572230106d1089868bdd379d9e2b9755b679dc186d2,291142.19254493713,0.035,3142.1575449371594,291142.1560540371,20,3142.1575449371594
96149d3ed4f00afb92f12856101e693e93c4683f030ae6ca6ebfbb7ba5a2a345,89d488538f940c98367ff572230106d1089868bdd379d9e2b9755b679dc186d2,291144.0387940407,0.036,3144.002794040658,291144.0013031406,20,3144.002794040658
96149d3ed4f00afb92f12856101e693e93c4683f030ae6ca6ebfbb7ba5a2a345,89d488538f940c98367ff572230106d1089868bdd379d9e2b9755b679dc186d2,291145.228787899,0.043,3145.185787899012,291145.18429699895,20,3145.185787899012
96149d3ed4f00afb92f12856101e693e93c4683f030ae6ca6ebfbb7ba5a2a345,89d488538f940c98367ff572230106d1089868bdd379d9e2b9755b679dc186d2,291160.2884891033,0.039,3160.2494891033275,291160.24799820327,20,3160.2494891033275
96149d3ed4f00afb92f12856101e693e93c4683f030ae6ca6ebfbb7ba5a2a345,89d488538f940c98367ff572230106d1089868bdd379d9e2b9755b679dc186d2,291161.8181450367,0.037,3161.781145036686,291161.7796541366,20,3161.781145036686
96149d3ed4f00afb92f12856101e693e93c4683f030ae6ca6ebfbb7ba5a2a345,89d488538f940c98367ff572230106d1089868bdd379d9e2b9755b679dc186d2,291164.9783101082,0.037,3164.9413101081736,291164.9398192081,20,3164.9413101081736
96149d3ed4f00afb92f12856101e693e93c4683f030ae6ca6ebfbb7ba5a2a345,89d488538f940c98367ff572230106d1089868bdd379d9e2b9755b679dc186d2,291165.4436540604,0.036,3165.4076540604,291165.40616316034,20,3165.4076540604
96149d3ed4f00afb92f12856101e693e93c4683f030ae6ca6ebfbb7ba5a2a345,89d488538f940c98367ff572230106d1089868bdd379d9e2b9755b679dc186d2,291188.5114529133,0.041,3188.4704529132578,291188.4689620132,20,3188.4704529132578
96149d3ed4f00afb92f12856101e693e93c4683f030ae6ca6ebfbb7ba5a2a345,89d488538f940c98367ff572230106d1089868bdd379d9e2b9755b679dc186d2,291226.4264450073,0.041,3226.3854450072977,291226.38395410724,20,3226.3854450072977
96149d3ed4f00afb92f12856101e693e93c4683f030ae6ca6ebfbb7ba5a2a345,89d488538f940c98367ff572230106d1089868bdd379d9e2b9755b679dc186d2,291240.7634010315,0.038,3240.7254010314937,291240.72391013143,20,3240.7254010314937
96149d3ed4f00afb92f12856101e693e93c4683f030ae6ca6ebfbb7ba5a2a345,89d488538f940c98367ff572230106d1089868bdd379d9e2b9755b679dc186d2,291244.7264049053,0.037,3244.689404905308,291244.68791400525,20,3244.689404905308
96149d3ed4f00afb92f12856101e693e93c4683f030ae6ca6ebfbb7ba5a2a345,89d488538f940c98367ff572230106d1089868bdd379d9e2b9755b679dc186d2,291258.1719930172,0.041,3258.13099301717,291258.1295021171,20,3258.13099301717
96149d3ed4f00afb92f12856101e693e93c4683f030ae6ca6ebfbb7ba5a2a345,89d488538f940c98367ff572230106d1089868bdd379d9e2b9755b679dc186d2,291285.1481349468,0.044,3285.1041349468287,291285.10264404677,20,3285.1041349468287
96149d3ed4f00afb92f12856101e693e93c4683f030ae6ca6ebfbb7ba5a2a345,89d488538f940c98367ff572230106d1089868bdd379d9e2b9755b679dc186d2,291286.0051999092,0.037,3285.968199909199,291285.96670900914,20,3285.968199909199
96149d3ed4f00afb92f12856101e693e93c4683f030ae6ca6ebfbb7ba5a2a345,89d488538f940c98367ff572230106d1089868bdd379d9e2b9755b679dc186d2,291290.4696030617,0.039,3290.4306030616863,291290.4291121616,20,3290.4306030616863
96149d3ed4f00afb92f12856101e693e93c4683f030ae6ca6ebfbb7ba5a2a345,89d488538f940c98367ff572230106d1089868bdd379d9e2b9755b679dc186d2,291294.57641911507,0.041,3294.53541911504,291294.533928215,20,3294.53541911504
96149d3ed4f00afb92f12856101e693e93c4683f030ae6ca6ebfbb7ba5a2a345,89d488538f940c98367ff572230106d1089868bdd379d9e2b9755b679dc186d2,291325.1290719509,0.039,3325.0900719509227,291325.08858105086,20,3325.0900719509227
96149d3ed4f00afb92f12856101e693e93c4683f030ae6ca6ebfbb7ba5a2a345,89d488538f940c98367ff572230106d1089868bdd379d9e2b9755b679dc186d2,291328.7518029213,0.039,3328.7128029213054,291328.71131202125,20,3328.7128029213054
96149d3ed4f00afb92f12856101e693e93c4683f030ae6ca6ebfbb7ba5a2a345,89d488538f940c98367ff572230106d1089868bdd379d9e2b9755b679dc186d2,291340.1301050186,0.04,3340.0901050186367,291340.0886141186,20,3340.0901050186367
96149d3ed4f00afb92f12856101e693e93c4683f030ae6ca6ebfbb7ba5a2a345,89d488538f940c98367ff572230106d1089868bdd379d9e2b9755b679dc186d2,291340.43630099297,0.037,3340.3993009929545,291340.3978100929,20,3340.3993009929545
96149d3ed4f00afb92f12856101e693e93c4683f030ae6ca6ebfbb7ba5a2a345,89d488538f940c98367ff572230106d1089868bdd379d9e2b9755b679dc186d2,291379.1417400837,0.046,3379.0957400837215,291379.09424918366,20,3379.0957400837215
96149d3ed4f00afb92f12856101e693e93c4683f030ae6ca6ebfbb7ba5a2a345,89d488538f940c98367ff572230106d1089868bdd379d9e2b9755b679dc186d2,291397.53586006165,0.042,3397.4938600616297,291397.49236916157,20,3397.4938600616297
96149d3ed4f00afb92f12856101e693e93c4683f030ae6ca6ebfbb7ba5a2a345,89d488538f940c98367ff572230106d1089868bdd379d9e2b9755b679dc186d2,291470.1655418873,0.041,3470.124541887257,291470.1230509872,20,3470.124541887257
96149d3ed4f00afb92f12856101e693e93c4683f030ae6ca6ebfbb7ba5a2a345,89d488538f940c98367ff572230106d1089868bdd379d9e2b9755b679dc186d2,291541.07165288925,0.037,3541.0346528892405,291541.0331619892,20,3541.0346528892405
96149d3ed4f00afb92f12856101e693e93c4683f030ae6ca6ebfbb7ba5a2a345,89d488538f940c98367ff572230106d1089868bdd379d9e2b9755b679dc186d2,292825.82124710083,0.037,4825.784247100819,292825.78275620076,20,4825.784247100819
96149d3ed4f00afb92f12856101e693e93c4683f030ae6ca6ebfbb7ba5a2a345,89d488538f940c98367ff572230106d1089868bdd379d9e2b9755b679dc186d2,292833.1571469307,0.833,4832.32414693071,292832.32265603065,20,4832.32414693071
96149d3ed4f00afb92f12856101e693e93c4683f030ae6ca6ebfbb7ba5a2a345,89d488538f940c98367ff572230106d1089868bdd379d9e2b9755b679dc186d2,292833.96331501007,0.69,4833.2733150100685,292833.27182411,20,4833.2733150100685
96149d3ed4f00afb92f12856101e693e93c4683f030ae6ca6ebfbb7ba5a2a345,89d488538f940c98367ff572230106d1089868bdd379d9e2b9755b679dc186d2,294208.8771109581,0.009,6208.868110958079,294208.866620058,20,6208.868110958079
96149d3ed4f00afb92f12856101e693e93c4683f030ae6ca6ebfbb7ba5a2a345,89d488538f940c98367ff572230106d1089868bdd379d9e2b9755b679dc186d2,294210.5600280762,0.012,6210.548028076184,294210.5465371761,20,6210.548028076184
96149d3ed4f00afb92f12856101e693e93c4683f030ae6ca6ebfbb7ba5a2a345,89d488538f940c98367ff572230106d1089868bdd379d9e2b9755b679dc186d2,294211.032088995,0.009,6211.02308899496,294211.0215980949,20,6211.02308899496
96149d3ed4f00afb92f12856101e693e93c4683f030ae6ca6ebfbb7ba5a2a345,89d488538f940c98367ff572230106d1089868bdd379d9e2b9755b679dc186d2,294213.5558168888,0.008,6213.547816888837,294213.5463259888,20,6213.547816888837
96149d3ed4f00afb92f12856101e693e93c4683f030ae6ca6ebfbb7ba5a2a345,89d488538f940c98367ff572230106d1089868bdd379d9e2b9755b679dc186d2,294233.6282129288,0.012,6233.616212928784,294233.6147220287,20,6233.616212928784
96149d3ed4f00afb92f12856101e693e93c4683f030ae6ca6ebfbb7ba5a2a345,89d488538f940c98367ff572230106d1089868bdd379d9e2b9755b679dc186d2,294258.51267910004,0.009,6258.503679100017,294258.50218819996,20,6258.503679100017
96149d3ed4f00afb92f12856101e693e93c4683f030ae6ca6ebfbb7ba5a2a345,89d488538f940c98367ff572230106d1089868bdd379d9e2b9755b679dc186d2,294273.08250403404,0.009,6273.073504034022,294273.07201313396,20,6273.073504034022
96149d3ed4f00afb92f12856101e693e93c4683f030ae6ca6ebfbb7ba5a2a345,89d488538f940c98367ff572230106d1089868bdd379d9e2b9755b679dc186d2,294273.8239970207,0.008,6273.815997020749,294273.8145061207,20,6273.815997020749
96149d3ed4f00afb92f12856101e693e93c4683f030ae6ca6ebfbb7ba5a2a345,89d488538f940c98367ff572230106d1089868bdd379d9e2b9755b679dc186d2,294275.96167206764,0.015,6275.946672067628,294275.94518116757,20,6275.946672067628
96149d3ed4f00afb92f12856101e693e93c4683f030ae6ca6ebfbb7ba5a2a345,89d488538f940c98367ff572230106d1089868bdd379d9e2b9755b679dc186d2,294295.4785120487,0.01,6295.468512048712,294295.46702114865,20,6295.468512048712
96149d3ed4f00afb92f12856101e693e93c4683f030ae6ca6ebfbb7ba5a2a345,89d488538f940c98367ff572230106d1089868bdd379d9e2b9755b679dc186d2,294298.0149359703,0.01,6298.004935970297,294298.00344507024,20,6298.004935970297
96149d3ed4f00afb92f12856101e693e93c4683f030ae6ca6ebfbb7ba5a2a345,89d488538f940c98367ff572230106d1089868bdd379d9e2b9755b679dc186d2,294298.2075419426,0.008,6298.199541942624,294298.19805104256,20,6298.199541942624
96149d3ed4f00afb92f12856101e693e93c4683f030ae6ca6ebfbb7ba5a2a345,89d488538f940c98367ff572230106d1089868bdd379d9e2b9755b679dc186d2,294317.33838009834,0.01,6317.328380098334,294317.3268891983,20,6317.328380098334
96149d3ed4f00afb92f12856101e693e93c4683f030ae6ca6ebfbb7ba5a2a345,89d488538f940c98367ff572230106d1089868bdd379d9e2b9755b679dc186d2,294317.4971039295,0.009,6317.4881039295,294317.48661302944,20,6317.4881039295
96149d3ed4f00afb92f12856101e693e93c4683f030ae6ca6ebfbb7ba5a2a345,89d488538f940c98367ff572230106d1089868bdd379d9e2b9755b679dc186d2,294330.8962049484,0.016,6330.880204948422,294330.87871404836,20,6330.880204948422
96149d3ed4f00afb92f12856101e693e93c4683f030ae6ca6ebfbb7ba5a2a345,89d488538f940c98367ff572230106d1089868bdd379d9e2b9755b679dc186d2,294331.62589907646,0.007,6331.618899076479,294331.6174081764,20,6331.618899076479
96149d3ed4f00afb92f12856101e693e93c4683f030ae6ca6ebfbb7ba5a2a345,89d488538f940c98367ff572230106d1089868bdd379d9e2b9755b679dc186d2,294342.3506000042,0.01,6342.340600004187,294342.3391091041,20,6342.340600004187
96149d3ed4f00afb92f12856101e693e93c4683f030ae6ca6ebfbb7ba5a2a345,89d488538f940c98367ff572230106d1089868bdd379d9e2b9755b679dc186d2,294347.9424169064,0.008,6347.9344169064425,294347.9329260064,20,6347.9344169064425
96149d3ed4f00afb92f12856101e693e93c4683f030ae6ca6ebfbb7ba5a2a345,89d488538f940c98367ff572230106d1089868bdd379d9e2b9755b679dc186d2,294350.3155670166,0.007,6350.308567016618,294350.30707611656,20,6350.308567016618
96149d3ed4f00afb92f12856101e693e93c4683f030ae6ca6ebfbb7ba5a2a345,89d488538f940c98367ff572230106d1089868bdd379d9e2b9755b679dc186d2,294350.9137749672,0.007,6350.90677496721,294350.90528406715,20,6350.90677496721
96149d3ed4f00afb92f12856101e693e93c4683f030ae6ca6ebfbb7ba5a2a345,89d488538f940c98367ff572230106d1089868bdd379d9e2b9755b679dc186d2,294369.6192350388,0.01,6369.609235038806,294369.60774413875,20,6369.609235038806
96149d3ed4f00afb92f12856101e693e93c4683f030ae6ca6ebfbb7ba5a2a345,89d488538f940c98367ff572230106d1089868bdd379d9e2b9755b679dc186d2,294370.23218393326,0.008,6370.2241839332855,294370.2226930332,20,6370.2241839332855
96149d3ed4f00afb92f12856101e693e93c4683f030ae6ca6ebfbb7ba5a2a345,89d488538f940c98367ff572230106d1089868bdd379d9e2b9755b679dc186d2,294418.35767292976,0.01,6418.3476729297545,294418.3461820297,20,6418.3476729297545
96149d3ed4f00afb92f12856101e693e93c4683f030ae6ca6ebfbb7ba5a2a345,89d488538f940c98367ff572230106d1089868bdd379d9e2b9755b679dc186d2,294484.44508194923,0.009,6484.436081949214,294484.43459104915,20,6484.436081949214
96149d3ed4f00afb92f12856101e693e93c4683f030ae6ca6ebfbb7ba5a2a345,89d488538f940c98367ff572230106d1089868bdd379d9e2b9755b679dc186d2,294485.8440630436,0.008,6485.836063043622,294485.83457214356,20,6485.836063043622
96149d3ed4f00afb92f12856101e693e93c4683f030ae6ca6ebfbb7ba5a2a345,89d488538f940c98367ff572230106d1089868bdd379d9e2b9755b679dc186d2,294491.93168497086,0.008,6491.923684970883,294491.9221940708,20,6491.923684970883
96149d3ed4f00afb92f12856101e693e93c4683f030ae6ca6ebfbb7ba5a2a345,89d488538f940c98367ff572230106d1089868bdd379d9e2b9755b679dc186d2,294493.42380309105,0.009,6493.414803091029,294493.41331219097,20,6493.414803091029
96149d3ed4f00afb92f12856101e693e93c4683f030ae6ca6ebfbb7ba5a2a345,89d488538f940c98367ff572230106d1089868bdd379d9e2b9755b679dc186d2,294494.75560188293,0.008,6494.747601882962,294494.7461109829,20,6494.747601882962
96149d3ed4f00afb92f12856101e693e93c4683f030ae6ca6ebfbb7ba5a2a345,89d488538f940c98367ff572230106d1089868bdd379d9e2b9755b679dc186d2,294510.2813010216,0.009,6510.272301021556,294510.2708101215,20,6510.272301021556
96149d3ed4f00afb92f12856101e693e93c4683f030ae6ca6ebfbb7ba5a2a345,89d488538f940c98367ff572230106d1089868bdd379d9e2b9755b679dc186d2,294513.7925519943,0.008,6513.784551994351,294513.7830610943,20,6513.784551994351
96149d3ed4f00afb92f12856101e693e93c4683f030ae6ca6ebfbb7ba5a2a345,89d488538f940c98367ff572230106d1089868bdd379d9e2b9755b679dc186d2,294546.26883888245,0.011,6546.257838882448,294546.2563479824,20,6546.257838882448
96149d3ed4f00afb92f12856101e693e93c4683f030ae6ca6ebfbb7ba5a2a345,89d488538f940c98367ff572230106d1089868bdd379d9e2b9755b679dc186d2,294550.13204193115,0.008,6550.12404193118,294550.1225510311,20,6550.12404193118
96149d3ed4f00afb92f12856101e693e93c4683f030ae6ca6ebfbb7ba5a2a345,89d488538f940c98367ff572230106d1089868bdd379d9e2b9755b679dc186d2,294567.1219940185,0.008,6567.113994018524,294567.11250311846,20,6567.113994018524
96149d3ed4f00afb92f12856101e693e93c4683f030ae6ca6ebfbb7ba5a2a345,89d488538f940c98367ff572230106d1089868bdd379d9e2b9755b679dc186d2,294569.653799057,0.01,6569.6437990569975,294569.64230815694,20,6569.6437990569975
96149d3ed4f00afb92f12856101e693e93c4683f030ae6ca6ebfbb7ba5a2a345,89d488538f940c98367ff572230106d1089868bdd379d9e2b9755b679dc186d2,294723.8528690338,0.01,6723.842869033804,294723.84137813374,20,6723.842869033804
96149d3ed4f00afb92f12856101e693e93c4683f030ae6ca6ebfbb7ba5a2a345,89d488538f940c98367ff572230106d1089868bdd379d9e2b9755b679dc186d2,294741.8533320427,0.009,6741.844332042674,294741.8428411426,20,6741.844332042674
96149d3ed4f00afb92f12856101e693e93c4683f030ae6ca6ebfbb7ba5a2a345,89d488538f940c98367ff572230106d1089868bdd379d9e2b9755b679dc186d2,294743.447065115,0.007,6743.440065114992,294743.43857421493,20,6743.440065114992
96149d3ed4f00afb92f12856101e693e93c4683f030ae6ca6ebfbb7ba5a2a345,89d488538f940c98367ff572230106d1089868bdd379d9e2b9755b679dc186d2,294744.76223802567,0.008,6744.754238025693,294744.75274712563,20,6744.754238025693
96149d3ed4f00afb92f12856101e693e93c4683f030ae6ca6ebfbb7ba5a2a345,89d488538f940c98367ff572230106d1089868bdd379d9e2b9755b679dc186d2,294796.54672908783,0.008,6796.538729087857,294796.5372381878,20,6796.538729087857
96149d3ed4f00afb92f12856101e693e93c4683f030ae6ca6ebfbb7ba5a2a345,89d488538f940c98367ff572230106d1089868bdd379d9e2b9755b679dc186d2,294828.23075699806,0.031,6828.199756998045,294828.198266098,20,6828.199756998045
96149d3ed4f00afb92f12856101e693e93c4683f030ae6ca6ebfbb7ba5a2a345,89d488538f940c98367ff572230106d1089868bdd379d9e2b9755b679dc186d2,294829.79685997963,1.446,6828.350859979633,294828.3493690796,20,6828.350859979633
96149d3ed4f00afb92f12856101e693e93c4683f030ae6ca6ebfbb7ba5a2a345,89d488538f940c98367ff572230106d1089868bdd379d9e2b9755b679dc186d2,294834.7849519253,0.016,6834.768951925274,294834.7674610252,20,6834.768951925274
96149d3ed4f00afb92f12856101e693e93c4683f030ae6ca6ebfbb7ba5a2a345,89d488538f940c98367ff572230106d1089868bdd379d9e2b9755b679dc186d2,294834.8874371052,0.007,6834.880437105196,294834.87894620514,20,6834.880437105196
96149d3ed4f00afb92f12856101e693e93c4683f030ae6ca6ebfbb7ba5a2a345,89d488538f940c98367ff572230106d1089868bdd379d9e2b9755b679dc186d2,294841.40407299995,0.008,6841.396072999982,294841.3945820999,20,6841.396072999982
96149d3ed4f00afb92f12856101e693e93c4683f030ae6ca6ebfbb7ba5a2a345,89d488538f940c98367ff572230106d1089868bdd379d9e2b9755b679dc186d2,294845.3697330952,0.009,6845.360733095207,294845.35924219515,20,6845.360733095207
96149d3ed4f00afb92f12856101e693e93c4683f030ae6ca6ebfbb7ba5a2a345,89d488538f940c98367ff572230106d1089868bdd379d9e2b9755b679dc186d2,294867.86442804337,0.011,6867.853428043367,294867.8519371433,20,6867.853428043367
96149d3ed4f00afb92f12856101e693e93c4683f030ae6ca6ebfbb7ba5a2a345,89d488538f940c98367ff572230106d1089868bdd379d9e2b9755b679dc186d2,294880.4472498894,0.009,6880.438249889354,294880.4367589893,20,6880.438249889354
96149d3ed4f00afb92f12856101e693e93c4683f030ae6ca6ebfbb7ba5a2a345,89d488538f940c98367ff572230106d1089868bdd379d9e2b9755b679dc186d2,294884.6102399826,0.194,6884.416239982587,294884.4147490825,20,6884.416239982587
96149d3ed4f00afb92f12856101e693e93c4683f030ae6ca6ebfbb7ba5a2a345,89d488538f940c98367ff572230106d1089868bdd379d9e2b9755b679dc186d2,294884.93587088585,0.01,6884.92587088584,294884.9243799858,20,6884.92587088584
96149d3ed4f00afb92f12856101e693e93c4683f030ae6ca6ebfbb7ba5a2a345,89d488538f940c98367ff572230106d1089868bdd379d9e2b9755b679dc186d2,294900.27690792084,0.045,6900.231907920854,294900.2304170208,20,6900.231907920854
96149d3ed4f00afb92f12856101e693e93c4683f030ae6ca6ebfbb7ba5a2a345,89d488538f940c98367ff572230106d1089868bdd379d9e2b9755b679dc186d2,294911.4265220165,0.013,6911.413522016548,294911.4120311165,20,6911.413522016548
96149d3ed4f00afb92f12856101e693e93c4683f030ae6ca6ebfbb7ba5a2a345,89d488538f940c98367ff572230106d1089868bdd379d9e2b9755b679dc186d2,294937.19189596176,0.008,6937.183895961789,294937.1824050617,20,6937.183895961789
96149d3ed4f00afb92f12856101e693e93c4683f030ae6ca6ebfbb7ba5a2a345,89d488538f940c98367ff572230106d1089868bdd379d9e2b9755b679dc186d2,294946.7223229408,0.017,6946.705322940834,294946.7038320408,20,6946.705322940834
96149d3ed4f00afb92f12856101e693e93c4683f030ae6ca6ebfbb7ba5a2a345,89d488538f940c98367ff572230106d1089868bdd379d9e2b9755b679dc186d2,294948.2953939438,0.013,6948.282393943809,294948.28090304375,20,6948.282393943809
96149d3ed4f00afb92f12856101e693e93c4683f030ae6ca6ebfbb7ba5a2a345,89d488538f940c98367ff572230106d1089868bdd379d9e2b9755b679dc186d2,294952.9153869152,0.018,6952.897386915225,294952.89589601516,20,6952.897386915225
96149d3ed4f00afb92f12856101e693e93c4683f030ae6ca6ebfbb7ba5a2a345,89d488538f940c98367ff572230106d1089868bdd379d9e2b9755b679dc186d2,294956.5834519863,0.028,6956.555451986322,294956.55396108626,20,6956.555451986322
96149d3ed4f00afb92f12856101e693e93c4683f030ae6ca6ebfbb7ba5a2a345,89d488538f940c98367ff572230106d1089868bdd379d9e2b9755b679dc186d2,294975.9578449726,0.012,6975.945844972623,294975.94435407256,20,6975.945844972623
96149d3ed4f00afb92f12856101e693e93c4683f030ae6ca6ebfbb7ba5a2a345,89d488538f940c98367ff572230106d1089868bdd379d9e2b9755b679dc186d2,294988.1605489254,0.015,6988.145548925386,294988.1440580253,20,6988.145548925386
96149d3ed4f00afb92f12856101e693e93c4683f030ae6ca6ebfbb7ba5a2a345,89d488538f940c98367ff572230106d1089868bdd379d9e2b9755b679dc186d2,294988.21401810646,0.008,6988.206018106488,294988.2045272064,20,6988.206018106488
96149d3ed4f00afb92f12856101e693e93c4683f030ae6ca6ebfbb7ba5a2a345,89d488538f940c98367ff572230106d1089868bdd379d9e2b9755b679dc186d2,295155.02696609497,0.269,7154.757966095,295154.75647519494,20,7154.757966095
96149d3ed4f00afb92f12856101e693e93c4683f030ae6ca6ebfbb7ba5a2a345,89d488538f940c98367ff572230106d1089868bdd379d9e2b9755b679dc186d2,295162.0620880127,0.037,7162.025088012684,295162.0235971126,20,7162.025088012684
96149d3ed4f00afb92f12856101e693e93c4683f030ae6ca6ebfbb7ba5a2a345,89d488538f940c98367ff572230106d1089868bdd379d9e2b9755b679dc186d2,295170.9271349907,0.037,7170.890134990681,295170.8886440906,20,7170.890134990681
96149d3ed4f00afb92f12856101e693e93c4683f030ae6ca6ebfbb7ba5a2a345,89d488538f940c98367ff572230106d1089868bdd379d9e2b9755b679dc186d2,295410.4043800831,0.19,7410.214380083082,295410.212889183,20,7410.214380083082
96149d3ed4f00afb92f12856101e693e93c4683f030ae6ca6ebfbb7ba5a2a345,89d488538f940c98367ff572230106d1089868bdd379d9e2b9755b679dc186d2,297350.3412959576,0.07,9350.271295957617,297350.26980505756,20,9350.271295957617
96149d3ed4f00afb92f12856101e693e93c4683f030ae6ca6ebfbb7ba5a2a345,89d488538f940c98367ff572230106d1089868bdd379d9e2b9755b679dc186d2,297351.2418739796,0.013,9351.22887397965,297351.2273830796,20,9351.22887397965
96149d3ed4f00afb92f12856101e693e93c4683f030ae6ca6ebfbb7ba5a2a345,89d488538f940c98367ff572230106d1089868bdd379d9e2b9755b679dc186d2,300274.2098519802,0.013,12274.196851980232,300274.1953610802,20,12274.196851980232
96149d3ed4f00afb92f12856101e693e93c4683f030ae6ca6ebfbb7ba5a2a345,89d488538f940c98367ff572230106d1089868bdd379d9e2b9755b679dc186d2,300280.70216298103,0.01,12280.692162981024,300280.69067208096,20,12280.692162981024
96149d3ed4f00afb92f12856101e693e93c4683f030ae6ca6ebfbb7ba5a2a345,89d488538f940c98367ff572230106d1089868bdd379d9e2b9755b679dc186d2,300282.74941802025,0.009,12282.740418020228,300282.73892712017,20,12282.740418020228
96149d3ed4f00afb92f12856101e693e93c4683f030ae6ca6ebfbb7ba5a2a345,89d488538f940c98367ff572230106d1089868bdd379d9e2b9755b679dc186d2,300285.90135002136,0.011,12285.890350021364,300285.8888591213,20,12285.890350021364
96149d3ed4f00afb92f12856101e693e93c4683f030ae6ca6ebfbb7ba5a2a345,89d488538f940c98367ff572230106d1089868bdd379d9e2b9755b679dc186d2,300428.2347021103,0.044,12428.190702110296,300428.18921121024,20,12428.190702110296
96149d3ed4f00afb92f12856101e693e93c4683f030ae6ca6ebfbb7ba5a2a345,89d488538f940c98367ff572230106d1089868bdd379d9e2b9755b679dc186d2,300439.0985150337,0.036,12439.0625150337,300439.06102413364,20,12439.0625150337
96149d3ed4f00afb92f12856101e693e93c4683f030ae6ca6ebfbb7ba5a2a345,89d488538f940c98367ff572230106d1089868bdd379d9e2b9755b679dc186d2,300440.1052260399,0.037,12440.068226039875,300440.0667351398,20,12440.068226039875
96149d3ed4f00afb92f12856101e693e93c4683f030ae6ca6ebfbb7ba5a2a345,89d488538f940c98367ff572230106d1089868bdd379d9e2b9755b679dc186d2,300441.7506990433,0.038,12441.712699043273,300441.7112081432,20,12441.712699043273
96149d3ed4f00afb92f12856101e693e93c4683f030ae6ca6ebfbb7ba5a2a345,89d488538f940c98367ff572230106d1089868bdd379d9e2b9755b679dc186d2,300442.8308649063,0.05,12442.780864906323,300442.77937400626,20,12442.780864906323
96149d3ed4f00afb92f12856101e693e93c4683f030ae6ca6ebfbb7ba5a2a345,89d488538f940c98367ff572230106d1089868bdd379d9e2b9755b679dc186d2,300475.863560915,0.036,12475.827560914971,300475.8260700149,20,12475.827560914971
96149d3ed4f00afb92f12856101e693e93c4683f030ae6ca6ebfbb7ba5a2a345,89d488538f940c98367ff572230106d1089868bdd379d9e2b9755b679dc186d2,300476.28016495705,0.038,12476.242164957046,300476.240674057,20,12476.242164957046
96149d3ed4f00afb92f12856101e693e93c4683f030ae6ca6ebfbb7ba5a2a345,89d488538f940c98367ff572230106d1089868bdd379d9e2b9755b679dc186d2,300476.6212449074,0.035,12476.586244907405,300476.58475400734,20,12476.586244907405
96149d3ed4f00afb92f12856101e693e93c4683f030ae6ca6ebfbb7ba5a2a345,89d488538f940c98367ff572230106d1089868bdd379d9e2b9755b679dc186d2,300484.15642905235,0.038,12484.118429052352,300484.1169381523,20,12484.118429052352
96149d3ed4f00afb92f12856101e693e93c4683f030ae6ca6ebfbb7ba5a2a345,89d488538f940c98367ff572230106d1089868bdd379d9e2b9755b679dc186d2,300490.8447840214,0.042,12490.802784021362,300490.8012931213,20,12490.802784021362
96149d3ed4f00afb92f12856101e693e93c4683f030ae6ca6ebfbb7ba5a2a345,89d488538f940c98367ff572230106d1089868bdd379d9e2b9755b679dc186d2,300498.73748493195,0.038,12498.699484931945,300498.6979940319,20,12498.699484931945
96149d3ed4f00afb92f12856101e693e93c4683f030ae6ca6ebfbb7ba5a2a345,89d488538f940c98367ff572230106d1089868bdd379d9e2b9755b679dc186d2,300502.2405669689,0.038,12502.202566968917,300502.20107606886,20,12502.202566968917
96149d3ed4f00afb92f12856101e693e93c4683f030ae6ca6ebfbb7ba5a2a345,89d488538f940c98367ff572230106d1089868bdd379d9e2b9755b679dc186d2,300508.4915289879,0.037,12508.454528987873,300508.4530380878,20,12508.454528987873
96149d3ed4f00afb92f12856101e693e93c4683f030ae6ca6ebfbb7ba5a2a345,89d488538f940c98367ff572230106d1089868bdd379d9e2b9755b679dc186d2,300538.82908797264,0.038,12538.79108797264,300538.7895970726,20,12538.79108797264
96149d3ed4f00afb92f12856101e693e93c4683f030ae6ca6ebfbb7ba5a2a345,89d488538f940c98367ff572230106d1089868bdd379d9e2b9755b679dc186d2,300539.2232658863,0.037,12539.186265886296,300539.18477498624,20,12539.186265886296
96149d3ed4f00afb92f12856101e693e93c4683f030ae6ca6ebfbb7ba5a2a345,89d488538f940c98367ff572230106d1089868bdd379d9e2b9755b679dc186d2,300559.4768400192,0.035,12559.441840019252,300559.4403491192,20,12559.441840019252
96149d3ed4f00afb92f12856101e693e93c4683f030ae6ca6ebfbb7ba5a2a345,89d488538f940c98367ff572230106d1089868bdd379d9e2b9755b679dc186d2,300562.23097395897,0.037,12562.193973958958,300562.1924830589,20,12562.193973958958
96149d3ed4f00afb92f12856101e693e93c4683f030ae6ca6ebfbb7ba5a2a345,89d488538f940c98367ff572230106d1089868bdd379d9e2b9755b679dc186d2,300562.29609298706,0.043,12562.253092987055,300562.251602087,20,12562.253092987055
96149d3ed4f00afb92f12856101e693e93c4683f030ae6ca6ebfbb7ba5a2a345,89d488538f940c98367ff572230106d1089868bdd379d9e2b9755b679dc186d2,300563.05950403214,0.046,12563.013504032162,300563.0120131321,20,12563.013504032162
96149d3ed4f00afb92f12856101e693e93c4683f030ae6ca6ebfbb7ba5a2a345,89d488538f940c98367ff572230106d1089868bdd379d9e2b9755b679dc186d2,300567.0513279438,0.037,12567.01432794379,300567.01283704373,20,12567.01432794379
96149d3ed4f00afb92f12856101e693e93c4683f030ae6ca6ebfbb7ba5a2a345,89d488538f940c98367ff572230106d1089868bdd379d9e2b9755b679dc186d2,300575.3444070816,1.432,12573.912407081632,300573.9109161816,20,12573.912407081632
96149d3ed4f00afb92f12856101e693e93c4683f030ae6ca6ebfbb7ba5a2a345,89d488538f940c98367ff572230106d1089868bdd379d9e2b9755b679dc186d2,300579.51646208763,0.391,12579.125462087628,300579.12397118757,20,12579.125462087628
96149d3ed4f00afb92f12856101e693e93c4683f030ae6ca6ebfbb7ba5a2a345,89d488538f940c98367ff572230106d1089868bdd379d9e2b9755b679dc186d2,300587.7089970112,0.037,12587.671997011174,300587.6705061111,20,12587.671997011174
96149d3ed4f00afb92f12856101e693e93c4683f030ae6ca6ebfbb7ba5a2a345,89d488538f940c98367ff572230106d1089868bdd379d9e2b9755b679dc186d2,300645.773168087,0.038,12645.735168087005,300645.73367718694,20,12645.735168087005
96149d3ed4f00afb92f12856101e693e93c4683f030ae6ca6ebfbb7ba5a2a345,89d488538f940c98367ff572230106d1089868bdd379d9e2b9755b679dc186d2,300646.04221606255,0.035,12646.007216062571,300646.0057251625,20,12646.007216062571
96149d3ed4f00afb92f12856101e693e93c4683f030ae6ca6ebfbb7ba5a2a345,89d488538f940c98367ff572230106d1089868bdd379d9e2b9755b679dc186d2,300660.67911696434,0.036,12660.643116964318,300660.64162606426,20,12660.643116964318
96149d3ed4f00afb92f12856101e693e93c4683f030ae6ca6ebfbb7ba5a2a345,89d488538f940c98367ff572230106d1089868bdd379d9e2b9755b679dc186d2,300661.01495194435,0.036,12660.97895194433,300660.97746104427,20,12660.97895194433
96149d3ed4f00afb92f12856101e693e93c4683f030ae6ca6ebfbb7ba5a2a345,89d488538f940c98367ff572230106d1089868bdd379d9e2b9755b679dc186d2,300672.6602830887,0.041,12672.619283088658,300672.6177921886,20,12672.619283088658
96149d3ed4f00afb92f12856101e693e93c4683f030ae6ca6ebfbb7ba5a2a345,89d488538f940c98367ff572230106d1089868bdd379d9e2b9755b679dc186d2,300686.0381178856,0.04,12685.99811788561,300685.99662698555,20,12685.99811788561
96149d3ed4f00afb92f12856101e693e93c4683f030ae6ca6ebfbb7ba5a2a345,89d488538f940c98367ff572230106d1089868bdd379d9e2b9755b679dc186d2,300686.41583895683,0.04,12686.375838956854,300686.3743480568,20,12686.375838956854
96149d3ed4f00afb92f12856101e693e93c4683f030ae6ca6ebfbb7ba5a2a345,89d488538f940c98367ff572230106d1089868bdd379d9e2b9755b679dc186d2,300688.4976630211,0.036,12688.461663021066,300688.460172121,20,12688.461663021066
96149d3ed4f00afb92f12856101e693e93c4683f030ae6ca6ebfbb7ba5a2a345,89d488538f940c98367ff572230106d1089868bdd379d9e2b9755b679dc186d2,300692.9934720993,0.04,12692.953472099325,300692.95198119926,20,12692.953472099325
96149d3ed4f00afb92f12856101e693e93c4683f030ae6ca6ebfbb7ba5a2a345,89d488538f940c98367ff572230106d1089868bdd379d9e2b9755b679dc186d2,300695.8095290661,0.037,12695.772529066075,300695.771038166,20,12695.772529066075
96149d3ed4f00afb92f12856101e693e93c4683f030ae6ca6ebfbb7ba5a2a345,89d488538f940c98367ff572230106d1089868bdd379d9e2b9755b679dc186d2,300717.7695391178,0.037,12717.732539117802,300717.73104821774,20,12717.732539117802
96149d3ed4f00afb92f12856101e693e93c4683f030ae6ca6ebfbb7ba5a2a345,89d488538f940c98367ff572230106d1089868bdd379d9e2b9755b679dc186d2,300720.9188170433,0.037,12720.881817043293,300720.88032614323,20,12720.881817043293
96149d3ed4f00afb92f12856101e693e93c4683f030ae6ca6ebfbb7ba5a2a345,89d488538f940c98367ff572230106d1089868bdd379d9e2b9755b679dc186d2,300723.1614699364,0.037,12723.124469936418,300723.12297903636,20,12723.124469936418
96149d3ed4f00afb92f12856101e693e93c4683f030ae6ca6ebfbb7ba5a2a345,89d488538f940c98367ff572230106d1089868bdd379d9e2b9755b679dc186d2,300739.59290599823,0.037,12739.555905998219,300739.55441509816,20,12739.555905998219
96149d3ed4f00afb92f12856101e693e93c4683f030ae6ca6ebfbb7ba5a2a345,89d488538f940c98367ff572230106d1089868bdd379d9e2b9755b679dc186d2,300745.9616010189,0.944,12745.017601018888,300745.0161101188,20,12745.017601018888
96149d3ed4f00afb92f12856101e693e93c4683f030ae6ca6ebfbb7ba5a2a345,89d488538f940c98367ff572230106d1089868bdd379d9e2b9755b679dc186d2,300754.8181529045,0.036,12754.782152904489,300754.7806620044,20,12754.782152904489
96149d3ed4f00afb92f12856101e693e93c4683f030ae6ca6ebfbb7ba5a2a345,89d488538f940c98367ff572230106d1089868bdd379d9e2b9755b679dc186d2,300759.49614501,0.037,12759.459145009983,300759.4576541099,20,12759.459145009983
96149d3ed4f00afb92f12856101e693e93c4683f030ae6ca6ebfbb7ba5a2a345,89d488538f940c98367ff572230106d1089868bdd379d9e2b9755b679dc186d2,300787.4310250282,0.04,12787.39102502825,300787.3895341282,20,12787.39102502825
96149d3ed4f00afb92f12856101e693e93c4683f030ae6ca6ebfbb7ba5a2a345,89d488538f940c98367ff572230106d1089868bdd379d9e2b9755b679dc186d2,300838.17256498337,0.05,12838.12256498338,300838.1210740833,20,12838.12256498338
96149d3ed4f00afb92f12856101e693e93c4683f030ae6ca6ebfbb7ba5a2a345,89d488538f940c98367ff572230106d1089868bdd379d9e2b9755b679dc186d2,300853.58615493774,0.038,12853.548154937744,300853.5466640377,20,12853.548154937744
96149d3ed4f00afb92f12856101e693e93c4683f030ae6ca6ebfbb7ba5a2a345,89d488538f940c98367ff572230106d1089868bdd379d9e2b9755b679dc186d2,300863.009499073,0.037,12862.972499073017,300862.97100817296,20,12862.972499073017
96149d3ed4f00afb92f12856101e693e93c4683f030ae6ca6ebfbb7ba5a2a345,89d488538f940c98367ff572230106d1089868bdd379d9e2b9755b679dc186d2,300892.23278808594,0.047,12892.185788085917,300892.18429718586,20,12892.185788085917
96149d3ed4f00afb92f12856101e693e93c4683f030ae6ca6ebfbb7ba5a2a345,89d488538f940c98367ff572230106d1089868bdd379d9e2b9755b679dc186d2,300913.01656508446,0.037,12912.979565084446,300912.9780741844,20,12912.979565084446
96149d3ed4f00afb92f12856101e693e93c4683f030ae6ca6ebfbb7ba5a2a345,89d488538f940c98367ff572230106d1089868bdd379d9e2b9755b679dc186d2,300914.04843711853,0.037,12914.01143711852,300914.00994621846,20,12914.01143711852
96149d3ed4f00afb92f12856101e693e93c4683f030ae6ca6ebfbb7ba5a2a345,89d488538f940c98367ff572230106d1089868bdd379d9e2b9755b679dc186d2,300921.3848519325,0.037,12921.347851932514,300921.34636103245,20,12921.347851932514
96149d3ed4f00afb92f12856101e693e93c4683f030ae6ca6ebfbb7ba5a2a345,89d488538f940c98367ff572230106d1089868bdd379d9e2b9755b679dc186d2,300931.5226650238,0.04,12931.482665023825,300931.48117412376,20,12931.482665023825
96149d3ed4f00afb92f12856101e693e93c4683f030ae6ca6ebfbb7ba5a2a345,89d488538f940c98367ff572230106d1089868bdd379d9e2b9755b679dc186d2,300949.90748906136,0.036,12949.871489061334,300949.8699981613,20,12949.871489061334
96149d3ed4f00afb92f12856101e693e93c4683f030ae6ca6ebfbb7ba5a2a345,89d488538f940c98367ff572230106d1089868bdd379d9e2b9755b679dc186d2,300957.11755895615,0.037,12957.080558956135,300957.0790680561,20,12957.080558956135
96149d3ed4f00afb92f12856101e693e93c4683f030ae6ca6ebfbb7ba5a2a345,89d488538f940c98367ff572230106d1089868bdd379d9e2b9755b679dc186d2,300960.60248303413,0.035,12960.56748303416,300960.5659921341,20,12960.56748303416
96149d3ed4f00afb92f12856101e693e93c4683f030ae6ca6ebfbb7ba5a2a345,89d488538f940c98367ff572230106d1089868bdd379d9e2b9755b679dc186d2,301001.21632289886,0.146,13001.070322898857,301001.0688319988,20,13001.070322898857
96149d3ed4f00afb92f12856101e693e93c4683f030ae6ca6ebfbb7ba5a2a345,89d488538f940c98367ff572230106d1089868bdd379d9e2b9755b679dc186d2,301008.63978099823,0.04,13008.599780998251,301008.5982900982,20,13008.599780998251
96149d3ed4f00afb92f12856101e693e93c4683f030ae6ca6ebfbb7ba5a2a345,89d488538f940c98367ff572230106d1089868bdd379d9e2b9755b679dc186d2,301017.3458969593,0.036,13017.309896959283,301017.3084060592,20,13017.309896959283
96149d3ed4f00afb92f12856101e693e93c4683f030ae6ca6ebfbb7ba5a2a345,89d488538f940c98367ff572230106d1089868bdd379d9e2b9755b679dc186d2,301018.817234993,0.039,13018.778234992991,301018.77674409293,20,13018.778234992991
96149d3ed4f00afb92f12856101e693e93c4683f030ae6ca6ebfbb7ba5a2a345,89d488538f940c98367ff572230106d1089868bdd379d9e2b9755b679dc186d2,301050.99039292336,0.044,13050.94639292336,301050.9449020233,20,13050.94639292336
96149d3ed4f00afb92f12856101e693e93c4683f030ae6ca6ebfbb7ba5a2a345,89d488538f940c98367ff572230106d1089868bdd379d9e2b9755b679dc186d2,301051.0695679188,0.038,13051.031567918777,301051.0300770187,20,13051.031567918777
96149d3ed4f00afb92f12856101e693e93c4683f030ae6ca6ebfbb7ba5a2a345,89d488538f940c98367ff572230106d1089868bdd379d9e2b9755b679dc186d2,301051.99534106255,0.044,13051.951341062551,301051.9498501625,20,13051.951341062551
96149d3ed4f00afb92f12856101e693e93c4683f030ae6ca6ebfbb7ba5a2a345,89d488538f940c98367ff572230106d1089868bdd379d9e2b9755b679dc186d2,301059.9688410759,0.036,13059.932841075875,301059.9313501758,20,13059.932841075875
96149d3ed4f00afb92f12856101e693e93c4683f030ae6ca6ebfbb7ba5a2a345,89d488538f940c98367ff572230106d1089868bdd379d9e2b9755b679dc186d2,301075.17116594315,0.038,13075.133165943145,301075.1316750431,20,13075.133165943145
96149d3ed4f00afb92f12856101e693e93c4683f030ae6ca6ebfbb7ba5a2a345,89d488538f940c98367ff572230106d1089868bdd379d9e2b9755b679dc186d2,301075.7744541168,0.037,13075.73745411681,301075.73596321675,20,13075.73745411681
96149d3ed4f00afb92f12856101e693e93c4683f030ae6ca6ebfbb7ba5a2a345,89d488538f940c98367ff572230106d1089868bdd379d9e2b9755b679dc186d2,301109.0506289005,0.036,13109.014628900506,301109.01313800045,20,13109.014628900506
96149d3ed4f00afb92f12856101e693e93c4683f030ae6ca6ebfbb7ba5a2a345,89d488538f940c98367ff572230106d1089868bdd379d9e2b9755b679dc186d2,301119.249475956,0.035,13119.214475956047,301119.212985056,20,13119.214475956047
96149d3ed4f00afb92f12856101e693e93c4683f030ae6ca6ebfbb7ba5a2a345,89d488538f940c98367ff572230106d1089868bdd379d9e2b9755b679dc186d2,301119.50116610527,0.037,13119.46416610526,301119.4626752052,20,13119.46416610526
96149d3ed4f00afb92f12856101e693e93c4683f030ae6ca6ebfbb7ba5a2a345,89d488538f940c98367ff572230106d1089868bdd379d9e2b9755b679dc186d2,301168.526072979,0.038,13168.488072978973,301168.4865820789,20,13168.488072978973
96149d3ed4f00afb92f12856101e693e93c4683f030ae6ca6ebfbb7ba5a2a345,89d488538f940c98367ff572230106d1089868bdd379d9e2b9755b679dc186d2,301170.0075790882,0.045,13169.962579088227,301169.96108818817,20,13169.962579088227
96149d3ed4f00afb92f12856101e693e93c4683f030ae6ca6ebfbb7ba5a2a345,89d488538f940c98367ff572230106d1089868bdd379d9e2b9755b679dc186d2,301170.57747888565,0.042,13170.535478885635,301170.5339879856,20,13170.535478885635
96149d3ed4f00afb92f12856101e693e93c4683f030ae6ca6ebfbb7ba5a2a345,89d488538f940c98367ff572230106d1089868bdd379d9e2b9755b679dc186d2,301173.0105319023,0.042,13172.968531902297,301172.96704100224,20,13172.968531902297
96149d3ed4f00afb92f12856101e693e93c4683f030ae6ca6ebfbb7ba5a2a345,89d488538f940c98367ff572230106d1089868bdd379d9e2b9755b679dc186d2,301173.2762670517,0.041,13173.23526705167,301173.2337761516,20,13173.23526705167
96149d3ed4f00afb92f12856101e693e93c4683f030ae6ca6ebfbb7ba5a2a345,89d488538f940c98367ff572230106d1089868bdd379d9e2b9755b679dc186d2,301173.32646107674,0.038,13173.288461076736,301173.2869701767,20,13173.288461076736
96149d3ed4f00afb92f12856101e693e93c4683f030ae6ca6ebfbb7ba5a2a345,89d488538f940c98367ff572230106d1089868bdd379d9e2b9755b679dc186d2,301195.13729810715,0.038,13195.099298107147,301195.0978072071,20,13195.099298107147
96149d3ed4f00afb92f12856101e693e93c4683f030ae6ca6ebfbb7ba5a2a345,89d488538f940c98367ff572230106d1089868bdd379d9e2b9755b679dc186d2,301195.5798370838,0.036,13195.543837083795,301195.54234618373,20,13195.543837083795
96149d3ed4f00afb92f12856101e693e93c4683f030ae6ca6ebfbb7ba5a2a345,89d488538f940c98367ff572230106d1089868bdd379d9e2b9755b679dc186d2,301202.584250927,0.037,13202.54725092696,301202.5457600269,20,13202.54725092696
96149d3ed4f00afb92f12856101e693e93c4683f030ae6ca6ebfbb7ba5a2a345,89d488538f940c98367ff572230106d1089868bdd379d9e2b9755b679dc186d2,301204.4689819813,0.038,13204.430981981277,301204.4294910812,20,13204.430981981277
96149d3ed4f00afb92f12856101e693e93c4683f030ae6ca6ebfbb7ba5a2a345,89d488538f940c98367ff572230106d1089868bdd379d9e2b9755b679dc186d2,301204.85487508774,0.037,13204.817875087727,301204.81638418767,20,13204.817875087727
96149d3ed4f00afb92f12856101e693e93c4683f030ae6ca6ebfbb7ba5a2a345,89d488538f940c98367ff572230106d1089868bdd379d9e2b9755b679dc186d2,301205.00416088104,0.036,13204.96816088102,301204.96666998096,20,13204.96816088102
96149d3ed4f00afb92f12856101e693e93c4683f030ae6ca6ebfbb7ba5a2a345,89d488538f940c98367ff572230106d1089868bdd379d9e2b9755b679dc186d2,301217.8988111019,0.038,13217.860811101913,301217.85932020185,20,13217.860811101913
96149d3ed4f00afb92f12856101e693e93c4683f030ae6ca6ebfbb7ba5a2a345,89d488538f940c98367ff572230106d1089868bdd379d9e2b9755b679dc186d2,301220.80372595787,0.042,13220.761725957855,301220.7602350578,20,13220.761725957855
96149d3ed4f00afb92f12856101e693e93c4683f030ae6ca6ebfbb7ba5a2a345,89d488538f940c98367ff572230106d1089868bdd379d9e2b9755b679dc186d2,301221.3954389096,0.037,13221.358438909578,301221.3569480095,20,13221.358438909578
96149d3ed4f00afb92f12856101e693e93c4683f030ae6ca6ebfbb7ba5a2a345,89d488538f940c98367ff572230106d1089868bdd379d9e2b9755b679dc186d2,301223.265034914,0.038,13223.227034914016,301223.22554401396,20,13223.227034914016
96149d3ed4f00afb92f12856101e693e93c4683f030ae6ca6ebfbb7ba5a2a345,89d488538f940c98367ff572230106d1089868bdd379d9e2b9755b679dc186d2,301229.6735448837,0.038,13229.635544883728,301229.63405398367,20,13229.635544883728
96149d3ed4f00afb92f12856101e693e93c4683f030ae6ca6ebfbb7ba5a2a345,89d488538f940c98367ff572230106d1089868bdd379d9e2b9755b679dc186d2,301233.4470798969,0.049,13233.398079896928,301233.39658899687,20,13233.398079896928
96149d3ed4f00afb92f12856101e693e93c4683f030ae6ca6ebfbb7ba5a2a345,89d488538f940c98367ff572230106d1089868bdd379d9e2b9755b679dc186d2,301233.50988698006,0.042,13233.467886980041,301233.46639608,20,13233.467886980041
96149d3ed4f00afb92f12856101e693e93c4683f030ae6ca6ebfbb7ba5a2a345,89d488538f940c98367ff572230106d1089868bdd379d9e2b9755b679dc186d2,301243.6086230278,0.038,13243.570623027801,301243.56913212774,20,13243.570623027801
96149d3ed4f00afb92f12856101e693e93c4683f030ae6ca6ebfbb7ba5a2a345,89d488538f940c98367ff572230106d1089868bdd379d9e2b9755b679dc186d2,301244.12165904045,0.04,13244.081659040472,301244.0801681404,20,13244.081659040472
96149d3ed4f00afb92f12856101e693e93c4683f030ae6ca6ebfbb7ba5a2a345,89d488538f940c98367ff572230106d1089868bdd379d9e2b9755b679dc186d2,301247.9942390919,0.039,13247.955239091883,301247.9537481918,20,13247.955239091883
96149d3ed4f00afb92f12856101e693e93c4683f030ae6ca6ebfbb7ba5a2a345,89d488538f940c98367ff572230106d1089868bdd379d9e2b9755b679dc186d2,301253.2238149643,0.036,13253.187814964273,301253.1863240642,20,13253.187814964273
96149d3ed4f00afb92f12856101e693e93c4683f030ae6ca6ebfbb7ba5a2a345,89d488538f940c98367ff572230106d1089868bdd379d9e2b9755b679dc186d2,301315.27735996246,0.036,13315.241359962441,301315.2398690624,20,13315.241359962441
96149d3ed4f00afb92f12856101e693e93c4683f030ae6ca6ebfbb7ba5a2a345,89d488538f940c98367ff572230106d1089868bdd379d9e2b9755b679dc186d2,301361.533023119,0.036,13361.49702311895,301361.4955322189,20,13361.49702311895
96149d3ed4f00afb92f12856101e693e93c4683f030ae6ca6ebfbb7ba5a2a345,89d488538f940c98367ff572230106d1089868bdd379d9e2b9755b679dc186d2,301361.79256391525,0.036,13361.75656391523,301361.75507301517,20,13361.75656391523
96149d3ed4f00afb92f12856101e693e93c4683f030ae6ca6ebfbb7ba5a2a345,89d488538f940c98367ff572230106d1089868bdd379d9e2b9755b679dc186d2,301367.6888680458,0.056,13367.632868045825,301367.63137714576,20,13367.632868045825
96149d3ed4f00afb92f12856101e693e93c4683f030ae6ca6ebfbb7ba5a2a345,89d488538f940c98367ff572230106d1089868bdd379d9e2b9755b679dc186d2,301376.309636116,0.047,13376.262636116007,301376.26114521595,20,13376.262636116007
96149d3ed4f00afb92f12856101e693e93c4683f030ae6ca6ebfbb7ba5a2a345,89d488538f940c98367ff572230106d1089868bdd379d9e2b9755b679dc186d2,301392.37084198,0.036,13392.334841979959,301392.3333510799,20,13392.334841979959
96149d3ed4f00afb92f12856101e693e93c4683f030ae6ca6ebfbb7ba5a2a345,89d488538f940c98367ff572230106d1089868bdd379d9e2b9755b679dc186d2,301395.65772104263,0.037,13395.620721042622,301395.61923014256,20,13395.620721042622
96149d3ed4f00afb92f12856101e693e93c4683f030ae6ca6ebfbb7ba5a2a345,89d488538f940c98367ff572230106d1089868bdd379d9e2b9755b679dc186d2,301399.0981619358,0.037,13399.061161935795,301399.05967103573,20,13399.061161935795
96149d3ed4f00afb92f12856101e693e93c4683f030ae6ca6ebfbb7ba5a2a345,89d488538f940c98367ff572230106d1089868bdd379d9e2b9755b679dc186d2,301401.4316689968,0.037,13401.3946689968,301401.39317809674,20,13401.3946689968
96149d3ed4f00afb92f12856101e693e93c4683f030ae6ca6ebfbb7ba5a2a345,89d488538f940c98367ff572230106d1089868bdd379d9e2b9755b679dc186d2,301401.7102749348,0.037,13401.673274934816,301401.67178403476,20,13401.673274934816
96149d3ed4f00afb92f12856101e693e93c4683f030ae6ca6ebfbb7ba5a2a345,89d488538f940c98367ff572230106d1089868bdd379d9e2b9755b679dc186d2,301405.10660004616,0.039,13405.067600046168,301405.0661091461,20,13405.067600046168
96149d3ed4f00afb92f12856101e693e93c4683f030ae6ca6ebfbb7ba5a2a345,89d488538f940c98367ff572230106d1089868bdd379d9e2b9755b679dc186d2,301414.11929392815,0.043,13414.076293928141,301414.0748030281,20,13414.076293928141
96149d3ed4f00afb92f12856101e693e93c4683f030ae6ca6ebfbb7ba5a2a345,89d488538f940c98367ff572230106d1089868bdd379d9e2b9755b679dc186d2,301425.2471630573,0.036,13425.211163057305,301425.20967215725,20,13425.211163057305
96149d3ed4f00afb92f12856101e693e93c4683f030ae6ca6ebfbb7ba5a2a345,89d488538f940c98367ff572230106d1089868bdd379d9e2b9755b679dc186d2,301426.7801909447,0.05,13426.730190944683,301426.7287000446,20,13426.730190944683
96149d3ed4f00afb92f12856101e693e93c4683f030ae6ca6ebfbb7ba5a2a345,89d488538f940c98367ff572230106d1089868bdd379d9e2b9755b679dc186d2,301427.2611889839,0.037,13427.224188983906,301427.22269808385,20,13427.224188983906
96149d3ed4f00afb92f12856101e693e93c4683f030ae6ca6ebfbb7ba5a2a345,89d488538f940c98367ff572230106d1089868bdd379d9e2b9755b679dc186d2,301440.17781996727,0.064,13440.113819967257,301440.1123290672,20,13440.113819967257
96149d3ed4f00afb92f12856101e693e93c4683f030ae6ca6ebfbb7ba5a2a345,89d488538f940c98367ff572230106d1089868bdd379d9e2b9755b679dc186d2,301441.9557919502,0.037,13441.918791950215,301441.91730105015,20,13441.918791950215
96149d3ed4f00afb92f12856101e693e93c4683f030ae6ca6ebfbb7ba5a2a345,89d488538f940c98367ff572230106d1089868bdd379d9e2b9755b679dc186d2,301446.4620978832,0.037,13446.425097883213,301446.42360698315,20,13446.425097883213
96149d3ed4f00afb92f12856101e693e93c4683f030ae6ca6ebfbb7ba5a2a345,89d488538f940c98367ff572230106d1089868bdd379d9e2b9755b679dc186d2,301448.2426829338,0.037,13448.205682933796,301448.20419203374,20,13448.205682933796
96149d3ed4f00afb92f12856101e693e93c4683f030ae6ca6ebfbb7ba5a2a345,89d488538f940c98367ff572230106d1089868bdd379d9e2b9755b679dc186d2,301448.9032959938,0.037,13448.866295993794,301448.86480509373,20,13448.866295993794
96149d3ed4f00afb92f12856101e693e93c4683f030ae6ca6ebfbb7ba5a2a345,89d488538f940c98367ff572230106d1089868bdd379d9e2b9755b679dc186d2,301520.5731599331,0.038,13520.53515993309,301520.53366903303,20,13520.53515993309
96149d3ed4f00afb92f12856101e693e93c4683f030ae6ca6ebfbb7ba5a2a345,89d488538f940c98367ff572230106d1089868bdd379d9e2b9755b679dc186d2,301520.83890104294,0.038,13520.800901042938,301520.7994101429,20,13520.800901042938
96149d3ed4f00afb92f12856101e693e93c4683f030ae6ca6ebfbb7ba5a2a345,89d488538f940c98367ff572230106d1089868bdd379d9e2b9755b679dc186d2,301538.3718779087,0.046,13538.325877908734,301538.3243870087,20,13538.325877908734
96149d3ed4f00afb92f12856101e693e93c4683f030ae6ca6ebfbb7ba5a2a345,89d488538f940c98367ff572230106d1089868bdd379d9e2b9755b679dc186d2,301569.98078107834,0.037,13569.943781078327,301569.94229017827,20,13569.943781078327
96149d3ed4f00afb92f12856101e693e93c4683f030ae6ca6ebfbb7ba5a2a345,89d488538f940c98367ff572230106d1089868bdd379d9e2b9755b679dc186d2,301580.3707060814,1.12,13579.250706081395,301579.24921518133,20,13579.250706081395
96149d3ed4f00afb92f12856101e693e93c4683f030ae6ca6ebfbb7ba5a2a345,89d488538f940c98367ff572230106d1089868bdd379d9e2b9755b679dc186d2,301611.49748301506,0.038,13611.45948301506,301611.457992115,20,13611.45948301506
96149d3ed4f00afb92f12856101e693e93c4683f030ae6ca6ebfbb7ba5a2a345,89d488538f940c98367ff572230106d1089868bdd379d9e2b9755b679dc186d2,301617.5320470333,0.037,13617.495047033299,301617.49355613324,20,13617.495047033299
96149d3ed4f00afb92f12856101e693e93c4683f030ae6ca6ebfbb7ba5a2a345,89d488538f940c98367ff572230106d1089868bdd379d9e2b9755b679dc186d2,301631.0414969921,0.037,13631.0044969921,301631.00300609204,20,13631.0044969921
96149d3ed4f00afb92f12856101e693e93c4683f030ae6ca6ebfbb7ba5a2a345,89d488538f940c98367ff572230106d1089868bdd379d9e2b9755b679dc186d2,301633.3424220085,0.045,13633.29742200853,301633.29593110847,20,13633.29742200853
96149d3ed4f00afb92f12856101e693e93c4683f030ae6ca6ebfbb7ba5a2a345,89d488538f940c98367ff572230106d1089868bdd379d9e2b9755b679dc186d2,301638.9037089348,0.038,13638.865708934783,301638.8642180347,20,13638.865708934783
96149d3ed4f00afb92f12856101e693e93c4683f030ae6ca6ebfbb7ba5a2a345,89d488538f940c98367ff572230106d1089868bdd379d9e2b9755b679dc186d2,301658.46155691147,0.037,13658.424556911457,301658.4230660114,20,13658.424556911457
96149d3ed4f00afb92f12856101e693e93c4683f030ae6ca6ebfbb7ba5a2a345,89d488538f940c98367ff572230106d1089868bdd379d9e2b9755b679dc186d2,301666.2294239998,0.036,13666.193423999764,301666.1919330997,20,13666.193423999764
96149d3ed4f00afb92f12856101e693e93c4683f030ae6ca6ebfbb7ba5a2a345,89d488538f940c98367ff572230106d1089868bdd379d9e2b9755b679dc186d2,301981.94876503944,0.175,13981.773765039456,301981.7722741394,20,13981.773765039456
96149d3ed4f00afb92f12856101e693e93c4683f030ae6ca6ebfbb7ba5a2a345,89d488538f940c98367ff572230106d1089868bdd379d9e2b9755b679dc186d2,301988.1576740742,0.051,13988.106674074195,301988.10518317414,20,13988.106674074195
96149d3ed4f00afb92f12856101e693e93c4683f030ae6ca6ebfbb7ba5a2a345,89d488538f940c98367ff572230106d1089868bdd379d9e2b9755b679dc186d2,301988.48303699493,0.037,13988.446036994923,301988.44454609486,20,13988.446036994923
96149d3ed4f00afb92f12856101e693e93c4683f030ae6ca6ebfbb7ba5a2a345,89d488538f940c98367ff572230106d1089868bdd379d9e2b9755b679dc186d2,301988.8312370777,0.037,13988.794237077702,301988.79274617764,20,13988.794237077702
96149d3ed4f00afb92f12856101e693e93c4683f030ae6ca6ebfbb7ba5a2a345,89d488538f940c98367ff572230106d1089868bdd379d9e2b9755b679dc186d2,302001.43062901497,0.043,14001.387629014964,302001.3861381149,20,14001.387629014964
96149d3ed4f00afb92f12856101e693e93c4683f030ae6ca6ebfbb7ba5a2a345,89d488538f940c98367ff572230106d1089868bdd379d9e2b9755b679dc186d2,302006.85704803467,0.038,14006.819048034668,302006.8175571346,20,14006.819048034668
96149d3ed4f00afb92f12856101e693e93c4683f030ae6ca6ebfbb7ba5a2a345,89d488538f940c98367ff572230106d1089868bdd379d9e2b9755b679dc186d2,302009.14083099365,0.036,14009.10483099363,302009.10334009357,20,14009.10483099363
96149d3ed4f00afb92f12856101e693e93c4683f030ae6ca6ebfbb7ba5a2a345,89d488538f940c98367ff572230106d1089868bdd379d9e2b9755b679dc186d2,302009.5610780716,0.036,14009.525078071572,302009.5235871715,20,14009.525078071572
96149d3ed4f00afb92f12856101e693e93c4683f030ae6ca6ebfbb7ba5a2a345,89d488538f940c98367ff572230106d1089868bdd379d9e2b9755b679dc186d2,302015.76883888245,0.036,14015.732838882424,302015.73134798236,20,14015.732838882424
96149d3ed4f00afb92f12856101e693e93c4683f030ae6ca6ebfbb7ba5a2a345,89d488538f940c98367ff572230106d1089868bdd379d9e2b9755b679dc186d2,302027.4985370636,0.036,14027.462537063577,302027.4610461635,20,14027.462537063577
96149d3ed4f00afb92f12856101e693e93c4683f030ae6ca6ebfbb7ba5a2a345,89d488538f940c98367ff572230106d1089868bdd379d9e2b9755b679dc186d2,302027.655618906,0.036,14027.619618906,302027.61812800594,20,14027.619618906
96149d3ed4f00afb92f12856101e693e93c4683f030ae6ca6ebfbb7ba5a2a345,89d488538f940c98367ff572230106d1089868bdd379d9e2b9755b679dc186d2,302039.08010602,0.042,14039.038106019958,302039.0366151199,20,14039.038106019958
96149d3ed4f00afb92f12856101e693e93c4683f030ae6ca6ebfbb7ba5a2a345,89d488538f940c98367ff572230106d1089868bdd379d9e2b9755b679dc186d2,302039.6566619873,0.043,14039.6136619873,302039.61217108724,20,14039.6136619873
96149d3ed4f00afb92f12856101e693e93c4683f030ae6ca6ebfbb7ba5a2a345,89d488538f940c98367ff572230106d1089868bdd379d9e2b9755b679dc186d2,302041.9131369591,0.037,14041.876136959065,302041.874646059,20,14041.876136959065
96149d3ed4f00afb92f12856101e693e93c4683f030ae6ca6ebfbb7ba5a2a345,89d488538f940c98367ff572230106d1089868bdd379d9e2b9755b679dc186d2,302045.365185976,0.037,14045.328185976017,302045.32669507596,20,14045.328185976017
96149d3ed4f00afb92f12856101e693e93c4683f030ae6ca6ebfbb7ba5a2a345,89d488538f940c98367ff572230106d1089868bdd379d9e2b9755b679dc186d2,302047.2172300816,0.037,14047.180230081605,302047.17873918155,20,14047.180230081605
96149d3ed4f00afb92f12856101e693e93c4683f030ae6ca6ebfbb7ba5a2a345,89d488538f940c98367ff572230106d1089868bdd379d9e2b9755b679dc186d2,302047.40661501884,0.038,14047.368615018844,302047.3671241188,20,14047.368615018844
96149d3ed4f00afb92f12856101e693e93c4683f030ae6ca6ebfbb7ba5a2a345,89d488538f940c98367ff572230106d1089868bdd379d9e2b9755b679dc186d2,302059.8062739372,0.042,14059.76427393721,302059.76278303715,20,14059.76427393721
96149d3ed4f00afb92f12856101e693e93c4683f030ae6ca6ebfbb7ba5a2a345,89d488538f940c98367ff572230106d1089868bdd379d9e2b9755b679dc186d2,302060.71429109573,0.042,14060.672291095718,302060.67080019566,20,14060.672291095718
96149d3ed4f00afb92f12856101e693e93c4683f030ae6ca6ebfbb7ba5a2a345,89d488538f940c98367ff572230106d1089868bdd379d9e2b9755b679dc186d2,302064.1246409416,0.477,14063.647640941606,302063.64615004155,20,14063.647640941606
96149d3ed4f00afb92f12856101e693e93c4683f030ae6ca6ebfbb7ba5a2a345,89d488538f940c98367ff572230106d1089868bdd379d9e2b9755b679dc186d2,302081.6989409924,0.041,14081.657940992387,302081.6564500923,20,14081.657940992387
96149d3ed4f00afb92f12856101e693e93c4683f030ae6ca6ebfbb7ba5a2a345,89d488538f940c98367ff572230106d1089868bdd379d9e2b9755b679dc186d2,302083.2023561001,0.04,14083.162356100103,302083.16086520004,20,14083.162356100103
96149d3ed4f00afb92f12856101e693e93c4683f030ae6ca6ebfbb7ba5a2a345,89d488538f940c98367ff572230106d1089868bdd379d9e2b9755b679dc186d2,302083.8405389786,0.038,14083.802538978576,302083.8010480785,20,14083.802538978576
96149d3ed4f00afb92f12856101e693e93c4683f030ae6ca6ebfbb7ba5a2a345,89d488538f940c98367ff572230106d1089868bdd379d9e2b9755b679dc186d2,302084.10620999336,0.041,14084.065209993336,302084.0637190933,20,14084.065209993336
96149d3ed4f00afb92f12856101e693e93c4683f030ae6ca6ebfbb7ba5a2a345,89d488538f940c98367ff572230106d1089868bdd379d9e2b9755b679dc186d2,302084.1831419468,0.04,14084.143141946814,302084.14165104675,20,14084.143141946814
96149d3ed4f00afb92f12856101e693e93c4683f030ae6ca6ebfbb7ba5a2a345,89d488538f940c98367ff572230106d1089868bdd379d9e2b9755b679dc186d2,302084.6143910885,0.037,14084.577391088475,302084.5759001884,20,14084.577391088475
96149d3ed4f00afb92f12856101e693e93c4683f030ae6ca6ebfbb7ba5a2a345,89d488538f940c98367ff572230106d1089868bdd379d9e2b9755b679dc186d2,302088.10313797,0.036,14088.067137970007,302088.06564706995,20,14088.067137970007
96149d3ed4f00afb92f12856101e693e93c4683f030ae6ca6ebfbb7ba5a2a345,89d488538f940c98367ff572230106d1089868bdd379d9e2b9755b679dc186d2,302092.9185400009,0.04,14092.878540000936,302092.8770491009,20,14092.878540000936
96149d3ed4f00afb92f12856101e693e93c4683f030ae6ca6ebfbb7ba5a2a345,89d488538f940c98367ff572230106d1089868bdd379d9e2b9755b679dc186d2,302094.0829029083,0.042,14094.04090290831,302094.03941200825,20,14094.04090290831
96149d3ed4f00afb92f12856101e693e93c4683f030ae6ca6ebfbb7ba5a2a345,89d488538f940c98367ff572230106d1089868bdd379d9e2b9755b679dc186d2,302095.47246694565,0.039,14095.433466945658,302095.4319760456,20,14095.433466945658
96149d3ed4f00afb92f12856101e693e93c4683f030ae6ca6ebfbb7ba5a2a345,89d488538f940c98367ff572230106d1089868bdd379d9e2b9755b679dc186d2,302101.0145549774,0.044,14100.970554977423,302100.96906407736,20,14100.970554977423
96149d3ed4f00afb92f12856101e693e93c4683f030ae6ca6ebfbb7ba5a2a345,89d488538f940c98367ff572230106d1089868bdd379d9e2b9755b679dc186d2,302107.85110092163,0.038,14107.81310092163,302107.81161002157,20,14107.81310092163
96149d3ed4f00afb92f12856101e693e93c4683f030ae6ca6ebfbb7ba5a2a345,89d488538f940c98367ff572230106d1089868bdd379d9e2b9755b679dc186d2,302110.4192199707,0.037,14110.382219970692,302110.38072907063,20,14110.382219970692
96149d3ed4f00afb92f12856101e693e93c4683f030ae6ca6ebfbb7ba5a2a345,89d488538f940c98367ff572230106d1089868bdd379d9e2b9755b679dc186d2,302110.77787804604,0.037,14110.740878046025,302110.73938714596,20,14110.740878046025
96149d3ed4f00afb92f12856101e693e93c4683f030ae6ca6ebfbb7ba5a2a345,89d488538f940c98367ff572230106d1089868bdd379d9e2b9755b679dc186d2,302110.9265880585,0.041,14110.885588058445,302110.8840971584,20,14110.885588058445
96149d3ed4f00afb92f12856101e693e93c4683f030ae6ca6ebfbb7ba5a2a345,89d488538f940c98367ff572230106d1089868bdd379d9e2b9755b679dc186d2,302114.62221598625,0.038,14114.584215986251,302114.5827250862,20,14114.584215986251
96149d3ed4f00afb92f12856101e693e93c4683f030ae6ca6ebfbb7ba5a2a345,89d488538f940c98367ff572230106d1089868bdd379d9e2b9755b679dc186d2,302115.2854280472,0.037,14115.248428047169,302115.2469371471,20,14115.248428047169
96149d3ed4f00afb92f12856101e693e93c4683f030ae6ca6ebfbb7ba5a2a345,89d488538f940c98367ff572230106d1089868bdd379d9e2b9755b679dc186d2,302115.70870399475,0.036,14115.672703994729,302115.67121309467,20,14115.672703994729
96149d3ed4f00afb92f12856101e693e93c4683f030ae6ca6ebfbb7ba5a2a345,89d488538f940c98367ff572230106d1089868bdd379d9e2b9755b679dc186d2,302122.905766964,0.04,14122.865766964038,302122.864276064,20,14122.865766964038
96149d3ed4f00afb92f12856101e693e93c4683f030ae6ca6ebfbb7ba5a2a345,89d488538f940c98367ff572230106d1089868bdd379d9e2b9755b679dc186d2,302126.1742761135,0.038,14126.13627611351,302126.13478521345,20,14126.13627611351
96149d3ed4f00afb92f12856101e693e93c4683f030ae6ca6ebfbb7ba5a2a345,89d488538f940c98367ff572230106d1089868bdd379d9e2b9755b679dc186d2,302126.2885210514,0.036,14126.252521051385,302126.2510301513,20,14126.252521051385
96149d3ed4f00afb92f12856101e693e93c4683f030ae6ca6ebfbb7ba5a2a345,89d488538f940c98367ff572230106d1089868bdd379d9e2b9755b679dc186d2,302130.0618979931,0.043,14130.018897993083,302130.017407093,20,14130.018897993083
96149d3ed4f00afb92f12856101e693e93c4683f030ae6ca6ebfbb7ba5a2a345,89d488538f940c98367ff572230106d1089868bdd379d9e2b9755b679dc186d2,302130.40652894974,0.039,14130.367528949748,302130.3660380497,20,14130.367528949748
96149d3ed4f00afb92f12856101e693e93c4683f030ae6ca6ebfbb7ba5a2a345,89d488538f940c98367ff572230106d1089868bdd379d9e2b9755b679dc186d2,302135.1115550995,0.037,14135.074555099476,302135.0730641994,20,14135.074555099476
96149d3ed4f00afb92f12856101e693e93c4683f030ae6ca6ebfbb7ba5a2a345,89d488538f940c98367ff572230106d1089868bdd379d9e2b9755b679dc186d2,302135.5061929226,0.037,14135.469192922581,302135.4677020225,20,14135.469192922581
96149d3ed4f00afb92f12856101e693e93c4683f030ae6ca6ebfbb7ba5a2a345,89d488538f940c98367ff572230106d1089868bdd379d9e2b9755b679dc186d2,302153.7701199055,0.039,14153.731119905482,302153.7296290054,20,14153.731119905482
96149d3ed4f00afb92f12856101e693e93c4683f030ae6ca6ebfbb7ba5a2a345,89d488538f940c98367ff572230106d1089868bdd379d9e2b9755b679dc186d2,302153.9231469631,0.041,14153.882146963093,302153.88065606303,20,14153.882146963093
96149d3ed4f00afb92f12856101e693e93c4683f030ae6ca6ebfbb7ba5a2a345,89d488538f940c98367ff572230106d1089868bdd379d9e2b9755b679dc186d2,302156.23356199265,0.037,14156.196561992634,302156.1950710926,20,14156.196561992634
96149d3ed4f00afb92f12856101e693e93c4683f030ae6ca6ebfbb7ba5a2a345,89d488538f940c98367ff572230106d1089868bdd379d9e2b9755b679dc186d2,302156.42719602585,0.037,14156.390196025837,302156.3887051258,20,14156.390196025837
96149d3ed4f00afb92f12856101e693e93c4683f030ae6ca6ebfbb7ba5a2a345,89d488538f940c98367ff572230106d1089868bdd379d9e2b9755b679dc186d2,302172.70153594017,0.04,14172.661535940191,302172.66004504013,20,14172.661535940191
96149d3ed4f00afb92f12856101e693e93c4683f030ae6ca6ebfbb7ba5a2a345,89d488538f940c98367ff572230106d1089868bdd379d9e2b9755b679dc186d2,302197.9252409935,0.038,14197.8872409935,302197.88575009344,20,14197.8872409935
96149d3ed4f00afb92f12856101e693e93c4683f030ae6ca6ebfbb7ba5a2a345,89d488538f940c98367ff572230106d1089868bdd379d9e2b9755b679dc186d2,302198.17355394363,0.038,14198.135553943634,302198.1340630436,20,14198.135553943634
96149d3ed4f00afb92f12856101e693e93c4683f030ae6ca6ebfbb7ba5a2a345,89d488538f940c98367ff572230106d1089868bdd379d9e2b9755b679dc186d2,302212.0439860821,0.038,14212.005986082077,302212.004495182,20,14212.005986082077
96149d3ed4f00afb92f12856101e693e93c4683f030ae6ca6ebfbb7ba5a2a345,89d488538f940c98367ff572230106d1089868bdd379d9e2b9755b679dc186d2,302218.50010704994,0.038,14218.462107049942,302218.4606161499,20,14218.462107049942
96149d3ed4f00afb92f12856101e693e93c4683f030ae6ca6ebfbb7ba5a2a345,89d488538f940c98367ff572230106d1089868bdd379d9e2b9755b679dc186d2,302241.3981769085,0.044,14241.354176908499,302241.35268600844,20,14241.354176908499
96149d3ed4f00afb92f12856101e693e93c4683f030ae6ca6ebfbb7ba5a2a345,89d488538f940c98367ff572230106d1089868bdd379d9e2b9755b679dc186d2,302245.1515800953,0.039,14245.112580095301,302245.11108919524,20,14245.112580095301
96149d3ed4f00afb92f12856101e693e93c4683f030ae6ca6ebfbb7ba5a2a345,89d488538f940c98367ff572230106d1089868bdd379d9e2b9755b679dc186d2,302247.82582092285,0.049,14247.776820922852,302247.7753300228,20,14247.776820922852
96149d3ed4f00afb92f12856101e693e93c4683f030ae6ca6ebfbb7ba5a2a345,89d488538f940c98367ff572230106d1089868bdd379d9e2b9755b679dc186d2,302254.45462298393,0.041,14254.413622983906,302254.41213208385,20,14254.413622983906
96149d3ed4f00afb92f12856101e693e93c4683f030ae6ca6ebfbb7ba5a2a345,89d488538f940c98367ff572230106d1089868bdd379d9e2b9755b679dc186d2,302257.0591199398,0.04,14257.019119939825,302257.01762903976,20,14257.019119939825
96149d3ed4f00afb92f12856101e693e93c4683f030ae6ca6ebfbb7ba5a2a345,89d488538f940c98367ff572230106d1089868bdd379d9e2b9755b679dc186d2,302261.93448090553,0.044,14261.890480905538,302261.8889900055,20,14261.890480905538
96149d3ed4f00afb92f12856101e693e93c4683f030ae6ca6ebfbb7ba5a2a345,89d488538f940c98367ff572230106d1089868bdd379d9e2b9755b679dc186d2,302265.52472400665,0.53,14264.994724006625,302264.99323310656,20,14264.994724006625
96149d3ed4f00afb92f12856101e693e93c4683f030ae6ca6ebfbb7ba5a2a345,89d488538f940c98367ff572230106d1089868bdd379d9e2b9755b679dc186d2,302276.6663160324,0.041,14276.625316032383,302276.6238251323,20,14276.625316032383
96149d3ed4f00afb92f12856101e693e93c4683f030ae6ca6ebfbb7ba5a2a345,89d488538f940c98367ff572230106d1089868bdd379d9e2b9755b679dc186d2,302281.527132988,0.058,14281.469132987957,302281.4676420879,20,14281.469132987957
96149d3ed4f00afb92f12856101e693e93c4683f030ae6ca6ebfbb7ba5a2a345,89d488538f940c98367ff572230106d1089868bdd379d9e2b9755b679dc186d2,302290.4591178894,0.037,14290.422117889393,302290.42062698933,20,14290.422117889393
96149d3ed4f00afb92f12856101e693e93c4683f030ae6ca6ebfbb7ba5a2a345,89d488538f940c98367ff572230106d1089868bdd379d9e2b9755b679dc186d2,302314.557295084,0.049,14314.508295084,302314.50680418394,20,14314.508295084
96149d3ed4f00afb92f12856101e693e93c4683f030ae6ca6ebfbb7ba5a2a345,89d488538f940c98367ff572230106d1089868bdd379d9e2b9755b679dc186d2,302317.84639692307,0.037,14317.809396923054,302317.807906023,20,14317.809396923054
96149d3ed4f00afb92f12856101e693e93c4683f030ae6ca6ebfbb7ba5a2a345,89d488538f940c98367ff572230106d1089868bdd379d9e2b9755b679dc186d2,302318.0409920216,0.036,14318.004992021597,302318.00350112154,20,14318.004992021597
96149d3ed4f00afb92f12856101e693e93c4683f030ae6ca6ebfbb7ba5a2a345,89d488538f940c98367ff572230106d1089868bdd379d9e2b9755b679dc186d2,302318.54419493675,0.036,14318.50819493673,302318.50670403667,20,14318.50819493673
96149d3ed4f00afb92f12856101e693e93c4683f030ae6ca6ebfbb7ba5a2a345,89d488538f940c98367ff572230106d1089868bdd379d9e2b9755b679dc186d2,302329.62243008614,0.037,14329.585430086125,302329.58393918606,20,14329.585430086125
96149d3ed4f00afb92f12856101e693e93c4683f030ae6ca6ebfbb7ba5a2a345,89d488538f940c98367ff572230106d1089868bdd379d9e2b9755b679dc186d2,302348.5871639252,0.037,14348.55016392516,302348.5486730251,20,14348.55016392516
96149d3ed4f00afb92f12856101e693e93c4683f030ae6ca6ebfbb7ba5a2a345,89d488538f940c98367ff572230106d1089868bdd379d9e2b9755b679dc186d2,302378.94132089615,0.036,14378.905320896127,302378.90382999607,20,14378.905320896127
96149d3ed4f00afb92f12856101e693e93c4683f030ae6ca6ebfbb7ba5a2a345,89d488538f940c98367ff572230106d1089868bdd379d9e2b9755b679dc186d2,302379.289055109,0.037,14379.252055109013,302379.25056420895,20,14379.252055109013
96149d3ed4f00afb92f12856101e693e93c4683f030ae6ca6ebfbb7ba5a2a345,89d488538f940c98367ff572230106d1089868bdd379d9e2b9755b679dc186d2,302381.8903369904,0.039,14381.851336990425,302381.84984609036,20,14381.851336990425
96149d3ed4f00afb92f12856101e693e93c4683f030ae6ca6ebfbb7ba5a2a345,89d488538f940c98367ff572230106d1089868bdd379d9e2b9755b679dc186d2,302384.69338297844,0.039,14384.65438297845,302384.6528920784,20,14384.65438297845
96149d3ed4f00afb92f12856101e693e93c4683f030ae6ca6ebfbb7ba5a2a345,89d488538f940c98367ff572230106d1089868bdd379d9e2b9755b679dc186d2,302392.22909092903,0.038,14392.19109092903,302392.18960002897,20,14392.19109092903
96149d3ed4f00afb92f12856101e693e93c4683f030ae6ca6ebfbb7ba5a2a345,89d488538f940c98367ff572230106d1089868bdd379d9e2b9755b679dc186d2,302396.2782859802,0.042,14396.236285980209,302396.23479508015,20,14396.236285980209
96149d3ed4f00afb92f12856101e693e93c4683f030ae6ca6ebfbb7ba5a2a345,89d488538f940c98367ff572230106d1089868bdd379d9e2b9755b679dc186d2,302396.4379000664,0.037,14396.400900066365,302396.3994091663,20,14396.400900066365
96149d3ed4f00afb92f12856101e693e93c4683f030ae6ca6ebfbb7ba5a2a345,89d488538f940c98367ff572230106d1089868bdd379d9e2b9755b679dc186d2,302399.77444291115,0.037,14399.737442911137,302399.7359520111,20,14399.737442911137
96149d3ed4f00afb92f12856101e693e93c4683f030ae6ca6ebfbb7ba5a2a345,89d488538f940c98367ff572230106d1089868bdd379d9e2b9755b679dc186d2,302399.94957494736,0.038,14399.911574947357,302399.9100840473,20,14399.911574947357
96149d3ed4f00afb92f12856101e693e93c4683f030ae6ca6ebfbb7ba5a2a345,b89efb5e9d1b7e5900ef441b098d4c8b01600af5e673a9f9d607b3598f0fe548,288656.6016778946,1.707,654.8946778945974,288654.89318699454,20,654.8946778945974
96149d3ed4f00afb92f12856101e693e93c4683f030ae6ca6ebfbb7ba5a2a345,b89efb5e9d1b7e5900ef441b098d4c8b01600af5e673a9f9d607b3598f0fe548,288668.1578810215,0.642,667.5158810215071,288667.51439012145,20,667.5158810215071
96149d3ed4f00afb92f12856101e693e93c4683f030ae6ca6ebfbb7ba5a2a345,b89efb5e9d1b7e5900ef441b098d4c8b01600af5e673a9f9d607b3598f0fe548,288680.70207190514,0.707,679.9950719051412,288679.9935810051,20,679.9950719051412
96149d3ed4f00afb92f12856101e693e93c4683f030ae6ca6ebfbb7ba5a2a345,b89efb5e9d1b7e5900ef441b098d4c8b01600af5e673a9f9d607b3598f0fe548,288686.0586709976,0.813,685.2456709975959,288685.24418009754,20,685.2456709975959
96149d3ed4f00afb92f12856101e693e93c4683f030ae6ca6ebfbb7ba5a2a345,b89efb5e9d1b7e5900ef441b098d4c8b01600af5e673a9f9d607b3598f0fe548,288696.39511203766,0.63,695.765112037654,288695.7636211376,20,695.765112037654
96149d3ed4f00afb92f12856101e693e93c4683f030ae6ca6ebfbb7ba5a2a345,b89efb5e9d1b7e5900ef441b098d4c8b01600af5e673a9f9d607b3598f0fe548,288702.15614008904,0.626,701.5301400890457,288701.528649189,20,701.5301400890457
96149d3ed4f00afb92f12856101e693e93c4683f030ae6ca6ebfbb7ba5a2a345,b89efb5e9d1b7e5900ef441b098d4c8b01600af5e673a9f9d607b3598f0fe548,288706.7451529503,0.685,706.0601529502892,288706.0586620502,20,706.0601529502892
96149d3ed4f00afb92f12856101e693e93c4683f030ae6ca6ebfbb7ba5a2a345,b89efb5e9d1b7e5900ef441b098d4c8b01600af5e673a9f9d607b3598f0fe548,288738.7734129429,0.629,738.144412942871,288738.1429220428,20,738.144412942871
96149d3ed4f00afb92f12856101e693e93c4683f030ae6ca6ebfbb7ba5a2a345,b89efb5e9d1b7e5900ef441b098d4c8b01600af5e673a9f9d607b3598f0fe548,288746.0485999584,0.651,745.3975999584072,288745.39610905835,20,745.3975999584072
96149d3ed4f00afb92f12856101e693e93c4683f030ae6ca6ebfbb7ba5a2a345,b89efb5e9d1b7e5900ef441b098d4c8b01600af5e673a9f9d607b3598f0fe548,288752.90432310104,0.65,752.2543231010204,288752.25283220096,20,752.2543231010204
96149d3ed4f00afb92f12856101e693e93c4683f030ae6ca6ebfbb7ba5a2a345,b89efb5e9d1b7e5900ef441b098d4c8b01600af5e673a9f9d607b3598f0fe548,288760.38656497,0.644,759.7425649700454,288759.74107407,20,759.7425649700454
96149d3ed4f00afb92f12856101e693e93c4683f030ae6ca6ebfbb7ba5a2a345,b89efb5e9d1b7e5900ef441b098d4c8b01600af5e673a9f9d607b3598f0fe548,288770.5440979004,0.726,769.8180979003664,288769.8166070003,20,769.8180979003664
96149d3ed4f00afb92f12856101e693e93c4683f030ae6ca6ebfbb7ba5a2a345,b89efb5e9d1b7e5900ef441b098d4c8b01600af5e673a9f9d607b3598f0fe548,288773.20736408234,0.619,772.5883640823304,288772.58687318227,20,772.5883640823304
96149d3ed4f00afb92f12856101e693e93c4683f030ae6ca6ebfbb7ba5a2a345,b89efb5e9d1b7e5900ef441b098d4c8b01600af5e673a9f9d607b3598f0fe548,288785.2823200226,0.77,784.5123200225644,288784.5108291225,20,784.5123200225644
96149d3ed4f00afb92f12856101e693e93c4683f030ae6ca6ebfbb7ba5a2a345,b89efb5e9d1b7e5900ef441b098d4c8b01600af5e673a9f9d607b3598f0fe548,288791.23683190346,0.08,791.1568319034413,288791.1553410034,20,791.1568319034413
96149d3ed4f00afb92f12856101e693e93c4683f030ae6ca6ebfbb7ba5a2a345,b89efb5e9d1b7e5900ef441b098d4c8b01600af5e673a9f9d607b3598f0fe548,288874.55283999443,0.628,873.9248399944045,288873.92334909434,20,873.9248399944045
96149d3ed4f00afb92f12856101e693e93c4683f030ae6ca6ebfbb7ba5a2a345,b89efb5e9d1b7e5900ef441b098d4c8b01600af5e673a9f9d607b3598f0fe548,288884.5309650898,0.623,883.9079650897766,288883.9064741897,20,883.9079650897766
96149d3ed4f00afb92f12856101e693e93c4683f030ae6ca6ebfbb7ba5a2a345,b89efb5e9d1b7e5900ef441b098d4c8b01600af5e673a9f9d607b3598f0fe548,288886.80883288383,0.846,885.9628328838153,288885.96134198376,20,885.9628328838153
96149d3ed4f00afb92f12856101e693e93c4683f030ae6ca6ebfbb7ba5a2a345,b89efb5e9d1b7e5900ef441b098d4c8b01600af5e673a9f9d607b3598f0fe548,288888.2323219776,0.642,887.5903219776228,288887.58883107756,20,887.5903219776228
96149d3ed4f00afb92f12856101e693e93c4683f030ae6ca6ebfbb7ba5a2a345,b89efb5e9d1b7e5900ef441b098d4c8b01600af5e673a9f9d607b3598f0fe548,288893.87008309364,0.64,893.2300830936292,288893.22859219357,20,893.2300830936292
96149d3ed4f00afb92f12856101e693e93c4683f030ae6ca6ebfbb7ba5a2a345,b89efb5e9d1b7e5900ef441b098d4c8b01600af5e673a9f9d607b3598f0fe548,288938.77530407906,0.63,938.1453040790511,288938.143813179,20,938.1453040790511
96149d3ed4f00afb92f12856101e693e93c4683f030ae6ca6ebfbb7ba5a2a345,b89efb5e9d1b7e5900ef441b098d4c8b01600af5e673a9f9d607b3598f0fe548,288970.15488004684,0.701,969.4538800468436,288969.4523891468,20,969.4538800468436
96149d3ed4f00afb92f12856101e693e93c4683f030ae6ca6ebfbb7ba5a2a345,b89efb5e9d1b7e5900ef441b098d4c8b01600af5e673a9f9d607b3598f0fe548,288993.4852409363,0.671,992.8142409363063,288992.81275003625,20,992.8142409363063
96149d3ed4f00afb92f12856101e693e93c4683f030ae6ca6ebfbb7ba5a2a345,b89efb5e9d1b7e5900ef441b098d4c8b01600af5e673a9f9d607b3598f0fe548,288997.557888031,0.668,996.8898880310007,288996.88839713094,20,996.8898880310007
96149d3ed4f00afb92f12856101e693e93c4683f030ae6ca6ebfbb7ba5a2a345,b89efb5e9d1b7e5900ef441b098d4c8b01600af5e673a9f9d607b3598f0fe548,289006.92962789536,0.675,1006.2546278953669,289006.2531369953,20,1006.2546278953669
96149d3ed4f00afb92f12856101e693e93c4683f030ae6ca6ebfbb7ba5a2a345,b89efb5e9d1b7e5900ef441b098d4c8b01600af5e673a9f9d607b3598f0fe548,289037.5580589771,0.847,1036.7110589771182,289036.70956807706,20,1036.7110589771182
96149d3ed4f00afb92f12856101e693e93c4683f030ae6ca6ebfbb7ba5a2a345,b89efb5e9d1b7e5900ef441b098d4c8b01600af5e673a9f9d607b3598f0fe548,289039.2195661068,0.696,1038.5235661068,289038.52207520674,20,1038.5235661068
96149d3ed4f00afb92f12856101e693e93c4683f030ae6ca6ebfbb7ba5a2a345,b89efb5e9d1b7e5900ef441b098d4c8b01600af5e673a9f9d607b3598f0fe548,289040.98718595505,0.668,1040.3191859550425,289040.317695055,20,1040.3191859550425
96149d3ed4f00afb92f12856101e693e93c4683f030ae6ca6ebfbb7ba5a2a345,b89efb5e9d1b7e5900ef441b098d4c8b01600af5e673a9f9d607b3598f0fe548,289073.582201004,0.648,1072.9342010040418,289072.932710104,20,1072.9342010040418
96149d3ed4f00afb92f12856101e693e93c4683f030ae6ca6ebfbb7ba5a2a345,b89efb5e9d1b7e5900ef441b098d4c8b01600af5e673a9f9d607b3598f0fe548,289085.69230008125,0.653,1085.039300081262,289085.0378091812,20,1085.039300081262
96149d3ed4f00afb92f12856101e693e93c4683f030ae6ca6ebfbb7ba5a2a345,b89efb5e9d1b7e5900ef441b098d4c8b01600af5e673a9f9d607b3598f0fe548,289088.39217209816,0.662,1087.7301720981486,289087.7286811981,20,1087.7301720981486
96149d3ed4f00afb92f12856101e693e93c4683f030ae6ca6ebfbb7ba5a2a345,b89efb5e9d1b7e5900ef441b098d4c8b01600af5e673a9f9d607b3598f0fe548,289089.20288300514,0.637,1088.5658830051543,289088.5643921051,20,1088.5658830051543
96149d3ed4f00afb92f12856101e693e93c4683f030ae6ca6ebfbb7ba5a2a345,b89efb5e9d1b7e5900ef441b098d4c8b01600af5e673a9f9d607b3598f0fe548,289107.66385889053,0.879,1106.784858890518,289106.78336799046,20,1106.784858890518
96149d3ed4f00afb92f12856101e693e93c4683f030ae6ca6ebfbb7ba5a2a345,b89efb5e9d1b7e5900ef441b098d4c8b01600af5e673a9f9d607b3598f0fe548,289113.4203140736,0.698,1112.722314073646,289112.7208231736,20,1112.722314073646
96149d3ed4f00afb92f12856101e693e93c4683f030ae6ca6ebfbb7ba5a2a345,b89efb5e9d1b7e5900ef441b098d4c8b01600af5e673a9f9d607b3598f0fe548,289157.72504401207,0.701,1157.0240440120688,289157.022553112,20,1157.0240440120688
96149d3ed4f00afb92f12856101e693e93c4683f030ae6ca6ebfbb7ba5a2a345,b89efb5e9d1b7e5900ef441b098d4c8b01600af5e673a9f9d607b3598f0fe548,289242.34592294693,0.661,1241.684922946908,289241.68343204685,20,1241.684922946908
96149d3ed4f00afb92f12856101e693e93c4683f030ae6ca6ebfbb7ba5a2a345,b89efb5e9d1b7e5900ef441b098d4c8b01600af5e673a9f9d607b3598f0fe548,289264.97982406616,0.618,1264.3618240661453,289264.3603331661,20,1264.3618240661453
96149d3ed4f00afb92f12856101e693e93c4683f030ae6ca6ebfbb7ba5a2a345,b89efb5e9d1b7e5900ef441b098d4c8b01600af5e673a9f9d607b3598f0fe548,289267.6536090374,0.825,1266.8286090373877,289266.8271181373,20,1266.8286090373877
96149d3ed4f00afb92f12856101e693e93c4683f030ae6ca6ebfbb7ba5a2a345,b89efb5e9d1b7e5900ef441b098d4c8b01600af5e673a9f9d607b3598f0fe548,289268.5635089874,0.625,1267.9385089874268,289267.93701808737,20,1267.9385089874268
96149d3ed4f00afb92f12856101e693e93c4683f030ae6ca6ebfbb7ba5a2a345,b89efb5e9d1b7e5900ef441b098d4c8b01600af5e673a9f9d607b3598f0fe548,289275.4228889942,0.64,1274.782888994203,289274.78139809414,20,1274.782888994203
96149d3ed4f00afb92f12856101e693e93c4683f030ae6ca6ebfbb7ba5a2a345,b89efb5e9d1b7e5900ef441b098d4c8b01600af5e673a9f9d607b3598f0fe548,289276.1563630104,0.644,1275.5123630104354,289275.5108721104,20,1275.5123630104354
96149d3ed4f00afb92f12856101e693e93c4683f030ae6ca6ebfbb7ba5a2a345,b89efb5e9d1b7e5900ef441b098d4c8b01600af5e673a9f9d607b3598f0fe548,289286.973651886,0.795,1286.1786518860026,289286.17716098594,20,1286.1786518860026
96149d3ed4f00afb92f12856101e693e93c4683f030ae6ca6ebfbb7ba5a2a345,b89efb5e9d1b7e5900ef441b098d4c8b01600af5e673a9f9d607b3598f0fe548,289293.1515169144,1.343,1291.8085169144324,289291.8070260144,20,1291.8085169144324
96149d3ed4f00afb92f12856101e693e93c4683f030ae6ca6ebfbb7ba5a2a345,b89efb5e9d1b7e5900ef441b098d4c8b01600af5e673a9f9d607b3598f0fe548,289571.76856708527,0.633,1571.1355670852936,289571.13407618523,20,1571.1355670852936
96149d3ed4f00afb92f12856101e693e93c4683f030ae6ca6ebfbb7ba5a2a345,b89efb5e9d1b7e5900ef441b098d4c8b01600af5e673a9f9d607b3598f0fe548,289580.8545730114,0.633,1580.2215730114258,289580.22008211137,20,1580.2215730114258
96149d3ed4f00afb92f12856101e693e93c4683f030ae6ca6ebfbb7ba5a2a345,b89efb5e9d1b7e5900ef441b098d4c8b01600af5e673a9f9d607b3598f0fe548,289632.75141096115,0.696,1632.0554109611548,289632.0539200611,20,1632.0554109611548
96149d3ed4f00afb92f12856101e693e93c4683f030ae6ca6ebfbb7ba5a2a345,b89efb5e9d1b7e5900ef441b098d4c8b01600af5e673a9f9d607b3598f0fe548,289633.58147001266,0.629,1632.9524700126494,289632.9509791126,20,1632.9524700126494
96149d3ed4f00afb92f12856101e693e93c4683f030ae6ca6ebfbb7ba5a2a345,b89efb5e9d1b7e5900ef441b098d4c8b01600af5e673a9f9d607b3598f0fe548,289636.6067790985,0.816,1635.7907790985191,289635.78928819846,20,1635.7907790985191
96149d3ed4f00afb92f12856101e693e93c4683f030ae6ca6ebfbb7ba5a2a345,b89efb5e9d1b7e5900ef441b098d4c8b01600af5e673a9f9d607b3598f0fe548,289638.80383610725,0.957,1637.8468361072592,289637.8453452072,20,1637.8468361072592
96149d3ed4f00afb92f12856101e693e93c4683f030ae6ca6ebfbb7ba5a2a345,b89efb5e9d1b7e5900ef441b098d4c8b01600af5e673a9f9d607b3598f0fe548,289647.2403600216,0.871,1646.3693600216066,289646.36786912155,20,1646.3693600216066
96149d3ed4f00afb92f12856101e693e93c4683f030ae6ca6ebfbb7ba5a2a345,b89efb5e9d1b7e5900ef441b098d4c8b01600af5e673a9f9d607b3598f0fe548,289651.01265501976,0.783,1650.2296550197643,289650.2281641197,20,1650.2296550197643
96149d3ed4f00afb92f12856101e693e93c4683f030ae6ca6ebfbb7ba5a2a345,b89efb5e9d1b7e5900ef441b098d4c8b01600af5e673a9f9d607b3598f0fe548,289672.93380498886,0.905,1672.0288049888331,289672.0273140888,20,1672.0288049888331
96149d3ed4f00afb92f12856101e693e93c4683f030ae6ca6ebfbb7ba5a2a345,b89efb5e9d1b7e5900ef441b098d4c8b01600af5e673a9f9d607b3598f0fe548,289687.8183751106,1.169,1686.6493751106318,289686.6478842106,20,1686.6493751106318
96149d3ed4f00afb92f12856101e693e93c4683f030ae6ca6ebfbb7ba5a2a345,b89efb5e9d1b7e5900ef441b098d4c8b01600af5e673a9f9d607b3598f0fe548,289689.56241488457,0.976,1688.586414884543,289688.5849239845,20,1688.586414884543
96149d3ed4f00afb92f12856101e693e93c4683f030ae6ca6ebfbb7ba5a2a345,b89efb5e9d1b7e5900ef441b098d4c8b01600af5e673a9f9d607b3598f0fe548,289690.5956530571,0.901,1689.6946530570858,289689.693162157,20,1689.6946530570858
96149d3ed4f00afb92f12856101e693e93c4683f030ae6ca6ebfbb7ba5a2a345,b89efb5e9d1b7e5900ef441b098d4c8b01600af5e673a9f9d607b3598f0fe548,289728.8169488907,0.636,1728.1809488906874,289728.1794579906,20,1728.1809488906874
96149d3ed4f00afb92f12856101e693e93c4683f030ae6ca6ebfbb7ba5a2a345,b89efb5e9d1b7e5900ef441b098d4c8b01600af5e673a9f9d607b3598f0fe548,289748.6729879379,0.932,1747.7409879379557,289747.7394970379,20,1747.7409879379557
96149d3ed4f00afb92f12856101e693e93c4683f030ae6ca6ebfbb7ba5a2a345,b89efb5e9d1b7e5900ef441b098d4c8b01600af5e673a9f9d607b3598f0fe548,290329.5619049072,0.892,2328.669904907234,290328.6684140072,20,2328.669904907234
96149d3ed4f00afb92f12856101e693e93c4683f030ae6ca6ebfbb7ba5a2a345,b89efb5e9d1b7e5900ef441b098d4c8b01600af5e673a9f9d607b3598f0fe548,290332.6208059788,0.794,2331.8268059787806,290331.8253150787,20,2331.8268059787806
96149d3ed4f00afb92f12856101e693e93c4683f030ae6ca6ebfbb7ba5a2a345,b89efb5e9d1b7e5900ef441b098d4c8b01600af5e673a9f9d607b3598f0fe548,290518.6330769062,0.914,2517.7190769062145,290517.71758600615,20,2517.7190769062145
96149d3ed4f00afb92f12856101e693e93c4683f030ae6ca6ebfbb7ba5a2a345,b89efb5e9d1b7e5900ef441b098d4c8b01600af5e673a9f9d607b3598f0fe548,290523.0802760124,0.778,2522.3022760124295,290522.30078511237,20,2522.3022760124295
96149d3ed4f00afb92f12856101e693e93c4683f030ae6ca6ebfbb7ba5a2a345,b89efb5e9d1b7e5900ef441b098d4c8b01600af5e673a9f9d607b3598f0fe548,290524.61265206337,0.734,2523.878652063373,290523.8771611633,20,2523.878652063373
96149d3ed4f00afb92f12856101e693e93c4683f030ae6ca6ebfbb7ba5a2a345,b89efb5e9d1b7e5900ef441b098d4c8b01600af5e673a9f9d607b3598f0fe548,290531.3821799755,0.645,2530.737179975491,290530.73568907543,20,2530.737179975491
96149d3ed4f00afb92f12856101e693e93c4683f030ae6ca6ebfbb7ba5a2a345,b89efb5e9d1b7e5900ef441b098d4c8b01600af5e673a9f9d607b3598f0fe548,290532.2951068878,0.665,2531.6301068878383,290531.6286159878,20,2531.6301068878383
96149d3ed4f00afb92f12856101e693e93c4683f030ae6ca6ebfbb7ba5a2a345,b89efb5e9d1b7e5900ef441b098d4c8b01600af5e673a9f9d607b3598f0fe548,290545.5480349064,0.692,2544.8560349064064,290544.85454400635,20,2544.8560349064064
96149d3ed4f00afb92f12856101e693e93c4683f030ae6ca6ebfbb7ba5a2a345,b89efb5e9d1b7e5900ef441b098d4c8b01600af5e673a9f9d607b3598f0fe548,290592.0778369904,0.601,2591.4768369903904,290591.47534609033,20,2591.4768369903904
96149d3ed4f00afb92f12856101e693e93c4683f030ae6ca6ebfbb7ba5a2a345,b89efb5e9d1b7e5900ef441b098d4c8b01600af5e673a9f9d607b3598f0fe548,290600.02070999146,0.603,2599.4177099914523,290599.4162190914,20,2599.4177099914523
96149d3ed4f00afb92f12856101e693e93c4683f030ae6ca6ebfbb7ba5a2a345,b89efb5e9d1b7e5900ef441b098d4c8b01600af5e673a9f9d607b3598f0fe548,290626.02651906013,0.876,2625.1505190601456,290625.1490281601,20,2625.1505190601456
96149d3ed4f00afb92f12856101e693e93c4683f030ae6ca6ebfbb7ba5a2a345,b89efb5e9d1b7e5900ef441b098d4c8b01600af5e673a9f9d607b3598f0fe548,290627.24871611595,0.713,2626.5357161159627,290626.5342252159,20,2626.5357161159627
96149d3ed4f00afb92f12856101e693e93c4683f030ae6ca6ebfbb7ba5a2a345,b89efb5e9d1b7e5900ef441b098d4c8b01600af5e673a9f9d607b3598f0fe548,291031.6379740238,1.282,3030.3559740238125,291030.35448312375,20,3030.3559740238125
96149d3ed4f00afb92f12856101e693e93c4683f030ae6ca6ebfbb7ba5a2a345,b89efb5e9d1b7e5900ef441b098d4c8b01600af5e673a9f9d607b3598f0fe548,291134.1417338848,9.668,3124.4737338848063,291124.47224298475,20,3124.4737338848063
96149d3ed4f00afb92f12856101e693e93c4683f030ae6ca6ebfbb7ba5a2a345,b89efb5e9d1b7e5900ef441b098d4c8b01600af5e673a9f9d607b3598f0fe548,291137.302022934,1.104,3136.198022934026,291136.19653203397,20,3136.198022934026
96149d3ed4f00afb92f12856101e693e93c4683f030ae6ca6ebfbb7ba5a2a345,b89efb5e9d1b7e5900ef441b098d4c8b01600af5e673a9f9d607b3598f0fe548,291145.15469002724,1.068,3144.0866900272085,291144.08519912715,20,3144.0866900272085
96149d3ed4f00afb92f12856101e693e93c4683f030ae6ca6ebfbb7ba5a2a345,b89efb5e9d1b7e5900ef441b098d4c8b01600af5e673a9f9d607b3598f0fe548,291146.6546521187,0.929,3145.725652118679,291145.7241612186,20,3145.725652118679
96149d3ed4f00afb92f12856101e693e93c4683f030ae6ca6ebfbb7ba5a2a345,b89efb5e9d1b7e5900ef441b098d4c8b01600af5e673a9f9d607b3598f0fe548,291148.3743259907,1.542,3146.832325990661,291146.8308350906,20,3146.832325990661
96149d3ed4f00afb92f12856101e693e93c4683f030ae6ca6ebfbb7ba5a2a345,b89efb5e9d1b7e5900ef441b098d4c8b01600af5e673a9f9d607b3598f0fe548,291161.7077009678,1.043,3160.6647009677836,291160.6632100677,20,3160.6647009677836
96149d3ed4f00afb92f12856101e693e93c4683f030ae6ca6ebfbb7ba5a2a345,b89efb5e9d1b7e5900ef441b098d4c8b01600af5e673a9f9d607b3598f0fe548,291163.6999320984,1.609,3162.090932098392,291162.08944119833,20,3162.090932098392
96149d3ed4f00afb92f12856101e693e93c4683f030ae6ca6ebfbb7ba5a2a345,b89efb5e9d1b7e5900ef441b098d4c8b01600af5e673a9f9d607b3598f0fe548,291164.9055008888,0.757,3164.148500888841,291164.1470099888,20,3164.148500888841
96149d3ed4f00afb92f12856101e693e93c4683f030ae6ca6ebfbb7ba5a2a345,b89efb5e9d1b7e5900ef441b098d4c8b01600af5e673a9f9d607b3598f0fe548,291166.5412979126,0.868,3165.673297912581,291165.6718070125,20,3165.673297912581
96149d3ed4f00afb92f12856101e693e93c4683f030ae6ca6ebfbb7ba5a2a345,b89efb5e9d1b7e5900ef441b098d4c8b01600af5e673a9f9d607b3598f0fe548,291228.0139429569,0.974,3227.039942956937,291227.0384520569,20,3227.039942956937
96149d3ed4f00afb92f12856101e693e93c4683f030ae6ca6ebfbb7ba5a2a345,b89efb5e9d1b7e5900ef441b098d4c8b01600af5e673a9f9d607b3598f0fe548,291230.081056118,0.789,3229.2920561180217,291229.29056521796,20,3229.2920561180217
96149d3ed4f00afb92f12856101e693e93c4683f030ae6ca6ebfbb7ba5a2a345,b89efb5e9d1b7e5900ef441b098d4c8b01600af5e673a9f9d607b3598f0fe548,291238.0254049301,0.99,3237.035404930124,291237.03391403006,20,3237.035404930124
96149d3ed4f00afb92f12856101e693e93c4683f030ae6ca6ebfbb7ba5a2a345,b89efb5e9d1b7e5900ef441b098d4c8b01600af5e673a9f9d607b3598f0fe548,291243.40802001953,0.758,3242.6500200195587,291242.6485291195,20,3242.6500200195587
96149d3ed4f00afb92f12856101e693e93c4683f030ae6ca6ebfbb7ba5a2a345,b89efb5e9d1b7e5900ef441b098d4c8b01600af5e673a9f9d607b3598f0fe548,291244.5764479637,0.768,3243.8084479637328,291243.8069570637,20,3243.8084479637328
96149d3ed4f00afb92f12856101e693e93c4683f030ae6ca6ebfbb7ba5a2a345,b89efb5e9d1b7e5900ef441b098d4c8b01600af5e673a9f9d607b3598f0fe548,291246.4279639721,1.029,3245.3989639721112,291245.39747307205,20,3245.3989639721112
96149d3ed4f00afb92f12856101e693e93c4683f030ae6ca6ebfbb7ba5a2a345,b89efb5e9d1b7e5900ef441b098d4c8b01600af5e673a9f9d607b3598f0fe548,291253.2246670723,0.806,3252.418667072314,291252.41717617225,20,3252.418667072314
96149d3ed4f00afb92f12856101e693e93c4683f030ae6ca6ebfbb7ba5a2a345,b89efb5e9d1b7e5900ef441b098d4c8b01600af5e673a9f9d607b3598f0fe548,291259.7185370922,0.918,3258.8005370922037,291258.79904619214,20,3258.8005370922037
96149d3ed4f00afb92f12856101e693e93c4683f030ae6ca6ebfbb7ba5a2a345,b89efb5e9d1b7e5900ef441b098d4c8b01600af5e673a9f9d607b3598f0fe548,291268.433093071,0.761,3267.6720930709853,291267.6706021709,20,3267.6720930709853
96149d3ed4f00afb92f12856101e693e93c4683f030ae6ca6ebfbb7ba5a2a345,b89efb5e9d1b7e5900ef441b098d4c8b01600af5e673a9f9d607b3598f0fe548,291270.1807510853,0.818,3269.362751085253,291269.3612601852,20,3269.362751085253
96149d3ed4f00afb92f12856101e693e93c4683f030ae6ca6ebfbb7ba5a2a345,b89efb5e9d1b7e5900ef441b098d4c8b01600af5e673a9f9d607b3598f0fe548,291278.98154997826,0.729,3278.252549978264,291278.2510590782,20,3278.252549978264
96149d3ed4f00afb92f12856101e693e93c4683f030ae6ca6ebfbb7ba5a2a345,b89efb5e9d1b7e5900ef441b098d4c8b01600af5e673a9f9d607b3598f0fe548,291280.22454309464,0.741,3279.483543094655,291279.4820521946,20,3279.483543094655
96149d3ed4f00afb92f12856101e693e93c4683f030ae6ca6ebfbb7ba5a2a345,b89efb5e9d1b7e5900ef441b098d4c8b01600af5e673a9f9d607b3598f0fe548,291296.2487590313,1.06,3295.188759031298,291295.18726813124,20,3295.188759031298
96149d3ed4f00afb92f12856101e693e93c4683f030ae6ca6ebfbb7ba5a2a345,b89efb5e9d1b7e5900ef441b098d4c8b01600af5e673a9f9d607b3598f0fe548,291300.66110396385,0.82,3299.841103963845,291299.8396130638,20,3299.841103963845
96149d3ed4f00afb92f12856101e693e93c4683f030ae6ca6ebfbb7ba5a2a345,b89efb5e9d1b7e5900ef441b098d4c8b01600af5e673a9f9d607b3598f0fe548,291326.7582910061,1.147,3325.611291006091,291325.60980010603,20,3325.611291006091
96149d3ed4f00afb92f12856101e693e93c4683f030ae6ca6ebfbb7ba5a2a345,b89efb5e9d1b7e5900ef441b098d4c8b01600af5e673a9f9d607b3598f0fe548,291418.74100089073,1.363,3417.3780008907197,291417.37650999066,20,3417.3780008907197
96149d3ed4f00afb92f12856101e693e93c4683f030ae6ca6ebfbb7ba5a2a345,b89efb5e9d1b7e5900ef441b098d4c8b01600af5e673a9f9d607b3598f0fe548,291420.69397711754,0.895,3419.79897711752,291419.79748621746,20,3419.79897711752
96149d3ed4f00afb92f12856101e693e93c4683f030ae6ca6ebfbb7ba5a2a345,b89efb5e9d1b7e5900ef441b098d4c8b01600af5e673a9f9d607b3598f0fe548,291470.0321960449,1.164,3468.868196044932,291468.8667051449,20,3468.868196044932
96149d3ed4f00afb92f12856101e693e93c4683f030ae6ca6ebfbb7ba5a2a345,b89efb5e9d1b7e5900ef441b098d4c8b01600af5e673a9f9d607b3598f0fe548,292816.3015398979,1.294,4815.007539897924,292815.00604899786,20,4815.007539897924
96149d3ed4f00afb92f12856101e693e93c4683f030ae6ca6ebfbb7ba5a2a345,b89efb5e9d1b7e5900ef441b098d4c8b01600af5e673a9f9d607b3598f0fe548,292829.17127609253,1.209,4827.962276092556,292827.9607851925,20,4827.962276092556
96149d3ed4f00afb92f12856101e693e93c4683f030ae6ca6ebfbb7ba5a2a345,b89efb5e9d1b7e5900ef441b098d4c8b01600af5e673a9f9d607b3598f0fe548,294197.1491789818,0.758,6196.3911789818085,294196.38968808175,20,6196.3911789818085
96149d3ed4f00afb92f12856101e693e93c4683f030ae6ca6ebfbb7ba5a2a345,b89efb5e9d1b7e5900ef441b098d4c8b01600af5e673a9f9d607b3598f0fe548,294207.6255590916,0.845,6206.780559091654,294206.7790681916,20,6206.780559091654
96149d3ed4f00afb92f12856101e693e93c4683f030ae6ca6ebfbb7ba5a2a345,b89efb5e9d1b7e5900ef441b098d4c8b01600af5e673a9f9d607b3598f0fe548,294208.5198330879,0.765,6207.754833087907,294207.75334218785,20,6207.754833087907
96149d3ed4f00afb92f12856101e693e93c4683f030ae6ca6ebfbb7ba5a2a345,b89efb5e9d1b7e5900ef441b098d4c8b01600af5e673a9f9d607b3598f0fe548,294274.9046919346,0.723,6274.181691934587,294274.1802010345,20,6274.181691934587
96149d3ed4f00afb92f12856101e693e93c4683f030ae6ca6ebfbb7ba5a2a345,b89efb5e9d1b7e5900ef441b098d4c8b01600af5e673a9f9d607b3598f0fe548,294292.8052749634,0.768,6292.037274963397,294292.03578406334,20,6292.037274963397
96149d3ed4f00afb92f12856101e693e93c4683f030ae6ca6ebfbb7ba5a2a345,b89efb5e9d1b7e5900ef441b098d4c8b01600af5e673a9f9d607b3598f0fe548,294295.23838710785,0.617,6294.621387107822,294294.61989620776,20,6294.621387107822
96149d3ed4f00afb92f12856101e693e93c4683f030ae6ca6ebfbb7ba5a2a345,b89efb5e9d1b7e5900ef441b098d4c8b01600af5e673a9f9d607b3598f0fe548,294306.0460190773,0.618,6305.428019077284,294305.4265281772,20,6305.428019077284
96149d3ed4f00afb92f12856101e693e93c4683f030ae6ca6ebfbb7ba5a2a345,b89efb5e9d1b7e5900ef441b098d4c8b01600af5e673a9f9d607b3598f0fe548,294332.693267107,1.002,6331.691267107031,294331.689776207,20,6331.691267107031
96149d3ed4f00afb92f12856101e693e93c4683f030ae6ca6ebfbb7ba5a2a345,b89efb5e9d1b7e5900ef441b098d4c8b01600af5e673a9f9d607b3598f0fe548,294342.29962301254,0.807,6341.492623012571,294341.4911321125,20,6341.492623012571
96149d3ed4f00afb92f12856101e693e93c4683f030ae6ca6ebfbb7ba5a2a345,b89efb5e9d1b7e5900ef441b098d4c8b01600af5e673a9f9d607b3598f0fe548,294343.9635939598,1.531,6342.432593959791,294342.43110305973,20,6342.432593959791
96149d3ed4f00afb92f12856101e693e93c4683f030ae6ca6ebfbb7ba5a2a345,b89efb5e9d1b7e5900ef441b098d4c8b01600af5e673a9f9d607b3598f0fe548,294350.1137330532,0.88,6349.233733053203,294349.23224215314,20,6349.233733053203
96149d3ed4f00afb92f12856101e693e93c4683f030ae6ca6ebfbb7ba5a2a345,b89efb5e9d1b7e5900ef441b098d4c8b01600af5e673a9f9d607b3598f0fe548,294358.2743771076,0.957,6357.317377107625,294357.31588620757,20,6357.317377107625
96149d3ed4f00afb92f12856101e693e93c4683f030ae6ca6ebfbb7ba5a2a345,b89efb5e9d1b7e5900ef441b098d4c8b01600af5e673a9f9d607b3598f0fe548,294366.1193640232,0.828,6365.291364023229,294365.28987312317,20,6365.291364023229
96149d3ed4f00afb92f12856101e693e93c4683f030ae6ca6ebfbb7ba5a2a345,b89efb5e9d1b7e5900ef441b098d4c8b01600af5e673a9f9d607b3598f0fe548,294371.0674099922,0.787,6370.280409992207,294370.27891909215,20,6370.280409992207
96149d3ed4f00afb92f12856101e693e93c4683f030ae6ca6ebfbb7ba5a2a345,b89efb5e9d1b7e5900ef441b098d4c8b01600af5e673a9f9d607b3598f0fe548,294415.0759019852,0.937,6414.13890198525,294414.1374110852,20,6414.13890198525
96149d3ed4f00afb92f12856101e693e93c4683f030ae6ca6ebfbb7ba5a2a345,b89efb5e9d1b7e5900ef441b098d4c8b01600af5e673a9f9d607b3598f0fe548,294418.2431280613,0.737,6417.506128061272,294417.5046371612,20,6417.506128061272
96149d3ed4f00afb92f12856101e693e93c4683f030ae6ca6ebfbb7ba5a2a345,b89efb5e9d1b7e5900ef441b098d4c8b01600af5e673a9f9d607b3598f0fe548,294476.14863801,0.849,6475.299638010038,294475.29814711,20,6475.299638010038
96149d3ed4f00afb92f12856101e693e93c4683f030ae6ca6ebfbb7ba5a2a345,b89efb5e9d1b7e5900ef441b098d4c8b01600af5e673a9f9d607b3598f0fe548,294487.2332339287,0.73,6486.503233928699,294486.50174302864,20,6486.503233928699
96149d3ed4f00afb92f12856101e693e93c4683f030ae6ca6ebfbb7ba5a2a345,b89efb5e9d1b7e5900ef441b098d4c8b01600af5e673a9f9d607b3598f0fe548,294513.7437400818,0.732,6513.011740081769,294513.0102491817,20,6513.011740081769
96149d3ed4f00afb92f12856101e693e93c4683f030ae6ca6ebfbb7ba5a2a345,b89efb5e9d1b7e5900ef441b098d4c8b01600af5e673a9f9d607b3598f0fe548,294515.07537794113,0.581,6514.494377941126,294514.49288704107,20,6514.494377941126
96149d3ed4f00afb92f12856101e693e93c4683f030ae6ca6ebfbb7ba5a2a345,b89efb5e9d1b7e5900ef441b098d4c8b01600af5e673a9f9d607b3598f0fe548,294515.82283711433,0.626,6515.196837114345,294515.1953462143,20,6515.196837114345
96149d3ed4f00afb92f12856101e693e93c4683f030ae6ca6ebfbb7ba5a2a345,b89efb5e9d1b7e5900ef441b098d4c8b01600af5e673a9f9d607b3598f0fe548,294517.1609740257,0.704,6516.456974025699,294516.45548312564,20,6516.456974025699
96149d3ed4f00afb92f12856101e693e93c4683f030ae6ca6ebfbb7ba5a2a345,b89efb5e9d1b7e5900ef441b098d4c8b01600af5e673a9f9d607b3598f0fe548,294520.1687989235,1.438,6518.730798923469,294518.7293080234,20,6518.730798923469
96149d3ed4f00afb92f12856101e693e93c4683f030ae6ca6ebfbb7ba5a2a345,b89efb5e9d1b7e5900ef441b098d4c8b01600af5e673a9f9d607b3598f0fe548,294526.8436141014,0.792,6526.051614101394,294526.05012320133,20,6526.051614101394
96149d3ed4f00afb92f12856101e693e93c4683f030ae6ca6ebfbb7ba5a2a345,b89efb5e9d1b7e5900ef441b098d4c8b01600af5e673a9f9d607b3598f0fe548,294527.6250650883,0.769,6526.856065088301,294526.85457418824,20,6526.856065088301
96149d3ed4f00afb92f12856101e693e93c4683f030ae6ca6ebfbb7ba5a2a345,b89efb5e9d1b7e5900ef441b098d4c8b01600af5e673a9f9d607b3598f0fe548,294571.3332591057,0.796,6570.537259105709,294570.53576820565,20,6570.537259105709
96149d3ed4f00afb92f12856101e693e93c4683f030ae6ca6ebfbb7ba5a2a345,b89efb5e9d1b7e5900ef441b098d4c8b01600af5e673a9f9d607b3598f0fe548,294582.43213009834,0.656,6581.776130098326,294581.77463919827,20,6581.776130098326
96149d3ed4f00afb92f12856101e693e93c4683f030ae6ca6ebfbb7ba5a2a345,b89efb5e9d1b7e5900ef441b098d4c8b01600af5e673a9f9d607b3598f0fe548,294583.3540670872,0.662,6582.692067087162,294582.6905761871,20,6582.692067087162
96149d3ed4f00afb92f12856101e693e93c4683f030ae6ca6ebfbb7ba5a2a345,b89efb5e9d1b7e5900ef441b098d4c8b01600af5e673a9f9d607b3598f0fe548,294584.3039429188,0.641,6583.662942918774,294583.6614520187,20,6583.662942918774
96149d3ed4f00afb92f12856101e693e93c4683f030ae6ca6ebfbb7ba5a2a345,b89efb5e9d1b7e5900ef441b098d4c8b01600af5e673a9f9d607b3598f0fe548,294589.4115960598,0.672,6588.739596059779,294588.7381051597,20,6588.739596059779
96149d3ed4f00afb92f12856101e693e93c4683f030ae6ca6ebfbb7ba5a2a345,b89efb5e9d1b7e5900ef441b098d4c8b01600af5e673a9f9d607b3598f0fe548,294596.09477996826,0.869,6595.225779968256,294595.2242890682,20,6595.225779968256
96149d3ed4f00afb92f12856101e693e93c4683f030ae6ca6ebfbb7ba5a2a345,b89efb5e9d1b7e5900ef441b098d4c8b01600af5e673a9f9d607b3598f0fe548,294652.92420101166,0.73,6652.194201011676,294652.1927101116,20,6652.194201011676
96149d3ed4f00afb92f12856101e693e93c4683f030ae6ca6ebfbb7ba5a2a345,b89efb5e9d1b7e5900ef441b098d4c8b01600af5e673a9f9d607b3598f0fe548,294695.1265940666,0.825,6694.301594066608,294694.30010316655,20,6694.301594066608
96149d3ed4f00afb92f12856101e693e93c4683f030ae6ca6ebfbb7ba5a2a345,b89efb5e9d1b7e5900ef441b098d4c8b01600af5e673a9f9d607b3598f0fe548,294704.84198498726,0.904,6703.9379849872785,294703.9364940872,20,6703.9379849872785
96149d3ed4f00afb92f12856101e693e93c4683f030ae6ca6ebfbb7ba5a2a345,b89efb5e9d1b7e5900ef441b098d4c8b01600af5e673a9f9d607b3598f0fe548,294705.9660899639,1.028,6704.938089963922,294704.93659906386,20,6704.938089963922
96149d3ed4f00afb92f12856101e693e93c4683f030ae6ca6ebfbb7ba5a2a345,b89efb5e9d1b7e5900ef441b098d4c8b01600af5e673a9f9d607b3598f0fe548,294744.36331892014,0.596,6743.767318920116,294743.76582802006,20,6743.767318920116
96149d3ed4f00afb92f12856101e693e93c4683f030ae6ca6ebfbb7ba5a2a345,b89efb5e9d1b7e5900ef441b098d4c8b01600af5e673a9f9d607b3598f0fe548,294746.2258429527,1.419,6744.806842952734,294744.8053520527,20,6744.806842952734
96149d3ed4f00afb92f12856101e693e93c4683f030ae6ca6ebfbb7ba5a2a345,b89efb5e9d1b7e5900ef441b098d4c8b01600af5e673a9f9d607b3598f0fe548,294831.53569197655,0.844,6830.6916919765645,294830.6902010765,20,6830.6916919765645
96149d3ed4f00afb92f12856101e693e93c4683f030ae6ca6ebfbb7ba5a2a345,b89efb5e9d1b7e5900ef441b098d4c8b01600af5e673a9f9d607b3598f0fe548,294842.1280179024,0.679,6841.4490179023705,294841.4475270023,20,6841.4490179023705
96149d3ed4f00afb92f12856101e693e93c4683f030ae6ca6ebfbb7ba5a2a345,b89efb5e9d1b7e5900ef441b098d4c8b01600af5e673a9f9d607b3598f0fe548,294846.1370880604,0.713,6845.42408806039,294845.42259716033,20,6845.42408806039
96149d3ed4f00afb92f12856101e693e93c4683f030ae6ca6ebfbb7ba5a2a345,b89efb5e9d1b7e5900ef441b098d4c8b01600af5e673a9f9d607b3598f0fe548,294868.60192990303,0.693,6867.908929903002,294867.90743900294,20,6867.908929903002
96149d3ed4f00afb92f12856101e693e93c4683f030ae6ca6ebfbb7ba5a2a345,b89efb5e9d1b7e5900ef441b098d4c8b01600af5e673a9f9d607b3598f0fe548,294881.61262393,0.746,6880.866623929993,294880.86513302993,20,6880.866623929993
96149d3ed4f00afb92f12856101e693e93c4683f030ae6ca6ebfbb7ba5a2a345,b89efb5e9d1b7e5900ef441b098d4c8b01600af5e673a9f9d607b3598f0fe548,294885.6866829396,0.706,6884.980682939582,294884.9791920395,20,6884.980682939582
96149d3ed4f00afb92f12856101e693e93c4683f030ae6ca6ebfbb7ba5a2a345,b89efb5e9d1b7e5900ef441b098d4c8b01600af5e673a9f9d607b3598f0fe548,294901.0771319866,0.757,6900.320131986635,294900.3186410866,20,6900.320131986635
96149d3ed4f00afb92f12856101e693e93c4683f030ae6ca6ebfbb7ba5a2a345,b89efb5e9d1b7e5900ef441b098d4c8b01600af5e673a9f9d607b3598f0fe548,294912.1919350624,0.72,6911.471935062436,294911.4704441624,20,6911.471935062436
96149d3ed4f00afb92f12856101e693e93c4683f030ae6ca6ebfbb7ba5a2a345,b89efb5e9d1b7e5900ef441b098d4c8b01600af5e673a9f9d607b3598f0fe548,294913.10458898544,0.679,6912.425588985439,294912.4240980854,20,6912.425588985439
96149d3ed4f00afb92f12856101e693e93c4683f030ae6ca6ebfbb7ba5a2a345,b89efb5e9d1b7e5900ef441b098d4c8b01600af5e673a9f9d607b3598f0fe548,294949.0913910866,0.752,6948.3393910866,294948.33790018654,20,6948.3393910866
96149d3ed4f00afb92f12856101e693e93c4683f030ae6ca6ebfbb7ba5a2a345,b89efb5e9d1b7e5900ef441b098d4c8b01600af5e673a9f9d607b3598f0fe548,294953.7051780224,0.744,6952.961178022379,294952.9596871223,20,6952.961178022379
96149d3ed4f00afb92f12856101e693e93c4683f030ae6ca6ebfbb7ba5a2a345,b89efb5e9d1b7e5900ef441b098d4c8b01600af5e673a9f9d607b3598f0fe548,294969.4053759575,0.689,6968.716375957476,294968.7148850574,20,6968.716375957476
96149d3ed4f00afb92f12856101e693e93c4683f030ae6ca6ebfbb7ba5a2a345,b89efb5e9d1b7e5900ef441b098d4c8b01600af5e673a9f9d607b3598f0fe548,294970.92914009094,0.627,6970.302140090964,294970.3006491909,20,6970.302140090964
96149d3ed4f00afb92f12856101e693e93c4683f030ae6ca6ebfbb7ba5a2a345,b89efb5e9d1b7e5900ef441b098d4c8b01600af5e673a9f9d607b3598f0fe548,294975.8006219864,0.807,6974.993621986418,294974.99213108636,20,6974.993621986418
96149d3ed4f00afb92f12856101e693e93c4683f030ae6ca6ebfbb7ba5a2a345,b89efb5e9d1b7e5900ef441b098d4c8b01600af5e673a9f9d607b3598f0fe548,295163.7509739399,1.133,7162.617973939923,295162.61648303986,20,7162.617973939923
96149d3ed4f00afb92f12856101e693e93c4683f030ae6ca6ebfbb7ba5a2a345,b89efb5e9d1b7e5900ef441b098d4c8b01600af5e673a9f9d607b3598f0fe548,295173.6652519703,1.108,7172.557251970284,295172.5557610702,20,7172.557251970284
96149d3ed4f00afb92f12856101e693e93c4683f030ae6ca6ebfbb7ba5a2a345,b89efb5e9d1b7e5900ef441b098d4c8b01600af5e673a9f9d607b3598f0fe548,297351.1464691162,0.748,9350.39846911619,297350.39697821613,20,9350.39846911619
96149d3ed4f00afb92f12856101e693e93c4683f030ae6ca6ebfbb7ba5a2a345,b89efb5e9d1b7e5900ef441b098d4c8b01600af5e673a9f9d607b3598f0fe548,300273.3078119755,1.46,12271.847811975458,300271.8463210754,20,12271.847811975458
96149d3ed4f00afb92f12856101e693e93c4683f030ae6ca6ebfbb7ba5a2a345,b89efb5e9d1b7e5900ef441b098d4c8b01600af5e673a9f9d607b3598f0fe548,300282.51642394066,0.668,12281.848423940653,300281.8469330406,20,12281.848423940653
96149d3ed4f00afb92f12856101e693e93c4683f030ae6ca6ebfbb7ba5a2a345,b89efb5e9d1b7e5900ef441b098d4c8b01600af5e673a9f9d607b3598f0fe548,300283.4454050064,0.684,12282.7614050064,300282.75991410634,20,12282.7614050064
96149d3ed4f00afb92f12856101e693e93c4683f030ae6ca6ebfbb7ba5a2a345,b89efb5e9d1b7e5900ef441b098d4c8b01600af5e673a9f9d607b3598f0fe548,300423.3586559296,1.356,12422.002655929595,300422.00116502953,20,12422.002655929595
96149d3ed4f00afb92f12856101e693e93c4683f030ae6ca6ebfbb7ba5a2a345,b89efb5e9d1b7e5900ef441b098d4c8b01600af5e673a9f9d607b3598f0fe548,300427.7164030075,1.249,12426.467403007497,300426.46591210744,20,12426.467403007497
96149d3ed4f00afb92f12856101e693e93c4683f030ae6ca6ebfbb7ba5a2a345,b89efb5e9d1b7e5900ef441b098d4c8b01600af5e673a9f9d607b3598f0fe548,300440.0565979481,0.946,12439.110597948078,300439.109107048,20,12439.110597948078
96149d3ed4f00afb92f12856101e693e93c4683f030ae6ca6ebfbb7ba5a2a345,b89efb5e9d1b7e5900ef441b098d4c8b01600af5e673a9f9d607b3598f0fe548,300444.86902689934,0.86,12444.009026899352,300444.0075359993,20,12444.009026899352
96149d3ed4f00afb92f12856101e693e93c4683f030ae6ca6ebfbb7ba5a2a345,b89efb5e9d1b7e5900ef441b098d4c8b01600af5e673a9f9d607b3598f0fe548,300447.0299549103,0.892,12446.137954910286,300446.1364640102,20,12446.137954910286
96149d3ed4f00afb92f12856101e693e93c4683f030ae6ca6ebfbb7ba5a2a345,b89efb5e9d1b7e5900ef441b098d4c8b01600af5e673a9f9d607b3598f0fe548,300450.9236369133,1.591,12449.332636913285,300449.3311460132,20,12449.332636913285
96149d3ed4f00afb92f12856101e693e93c4683f030ae6ca6ebfbb7ba5a2a345,b89efb5e9d1b7e5900ef441b098d4c8b01600af5e673a9f9d607b3598f0fe548,300480.85210204124,0.928,12479.92410204123,300479.92261114117,20,12479.92410204123
96149d3ed4f00afb92f12856101e693e93c4683f030ae6ca6ebfbb7ba5a2a345,b89efb5e9d1b7e5900ef441b098d4c8b01600af5e673a9f9d607b3598f0fe548,300485.9931650162,1.267,12484.726165016182,300484.7246741161,20,12484.726165016182
96149d3ed4f00afb92f12856101e693e93c4683f030ae6ca6ebfbb7ba5a2a345,b89efb5e9d1b7e5900ef441b098d4c8b01600af5e673a9f9d607b3598f0fe548,300496.0089569092,1.332,12494.676956909185,300494.6754660091,20,12494.676956909185
96149d3ed4f00afb92f12856101e693e93c4683f030ae6ca6ebfbb7ba5a2a345,b89efb5e9d1b7e5900ef441b098d4c8b01600af5e673a9f9d607b3598f0fe548,300497.39250302315,0.996,12496.396503023163,300496.3950121231,20,12496.396503023163
96149d3ed4f00afb92f12856101e693e93c4683f030ae6ca6ebfbb7ba5a2a345,b89efb5e9d1b7e5900ef441b098d4c8b01600af5e673a9f9d607b3598f0fe548,300500.3358569145,1.185,12499.150856914523,300499.14936601446,20,12499.150856914523
96149d3ed4f00afb92f12856101e693e93c4683f030ae6ca6ebfbb7ba5a2a345,b89efb5e9d1b7e5900ef441b098d4c8b01600af5e673a9f9d607b3598f0fe548,300510.0433189869,0.949,12509.09431898687,300509.0928280868,20,12509.09431898687
96149d3ed4f00afb92f12856101e693e93c4683f030ae6ca6ebfbb7ba5a2a345,b89efb5e9d1b7e5900ef441b098d4c8b01600af5e673a9f9d607b3598f0fe548,300515.09401392937,1.163,12513.931013929367,300513.9295230293,20,12513.931013929367
96149d3ed4f00afb92f12856101e693e93c4683f030ae6ca6ebfbb7ba5a2a345,b89efb5e9d1b7e5900ef441b098d4c8b01600af5e673a9f9d607b3598f0fe548,300518.264179945,0.93,12517.334179944999,300517.33268904494,20,12517.334179944999
96149d3ed4f00afb92f12856101e693e93c4683f030ae6ca6ebfbb7ba5a2a345,b89efb5e9d1b7e5900ef441b098d4c8b01600af5e673a9f9d607b3598f0fe548,300540.4233939648,0.996,12539.427393964841,300539.4259030648,20,12539.427393964841
96149d3ed4f00afb92f12856101e693e93c4683f030ae6ca6ebfbb7ba5a2a345,b89efb5e9d1b7e5900ef441b098d4c8b01600af5e673a9f9d607b3598f0fe548,300568.252571106,0.982,12567.270571105997,300567.26908020594,20,12567.270571105997
96149d3ed4f00afb92f12856101e693e93c4683f030ae6ca6ebfbb7ba5a2a345,b89efb5e9d1b7e5900ef441b098d4c8b01600af5e673a9f9d607b3598f0fe548,300576.209651947,0.838,12575.371651947033,300575.370161047,20,12575.371651947033
96149d3ed4f00afb92f12856101e693e93c4683f030ae6ca6ebfbb7ba5a2a345,b89efb5e9d1b7e5900ef441b098d4c8b01600af5e673a9f9d607b3598f0fe548,300644.6153700352,1.098,12643.517370035173,300643.5158791351,20,12643.517370035173
96149d3ed4f00afb92f12856101e693e93c4683f030ae6ca6ebfbb7ba5a2a345,b89efb5e9d1b7e5900ef441b098d4c8b01600af5e673a9f9d607b3598f0fe548,300649.59260106087,0.976,12648.616601060843,300648.6151101608,20,12648.616601060843
96149d3ed4f00afb92f12856101e693e93c4683f030ae6ca6ebfbb7ba5a2a345,b89efb5e9d1b7e5900ef441b098d4c8b01600af5e673a9f9d607b3598f0fe548,300659.0622370243,1.54,12657.522237024328,300657.52074612427,20,12657.522237024328
96149d3ed4f00afb92f12856101e693e93c4683f030ae6ca6ebfbb7ba5a2a345,b89efb5e9d1b7e5900ef441b098d4c8b01600af5e673a9f9d607b3598f0fe548,300669.0278480053,0.932,12668.095848005323,300668.09435710526,20,12668.095848005323
96149d3ed4f00afb92f12856101e693e93c4683f030ae6ca6ebfbb7ba5a2a345,b89efb5e9d1b7e5900ef441b098d4c8b01600af5e673a9f9d607b3598f0fe548,300673.835999012,0.831,12673.004999011988,300673.0035081119,20,12673.004999011988
96149d3ed4f00afb92f12856101e693e93c4683f030ae6ca6ebfbb7ba5a2a345,b89efb5e9d1b7e5900ef441b098d4c8b01600af5e673a9f9d607b3598f0fe548,300684.5668349266,0.966,12683.60083492659,300683.59934402653,20,12683.60083492659
96149d3ed4f00afb92f12856101e693e93c4683f030ae6ca6ebfbb7ba5a2a345,b89efb5e9d1b7e5900ef441b098d4c8b01600af5e673a9f9d607b3598f0fe548,300691.9220249653,1.059,12690.863024965278,300690.8615340652,20,12690.863024965278
96149d3ed4f00afb92f12856101e693e93c4683f030ae6ca6ebfbb7ba5a2a345,b89efb5e9d1b7e5900ef441b098d4c8b01600af5e673a9f9d607b3598f0fe548,300695.3952469826,0.851,12694.54424698255,300694.5427560825,20,12694.54424698255
96149d3ed4f00afb92f12856101e693e93c4683f030ae6ca6ebfbb7ba5a2a345,b89efb5e9d1b7e5900ef441b098d4c8b01600af5e673a9f9d607b3598f0fe548,300697.0758559704,0.771,12696.304855970375,300696.3033650703,20,12696.304855970375
96149d3ed4f00afb92f12856101e693e93c4683f030ae6ca6ebfbb7ba5a2a345,b89efb5e9d1b7e5900ef441b098d4c8b01600af5e673a9f9d607b3598f0fe548,300718.77461600304,0.967,12717.807616003032,300717.806125103,20,12717.807616003032
96149d3ed4f00afb92f12856101e693e93c4683f030ae6ca6ebfbb7ba5a2a345,b89efb5e9d1b7e5900ef441b098d4c8b01600af5e673a9f9d607b3598f0fe548,300748.7275209427,0.795,12747.932520942704,300747.93103004264,20,12747.932520942704
96149d3ed4f00afb92f12856101e693e93c4683f030ae6ca6ebfbb7ba5a2a345,b89efb5e9d1b7e5900ef441b098d4c8b01600af5e673a9f9d607b3598f0fe548,300752.3806760311,1.227,12751.1536760311,300751.15218513104,20,12751.1536760311
96149d3ed4f00afb92f12856101e693e93c4683f030ae6ca6ebfbb7ba5a2a345,b89efb5e9d1b7e5900ef441b098d4c8b01600af5e673a9f9d607b3598f0fe548,300756.98904109,0.955,12756.034041089995,300756.03255018994,20,12756.034041089995
96149d3ed4f00afb92f12856101e693e93c4683f030ae6ca6ebfbb7ba5a2a345,b89efb5e9d1b7e5900ef441b098d4c8b01600af5e673a9f9d607b3598f0fe548,300760.65330195427,0.958,12759.695301954285,300759.6938110542,20,12759.695301954285
96149d3ed4f00afb92f12856101e693e93c4683f030ae6ca6ebfbb7ba5a2a345,b89efb5e9d1b7e5900ef441b098d4c8b01600af5e673a9f9d607b3598f0fe548,300850.00508499146,1.071,12848.934084991459,300848.9325940914,20,12848.934084991459
96149d3ed4f00afb92f12856101e693e93c4683f030ae6ca6ebfbb7ba5a2a345,b89efb5e9d1b7e5900ef441b098d4c8b01600af5e673a9f9d607b3598f0fe548,300893.53828811646,0.859,12892.679288116458,300892.6777972164,20,12892.679288116458
96149d3ed4f00afb92f12856101e693e93c4683f030ae6ca6ebfbb7ba5a2a345,b89efb5e9d1b7e5900ef441b098d4c8b01600af5e673a9f9d607b3598f0fe548,300894.6188349724,0.825,12893.79383497237,300893.7923440723,20,12893.79383497237
96149d3ed4f00afb92f12856101e693e93c4683f030ae6ca6ebfbb7ba5a2a345,b89efb5e9d1b7e5900ef441b098d4c8b01600af5e673a9f9d607b3598f0fe548,300895.48457694054,0.792,12894.69257694052,300894.69108604046,20,12894.69257694052
96149d3ed4f00afb92f12856101e693e93c4683f030ae6ca6ebfbb7ba5a2a345,b89efb5e9d1b7e5900ef441b098d4c8b01600af5e673a9f9d607b3598f0fe548,300906.1239490509,0.975,12905.148949050927,300905.14745815087,20,12905.148949050927
96149d3ed4f00afb92f12856101e693e93c4683f030ae6ca6ebfbb7ba5a2a345,b89efb5e9d1b7e5900ef441b098d4c8b01600af5e673a9f9d607b3598f0fe548,300915.0967180729,0.77,12914.326718072873,300914.3252271728,20,12914.326718072873
96149d3ed4f00afb92f12856101e693e93c4683f030ae6ca6ebfbb7ba5a2a345,b89efb5e9d1b7e5900ef441b098d4c8b01600af5e673a9f9d607b3598f0fe548,300919.93281292915,0.832,12919.100812929159,300919.0993220291,20,12919.100812929159
96149d3ed4f00afb92f12856101e693e93c4683f030ae6ca6ebfbb7ba5a2a345,b89efb5e9d1b7e5900ef441b098d4c8b01600af5e673a9f9d607b3598f0fe548,300922.7017290592,1.186,12921.515729059232,300921.5142381592,20,12921.515729059232
96149d3ed4f00afb92f12856101e693e93c4683f030ae6ca6ebfbb7ba5a2a345,b89efb5e9d1b7e5900ef441b098d4c8b01600af5e673a9f9d607b3598f0fe548,300925.2202260494,0.76,12924.460226049414,300924.45873514935,20,12924.460226049414
96149d3ed4f00afb92f12856101e693e93c4683f030ae6ca6ebfbb7ba5a2a345,b89efb5e9d1b7e5900ef441b098d4c8b01600af5e673a9f9d607b3598f0fe548,300931.4033629894,0.795,12930.608362989442,300930.6068720894,20,12930.608362989442
96149d3ed4f00afb92f12856101e693e93c4683f030ae6ca6ebfbb7ba5a2a345,b89efb5e9d1b7e5900ef441b098d4c8b01600af5e673a9f9d607b3598f0fe548,300951.0903589725,0.829,12950.261358972464,300950.2598680724,20,12950.261358972464
96149d3ed4f00afb92f12856101e693e93c4683f030ae6ca6ebfbb7ba5a2a345,b89efb5e9d1b7e5900ef441b098d4c8b01600af5e673a9f9d607b3598f0fe548,300951.9725530148,0.827,12951.145553014823,300951.14406211476,20,12951.145553014823
96149d3ed4f00afb92f12856101e693e93c4683f030ae6ca6ebfbb7ba5a2a345,b89efb5e9d1b7e5900ef441b098d4c8b01600af5e673a9f9d607b3598f0fe548,300958.116355896,0.783,12957.333355896,300957.33186499594,20,12957.333355896
96149d3ed4f00afb92f12856101e693e93c4683f030ae6ca6ebfbb7ba5a2a345,b89efb5e9d1b7e5900ef441b098d4c8b01600af5e673a9f9d607b3598f0fe548,300961.8488240242,0.821,12961.027824024204,300961.02633312414,20,12961.027824024204
96149d3ed4f00afb92f12856101e693e93c4683f030ae6ca6ebfbb7ba5a2a345,b89efb5e9d1b7e5900ef441b098d4c8b01600af5e673a9f9d607b3598f0fe548,300975.42565107346,0.849,12974.576651073468,300974.5751601734,20,12974.576651073468
96149d3ed4f00afb92f12856101e693e93c4683f030ae6ca6ebfbb7ba5a2a345,b89efb5e9d1b7e5900ef441b098d4c8b01600af5e673a9f9d607b3598f0fe548,300978.52326893806,0.803,12977.72026893805,300977.718778038,20,12977.72026893805
96149d3ed4f00afb92f12856101e693e93c4683f030ae6ca6ebfbb7ba5a2a345,b89efb5e9d1b7e5900ef441b098d4c8b01600af5e673a9f9d607b3598f0fe548,300981.398485899,0.774,12980.624485898996,300980.62299499894,20,12980.624485898996
96149d3ed4f00afb92f12856101e693e93c4683f030ae6ca6ebfbb7ba5a2a345,b89efb5e9d1b7e5900ef441b098d4c8b01600af5e673a9f9d607b3598f0fe548,300986.13800406456,0.704,12985.434004064533,300985.4325131645,20,12985.434004064533
96149d3ed4f00afb92f12856101e693e93c4683f030ae6ca6ebfbb7ba5a2a345,b89efb5e9d1b7e5900ef441b098d4c8b01600af5e673a9f9d607b3598f0fe548,301013.67750906944,0.895,13012.782509069424,301012.78101816936,20,13012.782509069424
96149d3ed4f00afb92f12856101e693e93c4683f030ae6ca6ebfbb7ba5a2a345,b89efb5e9d1b7e5900ef441b098d4c8b01600af5e673a9f9d607b3598f0fe548,301064.04633688927,0.882,13063.164336889284,301063.1628459892,20,13063.164336889284
96149d3ed4f00afb92f12856101e693e93c4683f030ae6ca6ebfbb7ba5a2a345,b89efb5e9d1b7e5900ef441b098d4c8b01600af5e673a9f9d607b3598f0fe548,301070.16213798523,1.719,13068.443137985247,301068.4416470852,20,13068.443137985247
96149d3ed4f00afb92f12856101e693e93c4683f030ae6ca6ebfbb7ba5a2a345,b89efb5e9d1b7e5900ef441b098d4c8b01600af5e673a9f9d607b3598f0fe548,301079.4017930031,1.088,13078.313793003093,301078.31230210303,20,13078.313793003093
96149d3ed4f00afb92f12856101e693e93c4683f030ae6ca6ebfbb7ba5a2a345,b89efb5e9d1b7e5900ef441b098d4c8b01600af5e673a9f9d607b3598f0fe548,301101.808549881,1.371,13100.437549880997,301100.43605898094,20,13100.437549880997
96149d3ed4f00afb92f12856101e693e93c4683f030ae6ca6ebfbb7ba5a2a345,b89efb5e9d1b7e5900ef441b098d4c8b01600af5e673a9f9d607b3598f0fe548,301108.97929406166,0.788,13108.19129406166,301108.1898031616,20,13108.19129406166
96149d3ed4f00afb92f12856101e693e93c4683f030ae6ca6ebfbb7ba5a2a345,b89efb5e9d1b7e5900ef441b098d4c8b01600af5e673a9f9d607b3598f0fe548,301161.8842959404,0.868,13161.016295940382,301161.0148050403,20,13161.016295940382
96149d3ed4f00afb92f12856101e693e93c4683f030ae6ca6ebfbb7ba5a2a345,b89efb5e9d1b7e5900ef441b098d4c8b01600af5e673a9f9d607b3598f0fe548,301164.15895295143,1.812,13162.346952951455,301162.3454620514,20,13162.346952951455
96149d3ed4f00afb92f12856101e693e93c4683f030ae6ca6ebfbb7ba5a2a345,b89efb5e9d1b7e5900ef441b098d4c8b01600af5e673a9f9d607b3598f0fe548,301171.7005090713,1.003,13170.697509071266,301170.6960181712,20,13170.697509071266
96149d3ed4f00afb92f12856101e693e93c4683f030ae6ca6ebfbb7ba5a2a345,b89efb5e9d1b7e5900ef441b098d4c8b01600af5e673a9f9d607b3598f0fe548,301176.03671503067,0.785,13175.251715030696,301175.25022413064,20,13175.251715030696
96149d3ed4f00afb92f12856101e693e93c4683f030ae6ca6ebfbb7ba5a2a345,b89efb5e9d1b7e5900ef441b098d4c8b01600af5e673a9f9d607b3598f0fe548,301182.71465301514,0.792,13181.92265301512,301181.92116211506,20,13181.92265301512
96149d3ed4f00afb92f12856101e693e93c4683f030ae6ca6ebfbb7ba5a2a345,b89efb5e9d1b7e5900ef441b098d4c8b01600af5e673a9f9d607b3598f0fe548,301197.175399065,0.915,13196.260399065039,301196.258908165,20,13196.260399065039
96149d3ed4f00afb92f12856101e693e93c4683f030ae6ca6ebfbb7ba5a2a345,b89efb5e9d1b7e5900ef441b098d4c8b01600af5e673a9f9d607b3598f0fe548,301203.7631869316,0.871,13202.892186931625,301202.89069603157,20,13202.892186931625
96149d3ed4f00afb92f12856101e693e93c4683f030ae6ca6ebfbb7ba5a2a345,b89efb5e9d1b7e5900ef441b098d4c8b01600af5e673a9f9d607b3598f0fe548,301206.2409288883,0.99,13205.25092888833,301205.24943798827,20,13205.25092888833
96149d3ed4f00afb92f12856101e693e93c4683f030ae6ca6ebfbb7ba5a2a345,b89efb5e9d1b7e5900ef441b098d4c8b01600af5e673a9f9d607b3598f0fe548,301207.0829820633,0.755,13206.327982063289,301206.3264911632,20,13206.327982063289
96149d3ed4f00afb92f12856101e693e93c4683f030ae6ca6ebfbb7ba5a2a345,b89efb5e9d1b7e5900ef441b098d4c8b01600af5e673a9f9d607b3598f0fe548,301210.36426997185,0.757,13209.607269971864,301209.6057790718,20,13209.607269971864
96149d3ed4f00afb92f12856101e693e93c4683f030ae6ca6ebfbb7ba5a2a345,b89efb5e9d1b7e5900ef441b098d4c8b01600af5e673a9f9d607b3598f0fe548,301218.8479309082,0.833,13218.014930908219,301218.01344000816,20,13218.014930908219
96149d3ed4f00afb92f12856101e693e93c4683f030ae6ca6ebfbb7ba5a2a345,b89efb5e9d1b7e5900ef441b098d4c8b01600af5e673a9f9d607b3598f0fe548,301222.5993208885,1.169,13221.430320888525,301221.42882998846,20,13221.430320888525
96149d3ed4f00afb92f12856101e693e93c4683f030ae6ca6ebfbb7ba5a2a345,b89efb5e9d1b7e5900ef441b098d4c8b01600af5e673a9f9d607b3598f0fe548,301225.288132906,1.734,13223.554132906022,301223.55264200596,20,13223.554132906022
96149d3ed4f00afb92f12856101e693e93c4683f030ae6ca6ebfbb7ba5a2a345,b89efb5e9d1b7e5900ef441b098d4c8b01600af5e673a9f9d607b3598f0fe548,301227.20218896866,1.044,13226.158188968664,301226.1566980686,20,13226.158188968664
96149d3ed4f00afb92f12856101e693e93c4683f030ae6ca6ebfbb7ba5a2a345,b89efb5e9d1b7e5900ef441b098d4c8b01600af5e673a9f9d607b3598f0fe548,301229.78622603416,0.084,13229.702226034191,301229.70073513413,20,13229.702226034191
96149d3ed4f00afb92f12856101e693e93c4683f030ae6ca6ebfbb7ba5a2a345,b89efb5e9d1b7e5900ef441b098d4c8b01600af5e673a9f9d607b3598f0fe548,301234.79705810547,0.992,13233.805058105441,301233.8035672054,20,13233.805058105441
96149d3ed4f00afb92f12856101e693e93c4683f030ae6ca6ebfbb7ba5a2a345,b89efb5e9d1b7e5900ef441b098d4c8b01600af5e673a9f9d607b3598f0fe548,301254.716299057,1.349,13253.36729905702,301253.36580815696,20,13253.36729905702
96149d3ed4f00afb92f12856101e693e93c4683f030ae6ca6ebfbb7ba5a2a345,b89efb5e9d1b7e5900ef441b098d4c8b01600af5e673a9f9d607b3598f0fe548,301359.9881899357,0.947,13359.041189935699,301359.03969903564,20,13359.041189935699
96149d3ed4f00afb92f12856101e693e93c4683f030ae6ca6ebfbb7ba5a2a345,b89efb5e9d1b7e5900ef441b098d4c8b01600af5e673a9f9d607b3598f0fe548,301362.9919319153,1.027,13361.964931915281,301361.9634410152,20,13361.964931915281
96149d3ed4f00afb92f12856101e693e93c4683f030ae6ca6ebfbb7ba5a2a345,b89efb5e9d1b7e5900ef441b098d4c8b01600af5e673a9f9d607b3598f0fe548,301371.4242310524,0.827,13370.597231052408,301370.59574015235,20,13370.597231052408
96149d3ed4f00afb92f12856101e693e93c4683f030ae6ca6ebfbb7ba5a2a345,b89efb5e9d1b7e5900ef441b098d4c8b01600af5e673a9f9d607b3598f0fe548,301384.9198279381,0.816,13384.103827938088,301384.102337038,20,13384.103827938088
96149d3ed4f00afb92f12856101e693e93c4683f030ae6ca6ebfbb7ba5a2a345,b89efb5e9d1b7e5900ef441b098d4c8b01600af5e673a9f9d607b3598f0fe548,301393.6299729347,1.21,13392.419972934702,301392.41848203464,20,13392.419972934702
96149d3ed4f00afb92f12856101e693e93c4683f030ae6ca6ebfbb7ba5a2a345,b89efb5e9d1b7e5900ef441b098d4c8b01600af5e673a9f9d607b3598f0fe548,301396.79144001007,0.758,13396.033440010098,301396.03194911004,20,13396.033440010098
96149d3ed4f00afb92f12856101e693e93c4683f030ae6ca6ebfbb7ba5a2a345,b89efb5e9d1b7e5900ef441b098d4c8b01600af5e673a9f9d607b3598f0fe548,301415.2603919506,1.052,13414.208391950582,301414.2069010505,20,13414.208391950582
96149d3ed4f00afb92f12856101e693e93c4683f030ae6ca6ebfbb7ba5a2a345,b89efb5e9d1b7e5900ef441b098d4c8b01600af5e673a9f9d607b3598f0fe548,301429.8614640236,0.914,13428.9474640236,301428.94597312354,20,13428.9474640236
96149d3ed4f00afb92f12856101e693e93c4683f030ae6ca6ebfbb7ba5a2a345,b89efb5e9d1b7e5900ef441b098d4c8b01600af5e673a9f9d607b3598f0fe548,301430.7275629044,0.776,13429.951562904404,301429.95007200434,20,13429.951562904404
96149d3ed4f00afb92f12856101e693e93c4683f030ae6ca6ebfbb7ba5a2a345,b89efb5e9d1b7e5900ef441b098d4c8b01600af5e673a9f9d607b3598f0fe548,301442.948210001,0.841,13442.107210000977,301442.1057191009,20,13442.107210000977
96149d3ed4f00afb92f12856101e693e93c4683f030ae6ca6ebfbb7ba5a2a345,b89efb5e9d1b7e5900ef441b098d4c8b01600af5e673a9f9d607b3598f0fe548,301445.4223558903,0.798,13444.624355890264,301444.6228649902,20,13444.624355890264
96149d3ed4f00afb92f12856101e693e93c4683f030ae6ca6ebfbb7ba5a2a345,b89efb5e9d1b7e5900ef441b098d4c8b01600af5e673a9f9d607b3598f0fe548,301456.8969950676,0.844,13456.052995067614,301456.05150416755,20,13456.052995067614
96149d3ed4f00afb92f12856101e693e93c4683f030ae6ca6ebfbb7ba5a2a345,b89efb5e9d1b7e5900ef441b098d4c8b01600af5e673a9f9d607b3598f0fe548,301462.2194008827,0.927,13461.292400882696,301461.29090998264,20,13461.292400882696
96149d3ed4f00afb92f12856101e693e93c4683f030ae6ca6ebfbb7ba5a2a345,b89efb5e9d1b7e5900ef441b098d4c8b01600af5e673a9f9d607b3598f0fe548,301529.82925510406,1.503,13528.326255104039,301528.324764204,20,13528.326255104039
96149d3ed4f00afb92f12856101e693e93c4683f030ae6ca6ebfbb7ba5a2a345,b89efb5e9d1b7e5900ef441b098d4c8b01600af5e673a9f9d607b3598f0fe548,301575.92678403854,1.193,13574.733784038515,301574.73229313846,20,13574.733784038515
96149d3ed4f00afb92f12856101e693e93c4683f030ae6ca6ebfbb7ba5a2a345,b89efb5e9d1b7e5900ef441b098d4c8b01600af5e673a9f9d607b3598f0fe548,301579.1757750511,1.251,13577.924775051128,301577.92328415107,20,13577.924775051128
96149d3ed4f00afb92f12856101e693e93c4683f030ae6ca6ebfbb7ba5a2a345,b89efb5e9d1b7e5900ef441b098d4c8b01600af5e673a9f9d607b3598f0fe548,301616.1549220085,1.506,13614.64892200852,301614.64743110846,20,13614.64892200852
96149d3ed4f00afb92f12856101e693e93c4683f030ae6ca6ebfbb7ba5a2a345,b89efb5e9d1b7e5900ef441b098d4c8b01600af5e673a9f9d607b3598f0fe548,301619.3686668873,1.14,13618.22866688727,301618.2271759872,20,13618.22866688727
96149d3ed4f00afb92f12856101e693e93c4683f030ae6ca6ebfbb7ba5a2a345,b89efb5e9d1b7e5900ef441b098d4c8b01600af5e673a9f9d607b3598f0fe548,301620.5440900326,1.09,13619.454090032552,301619.4525991325,20,13619.454090032552
96149d3ed4f00afb92f12856101e693e93c4683f030ae6ca6ebfbb7ba5a2a345,b89efb5e9d1b7e5900ef441b098d4c8b01600af5e673a9f9d607b3598f0fe548,301622.77250409126,1.013,13621.759504091286,301621.7580131912,20,13621.759504091286
96149d3ed4f00afb92f12856101e693e93c4683f030ae6ca6ebfbb7ba5a2a345,b89efb5e9d1b7e5900ef441b098d4c8b01600af5e673a9f9d607b3598f0fe548,301632.1387870312,0.93,13631.20878703118,301631.2072961311,20,13631.20878703118
96149d3ed4f00afb92f12856101e693e93c4683f030ae6ca6ebfbb7ba5a2a345,b89efb5e9d1b7e5900ef441b098d4c8b01600af5e673a9f9d607b3598f0fe548,301639.9888830185,0.965,13639.023883018468,301639.0223921184,20,13639.023883018468
96149d3ed4f00afb92f12856101e693e93c4683f030ae6ca6ebfbb7ba5a2a345,b89efb5e9d1b7e5900ef441b098d4c8b01600af5e673a9f9d607b3598f0fe548,301641.0257730484,0.889,13640.136773048376,301640.1352821483,20,13640.136773048376
96149d3ed4f00afb92f12856101e693e93c4683f030ae6ca6ebfbb7ba5a2a345,b89efb5e9d1b7e5900ef441b098d4c8b01600af5e673a9f9d607b3598f0fe548,301648.5554931164,1.251,13647.30449311639,301647.30300221633,20,13647.30449311639
96149d3ed4f00afb92f12856101e693e93c4683f030ae6ca6ebfbb7ba5a2a345,b89efb5e9d1b7e5900ef441b098d4c8b01600af5e673a9f9d607b3598f0fe548,301659.46522808075,0.837,13658.62822808075,301658.6267371807,20,13658.62822808075
96149d3ed4f00afb92f12856101e693e93c4683f030ae6ca6ebfbb7ba5a2a345,b89efb5e9d1b7e5900ef441b098d4c8b01600af5e673a9f9d607b3598f0fe548,301660.51870799065,0.774,13659.74470799067,301659.7432170906,20,13659.74470799067
96149d3ed4f00afb92f12856101e693e93c4683f030ae6ca6ebfbb7ba5a2a345,b89efb5e9d1b7e5900ef441b098d4c8b01600af5e673a9f9d607b3598f0fe548,301661.3495590687,0.765,13660.584559068666,301660.5830681686,20,13660.584559068666
96149d3ed4f00afb92f12856101e693e93c4683f030ae6ca6ebfbb7ba5a2a345,b89efb5e9d1b7e5900ef441b098d4c8b01600af5e673a9f9d607b3598f0fe548,301663.4886291027,0.931,13662.557629102725,301662.55613820266,20,13662.557629102725
96149d3ed4f00afb92f12856101e693e93c4683f030ae6ca6ebfbb7ba5a2a345,b89efb5e9d1b7e5900ef441b098d4c8b01600af5e673a9f9d607b3598f0fe548,301666.1088020801,0.979,13665.129802080104,301665.12831118004,20,13665.129802080104
96149d3ed4f00afb92f12856101e693e93c4683f030ae6ca6ebfbb7ba5a2a345,b89efb5e9d1b7e5900ef441b098d4c8b01600af5e673a9f9d607b3598f0fe548,301983.20944809914,1.119,13982.09044809913,301982.08895719907,20,13982.09044809913
96149d3ed4f00afb92f12856101e693e93c4683f030ae6ca6ebfbb7ba5a2a345,b89efb5e9d1b7e5900ef441b098d4c8b01600af5e673a9f9d607b3598f0fe548,302001.3617529869,1.126,14000.235752986919,302000.23426208686,20,14000.235752986919
96149d3ed4f00afb92f12856101e693e93c4683f030ae6ca6ebfbb7ba5a2a345,b89efb5e9d1b7e5900ef441b098d4c8b01600af5e673a9f9d607b3598f0fe548,302002.6601829529,1.142,14001.518182952888,302001.5166920528,20,14001.518182952888
96149d3ed4f00afb92f12856101e693e93c4683f030ae6ca6ebfbb7ba5a2a345,b89efb5e9d1b7e5900ef441b098d4c8b01600af5e673a9f9d607b3598f0fe548,302017.58140301704,1.216,14016.36540301703,302016.36391211697,20,14016.36540301703
96149d3ed4f00afb92f12856101e693e93c4683f030ae6ca6ebfbb7ba5a2a345,b89efb5e9d1b7e5900ef441b098d4c8b01600af5e673a9f9d607b3598f0fe548,302028.8610930443,0.901,14027.960093044268,302027.9586021442,20,14027.960093044268
96149d3ed4f00afb92f12856101e693e93c4683f030ae6ca6ebfbb7ba5a2a345,b89efb5e9d1b7e5900ef441b098d4c8b01600af5e673a9f9d607b3598f0fe548,302040.74398207664,1.045,14039.698982076661,302039.6974911766,20,14039.698982076661
96149d3ed4f00afb92f12856101e693e93c4683f030ae6ca6ebfbb7ba5a2a345,b89efb5e9d1b7e5900ef441b098d4c8b01600af5e673a9f9d607b3598f0fe548,302042.887237072,0.92,14041.967237072007,302041.96574617195,20,14041.967237072007
96149d3ed4f00afb92f12856101e693e93c4683f030ae6ca6ebfbb7ba5a2a345,b89efb5e9d1b7e5900ef441b098d4c8b01600af5e673a9f9d607b3598f0fe548,302044.82423496246,0.877,14043.947234962485,302043.9457440624,20,14043.947234962485
96149d3ed4f00afb92f12856101e693e93c4683f030ae6ca6ebfbb7ba5a2a345,b89efb5e9d1b7e5900ef441b098d4c8b01600af5e673a9f9d607b3598f0fe548,302046.8655350208,0.834,14046.031535020855,302046.0300441208,20,14046.031535020855
96149d3ed4f00afb92f12856101e693e93c4683f030ae6ca6ebfbb7ba5a2a345,b89efb5e9d1b7e5900ef441b098d4c8b01600af5e673a9f9d607b3598f0fe548,302059.73106598854,0.869,14058.862065988535,302058.8605750885,20,14058.862065988535
96149d3ed4f00afb92f12856101e693e93c4683f030ae6ca6ebfbb7ba5a2a345,b89efb5e9d1b7e5900ef441b098d4c8b01600af5e673a9f9d607b3598f0fe548,302062.4914250374,1.283,14061.208425037388,302061.2069341373,20,14061.208425037388
96149d3ed4f00afb92f12856101e693e93c4683f030ae6ca6ebfbb7ba5a2a345,b89efb5e9d1b7e5900ef441b098d4c8b01600af5e673a9f9d607b3598f0fe548,302065.33561110497,1.194,14064.141611104948,302064.1401202049,20,14064.141611104948
96149d3ed4f00afb92f12856101e693e93c4683f030ae6ca6ebfbb7ba5a2a345,b89efb5e9d1b7e5900ef441b098d4c8b01600af5e673a9f9d607b3598f0fe548,302079.36579298973,1.125,14078.24079298973,302078.23930208967,20,14078.24079298973
96149d3ed4f00afb92f12856101e693e93c4683f030ae6ca6ebfbb7ba5a2a345,b89efb5e9d1b7e5900ef441b098d4c8b01600af5e673a9f9d607b3598f0fe548,302085.88100099564,0.858,14085.023000995629,302085.02151009557,20,14085.023000995629
96149d3ed4f00afb92f12856101e693e93c4683f030ae6ca6ebfbb7ba5a2a345,b89efb5e9d1b7e5900ef441b098d4c8b01600af5e673a9f9d607b3598f0fe548,302087.2965459824,1.228,14086.068545982416,302086.06705508236,20,14086.068545982416
96149d3ed4f00afb92f12856101e693e93c4683f030ae6ca6ebfbb7ba5a2a345,b89efb5e9d1b7e5900ef441b098d4c8b01600af5e673a9f9d607b3598f0fe548,302089.597548008,1.048,14088.549548008014,302088.54805710795,20,14088.549548008014
96149d3ed4f00afb92f12856101e693e93c4683f030ae6ca6ebfbb7ba5a2a345,b89efb5e9d1b7e5900ef441b098d4c8b01600af5e673a9f9d607b3598f0fe548,302095.0365819931,0.911,14094.125581993081,302094.124091093,20,14094.125581993081
96149d3ed4f00afb92f12856101e693e93c4683f030ae6ca6ebfbb7ba5a2a345,b89efb5e9d1b7e5900ef441b098d4c8b01600af5e673a9f9d607b3598f0fe548,302102.2444689274,1.164,14101.080468927394,302101.07897802733,20,14101.080468927394
96149d3ed4f00afb92f12856101e693e93c4683f030ae6ca6ebfbb7ba5a2a345,b89efb5e9d1b7e5900ef441b098d4c8b01600af5e673a9f9d607b3598f0fe548,302104.71645998955,0.868,14103.848459989531,302103.84696908947,20,14103.848459989531
96149d3ed4f00afb92f12856101e693e93c4683f030ae6ca6ebfbb7ba5a2a345,b89efb5e9d1b7e5900ef441b098d4c8b01600af5e673a9f9d607b3598f0fe548,302109.613902092,1.239,14108.374902091979,302108.3734111919,20,14108.374902091979
96149d3ed4f00afb92f12856101e693e93c4683f030ae6ca6ebfbb7ba5a2a345,b89efb5e9d1b7e5900ef441b098d4c8b01600af5e673a9f9d607b3598f0fe548,302111.9721939564,0.981,14110.991193956346,302110.9897030563,20,14110.991193956346
96149d3ed4f00afb92f12856101e693e93c4683f030ae6ca6ebfbb7ba5a2a345,b89efb5e9d1b7e5900ef441b098d4c8b01600af5e673a9f9d607b3598f0fe548,302127.2868440151,0.922,14126.364844015101,302126.36335311504,20,14126.364844015101
96149d3ed4f00afb92f12856101e693e93c4683f030ae6ca6ebfbb7ba5a2a345,b89efb5e9d1b7e5900ef441b098d4c8b01600af5e673a9f9d607b3598f0fe548,302128.9460449219,1.46,14127.486044921854,302127.4845540218,20,14127.486044921854
96149d3ed4f00afb92f12856101e693e93c4683f030ae6ca6ebfbb7ba5a2a345,b89efb5e9d1b7e5900ef441b098d4c8b01600af5e673a9f9d607b3598f0fe548,302148.2929170132,0.764,14147.528917013202,302147.52742611314,20,14147.528917013202
96149d3ed4f00afb92f12856101e693e93c4683f030ae6ca6ebfbb7ba5a2a345,b89efb5e9d1b7e5900ef441b098d4c8b01600af5e673a9f9d607b3598f0fe548,302150.6512169838,1.036,14149.615216983773,302149.6137260837,20,14149.615216983773
96149d3ed4f00afb92f12856101e693e93c4683f030ae6ca6ebfbb7ba5a2a345,b89efb5e9d1b7e5900ef441b098d4c8b01600af5e673a9f9d607b3598f0fe548,302151.9914329052,1.023,14150.96843290521,302150.96694200515,20,14150.96843290521
96149d3ed4f00afb92f12856101e693e93c4683f030ae6ca6ebfbb7ba5a2a345,b89efb5e9d1b7e5900ef441b098d4c8b01600af5e673a9f9d607b3598f0fe548,302179.7977209091,0.792,14179.005720909103,302179.00423000904,20,14179.005720909103
96149d3ed4f00afb92f12856101e693e93c4683f030ae6ca6ebfbb7ba5a2a345,b89efb5e9d1b7e5900ef441b098d4c8b01600af5e673a9f9d607b3598f0fe548,302196.4252460003,1.488,14194.937246000278,302194.9357551002,20,14194.937246000278
96149d3ed4f00afb92f12856101e693e93c4683f030ae6ca6ebfbb7ba5a2a345,b89efb5e9d1b7e5900ef441b098d4c8b01600af5e673a9f9d607b3598f0fe548,302204.7366349697,0.824,14203.912634969689,302203.9111440696,20,14203.912634969689
96149d3ed4f00afb92f12856101e693e93c4683f030ae6ca6ebfbb7ba5a2a345,b89efb5e9d1b7e5900ef441b098d4c8b01600af5e673a9f9d607b3598f0fe548,302205.8385119438,0.863,14204.975511943805,302204.97402104374,20,14204.975511943805
96149d3ed4f00afb92f12856101e693e93c4683f030ae6ca6ebfbb7ba5a2a345,b89efb5e9d1b7e5900ef441b098d4c8b01600af5e673a9f9d607b3598f0fe548,302243.7818160057,1.862,14241.919816005684,302241.9183251056,20,14241.919816005684
96149d3ed4f00afb92f12856101e693e93c4683f030ae6ca6ebfbb7ba5a2a345,b89efb5e9d1b7e5900ef441b098d4c8b01600af5e673a9f9d607b3598f0fe548,302246.6978039741,0.972,14245.725803974085,302245.724313074,20,14245.725803974085
96149d3ed4f00afb92f12856101e693e93c4683f030ae6ca6ebfbb7ba5a2a345,b89efb5e9d1b7e5900ef441b098d4c8b01600af5e673a9f9d607b3598f0fe548,302255.67554807663,1.208,14254.467548076645,302254.4660571766,20,14254.467548076645
96149d3ed4f00afb92f12856101e693e93c4683f030ae6ca6ebfbb7ba5a2a345,b89efb5e9d1b7e5900ef441b098d4c8b01600af5e673a9f9d607b3598f0fe548,302263.2413349152,1.274,14261.967334915244,302261.9658440152,20,14261.967334915244
96149d3ed4f00afb92f12856101e693e93c4683f030ae6ca6ebfbb7ba5a2a345,b89efb5e9d1b7e5900ef441b098d4c8b01600af5e673a9f9d607b3598f0fe548,302267.9026288986,1.018,14266.884628898639,302266.8831379986,20,14266.884628898639
96149d3ed4f00afb92f12856101e693e93c4683f030ae6ca6ebfbb7ba5a2a345,b89efb5e9d1b7e5900ef441b098d4c8b01600af5e673a9f9d607b3598f0fe548,302278.0849289894,1.367,14276.717928989383,302276.7164380893,20,14276.717928989383
96149d3ed4f00afb92f12856101e693e93c4683f030ae6ca6ebfbb7ba5a2a345,b89efb5e9d1b7e5900ef441b098d4c8b01600af5e673a9f9d607b3598f0fe548,302282.67498111725,0.962,14281.712981117249,302281.7114902172,20,14281.712981117249
96149d3ed4f00afb92f12856101e693e93c4683f030ae6ca6ebfbb7ba5a2a345,b89efb5e9d1b7e5900ef441b098d4c8b01600af5e673a9f9d607b3598f0fe548,302285.0902879238,1.604,14283.48628792382,302283.48479702376,20,14283.48628792382
96149d3ed4f00afb92f12856101e693e93c4683f030ae6ca6ebfbb7ba5a2a345,b89efb5e9d1b7e5900ef441b098d4c8b01600af5e673a9f9d607b3598f0fe548,302291.562128067,0.971,14290.591128066997,302290.58963716694,20,14290.591128066997
96149d3ed4f00afb92f12856101e693e93c4683f030ae6ca6ebfbb7ba5a2a345,b89efb5e9d1b7e5900ef441b098d4c8b01600af5e673a9f9d607b3598f0fe548,302299.02621006966,1.647,14297.37921006966,302297.3777191696,20,14297.37921006966
96149d3ed4f00afb92f12856101e693e93c4683f030ae6ca6ebfbb7ba5a2a345,b89efb5e9d1b7e5900ef441b098d4c8b01600af5e673a9f9d607b3598f0fe548,302310.08169293404,1.331,14308.75069293403,302308.74920203397,20,14308.75069293403
96149d3ed4f00afb92f12856101e693e93c4683f030ae6ca6ebfbb7ba5a2a345,b89efb5e9d1b7e5900ef441b098d4c8b01600af5e673a9f9d607b3598f0fe548,302313.99906492233,1.092,14312.907064922329,302312.90557402227,20,14312.907064922329
96149d3ed4f00afb92f12856101e693e93c4683f030ae6ca6ebfbb7ba5a2a345,b89efb5e9d1b7e5900ef441b098d4c8b01600af5e673a9f9d607b3598f0fe548,302315.8429450989,0.967,14314.875945098873,302314.8744541988,20,14314.875945098873
96149d3ed4f00afb92f12856101e693e93c4683f030ae6ca6ebfbb7ba5a2a345,b89efb5e9d1b7e5900ef441b098d4c8b01600af5e673a9f9d607b3598f0fe548,302325.141518116,0.967,14324.174518115993,302324.17302721593,20,14324.174518115993
96149d3ed4f00afb92f12856101e693e93c4683f030ae6ca6ebfbb7ba5a2a345,b89efb5e9d1b7e5900ef441b098d4c8b01600af5e673a9f9d607b3598f0fe548,302330.98901200294,1.324,14329.665012002923,302329.66352110286,20,14329.665012002923
96149d3ed4f00afb92f12856101e693e93c4683f030ae6ca6ebfbb7ba5a2a345,b89efb5e9d1b7e5900ef441b098d4c8b01600af5e673a9f9d607b3598f0fe548,302332.4457728863,1.279,14331.166772886296,302331.16528198624,20,14331.166772886296
96149d3ed4f00afb92f12856101e693e93c4683f030ae6ca6ebfbb7ba5a2a345,b89efb5e9d1b7e5900ef441b098d4c8b01600af5e673a9f9d607b3598f0fe548,302334.81696105003,0.816,14334.000961050042,302333.99947015,20,14334.000961050042
96149d3ed4f00afb92f12856101e693e93c4683f030ae6ca6ebfbb7ba5a2a345,b89efb5e9d1b7e5900ef441b098d4c8b01600af5e673a9f9d607b3598f0fe548,302380.5786600113,1.246,14379.332660011307,302379.33116911125,20,14379.332660011307
96149d3ed4f00afb92f12856101e693e93c4683f030ae6ca6ebfbb7ba5a2a345,b89efb5e9d1b7e5900ef441b098d4c8b01600af5e673a9f9d607b3598f0fe548,302385.97586011887,0.998,14384.977860118845,302384.9763692188,20,14384.977860118845
96149d3ed4f00afb92f12856101e693e93c4683f030ae6ca6ebfbb7ba5a2a345,b89efb5e9d1b7e5900ef441b098d4c8b01600af5e673a9f9d607b3598f0fe548,302397.39447689056,0.749,14396.645476890553,302396.6439859905,20,14396.645476890553
96149d3ed4f00afb92f12856101e693e93c4683f030ae6ca6ebfbb7ba5a2a345,b89efb5e9d1b7e5900ef441b098d4c8b01600af5e673a9f9d607b3598f0fe548,302399.61270809174,0.88,14398.732708091731,302398.7312171917,20,14398.732708091731
96149d3ed4f00afb92f12856101e693e93c4683f030ae6ca6ebfbb7ba5a2a345,e5298aafdbabecd1465ab0eeb24d7633ac7de0284f7ee075209b119c297a3622,288658.17199993134,0.1,658.0719999313587,288658.0705090313,20,658.0719999313587
96149d3ed4f00afb92f12856101e693e93c4683f030ae6ca6ebfbb7ba5a2a345,e5298aafdbabecd1465ab0eeb24d7633ac7de0284f7ee075209b119c297a3622,288669.47215509415,0.068,669.4041550941183,288669.40266419406,20,669.4041550941183
96149d3ed4f00afb92f12856101e693e93c4683f030ae6ca6ebfbb7ba5a2a345,e5298aafdbabecd1465ab0eeb24d7633ac7de0284f7ee075209b119c297a3622,288671.4249639511,0.089,671.3359639511327,288671.3344730511,20,671.3359639511327
96149d3ed4f00afb92f12856101e693e93c4683f030ae6ca6ebfbb7ba5a2a345,e5298aafdbabecd1465ab0eeb24d7633ac7de0284f7ee075209b119c297a3622,288672.72170996666,0.08,672.6417099666432,288672.6402190666,20,672.6417099666432
96149d3ed4f00afb92f12856101e693e93c4683f030ae6ca6ebfbb7ba5a2a345,e5298aafdbabecd1465ab0eeb24d7633ac7de0284f7ee075209b119c297a3622,288674.7842490673,0.075,674.7092490672949,288674.70775816723,20,674.7092490672949
96149d3ed4f00afb92f12856101e693e93c4683f030ae6ca6ebfbb7ba5a2a345,e5298aafdbabecd1465ab0eeb24d7633ac7de0284f7ee075209b119c297a3622,288676.65926003456,0.091,676.5682600345463,288676.5667691345,20,676.5682600345463
96149d3ed4f00afb92f12856101e693e93c4683f030ae6ca6ebfbb7ba5a2a345,e5298aafdbabecd1465ab0eeb24d7633ac7de0284f7ee075209b119c297a3622,288678.1905629635,0.074,678.1165629634634,288678.1150720634,20,678.1165629634634
96149d3ed4f00afb92f12856101e693e93c4683f030ae6ca6ebfbb7ba5a2a345,e5298aafdbabecd1465ab0eeb24d7633ac7de0284f7ee075209b119c297a3622,288679.78486704826,0.075,679.7098670482519,288679.7083761482,20,679.7098670482519
96149d3ed4f00afb92f12856101e693e93c4683f030ae6ca6ebfbb7ba5a2a345,e5298aafdbabecd1465ab0eeb24d7633ac7de0284f7ee075209b119c297a3622,288681.23793411255,0.082,681.155934112554,288681.1544432125,20,681.155934112554
96149d3ed4f00afb92f12856101e693e93c4683f030ae6ca6ebfbb7ba5a2a345,e5298aafdbabecd1465ab0eeb24d7633ac7de0284f7ee075209b119c297a3622,288687.39615798,0.045,687.3511579800397,288687.34966708,20,687.3511579800397
96149d3ed4f00afb92f12856101e693e93c4683f030ae6ca6ebfbb7ba5a2a345,e5298aafdbabecd1465ab0eeb24d7633ac7de0284f7ee075209b119c297a3622,288691.55004000664,0.074,691.4760400066152,288691.47454910656,20,691.4760400066152
96149d3ed4f00afb92f12856101e693e93c4683f030ae6ca6ebfbb7ba5a2a345,e5298aafdbabecd1465ab0eeb24d7633ac7de0284f7ee075209b119c297a3622,288699.8639409542,0.076,699.7879409542074,288699.78645005415,20,699.7879409542074
96149d3ed4f00afb92f12856101e693e93c4683f030ae6ca6ebfbb7ba5a2a345,e5298aafdbabecd1465ab0eeb24d7633ac7de0284f7ee075209b119c297a3622,288701.50357604027,0.09,701.4135760402423,288701.4120851402,20,701.4135760402423
96149d3ed4f00afb92f12856101e693e93c4683f030ae6ca6ebfbb7ba5a2a345,e5298aafdbabecd1465ab0eeb24d7633ac7de0284f7ee075209b119c297a3622,288703.1754209995,0.061,703.11442099954,288703.1129300995,20,703.11442099954
96149d3ed4f00afb92f12856101e693e93c4683f030ae6ca6ebfbb7ba5a2a345,e5298aafdbabecd1465ab0eeb24d7633ac7de0284f7ee075209b119c297a3622,288708.3315410614,0.066,708.2655410614097,288708.26405016135,20,708.2655410614097
96149d3ed4f00afb92f12856101e693e93c4683f030ae6ca6ebfbb7ba5a2a345,e5298aafdbabecd1465ab0eeb24d7633ac7de0284f7ee075209b119c297a3622,288709.59761309624,0.066,709.5316130962456,288709.5301221962,20,709.5316130962456
96149d3ed4f00afb92f12856101e693e93c4683f030ae6ca6ebfbb7ba5a2a345,e5298aafdbabecd1465ab0eeb24d7633ac7de0284f7ee075209b119c297a3622,288711.41005802155,0.088,711.3220580215566,288711.3205671215,20,711.3220580215566
96149d3ed4f00afb92f12856101e693e93c4683f030ae6ca6ebfbb7ba5a2a345,e5298aafdbabecd1465ab0eeb24d7633ac7de0284f7ee075209b119c297a3622,288713.69140410423,0.062,713.6294041042565,288713.6279132042,20,713.6294041042565
96149d3ed4f00afb92f12856101e693e93c4683f030ae6ca6ebfbb7ba5a2a345,e5298aafdbabecd1465ab0eeb24d7633ac7de0284f7ee075209b119c297a3622,288715.1151099205,0.09,715.0251099204761,288715.0236190204,20,715.0251099204761
96149d3ed4f00afb92f12856101e693e93c4683f030ae6ca6ebfbb7ba5a2a345,e5298aafdbabecd1465ab0eeb24d7633ac7de0284f7ee075209b119c297a3622,288716.84775710106,0.075,716.7727571010473,288716.771266201,20,716.7727571010473
96149d3ed4f00afb92f12856101e693e93c4683f030ae6ca6ebfbb7ba5a2a345,e5298aafdbabecd1465ab0eeb24d7633ac7de0284f7ee075209b119c297a3622,288720.2846829891,0.091,720.1936829891056,288720.19219208905,20,720.1936829891056
96149d3ed4f00afb92f12856101e693e93c4683f030ae6ca6ebfbb7ba5a2a345,e5298aafdbabecd1465ab0eeb24d7633ac7de0284f7ee075209b119c297a3622,288721.8323199749,0.077,721.7553199749091,288721.75382907485,20,721.7553199749091
96149d3ed4f00afb92f12856101e693e93c4683f030ae6ca6ebfbb7ba5a2a345,e5298aafdbabecd1465ab0eeb24d7633ac7de0284f7ee075209b119c297a3622,288723.9109709263,0.081,723.8299709262792,288723.8284800262,20,723.8299709262792
96149d3ed4f00afb92f12856101e693e93c4683f030ae6ca6ebfbb7ba5a2a345,e5298aafdbabecd1465ab0eeb24d7633ac7de0284f7ee075209b119c297a3622,288725.94214200974,0.07,725.8721420097281,288725.87065110967,20,725.8721420097281
96149d3ed4f00afb92f12856101e693e93c4683f030ae6ca6ebfbb7ba5a2a345,e5298aafdbabecd1465ab0eeb24d7633ac7de0284f7ee075209b119c297a3622,288727.55037903786,0.066,727.4843790378654,288727.4828881378,20,727.4843790378654
96149d3ed4f00afb92f12856101e693e93c4683f030ae6ca6ebfbb7ba5a2a345,e5298aafdbabecd1465ab0eeb24d7633ac7de0284f7ee075209b119c297a3622,288728.8325519562,0.083,728.7495519561926,288728.74806105613,20,728.7495519561926
96149d3ed4f00afb92f12856101e693e93c4683f030ae6ca6ebfbb7ba5a2a345,e5298aafdbabecd1465ab0eeb24d7633ac7de0284f7ee075209b119c297a3622,288730.30143404007,0.075,730.2264340400579,288730.22494314,20,730.2264340400579
96149d3ed4f00afb92f12856101e693e93c4683f030ae6ca6ebfbb7ba5a2a345,e5298aafdbabecd1465ab0eeb24d7633ac7de0284f7ee075209b119c297a3622,288731.89652609825,0.083,731.8135260982672,288731.8120351982,20,731.8135260982672
96149d3ed4f00afb92f12856101e693e93c4683f030ae6ca6ebfbb7ba5a2a345,e5298aafdbabecd1465ab0eeb24d7633ac7de0284f7ee075209b119c297a3622,288733.5191628933,0.06,733.4591628932976,288733.45767199324,20,733.4591628932976
96149d3ed4f00afb92f12856101e693e93c4683f030ae6ca6ebfbb7ba5a2a345,e5298aafdbabecd1465ab0eeb24d7633ac7de0284f7ee075209b119c297a3622,288737.0352549553,0.074,736.9612549552694,288736.9597640552,20,736.9612549552694
96149d3ed4f00afb92f12856101e693e93c4683f030ae6ca6ebfbb7ba5a2a345,e5298aafdbabecd1465ab0eeb24d7633ac7de0284f7ee075209b119c297a3622,288741.97446107864,0.077,741.8974610786536,288741.8959701786,20,741.8974610786536
96149d3ed4f00afb92f12856101e693e93c4683f030ae6ca6ebfbb7ba5a2a345,e5298aafdbabecd1465ab0eeb24d7633ac7de0284f7ee075209b119c297a3622,288744.16128110886,0.085,744.0762811088352,288744.0747902088,20,744.0762811088352
96149d3ed4f00afb92f12856101e693e93c4683f030ae6ca6ebfbb7ba5a2a345,e5298aafdbabecd1465ab0eeb24d7633ac7de0284f7ee075209b119c297a3622,288754.62890696526,0.075,754.5539069652441,288754.5524160652,20,754.5539069652441
96149d3ed4f00afb92f12856101e693e93c4683f030ae6ca6ebfbb7ba5a2a345,e5298aafdbabecd1465ab0eeb24d7633ac7de0284f7ee075209b119c297a3622,288756.3960618973,0.072,756.3240618972923,288756.32257099723,20,756.3240618972923
96149d3ed4f00afb92f12856101e693e93c4683f030ae6ca6ebfbb7ba5a2a345,e5298aafdbabecd1465ab0eeb24d7633ac7de0284f7ee075209b119c297a3622,288760.5297739506,0.039,760.490773950587,288760.4892830505,20,760.490773950587
96149d3ed4f00afb92f12856101e693e93c4683f030ae6ca6ebfbb7ba5a2a345,e5298aafdbabecd1465ab0eeb24d7633ac7de0284f7ee075209b119c297a3622,288762.3484299183,0.065,762.2834299182869,288762.2819390182,20,762.2834299182869
96149d3ed4f00afb92f12856101e693e93c4683f030ae6ca6ebfbb7ba5a2a345,e5298aafdbabecd1465ab0eeb24d7633ac7de0284f7ee075209b119c297a3622,288764.2390069961,0.073,764.1660069961217,288764.16451609606,20,764.1660069961217
96149d3ed4f00afb92f12856101e693e93c4683f030ae6ca6ebfbb7ba5a2a345,e5298aafdbabecd1465ab0eeb24d7633ac7de0284f7ee075209b119c297a3622,288765.97330904007,0.07,765.9033090400626,288765.90181814,20,765.9033090400626
96149d3ed4f00afb92f12856101e693e93c4683f030ae6ca6ebfbb7ba5a2a345,e5298aafdbabecd1465ab0eeb24d7633ac7de0284f7ee075209b119c297a3622,288767.8488500118,0.094,767.7548500118428,288767.7533591118,20,767.7548500118428
96149d3ed4f00afb92f12856101e693e93c4683f030ae6ca6ebfbb7ba5a2a345,e5298aafdbabecd1465ab0eeb24d7633ac7de0284f7ee075209b119c297a3622,288769.48914194107,0.086,769.4031419410603,288769.401651041,20,769.4031419410603
96149d3ed4f00afb92f12856101e693e93c4683f030ae6ca6ebfbb7ba5a2a345,e5298aafdbabecd1465ab0eeb24d7633ac7de0284f7ee075209b119c297a3622,288771.288476944,0.071,771.2174769440317,288771.215986044,20,771.2174769440317
96149d3ed4f00afb92f12856101e693e93c4683f030ae6ca6ebfbb7ba5a2a345,e5298aafdbabecd1465ab0eeb24d7633ac7de0284f7ee075209b119c297a3622,288774.23815107346,0.067,774.1711510734749,288774.1696601734,20,774.1711510734749
96149d3ed4f00afb92f12856101e693e93c4683f030ae6ca6ebfbb7ba5a2a345,e5298aafdbabecd1465ab0eeb24d7633ac7de0284f7ee075209b119c297a3622,288774.91408109665,0.064,774.8500810966361,288774.8485901966,20,774.8500810966361
96149d3ed4f00afb92f12856101e693e93c4683f030ae6ca6ebfbb7ba5a2a345,e5298aafdbabecd1465ab0eeb24d7633ac7de0284f7ee075209b119c297a3622,288776.5202550888,0.089,776.431255088828,288776.42976418877,20,776.431255088828
96149d3ed4f00afb92f12856101e693e93c4683f030ae6ca6ebfbb7ba5a2a345,e5298aafdbabecd1465ab0eeb24d7633ac7de0284f7ee075209b119c297a3622,288791.351099968,0.043,791.3080999680096,288791.30660906795,20,791.3080999680096
96149d3ed4f00afb92f12856101e693e93c4683f030ae6ca6ebfbb7ba5a2a345,e5298aafdbabecd1465ab0eeb24d7633ac7de0284f7ee075209b119c297a3622,288837.5365459919,0.073,837.4635459919227,288837.46205509186,20,837.4635459919227
96149d3ed4f00afb92f12856101e693e93c4683f030ae6ca6ebfbb7ba5a2a345,e5298aafdbabecd1465ab0eeb24d7633ac7de0284f7ee075209b119c297a3622,288839.55149292946,0.063,839.4884929294349,288839.4870020294,20,839.4884929294349
96149d3ed4f00afb92f12856101e693e93c4683f030ae6ca6ebfbb7ba5a2a345,e5298aafdbabecd1465ab0eeb24d7633ac7de0284f7ee075209b119c297a3622,288854.2083849907,0.07,854.1383849906852,288854.1368940906,20,854.1383849906852
96149d3ed4f00afb92f12856101e693e93c4683f030ae6ca6ebfbb7ba5a2a345,e5298aafdbabecd1465ab0eeb24d7633ac7de0284f7ee075209b119c297a3622,288874.91219592094,0.071,874.8411959209479,288874.8397050209,20,874.8411959209479
96149d3ed4f00afb92f12856101e693e93c4683f030ae6ca6ebfbb7ba5a2a345,e5298aafdbabecd1465ab0eeb24d7633ac7de0284f7ee075209b119c297a3622,288880.49106001854,0.063,880.4280600185157,288880.42656911846,20,880.4280600185157
96149d3ed4f00afb92f12856101e693e93c4683f030ae6ca6ebfbb7ba5a2a345,e5298aafdbabecd1465ab0eeb24d7633ac7de0284f7ee075209b119c297a3622,288894.2405099869,0.084,894.156509986904,288894.15501908684,20,894.156509986904
96149d3ed4f00afb92f12856101e693e93c4683f030ae6ca6ebfbb7ba5a2a345,e5298aafdbabecd1465ab0eeb24d7633ac7de0284f7ee075209b119c297a3622,288896.4431760311,0.082,896.3611760311178,288896.35968513106,20,896.3611760311178
96149d3ed4f00afb92f12856101e693e93c4683f030ae6ca6ebfbb7ba5a2a345,e5298aafdbabecd1465ab0eeb24d7633ac7de0284f7ee075209b119c297a3622,288898.50554299355,0.07,898.4355429935385,288898.4340520935,20,898.4355429935385
96149d3ed4f00afb92f12856101e693e93c4683f030ae6ca6ebfbb7ba5a2a345,e5298aafdbabecd1465ab0eeb24d7633ac7de0284f7ee075209b119c297a3622,288900.35083699226,0.066,900.2848369922722,288900.2833460922,20,900.2848369922722
96149d3ed4f00afb92f12856101e693e93c4683f030ae6ca6ebfbb7ba5a2a345,e5298aafdbabecd1465ab0eeb24d7633ac7de0284f7ee075209b119c297a3622,288926.0842380524,0.061,926.0232380524394,288926.0217471524,20,926.0232380524394
96149d3ed4f00afb92f12856101e693e93c4683f030ae6ca6ebfbb7ba5a2a345,e5298aafdbabecd1465ab0eeb24d7633ac7de0284f7ee075209b119c297a3622,288928.03711795807,0.075,927.9621179580572,288927.960627058,20,927.9621179580572
96149d3ed4f00afb92f12856101e693e93c4683f030ae6ca6ebfbb7ba5a2a345,e5298aafdbabecd1465ab0eeb24d7633ac7de0284f7ee075209b119c297a3622,288933.5050990581,0.044,933.4610990580986,288933.45960815804,20,933.4610990580986
96149d3ed4f00afb92f12856101e693e93c4683f030ae6ca6ebfbb7ba5a2a345,e5298aafdbabecd1465ab0eeb24d7633ac7de0284f7ee075209b119c297a3622,288935.0688669681,0.065,935.0038669680944,288935.00237606803,20,935.0038669680944
96149d3ed4f00afb92f12856101e693e93c4683f030ae6ca6ebfbb7ba5a2a345,e5298aafdbabecd1465ab0eeb24d7633ac7de0284f7ee075209b119c297a3622,288936.8992071152,0.113,936.7862071151612,288936.7847162151,20,936.7862071151612
96149d3ed4f00afb92f12856101e693e93c4683f030ae6ca6ebfbb7ba5a2a345,e5298aafdbabecd1465ab0eeb24d7633ac7de0284f7ee075209b119c297a3622,288942.1481459141,0.113,942.0351459140657,288942.033655014,20,942.0351459140657
96149d3ed4f00afb92f12856101e693e93c4683f030ae6ca6ebfbb7ba5a2a345,e5298aafdbabecd1465ab0eeb24d7633ac7de0284f7ee075209b119c297a3622,288943.668667078,0.108,943.5606670780107,288943.55917617795,20,943.5606670780107
96149d3ed4f00afb92f12856101e693e93c4683f030ae6ca6ebfbb7ba5a2a345,e5298aafdbabecd1465ab0eeb24d7633ac7de0284f7ee075209b119c297a3622,288945.07279896736,0.08,944.9927989673452,288944.9913080673,20,944.9927989673452
96149d3ed4f00afb92f12856101e693e93c4683f030ae6ca6ebfbb7ba5a2a345,e5298aafdbabecd1465ab0eeb24d7633ac7de0284f7ee075209b119c297a3622,288946.60261392593,0.095,946.5076139259618,288946.5061230259,20,946.5076139259618
96149d3ed4f00afb92f12856101e693e93c4683f030ae6ca6ebfbb7ba5a2a345,e5298aafdbabecd1465ab0eeb24d7633ac7de0284f7ee075209b119c297a3622,288948.6514019966,0.083,948.5684019966284,288948.56691109657,20,948.5684019966284
96149d3ed4f00afb92f12856101e693e93c4683f030ae6ca6ebfbb7ba5a2a345,e5298aafdbabecd1465ab0eeb24d7633ac7de0284f7ee075209b119c297a3622,288950.3742389679,0.092,950.2822389678913,288950.28074806783,20,950.2822389678913
96149d3ed4f00afb92f12856101e693e93c4683f030ae6ca6ebfbb7ba5a2a345,e5298aafdbabecd1465ab0eeb24d7633ac7de0284f7ee075209b119c297a3622,288952.210021019,0.081,952.1290210189763,288952.1275301189,20,952.1290210189763
96149d3ed4f00afb92f12856101e693e93c4683f030ae6ca6ebfbb7ba5a2a345,e5298aafdbabecd1465ab0eeb24d7633ac7de0284f7ee075209b119c297a3622,288961.6816620827,0.068,961.6136620826437,288961.6121711826,20,961.6136620826437
96149d3ed4f00afb92f12856101e693e93c4683f030ae6ca6ebfbb7ba5a2a345,e5298aafdbabecd1465ab0eeb24d7633ac7de0284f7ee075209b119c297a3622,288965.8492848873,0.125,965.7242848873138,288965.72279398725,20,965.7242848873138
96149d3ed4f00afb92f12856101e693e93c4683f030ae6ca6ebfbb7ba5a2a345,e5298aafdbabecd1465ab0eeb24d7633ac7de0284f7ee075209b119c297a3622,288968.92837905884,0.075,968.8533790588262,288968.85188815877,20,968.8533790588262
96149d3ed4f00afb92f12856101e693e93c4683f030ae6ca6ebfbb7ba5a2a345,e5298aafdbabecd1465ab0eeb24d7633ac7de0284f7ee075209b119c297a3622,288994.11630892754,0.067,994.0493089275551,288994.0478180275,20,994.0493089275551
96149d3ed4f00afb92f12856101e693e93c4683f030ae6ca6ebfbb7ba5a2a345,e5298aafdbabecd1465ab0eeb24d7633ac7de0284f7ee075209b119c297a3622,288998.0553750992,0.091,997.9643750991672,288997.9628841991,20,997.9643750991672
96149d3ed4f00afb92f12856101e693e93c4683f030ae6ca6ebfbb7ba5a2a345,e5298aafdbabecd1465ab0eeb24d7633ac7de0284f7ee075209b119c297a3622,288999.4155828953,0.09,999.3255828952533,288999.3240919952,20,999.3255828952533
96149d3ed4f00afb92f12856101e693e93c4683f030ae6ca6ebfbb7ba5a2a345,e5298aafdbabecd1465ab0eeb24d7633ac7de0284f7ee075209b119c297a3622,289000.9319579601,0.115,1000.8169579601381,289000.8154670601,20,1000.8169579601381
96149d3ed4f00afb92f12856101e693e93c4683f030ae6ca6ebfbb7ba5a2a345,e5298aafdbabecd1465ab0eeb24d7633ac7de0284f7ee075209b119c297a3622,289002.2408180237,0.072,1002.1688180236961,289002.16732712364,20,1002.1688180236961
96149d3ed4f00afb92f12856101e693e93c4683f030ae6ca6ebfbb7ba5a2a345,e5298aafdbabecd1465ab0eeb24d7633ac7de0284f7ee075209b119c297a3622,289003.4758770466,0.074,1003.4018770465627,289003.4003861465,20,1003.4018770465627
96149d3ed4f00afb92f12856101e693e93c4683f030ae6ca6ebfbb7ba5a2a345,e5298aafdbabecd1465ab0eeb24d7633ac7de0284f7ee075209b119c297a3622,289004.8979270458,0.061,1004.8369270458352,289004.8354361458,20,1004.8369270458352
96149d3ed4f00afb92f12856101e693e93c4683f030ae6ca6ebfbb7ba5a2a345,e5298aafdbabecd1465ab0eeb24d7633ac7de0284f7ee075209b119c297a3622,289006.2360560894,0.092,1006.144056089397,289006.14256518934,20,1006.144056089397
96149d3ed4f00afb92f12856101e693e93c4683f030ae6ca6ebfbb7ba5a2a345,e5298aafdbabecd1465ab0eeb24d7633ac7de0284f7ee075209b119c297a3622,289012.14719200134,0.084,1012.0631920013693,289012.0617011013,20,1012.0631920013693
96149d3ed4f00afb92f12856101e693e93c4683f030ae6ca6ebfbb7ba5a2a345,e5298aafdbabecd1465ab0eeb24d7633ac7de0284f7ee075209b119c297a3622,289013.50825095177,0.067,1013.4412509517861,289013.4397600517,20,1013.4412509517861
96149d3ed4f00afb92f12856101e693e93c4683f030ae6ca6ebfbb7ba5a2a345,e5298aafdbabecd1465ab0eeb24d7633ac7de0284f7ee075209b119c297a3622,289014.8963139057,0.064,1014.8323139057029,289014.83082300564,20,1014.8323139057029
96149d3ed4f00afb92f12856101e693e93c4683f030ae6ca6ebfbb7ba5a2a345,e5298aafdbabecd1465ab0eeb24d7633ac7de0284f7ee075209b119c297a3622,289016.3359360695,0.09,1016.2459360694629,289016.2444451694,20,1016.2459360694629
96149d3ed4f00afb92f12856101e693e93c4683f030ae6ca6ebfbb7ba5a2a345,e5298aafdbabecd1465ab0eeb24d7633ac7de0284f7ee075209b119c297a3622,289017.75852799416,0.082,1017.676527994161,289017.6750370941,20,1017.676527994161
96149d3ed4f00afb92f12856101e693e93c4683f030ae6ca6ebfbb7ba5a2a345,e5298aafdbabecd1465ab0eeb24d7633ac7de0284f7ee075209b119c297a3622,289019.47633600235,0.079,1019.3973360023228,289019.39584510226,20,1019.3973360023228
96149d3ed4f00afb92f12856101e693e93c4683f030ae6ca6ebfbb7ba5a2a345,e5298aafdbabecd1465ab0eeb24d7633ac7de0284f7ee075209b119c297a3622,289031.2874209881,0.081,1031.2064209880773,289031.204930088,20,1031.2064209880773
96149d3ed4f00afb92f12856101e693e93c4683f030ae6ca6ebfbb7ba5a2a345,e5298aafdbabecd1465ab0eeb24d7633ac7de0284f7ee075209b119c297a3622,289035.6180560589,0.072,1035.546056058898,289035.54456515884,20,1035.546056058898
96149d3ed4f00afb92f12856101e693e93c4683f030ae6ca6ebfbb7ba5a2a345,e5298aafdbabecd1465ab0eeb24d7633ac7de0284f7ee075209b119c297a3622,289040.16418504715,0.062,1040.1021850471734,289040.1006941471,20,1040.1021850471734
96149d3ed4f00afb92f12856101e693e93c4683f030ae6ca6ebfbb7ba5a2a345,e5298aafdbabecd1465ab0eeb24d7633ac7de0284f7ee075209b119c297a3622,289041.4445569515,0.067,1041.377556951542,289041.3760660515,20,1041.377556951542
96149d3ed4f00afb92f12856101e693e93c4683f030ae6ca6ebfbb7ba5a2a345,e5298aafdbabecd1465ab0eeb24d7633ac7de0284f7ee075209b119c297a3622,289043.0734460354,0.08,1042.9934460353688,289042.9919551353,20,1042.9934460353688
96149d3ed4f00afb92f12856101e693e93c4683f030ae6ca6ebfbb7ba5a2a345,e5298aafdbabecd1465ab0eeb24d7633ac7de0284f7ee075209b119c297a3622,289053.3354649544,0.066,1053.2694649543846,289053.2679740543,20,1053.2694649543846
96149d3ed4f00afb92f12856101e693e93c4683f030ae6ca6ebfbb7ba5a2a345,e5298aafdbabecd1465ab0eeb24d7633ac7de0284f7ee075209b119c297a3622,289064.964468956,0.039,1064.925468956004,289064.92397805594,20,1064.925468956004
96149d3ed4f00afb92f12856101e693e93c4683f030ae6ca6ebfbb7ba5a2a345,e5298aafdbabecd1465ab0eeb24d7633ac7de0284f7ee075209b119c297a3622,289091.03862810135,0.076,1090.962628101348,289090.9611372013,20,1090.962628101348
96149d3ed4f00afb92f12856101e693e93c4683f030ae6ca6ebfbb7ba5a2a345,e5298aafdbabecd1465ab0eeb24d7633ac7de0284f7ee075209b119c297a3622,289095.83273792267,0.041,1095.791737922642,289095.7902470226,20,1095.791737922642
96149d3ed4f00afb92f12856101e693e93c4683f030ae6ca6ebfbb7ba5a2a345,e5298aafdbabecd1465ab0eeb24d7633ac7de0284f7ee075209b119c297a3622,289097.3825759888,0.074,1097.3085759888054,289097.30708508875,20,1097.3085759888054
96149d3ed4f00afb92f12856101e693e93c4683f030ae6ca6ebfbb7ba5a2a345,e5298aafdbabecd1465ab0eeb24d7633ac7de0284f7ee075209b119c297a3622,289099.7419450283,0.076,1099.6659450283041,289099.66445412824,20,1099.6659450283041
96149d3ed4f00afb92f12856101e693e93c4683f030ae6ca6ebfbb7ba5a2a345,e5298aafdbabecd1465ab0eeb24d7633ac7de0284f7ee075209b119c297a3622,289101.0552868843,0.078,1100.9772868843284,289100.97579598427,20,1100.9772868843284
96149d3ed4f00afb92f12856101e693e93c4683f030ae6ca6ebfbb7ba5a2a345,e5298aafdbabecd1465ab0eeb24d7633ac7de0284f7ee075209b119c297a3622,289102.3522698879,0.077,1102.275269887934,289102.2737789879,20,1102.275269887934
96149d3ed4f00afb92f12856101e693e93c4683f030ae6ca6ebfbb7ba5a2a345,e5298aafdbabecd1465ab0eeb24d7633ac7de0284f7ee075209b119c297a3622,289103.7574930191,0.062,1103.6954930191278,289103.69400211907,20,1103.6954930191278
96149d3ed4f00afb92f12856101e693e93c4683f030ae6ca6ebfbb7ba5a2a345,e5298aafdbabecd1465ab0eeb24d7633ac7de0284f7ee075209b119c297a3622,289105.5391139984,0.067,1105.4721139984322,289105.4706230984,20,1105.4721139984322
96149d3ed4f00afb92f12856101e693e93c4683f030ae6ca6ebfbb7ba5a2a345,e5298aafdbabecd1465ab0eeb24d7633ac7de0284f7ee075209b119c297a3622,289109.2731280327,0.069,1109.2041280326666,289109.2026371326,20,1109.2041280326666
96149d3ed4f00afb92f12856101e693e93c4683f030ae6ca6ebfbb7ba5a2a345,e5298aafdbabecd1465ab0eeb24d7633ac7de0284f7ee075209b119c297a3622,289110.7950439453,0.093,1110.702043945319,289110.70055304526,20,1110.702043945319
96149d3ed4f00afb92f12856101e693e93c4683f030ae6ca6ebfbb7ba5a2a345,e5298aafdbabecd1465ab0eeb24d7633ac7de0284f7ee075209b119c297a3622,289112.3663198948,0.081,1112.285319894785,289112.2838289947,20,1112.285319894785
96149d3ed4f00afb92f12856101e693e93c4683f030ae6ca6ebfbb7ba5a2a345,e5298aafdbabecd1465ab0eeb24d7633ac7de0284f7ee075209b119c297a3622,289114.2129769325,0.066,1114.146976932534,289114.1454860325,20,1114.146976932534
96149d3ed4f00afb92f12856101e693e93c4683f030ae6ca6ebfbb7ba5a2a345,e5298aafdbabecd1465ab0eeb24d7633ac7de0284f7ee075209b119c297a3622,289115.78881907463,0.072,1115.7168190746452,289115.7153281746,20,1115.7168190746452
96149d3ed4f00afb92f12856101e693e93c4683f030ae6ca6ebfbb7ba5a2a345,e5298aafdbabecd1465ab0eeb24d7633ac7de0284f7ee075209b119c297a3622,289117.3513081074,0.061,1117.2903081073891,289117.2888172073,20,1117.2903081073891
96149d3ed4f00afb92f12856101e693e93c4683f030ae6ca6ebfbb7ba5a2a345,e5298aafdbabecd1465ab0eeb24d7633ac7de0284f7ee075209b119c297a3622,289119.2106900215,0.063,1119.1476900214911,289119.14619912143,20,1119.1476900214911
96149d3ed4f00afb92f12856101e693e93c4683f030ae6ca6ebfbb7ba5a2a345,e5298aafdbabecd1465ab0eeb24d7633ac7de0284f7ee075209b119c297a3622,289124.1524870396,0.041,1124.1114870395977,289124.10999613954,20,1124.1114870395977
96149d3ed4f00afb92f12856101e693e93c4683f030ae6ca6ebfbb7ba5a2a345,e5298aafdbabecd1465ab0eeb24d7633ac7de0284f7ee075209b119c297a3622,289125.9769079685,0.086,1125.8909079685109,289125.88941706845,20,1125.8909079685109
96149d3ed4f00afb92f12856101e693e93c4683f030ae6ca6ebfbb7ba5a2a345,e5298aafdbabecd1465ab0eeb24d7633ac7de0284f7ee075209b119c297a3622,289127.5387029648,0.062,1127.4767029648065,289127.47521206475,20,1127.4767029648065
96149d3ed4f00afb92f12856101e693e93c4683f030ae6ca6ebfbb7ba5a2a345,e5298aafdbabecd1465ab0eeb24d7633ac7de0284f7ee075209b119c297a3622,289129.00759100914,0.094,1128.9135910091572,289128.9121001091,20,1128.9135910091572
96149d3ed4f00afb92f12856101e693e93c4683f030ae6ca6ebfbb7ba5a2a345,e5298aafdbabecd1465ab0eeb24d7633ac7de0284f7ee075209b119c297a3622,289130.00913500786,0.064,1129.9451350078452,289129.9436441078,20,1129.9451350078452
96149d3ed4f00afb92f12856101e693e93c4683f030ae6ca6ebfbb7ba5a2a345,e5298aafdbabecd1465ab0eeb24d7633ac7de0284f7ee075209b119c297a3622,289138.4921989441,0.08,1138.4121989440755,289138.410708044,20,1138.4121989440755
96149d3ed4f00afb92f12856101e693e93c4683f030ae6ca6ebfbb7ba5a2a345,e5298aafdbabecd1465ab0eeb24d7633ac7de0284f7ee075209b119c297a3622,289140.2728140354,0.07,1140.2028140354087,289140.20132313535,20,1140.2028140354087
96149d3ed4f00afb92f12856101e693e93c4683f030ae6ca6ebfbb7ba5a2a345,e5298aafdbabecd1465ab0eeb24d7633ac7de0284f7ee075209b119c297a3622,289145.4940829277,0.059,1145.4350829276955,289145.43359202764,20,1145.4350829276955
96149d3ed4f00afb92f12856101e693e93c4683f030ae6ca6ebfbb7ba5a2a345,e5298aafdbabecd1465ab0eeb24d7633ac7de0284f7ee075209b119c297a3622,289150.64261603355,0.039,1150.6036160335643,289150.6021251335,20,1150.6036160335643
96149d3ed4f00afb92f12856101e693e93c4683f030ae6ca6ebfbb7ba5a2a345,e5298aafdbabecd1465ab0eeb24d7633ac7de0284f7ee075209b119c297a3622,289156.6017870903,0.065,1156.5367870902992,289156.53529619024,20,1156.5367870902992
96149d3ed4f00afb92f12856101e693e93c4683f030ae6ca6ebfbb7ba5a2a345,e5298aafdbabecd1465ab0eeb24d7633ac7de0284f7ee075209b119c297a3622,289158.1960821152,0.073,1158.1230821151985,289158.12159121514,20,1158.1230821151985
96149d3ed4f00afb92f12856101e693e93c4683f030ae6ca6ebfbb7ba5a2a345,e5298aafdbabecd1465ab0eeb24d7633ac7de0284f7ee075209b119c297a3622,289164.68964600563,0.04,1164.6496460056514,289164.6481551056,20,1164.6496460056514
96149d3ed4f00afb92f12856101e693e93c4683f030ae6ca6ebfbb7ba5a2a345,e5298aafdbabecd1465ab0eeb24d7633ac7de0284f7ee075209b119c297a3622,289166.32061600685,0.07,1166.2506160068442,289166.2491251068,20,1166.2506160068442
96149d3ed4f00afb92f12856101e693e93c4683f030ae6ca6ebfbb7ba5a2a345,e5298aafdbabecd1465ab0eeb24d7633ac7de0284f7ee075209b119c297a3622,289167.9618229866,0.075,1167.8868229865911,289167.88533208653,20,1167.8868229865911
96149d3ed4f00afb92f12856101e693e93c4683f030ae6ca6ebfbb7ba5a2a345,e5298aafdbabecd1465ab0eeb24d7633ac7de0284f7ee075209b119c297a3622,289169.6506340504,0.088,1169.5626340504386,289169.5611431504,20,1169.5626340504386
96149d3ed4f00afb92f12856101e693e93c4683f030ae6ca6ebfbb7ba5a2a345,e5298aafdbabecd1465ab0eeb24d7633ac7de0284f7ee075209b119c297a3622,289171.39895892143,0.081,1171.317958921427,289171.31646802137,20,1171.317958921427
96149d3ed4f00afb92f12856101e693e93c4683f030ae6ca6ebfbb7ba5a2a345,e5298aafdbabecd1465ab0eeb24d7633ac7de0284f7ee075209b119c297a3622,289183.90370202065,0.039,1183.8647020206554,289183.8632111206,20,1183.8647020206554
96149d3ed4f00afb92f12856101e693e93c4683f030ae6ca6ebfbb7ba5a2a345,e5298aafdbabecd1465ab0eeb24d7633ac7de0284f7ee075209b119c297a3622,289196.5238919258,0.071,1196.4528919258155,289196.45140102576,20,1196.4528919258155
96149d3ed4f00afb92f12856101e693e93c4683f030ae6ca6ebfbb7ba5a2a345,e5298aafdbabecd1465ab0eeb24d7633ac7de0284f7ee075209b119c297a3622,289196.5887429714,0.037,1196.551742971409,289196.55025207135,20,1196.551742971409
96149d3ed4f00afb92f12856101e693e93c4683f030ae6ca6ebfbb7ba5a2a345,e5298aafdbabecd1465ab0eeb24d7633ac7de0284f7ee075209b119c297a3622,289242.43090105057,0.073,1242.3579010505928,289242.35641015053,20,1242.3579010505928
96149d3ed4f00afb92f12856101e693e93c4683f030ae6ca6ebfbb7ba5a2a345,e5298aafdbabecd1465ab0eeb24d7633ac7de0284f7ee075209b119c297a3622,289248.48791098595,0.04,1248.4479109859676,289248.4464200859,20,1248.4479109859676
96149d3ed4f00afb92f12856101e693e93c4683f030ae6ca6ebfbb7ba5a2a345,e5298aafdbabecd1465ab0eeb24d7633ac7de0284f7ee075209b119c297a3622,289257.0087170601,0.088,1256.9207170601003,289256.91922616004,20,1256.9207170601003
96149d3ed4f00afb92f12856101e693e93c4683f030ae6ca6ebfbb7ba5a2a345,e5298aafdbabecd1465ab0eeb24d7633ac7de0284f7ee075209b119c297a3622,289262.2432129383,0.066,1262.177212938317,289262.17572203826,20,1262.177212938317
96149d3ed4f00afb92f12856101e693e93c4683f030ae6ca6ebfbb7ba5a2a345,e5298aafdbabecd1465ab0eeb24d7633ac7de0284f7ee075209b119c297a3622,289269.8692240715,0.187,1269.6822240715264,289269.68073317147,20,1269.6822240715264
96149d3ed4f00afb92f12856101e693e93c4683f030ae6ca6ebfbb7ba5a2a345,e5298aafdbabecd1465ab0eeb24d7633ac7de0284f7ee075209b119c297a3622,289271.1534509659,0.07,1271.0834509658744,289271.0819600658,20,1271.0834509658744
96149d3ed4f00afb92f12856101e693e93c4683f030ae6ca6ebfbb7ba5a2a345,e5298aafdbabecd1465ab0eeb24d7633ac7de0284f7ee075209b119c297a3622,289272.66651296616,0.074,1272.5925129661337,289272.5910220661,20,1272.5925129661337
96149d3ed4f00afb92f12856101e693e93c4683f030ae6ca6ebfbb7ba5a2a345,e5298aafdbabecd1465ab0eeb24d7633ac7de0284f7ee075209b119c297a3622,289273.9942419529,0.072,1273.9222419529106,289273.92075105285,20,1273.9222419529106
96149d3ed4f00afb92f12856101e693e93c4683f030ae6ca6ebfbb7ba5a2a345,e5298aafdbabecd1465ab0eeb24d7633ac7de0284f7ee075209b119c297a3622,289279.4784870148,0.066,1279.412487014837,289279.4109961148,20,1279.412487014837
96149d3ed4f00afb92f12856101e693e93c4683f030ae6ca6ebfbb7ba5a2a345,e5298aafdbabecd1465ab0eeb24d7633ac7de0284f7ee075209b119c297a3622,289280.8216049671,0.068,1280.753604967089,289280.752114067,20,1280.753604967089
96149d3ed4f00afb92f12856101e693e93c4683f030ae6ca6ebfbb7ba5a2a345,e5298aafdbabecd1465ab0eeb24d7633ac7de0284f7ee075209b119c297a3622,289282.0975680351,0.1,1281.997568035149,289281.9960771351,20,1281.997568035149
96149d3ed4f00afb92f12856101e693e93c4683f030ae6ca6ebfbb7ba5a2a345,e5298aafdbabecd1465ab0eeb24d7633ac7de0284f7ee075209b119c297a3622,289283.8419070244,0.25,1283.5919070243835,289283.5904161243,20,1283.5919070243835
96149d3ed4f00afb92f12856101e693e93c4683f030ae6ca6ebfbb7ba5a2a345,e5298aafdbabecd1465ab0eeb24d7633ac7de0284f7ee075209b119c297a3622,289285.3919479847,0.112,1285.2799479846726,289285.2784570846,20,1285.2799479846726
96149d3ed4f00afb92f12856101e693e93c4683f030ae6ca6ebfbb7ba5a2a345,e5298aafdbabecd1465ab0eeb24d7633ac7de0284f7ee075209b119c297a3622,289291.10597991943,0.041,1291.064979919407,289291.06348901935,20,1291.064979919407
96149d3ed4f00afb92f12856101e693e93c4683f030ae6ca6ebfbb7ba5a2a345,e5298aafdbabecd1465ab0eeb24d7633ac7de0284f7ee075209b119c297a3622,289294.2004189491,0.04,1294.1604189491482,289294.1589280491,20,1294.1604189491482
96149d3ed4f00afb92f12856101e693e93c4683f030ae6ca6ebfbb7ba5a2a345,e5298aafdbabecd1465ab0eeb24d7633ac7de0284f7ee075209b119c297a3622,289295.5469360352,0.047,1295.499936035194,289295.49844513513,20,1295.499936035194
96149d3ed4f00afb92f12856101e693e93c4683f030ae6ca6ebfbb7ba5a2a345,e5298aafdbabecd1465ab0eeb24d7633ac7de0284f7ee075209b119c297a3622,289296.9616200924,0.044,1296.9176200923976,289296.91612919234,20,1296.9176200923976
96149d3ed4f00afb92f12856101e693e93c4683f030ae6ca6ebfbb7ba5a2a345,e5298aafdbabecd1465ab0eeb24d7633ac7de0284f7ee075209b119c297a3622,289298.3919479847,0.039,1298.3529479847057,289298.35145708465,20,1298.3529479847057
96149d3ed4f00afb92f12856101e693e93c4683f030ae6ca6ebfbb7ba5a2a345,e5298aafdbabecd1465ab0eeb24d7633ac7de0284f7ee075209b119c297a3622,289299.63230109215,0.04,1299.5923010921688,289299.5908101921,20,1299.5923010921688
96149d3ed4f00afb92f12856101e693e93c4683f030ae6ca6ebfbb7ba5a2a345,e5298aafdbabecd1465ab0eeb24d7633ac7de0284f7ee075209b119c297a3622,289300.96245002747,0.041,1300.9214500274393,289300.9199591274,20,1300.9214500274393
96149d3ed4f00afb92f12856101e693e93c4683f030ae6ca6ebfbb7ba5a2a345,e5298aafdbabecd1465ab0eeb24d7633ac7de0284f7ee075209b119c297a3622,289302.2406630516,0.051,1302.1896630516276,289302.18817215157,20,1302.1896630516276
96149d3ed4f00afb92f12856101e693e93c4683f030ae6ca6ebfbb7ba5a2a345,e5298aafdbabecd1465ab0eeb24d7633ac7de0284f7ee075209b119c297a3622,289303.60385608673,0.04,1303.563856086752,289303.5623651867,20,1303.563856086752
96149d3ed4f00afb92f12856101e693e93c4683f030ae6ca6ebfbb7ba5a2a345,e5298aafdbabecd1465ab0eeb24d7633ac7de0284f7ee075209b119c297a3622,289304.9557070732,0.039,1304.916707073222,289304.91521617316,20,1304.916707073222
96149d3ed4f00afb92f12856101e693e93c4683f030ae6ca6ebfbb7ba5a2a345,e5298aafdbabecd1465ab0eeb24d7633ac7de0284f7ee075209b119c297a3622,289306.3092300892,0.042,1306.2672300891718,289306.2657391891,20,1306.2672300891718
96149d3ed4f00afb92f12856101e693e93c4683f030ae6ca6ebfbb7ba5a2a345,e5298aafdbabecd1465ab0eeb24d7633ac7de0284f7ee075209b119c297a3622,289307.6319859028,0.084,1307.5479859028128,289307.54649500275,20,1307.5479859028128
96149d3ed4f00afb92f12856101e693e93c4683f030ae6ca6ebfbb7ba5a2a345,e5298aafdbabecd1465ab0eeb24d7633ac7de0284f7ee075209b119c297a3622,289308.31407094,0.04,1308.2740709400387,289308.27258004,20,1308.2740709400387
96149d3ed4f00afb92f12856101e693e93c4683f030ae6ca6ebfbb7ba5a2a345,e5298aafdbabecd1465ab0eeb24d7633ac7de0284f7ee075209b119c297a3622,289309.0433139801,0.042,1309.0013139800867,289308.99982308,20,1309.0013139800867
96149d3ed4f00afb92f12856101e693e93c4683f030ae6ca6ebfbb7ba5a2a345,e5298aafdbabecd1465ab0eeb24d7633ac7de0284f7ee075209b119c297a3622,289319.0025129318,0.041,1318.9615129317972,289318.96002203174,20,1318.9615129317972
96149d3ed4f00afb92f12856101e693e93c4683f030ae6ca6ebfbb7ba5a2a345,e5298aafdbabecd1465ab0eeb24d7633ac7de0284f7ee075209b119c297a3622,289320.0912389755,0.045,1320.0462389755412,289320.0447480755,20,1320.0462389755412
96149d3ed4f00afb92f12856101e693e93c4683f030ae6ca6ebfbb7ba5a2a345,e5298aafdbabecd1465ab0eeb24d7633ac7de0284f7ee075209b119c297a3622,289320.3834490776,0.043,1320.340449077601,289320.33895817754,20,1320.340449077601
96149d3ed4f00afb92f12856101e693e93c4683f030ae6ca6ebfbb7ba5a2a345,e5298aafdbabecd1465ab0eeb24d7633ac7de0284f7ee075209b119c297a3622,289321.6345000267,0.046,1321.58850002673,289321.58700912667,20,1321.58850002673
96149d3ed4f00afb92f12856101e693e93c4683f030ae6ca6ebfbb7ba5a2a345,e5298aafdbabecd1465ab0eeb24d7633ac7de0284f7ee075209b119c297a3622,289332.86232995987,0.052,1332.8103299598442,289332.8088390598,20,1332.8103299598442
96149d3ed4f00afb92f12856101e693e93c4683f030ae6ca6ebfbb7ba5a2a345,e5298aafdbabecd1465ab0eeb24d7633ac7de0284f7ee075209b119c297a3622,289335.29451298714,0.043,1335.2515129871317,289335.2500220871,20,1335.2515129871317
96149d3ed4f00afb92f12856101e693e93c4683f030ae6ca6ebfbb7ba5a2a345,e5298aafdbabecd1465ab0eeb24d7633ac7de0284f7ee075209b119c297a3622,289335.7669830322,0.043,1335.7239830322214,289335.72249213216,20,1335.7239830322214
96149d3ed4f00afb92f12856101e693e93c4683f030ae6ca6ebfbb7ba5a2a345,e5298aafdbabecd1465ab0eeb24d7633ac7de0284f7ee075209b119c297a3622,289336.34956502914,0.039,1336.3105650291545,289336.3090741291,20,1336.3105650291545
96149d3ed4f00afb92f12856101e693e93c4683f030ae6ca6ebfbb7ba5a2a345,e5298aafdbabecd1465ab0eeb24d7633ac7de0284f7ee075209b119c297a3622,289337.0775299072,0.042,1337.0355299072107,289337.03403900715,20,1337.0355299072107
96149d3ed4f00afb92f12856101e693e93c4683f030ae6ca6ebfbb7ba5a2a345,e5298aafdbabecd1465ab0eeb24d7633ac7de0284f7ee075209b119c297a3622,289341.2864100933,0.166,1341.120410093281,289341.1189191932,20,1341.120410093281
96149d3ed4f00afb92f12856101e693e93c4683f030ae6ca6ebfbb7ba5a2a345,e5298aafdbabecd1465ab0eeb24d7633ac7de0284f7ee075209b119c297a3622,289342.5100290776,0.043,1342.467029077583,289342.4655381775,20,1342.467029077583
96149d3ed4f00afb92f12856101e693e93c4683f030ae6ca6ebfbb7ba5a2a345,e5298aafdbabecd1465ab0eeb24d7633ac7de0284f7ee075209b119c297a3622,289343.7756590843,0.042,1343.7336590843042,289343.73216818424,20,1343.7336590843042
96149d3ed4f00afb92f12856101e693e93c4683f030ae6ca6ebfbb7ba5a2a345,e5298aafdbabecd1465ab0eeb24d7633ac7de0284f7ee075209b119c297a3622,289344.7305440903,0.045,1344.6855440902873,289344.6840531902,20,1344.6855440902873
96149d3ed4f00afb92f12856101e693e93c4683f030ae6ca6ebfbb7ba5a2a345,e5298aafdbabecd1465ab0eeb24d7633ac7de0284f7ee075209b119c297a3622,289467.27155804634,0.04,1467.231558046362,289467.2300671463,20,1467.231558046362
96149d3ed4f00afb92f12856101e693e93c4683f030ae6ca6ebfbb7ba5a2a345,e5298aafdbabecd1465ab0eeb24d7633ac7de0284f7ee075209b119c297a3622,289471.7922871113,0.047,1471.7452871112619,289471.7437962112,20,1471.7452871112619
96149d3ed4f00afb92f12856101e693e93c4683f030ae6ca6ebfbb7ba5a2a345,e5298aafdbabecd1465ab0eeb24d7633ac7de0284f7ee075209b119c297a3622,289473.0816259384,0.048,1473.0336259384057,289473.03213503835,20,1473.0336259384057
96149d3ed4f00afb92f12856101e693e93c4683f030ae6ca6ebfbb7ba5a2a345,e5298aafdbabecd1465ab0eeb24d7633ac7de0284f7ee075209b119c297a3622,289474.31779909134,0.048,1474.2697990913293,289474.26830819127,20,1474.2697990913293
96149d3ed4f00afb92f12856101e693e93c4683f030ae6ca6ebfbb7ba5a2a345,e5298aafdbabecd1465ab0eeb24d7633ac7de0284f7ee075209b119c297a3622,289517.4600288868,0.039,1517.4210288868053,289517.41953798675,20,1517.4210288868053
96149d3ed4f00afb92f12856101e693e93c4683f030ae6ca6ebfbb7ba5a2a345,e5298aafdbabecd1465ab0eeb24d7633ac7de0284f7ee075209b119c297a3622,289517.58312392235,0.04,1517.543123922369,289517.5416330223,20,1517.543123922369
96149d3ed4f00afb92f12856101e693e93c4683f030ae6ca6ebfbb7ba5a2a345,e5298aafdbabecd1465ab0eeb24d7633ac7de0284f7ee075209b119c297a3622,289518.8274140358,0.04,1518.787414035818,289518.78592313576,20,1518.787414035818
96149d3ed4f00afb92f12856101e693e93c4683f030ae6ca6ebfbb7ba5a2a345,e5298aafdbabecd1465ab0eeb24d7633ac7de0284f7ee075209b119c297a3622,289520.04799604416,0.043,1520.0049960441538,289520.0035051441,20,1520.0049960441538
96149d3ed4f00afb92f12856101e693e93c4683f030ae6ca6ebfbb7ba5a2a345,e5298aafdbabecd1465ab0eeb24d7633ac7de0284f7ee075209b119c297a3622,289540.6562230587,0.16,1540.4962230587262,289540.49473215867,20,1540.4962230587262
96149d3ed4f00afb92f12856101e693e93c4683f030ae6ca6ebfbb7ba5a2a345,e5298aafdbabecd1465ab0eeb24d7633ac7de0284f7ee075209b119c297a3622,289542.6197440624,0.083,1542.5367440624395,289542.5352531624,20,1542.5367440624395
96149d3ed4f00afb92f12856101e693e93c4683f030ae6ca6ebfbb7ba5a2a345,e5298aafdbabecd1465ab0eeb24d7633ac7de0284f7ee075209b119c297a3622,289544.3638269901,0.081,1544.282826990122,289544.28133609006,20,1544.282826990122
96149d3ed4f00afb92f12856101e693e93c4683f030ae6ca6ebfbb7ba5a2a345,e5298aafdbabecd1465ab0eeb24d7633ac7de0284f7ee075209b119c297a3622,289545.6802430153,0.048,1545.6322430152795,289545.6307521152,20,1545.6322430152795
96149d3ed4f00afb92f12856101e693e93c4683f030ae6ca6ebfbb7ba5a2a345,e5298aafdbabecd1465ab0eeb24d7633ac7de0284f7ee075209b119c297a3622,289547.0284309387,0.062,1546.9664309387445,289546.9649400387,20,1546.9664309387445
96149d3ed4f00afb92f12856101e693e93c4683f030ae6ca6ebfbb7ba5a2a345,e5298aafdbabecd1465ab0eeb24d7633ac7de0284f7ee075209b119c297a3622,289548.6391210556,0.051,1548.5881210556254,289548.58663015557,20,1548.5881210556254
96149d3ed4f00afb92f12856101e693e93c4683f030ae6ca6ebfbb7ba5a2a345,e5298aafdbabecd1465ab0eeb24d7633ac7de0284f7ee075209b119c297a3622,289550.25771307945,0.052,1550.2057130794274,289550.20422217937,20,1550.2057130794274
96149d3ed4f00afb92f12856101e693e93c4683f030ae6ca6ebfbb7ba5a2a345,e5298aafdbabecd1465ab0eeb24d7633ac7de0284f7ee075209b119c297a3622,289551.57802796364,0.049,1551.5290279636392,289551.5275370636,20,1551.5290279636392
96149d3ed4f00afb92f12856101e693e93c4683f030ae6ca6ebfbb7ba5a2a345,e5298aafdbabecd1465ab0eeb24d7633ac7de0284f7ee075209b119c297a3622,289552.8513710499,0.048,1552.8033710498712,289552.8018801498,20,1552.8033710498712
96149d3ed4f00afb92f12856101e693e93c4683f030ae6ca6ebfbb7ba5a2a345,e5298aafdbabecd1465ab0eeb24d7633ac7de0284f7ee075209b119c297a3622,289554.47854089737,0.045,1554.4335408973857,289554.4320499973,20,1554.4335408973857
96149d3ed4f00afb92f12856101e693e93c4683f030ae6ca6ebfbb7ba5a2a345,e5298aafdbabecd1465ab0eeb24d7633ac7de0284f7ee075209b119c297a3622,289555.9696960449,0.122,1555.847696044948,289555.8462051449,20,1555.847696044948
96149d3ed4f00afb92f12856101e693e93c4683f030ae6ca6ebfbb7ba5a2a345,e5298aafdbabecd1465ab0eeb24d7633ac7de0284f7ee075209b119c297a3622,289565.06766700745,0.054,1565.0136670074426,289565.0121761074,20,1565.0136670074426
96149d3ed4f00afb92f12856101e693e93c4683f030ae6ca6ebfbb7ba5a2a345,e5298aafdbabecd1465ab0eeb24d7633ac7de0284f7ee075209b119c297a3622,289566.8748950958,0.051,1566.8238950958475,289566.8224041958,20,1566.8238950958475
96149d3ed4f00afb92f12856101e693e93c4683f030ae6ca6ebfbb7ba5a2a345,e5298aafdbabecd1465ab0eeb24d7633ac7de0284f7ee075209b119c297a3622,289569.92041897774,0.051,1569.8694189777598,289569.8679280777,20,1569.8694189777598
96149d3ed4f00afb92f12856101e693e93c4683f030ae6ca6ebfbb7ba5a2a345,e5298aafdbabecd1465ab0eeb24d7633ac7de0284f7ee075209b119c297a3622,289579.2317209244,0.045,1579.1867209243937,289579.18523002433,20,1579.1867209243937
96149d3ed4f00afb92f12856101e693e93c4683f030ae6ca6ebfbb7ba5a2a345,e5298aafdbabecd1465ab0eeb24d7633ac7de0284f7ee075209b119c297a3622,289586.1880829334,0.059,1586.1290829334175,289586.12759203336,20,1586.1290829334175
96149d3ed4f00afb92f12856101e693e93c4683f030ae6ca6ebfbb7ba5a2a345,e5298aafdbabecd1465ab0eeb24d7633ac7de0284f7ee075209b119c297a3622,289586.4629819393,0.045,1586.417981939332,289586.4164910393,20,1586.417981939332
96149d3ed4f00afb92f12856101e693e93c4683f030ae6ca6ebfbb7ba5a2a345,e5298aafdbabecd1465ab0eeb24d7633ac7de0284f7ee075209b119c297a3622,289587.7049469948,0.047,1587.657946994761,289587.6564560947,20,1587.657946994761
96149d3ed4f00afb92f12856101e693e93c4683f030ae6ca6ebfbb7ba5a2a345,e5298aafdbabecd1465ab0eeb24d7633ac7de0284f7ee075209b119c297a3622,289589.607681036,0.045,1589.5626810360118,289589.56119013595,20,1589.5626810360118
96149d3ed4f00afb92f12856101e693e93c4683f030ae6ca6ebfbb7ba5a2a345,e5298aafdbabecd1465ab0eeb24d7633ac7de0284f7ee075209b119c297a3622,289591.0428800583,0.047,1590.995880058268,289590.9943891582,20,1590.995880058268
96149d3ed4f00afb92f12856101e693e93c4683f030ae6ca6ebfbb7ba5a2a345,e5298aafdbabecd1465ab0eeb24d7633ac7de0284f7ee075209b119c297a3622,289592.32081103325,0.047,1592.2738110332284,289592.27232013317,20,1592.2738110332284
96149d3ed4f00afb92f12856101e693e93c4683f030ae6ca6ebfbb7ba5a2a345,e5298aafdbabecd1465ab0eeb24d7633ac7de0284f7ee075209b119c297a3622,289593.9909360409,0.053,1593.9379360408639,289593.9364451408,20,1593.9379360408639
96149d3ed4f00afb92f12856101e693e93c4683f030ae6ca6ebfbb7ba5a2a345,e5298aafdbabecd1465ab0eeb24d7633ac7de0284f7ee075209b119c297a3622,289595.2663259506,0.045,1595.2213259506389,289595.2198350506,20,1595.2213259506389
96149d3ed4f00afb92f12856101e693e93c4683f030ae6ca6ebfbb7ba5a2a345,e5298aafdbabecd1465ab0eeb24d7633ac7de0284f7ee075209b119c297a3622,289599.80226898193,0.05,1599.7522689819452,289599.7507780819,20,1599.7522689819452
96149d3ed4f00afb92f12856101e693e93c4683f030ae6ca6ebfbb7ba5a2a345,e5298aafdbabecd1465ab0eeb24d7633ac7de0284f7ee075209b119c297a3622,289606.0302081108,0.056,1605.974208110827,289605.97271721077,20,1605.974208110827
96149d3ed4f00afb92f12856101e693e93c4683f030ae6ca6ebfbb7ba5a2a345,e5298aafdbabecd1465ab0eeb24d7633ac7de0284f7ee075209b119c297a3622,289607.54350590706,0.064,1607.4795059070457,289607.478015007,20,1607.4795059070457
96149d3ed4f00afb92f12856101e693e93c4683f030ae6ca6ebfbb7ba5a2a345,e5298aafdbabecd1465ab0eeb24d7633ac7de0284f7ee075209b119c297a3622,289609.38667202,0.046,1609.3406720200437,289609.33918112,20,1609.3406720200437
96149d3ed4f00afb92f12856101e693e93c4683f030ae6ca6ebfbb7ba5a2a345,e5298aafdbabecd1465ab0eeb24d7633ac7de0284f7ee075209b119c297a3622,289620.6018819809,0.064,1620.537881980883,289620.5363910808,20,1620.537881980883
96149d3ed4f00afb92f12856101e693e93c4683f030ae6ca6ebfbb7ba5a2a345,e5298aafdbabecd1465ab0eeb24d7633ac7de0284f7ee075209b119c297a3622,289622.04675102234,0.049,1621.9977510223398,289621.9962601223,20,1621.9977510223398
96149d3ed4f00afb92f12856101e693e93c4683f030ae6ca6ebfbb7ba5a2a345,e5298aafdbabecd1465ab0eeb24d7633ac7de0284f7ee075209b119c297a3622,289623.5645329952,0.045,1623.5195329952403,289623.5180420952,20,1623.5195329952403
96149d3ed4f00afb92f12856101e693e93c4683f030ae6ca6ebfbb7ba5a2a345,e5298aafdbabecd1465ab0eeb24d7633ac7de0284f7ee075209b119c297a3622,289625.1056818962,0.045,1625.060681896226,289625.05919099617,20,1625.060681896226
96149d3ed4f00afb92f12856101e693e93c4683f030ae6ca6ebfbb7ba5a2a345,e5298aafdbabecd1465ab0eeb24d7633ac7de0284f7ee075209b119c297a3622,289626.5764040947,0.045,1626.5314040947123,289626.52991319465,20,1626.5314040947123
96149d3ed4f00afb92f12856101e693e93c4683f030ae6ca6ebfbb7ba5a2a345,e5298aafdbabecd1465ab0eeb24d7633ac7de0284f7ee075209b119c297a3622,289628.29219198227,0.043,1628.2491919822642,289628.2477010822,20,1628.2491919822642
96149d3ed4f00afb92f12856101e693e93c4683f030ae6ca6ebfbb7ba5a2a345,e5298aafdbabecd1465ab0eeb24d7633ac7de0284f7ee075209b119c297a3622,289629.8312039376,0.044,1629.7872039375943,289629.78571303753,20,1629.7872039375943
96149d3ed4f00afb92f12856101e693e93c4683f030ae6ca6ebfbb7ba5a2a345,e5298aafdbabecd1465ab0eeb24d7633ac7de0284f7ee075209b119c297a3622,289631.57735705376,0.046,1631.5313570537837,289631.5298661537,20,1631.5313570537837
96149d3ed4f00afb92f12856101e693e93c4683f030ae6ca6ebfbb7ba5a2a345,e5298aafdbabecd1465ab0eeb24d7633ac7de0284f7ee075209b119c297a3622,289634.91048908234,0.045,1634.8654890823527,289634.8639981823,20,1634.8654890823527
96149d3ed4f00afb92f12856101e693e93c4683f030ae6ca6ebfbb7ba5a2a345,e5298aafdbabecd1465ab0eeb24d7633ac7de0284f7ee075209b119c297a3622,289639.5471498966,0.044,1639.5031498966273,289639.50165899657,20,1639.5031498966273
96149d3ed4f00afb92f12856101e693e93c4683f030ae6ca6ebfbb7ba5a2a345,e5298aafdbabecd1465ab0eeb24d7633ac7de0284f7ee075209b119c297a3622,289647.92670607567,0.05,1647.87670607568,289647.8752151756,20,1647.87670607568
96149d3ed4f00afb92f12856101e693e93c4683f030ae6ca6ebfbb7ba5a2a345,e5298aafdbabecd1465ab0eeb24d7633ac7de0284f7ee075209b119c297a3622,289649.4804890156,0.046,1649.4344890156062,289649.43299811555,20,1649.4344890156062
96149d3ed4f00afb92f12856101e693e93c4683f030ae6ca6ebfbb7ba5a2a345,e5298aafdbabecd1465ab0eeb24d7633ac7de0284f7ee075209b119c297a3622,289657.747344017,0.045,1657.702344017045,289657.700853117,20,1657.702344017045
96149d3ed4f00afb92f12856101e693e93c4683f030ae6ca6ebfbb7ba5a2a345,e5298aafdbabecd1465ab0eeb24d7633ac7de0284f7ee075209b119c297a3622,289659.27423501015,0.045,1659.2292350101634,289659.2277441101,20,1659.2292350101634
96149d3ed4f00afb92f12856101e693e93c4683f030ae6ca6ebfbb7ba5a2a345,e5298aafdbabecd1465ab0eeb24d7633ac7de0284f7ee075209b119c297a3622,289660.9483599663,0.043,1660.905359966273,289660.9038690662,20,1660.905359966273
96149d3ed4f00afb92f12856101e693e93c4683f030ae6ca6ebfbb7ba5a2a345,e5298aafdbabecd1465ab0eeb24d7633ac7de0284f7ee075209b119c297a3622,289662.55061101913,0.046,1662.5046110191615,289662.5031201191,20,1662.5046110191615
96149d3ed4f00afb92f12856101e693e93c4683f030ae6ca6ebfbb7ba5a2a345,e5298aafdbabecd1465ab0eeb24d7633ac7de0284f7ee075209b119c297a3622,289663.96551704407,0.046,1663.9195170440944,289663.91802614403,20,1663.9195170440944
96149d3ed4f00afb92f12856101e693e93c4683f030ae6ca6ebfbb7ba5a2a345,e5298aafdbabecd1465ab0eeb24d7633ac7de0284f7ee075209b119c297a3622,289665.71535491943,0.045,1665.67035491945,289665.6688640194,20,1665.67035491945
96149d3ed4f00afb92f12856101e693e93c4683f030ae6ca6ebfbb7ba5a2a345,e5298aafdbabecd1465ab0eeb24d7633ac7de0284f7ee075209b119c297a3622,289668.12733101845,0.052,1668.0753310184227,289668.07384011836,20,1668.0753310184227
96149d3ed4f00afb92f12856101e693e93c4683f030ae6ca6ebfbb7ba5a2a345,e5298aafdbabecd1465ab0eeb24d7633ac7de0284f7ee075209b119c297a3622,289669.6994030476,0.048,1669.65140304761,289669.64991214755,20,1669.65140304761
96149d3ed4f00afb92f12856101e693e93c4683f030ae6ca6ebfbb7ba5a2a345,e5298aafdbabecd1465ab0eeb24d7633ac7de0284f7ee075209b119c297a3622,289671.26133298874,0.047,1671.2143329887185,289671.21284208866,20,1671.2143329887185
96149d3ed4f00afb92f12856101e693e93c4683f030ae6ca6ebfbb7ba5a2a345,e5298aafdbabecd1465ab0eeb24d7633ac7de0284f7ee075209b119c297a3622,289673.2827999592,0.045,1673.237799959199,289673.23630905914,20,1673.237799959199
96149d3ed4f00afb92f12856101e693e93c4683f030ae6ca6ebfbb7ba5a2a345,e5298aafdbabecd1465ab0eeb24d7633ac7de0284f7ee075209b119c297a3622,289678.9340651036,0.04,1678.89406510361,289678.89257420355,20,1678.89406510361
96149d3ed4f00afb92f12856101e693e93c4683f030ae6ca6ebfbb7ba5a2a345,e5298aafdbabecd1465ab0eeb24d7633ac7de0284f7ee075209b119c297a3622,289680.0050890446,0.041,1679.9640890445444,289679.9625981445,20,1679.9640890445444
96149d3ed4f00afb92f12856101e693e93c4683f030ae6ca6ebfbb7ba5a2a345,e5298aafdbabecd1465ab0eeb24d7633ac7de0284f7ee075209b119c297a3622,289680.8991649151,0.04,1680.8591649151058,289680.85767401505,20,1680.8591649151058
96149d3ed4f00afb92f12856101e693e93c4683f030ae6ca6ebfbb7ba5a2a345,e5298aafdbabecd1465ab0eeb24d7633ac7de0284f7ee075209b119c297a3622,289684.08089089394,0.04,1684.040890893957,289684.0393999939,20,1684.040890893957
96149d3ed4f00afb92f12856101e693e93c4683f030ae6ca6ebfbb7ba5a2a345,e5298aafdbabecd1465ab0eeb24d7633ac7de0284f7ee075209b119c297a3622,289685.4659039974,0.044,1685.4219039974269,289685.42041309737,20,1685.4219039974269
96149d3ed4f00afb92f12856101e693e93c4683f030ae6ca6ebfbb7ba5a2a345,e5298aafdbabecd1465ab0eeb24d7633ac7de0284f7ee075209b119c297a3622,289688.3834209442,0.042,1688.341420944198,289688.33993004414,20,1688.341420944198
96149d3ed4f00afb92f12856101e693e93c4683f030ae6ca6ebfbb7ba5a2a345,e5298aafdbabecd1465ab0eeb24d7633ac7de0284f7ee075209b119c297a3622,289692.803000927,0.044,1692.759000926977,289692.7575100269,20,1692.759000926977
96149d3ed4f00afb92f12856101e693e93c4683f030ae6ca6ebfbb7ba5a2a345,e5298aafdbabecd1465ab0eeb24d7633ac7de0284f7ee075209b119c297a3622,289696.6829879284,0.04,1696.6429879284115,289696.64149702835,20,1696.6429879284115
96149d3ed4f00afb92f12856101e693e93c4683f030ae6ca6ebfbb7ba5a2a345,e5298aafdbabecd1465ab0eeb24d7633ac7de0284f7ee075209b119c297a3622,289698.1794600487,0.041,1698.138460048649,289698.1369691486,20,1698.138460048649
96149d3ed4f00afb92f12856101e693e93c4683f030ae6ca6ebfbb7ba5a2a345,e5298aafdbabecd1465ab0eeb24d7633ac7de0284f7ee075209b119c297a3622,289699.4216349125,0.044,1699.3776349124964,289699.37614401244,20,1699.3776349124964
96149d3ed4f00afb92f12856101e693e93c4683f030ae6ca6ebfbb7ba5a2a345,e5298aafdbabecd1465ab0eeb24d7633ac7de0284f7ee075209b119c297a3622,289700.83195090294,0.044,1700.7879509029444,289700.7864600029,20,1700.7879509029444
96149d3ed4f00afb92f12856101e693e93c4683f030ae6ca6ebfbb7ba5a2a345,e5298aafdbabecd1465ab0eeb24d7633ac7de0284f7ee075209b119c297a3622,289702.6113860607,0.039,1702.572386060725,289702.57089516066,20,1702.572386060725
96149d3ed4f00afb92f12856101e693e93c4683f030ae6ca6ebfbb7ba5a2a345,e5298aafdbabecd1465ab0eeb24d7633ac7de0284f7ee075209b119c297a3622,289712.03521609306,0.039,1711.9962160930736,289711.994725193,20,1711.9962160930736
96149d3ed4f00afb92f12856101e693e93c4683f030ae6ca6ebfbb7ba5a2a345,e5298aafdbabecd1465ab0eeb24d7633ac7de0284f7ee075209b119c297a3622,289713.493530035,0.042,1713.451530035003,289713.45003913494,20,1713.451530035003
96149d3ed4f00afb92f12856101e693e93c4683f030ae6ca6ebfbb7ba5a2a345,e5298aafdbabecd1465ab0eeb24d7633ac7de0284f7ee075209b119c297a3622,289717.1122739315,0.063,1717.0492739314795,289717.0477830314,20,1717.0492739314795
96149d3ed4f00afb92f12856101e693e93c4683f030ae6ca6ebfbb7ba5a2a345,e5298aafdbabecd1465ab0eeb24d7633ac7de0284f7ee075209b119c297a3622,289719.0054960251,0.046,1718.9594960251125,289718.95800512505,20,1718.9594960251125
96149d3ed4f00afb92f12856101e693e93c4683f030ae6ca6ebfbb7ba5a2a345,e5298aafdbabecd1465ab0eeb24d7633ac7de0284f7ee075209b119c297a3622,289720.7365899086,0.042,1720.694589908584,289720.6930990085,20,1720.694589908584
96149d3ed4f00afb92f12856101e693e93c4683f030ae6ca6ebfbb7ba5a2a345,e5298aafdbabecd1465ab0eeb24d7633ac7de0284f7ee075209b119c297a3622,289722.52255797386,0.044,1722.4785579738673,289722.4770670738,20,1722.4785579738673
96149d3ed4f00afb92f12856101e693e93c4683f030ae6ca6ebfbb7ba5a2a345,e5298aafdbabecd1465ab0eeb24d7633ac7de0284f7ee075209b119c297a3622,289737.90370607376,0.045,1737.8587060737773,289737.8572151737,20,1737.8587060737773
96149d3ed4f00afb92f12856101e693e93c4683f030ae6ca6ebfbb7ba5a2a345,e5298aafdbabecd1465ab0eeb24d7633ac7de0284f7ee075209b119c297a3622,289739.6620130539,0.047,1739.6150130538736,289739.6135221538,20,1739.6150130538736
96149d3ed4f00afb92f12856101e693e93c4683f030ae6ca6ebfbb7ba5a2a345,e5298aafdbabecd1465ab0eeb24d7633ac7de0284f7ee075209b119c297a3622,289741.43355703354,0.042,1741.391557033523,289741.39006613346,20,1741.391557033523
96149d3ed4f00afb92f12856101e693e93c4683f030ae6ca6ebfbb7ba5a2a345,e5298aafdbabecd1465ab0eeb24d7633ac7de0284f7ee075209b119c297a3622,289742.90526509285,0.041,1742.8642650928232,289742.86277419276,20,1742.8642650928232
96149d3ed4f00afb92f12856101e693e93c4683f030ae6ca6ebfbb7ba5a2a345,e5298aafdbabecd1465ab0eeb24d7633ac7de0284f7ee075209b119c297a3622,289744.6030910015,0.042,1744.5610910014948,289744.55960010143,20,1744.5610910014948
96149d3ed4f00afb92f12856101e693e93c4683f030ae6ca6ebfbb7ba5a2a345,e5298aafdbabecd1465ab0eeb24d7633ac7de0284f7ee075209b119c297a3622,289746.22116804123,0.042,1746.1791680412134,289746.17767714115,20,1746.1791680412134
96149d3ed4f00afb92f12856101e693e93c4683f030ae6ca6ebfbb7ba5a2a345,e5298aafdbabecd1465ab0eeb24d7633ac7de0284f7ee075209b119c297a3622,289747.6563720703,0.05,1747.6063720703241,289747.60488117026,20,1747.6063720703241
96149d3ed4f00afb92f12856101e693e93c4683f030ae6ca6ebfbb7ba5a2a345,e5298aafdbabecd1465ab0eeb24d7633ac7de0284f7ee075209b119c297a3622,289791.1698288917,0.041,1791.1288288916694,289791.1273379916,20,1791.1288288916694
96149d3ed4f00afb92f12856101e693e93c4683f030ae6ca6ebfbb7ba5a2a345,e5298aafdbabecd1465ab0eeb24d7633ac7de0284f7ee075209b119c297a3622,289792.6767439842,0.041,1792.6357439841959,289792.63425308414,20,1792.6357439841959
96149d3ed4f00afb92f12856101e693e93c4683f030ae6ca6ebfbb7ba5a2a345,e5298aafdbabecd1465ab0eeb24d7633ac7de0284f7ee075209b119c297a3622,290235.4549500942,0.062,2235.3929500942468,290235.3914591942,20,2235.3929500942468
96149d3ed4f00afb92f12856101e693e93c4683f030ae6ca6ebfbb7ba5a2a345,e5298aafdbabecd1465ab0eeb24d7633ac7de0284f7ee075209b119c297a3622,290300.4561679363,0.052,2300.4041679363,290300.40267703624,20,2300.4041679363
96149d3ed4f00afb92f12856101e693e93c4683f030ae6ca6ebfbb7ba5a2a345,e5298aafdbabecd1465ab0eeb24d7633ac7de0284f7ee075209b119c297a3622,290313.2527439594,0.062,2313.1907439594506,290313.1892530594,20,2313.1907439594506
96149d3ed4f00afb92f12856101e693e93c4683f030ae6ca6ebfbb7ba5a2a345,e5298aafdbabecd1465ab0eeb24d7633ac7de0284f7ee075209b119c297a3622,290314.4240870476,0.038,2314.3860870475764,290314.3845961475,20,2314.3860870475764
96149d3ed4f00afb92f12856101e693e93c4683f030ae6ca6ebfbb7ba5a2a345,e5298aafdbabecd1465ab0eeb24d7633ac7de0284f7ee075209b119c297a3622,290318.45711898804,0.055,2318.402118988044,290318.400628088,20,2318.402118988044
96149d3ed4f00afb92f12856101e693e93c4683f030ae6ca6ebfbb7ba5a2a345,e5298aafdbabecd1465ab0eeb24d7633ac7de0284f7ee075209b119c297a3622,290319.8635311127,0.063,2319.800531112647,290319.7990402126,20,2319.800531112647
96149d3ed4f00afb92f12856101e693e93c4683f030ae6ca6ebfbb7ba5a2a345,e5298aafdbabecd1465ab0eeb24d7633ac7de0284f7ee075209b119c297a3622,290321.1434750557,0.057,2321.086475055723,290321.08498415566,20,2321.086475055723
96149d3ed4f00afb92f12856101e693e93c4683f030ae6ca6ebfbb7ba5a2a345,e5298aafdbabecd1465ab0eeb24d7633ac7de0284f7ee075209b119c297a3622,290322.5659210682,0.037,2322.5289210681804,290322.5274301681,20,2322.5289210681804
96149d3ed4f00afb92f12856101e693e93c4683f030ae6ca6ebfbb7ba5a2a345,e5298aafdbabecd1465ab0eeb24d7633ac7de0284f7ee075209b119c297a3622,290323.80056500435,0.031,2323.7695650043315,290323.7680741043,20,2323.7695650043315
96149d3ed4f00afb92f12856101e693e93c4683f030ae6ca6ebfbb7ba5a2a345,e5298aafdbabecd1465ab0eeb24d7633ac7de0284f7ee075209b119c297a3622,290330.6745491028,0.045,2330.6295491027995,290330.62805820274,20,2330.6295491027995
96149d3ed4f00afb92f12856101e693e93c4683f030ae6ca6ebfbb7ba5a2a345,e5298aafdbabecd1465ab0eeb24d7633ac7de0284f7ee075209b119c297a3622,290596.9729170799,0.045,2596.927917079942,290596.9264261799,20,2596.927917079942
96149d3ed4f00afb92f12856101e693e93c4683f030ae6ca6ebfbb7ba5a2a345,e5298aafdbabecd1465ab0eeb24d7633ac7de0284f7ee075209b119c297a3622,292818.6493360996,0.096,4818.553336099605,292818.55184519954,20,4818.553336099605
96149d3ed4f00afb92f12856101e693e93c4683f030ae6ca6ebfbb7ba5a2a345,e5298aafdbabecd1465ab0eeb24d7633ac7de0284f7ee075209b119c297a3622,294250.4281680584,0.036,6250.3921680583735,294250.3906771583,20,6250.3921680583735
96149d3ed4f00afb92f12856101e693e93c4683f030ae6ca6ebfbb7ba5a2a345,e5298aafdbabecd1465ab0eeb24d7633ac7de0284f7ee075209b119c297a3622,294433.0160679817,0.014,6433.002067981695,294433.00057708164,20,6433.002067981695
96149d3ed4f00afb92f12856101e693e93c4683f030ae6ca6ebfbb7ba5a2a345,e5298aafdbabecd1465ab0eeb24d7633ac7de0284f7ee075209b119c297a3622,294462.18681406975,0.013,6462.173814069771,294462.1723231697,20,6462.173814069771
96149d3ed4f00afb92f12856101e693e93c4683f030ae6ca6ebfbb7ba5a2a345,e5298aafdbabecd1465ab0eeb24d7633ac7de0284f7ee075209b119c297a3622,294660.09789800644,0.013,6660.084898006462,294660.0834071064,20,6660.084898006462
96149d3ed4f00afb92f12856101e693e93c4683f030ae6ca6ebfbb7ba5a2a345,e5298aafdbabecd1465ab0eeb24d7633ac7de0284f7ee075209b119c297a3622,294663.1819469929,0.052,6663.129946992849,294663.1284560928,20,6663.129946992849
96149d3ed4f00afb92f12856101e693e93c4683f030ae6ca6ebfbb7ba5a2a345,e5298aafdbabecd1465ab0eeb24d7633ac7de0284f7ee075209b119c297a3622,294685.23631095886,0.011,6685.225310958864,294685.2238200588,20,6685.225310958864
96149d3ed4f00afb92f12856101e693e93c4683f030ae6ca6ebfbb7ba5a2a345,e5298aafdbabecd1465ab0eeb24d7633ac7de0284f7ee075209b119c297a3622,294772.9126369953,0.044,6772.868636995321,294772.86714609526,20,6772.868636995321
96149d3ed4f00afb92f12856101e693e93c4683f030ae6ca6ebfbb7ba5a2a345,e5298aafdbabecd1465ab0eeb24d7633ac7de0284f7ee075209b119c297a3622,294775.2461240292,0.062,6775.1841240292415,294775.1826331292,20,6775.1841240292415
96149d3ed4f00afb92f12856101e693e93c4683f030ae6ca6ebfbb7ba5a2a345,e5298aafdbabecd1465ab0eeb24d7633ac7de0284f7ee075209b119c297a3622,294894.2753100395,0.015,6894.260310039506,294894.25881913945,20,6894.260310039506
96149d3ed4f00afb92f12856101e693e93c4683f030ae6ca6ebfbb7ba5a2a345,e5298aafdbabecd1465ab0eeb24d7633ac7de0284f7ee075209b119c297a3622,295172.013669014,0.073,7171.940669014002,295171.93917811394,20,7171.940669014002
96149d3ed4f00afb92f12856101e693e93c4683f030ae6ca6ebfbb7ba5a2a345,e5298aafdbabecd1465ab0eeb24d7633ac7de0284f7ee075209b119c297a3622,300442.2433331013,0.158,12442.085333101277,300442.0838422012,20,12442.085333101277
96149d3ed4f00afb92f12856101e693e93c4683f030ae6ca6ebfbb7ba5a2a345,e5298aafdbabecd1465ab0eeb24d7633ac7de0284f7ee075209b119c297a3622,300479.6541969776,0.065,12479.589196977613,300479.58770607755,20,12479.589196977613
96149d3ed4f00afb92f12856101e693e93c4683f030ae6ca6ebfbb7ba5a2a345,e5298aafdbabecd1465ab0eeb24d7633ac7de0284f7ee075209b119c297a3622,300489.2330811024,0.071,12489.162081102375,300489.1605902023,20,12489.162081102375
96149d3ed4f00afb92f12856101e693e93c4683f030ae6ca6ebfbb7ba5a2a345,e5298aafdbabecd1465ab0eeb24d7633ac7de0284f7ee075209b119c297a3622,300489.77740192413,0.048,12489.729401924124,300489.72791102406,20,12489.729401924124
96149d3ed4f00afb92f12856101e693e93c4683f030ae6ca6ebfbb7ba5a2a345,e5298aafdbabecd1465ab0eeb24d7633ac7de0284f7ee075209b119c297a3622,300570.4513859749,0.098,12570.353385974886,300570.3518950748,20,12570.353385974886
96149d3ed4f00afb92f12856101e693e93c4683f030ae6ca6ebfbb7ba5a2a345,e5298aafdbabecd1465ab0eeb24d7633ac7de0284f7ee075209b119c297a3622,300690.5965330601,0.042,12690.554533060058,300690.55304216,20,12690.554533060058
96149d3ed4f00afb92f12856101e693e93c4683f030ae6ca6ebfbb7ba5a2a345,e5298aafdbabecd1465ab0eeb24d7633ac7de0284f7ee075209b119c297a3622,300690.74931907654,0.079,12690.670319076511,300690.66882817645,20,12690.670319076511
96149d3ed4f00afb92f12856101e693e93c4683f030ae6ca6ebfbb7ba5a2a345,e5298aafdbabecd1465ab0eeb24d7633ac7de0284f7ee075209b119c297a3622,300742.7333869934,0.076,12742.657386993407,300742.65589609335,20,12742.657386993407
96149d3ed4f00afb92f12856101e693e93c4683f030ae6ca6ebfbb7ba5a2a345,e5298aafdbabecd1465ab0eeb24d7633ac7de0284f7ee075209b119c297a3622,300746.6256520748,0.084,12746.54165207484,300746.5401611748,20,12746.54165207484
96149d3ed4f00afb92f12856101e693e93c4683f030ae6ca6ebfbb7ba5a2a345,e5298aafdbabecd1465ab0eeb24d7633ac7de0284f7ee075209b119c297a3622,300976.4557778836,0.084,12976.371777883614,300976.37028698355,20,12976.371777883614
96149d3ed4f00afb92f12856101e693e93c4683f030ae6ca6ebfbb7ba5a2a345,e5298aafdbabecd1465ab0eeb24d7633ac7de0284f7ee075209b119c297a3622,301004.3146300316,0.077,13004.237630031595,301004.23613913154,20,13004.237630031595
96149d3ed4f00afb92f12856101e693e93c4683f030ae6ca6ebfbb7ba5a2a345,e5298aafdbabecd1465ab0eeb24d7633ac7de0284f7ee075209b119c297a3622,301228.75500798225,0.075,13228.680007982242,301228.6785170822,20,13228.680007982242
96149d3ed4f00afb92f12856101e693e93c4683f030ae6ca6ebfbb7ba5a2a345,e5298aafdbabecd1465ab0eeb24d7633ac7de0284f7ee075209b119c297a3622,301243.3006079197,0.083,13243.217607919709,301243.21611701965,20,13243.217607919709
96149d3ed4f00afb92f12856101e693e93c4683f030ae6ca6ebfbb7ba5a2a345,e5298aafdbabecd1465ab0eeb24d7633ac7de0284f7ee075209b119c297a3622,301370.29448509216,0.041,13370.253485092137,301370.2519941921,20,13370.253485092137
96149d3ed4f00afb92f12856101e693e93c4683f030ae6ca6ebfbb7ba5a2a345,e5298aafdbabecd1465ab0eeb24d7633ac7de0284f7ee075209b119c297a3622,301386.86676192284,0.075,13386.791761922825,301386.79027102276,20,13386.791761922825
96149d3ed4f00afb92f12856101e693e93c4683f030ae6ca6ebfbb7ba5a2a345,e5298aafdbabecd1465ab0eeb24d7633ac7de0284f7ee075209b119c297a3622,301389.4745891094,0.076,13389.39858910942,301389.39709820936,20,13389.39858910942
96149d3ed4f00afb92f12856101e693e93c4683f030ae6ca6ebfbb7ba5a2a345,e5298aafdbabecd1465ab0eeb24d7633ac7de0284f7ee075209b119c297a3622,301391.6720609665,0.041,13391.631060966465,301391.6295700664,20,13391.631060966465
96149d3ed4f00afb92f12856101e693e93c4683f030ae6ca6ebfbb7ba5a2a345,e5298aafdbabecd1465ab0eeb24d7633ac7de0284f7ee075209b119c297a3622,301404.7052080631,0.041,13404.664208063099,301404.66271716304,20,13404.664208063099
96149d3ed4f00afb92f12856101e693e93c4683f030ae6ca6ebfbb7ba5a2a345,e5298aafdbabecd1465ab0eeb24d7633ac7de0284f7ee075209b119c297a3622,301452.6671988964,0.042,13452.625198896392,301452.62370799633,20,13452.625198896392
96149d3ed4f00afb92f12856101e693e93c4683f030ae6ca6ebfbb7ba5a2a345,e5298aafdbabecd1465ab0eeb24d7633ac7de0284f7ee075209b119c297a3622,301611.60222291946,0.085,13611.517222919443,301611.5157320194,20,13611.517222919443
96149d3ed4f00afb92f12856101e693e93c4683f030ae6ca6ebfbb7ba5a2a345,e5298aafdbabecd1465ab0eeb24d7633ac7de0284f7ee075209b119c297a3622,301632.8106329441,0.084,13632.726632944134,301632.7251420441,20,13632.726632944134
96149d3ed4f00afb92f12856101e693e93c4683f030ae6ca6ebfbb7ba5a2a345,e5298aafdbabecd1465ab0eeb24d7633ac7de0284f7ee075209b119c297a3622,301635.71368694305,0.165,13635.548686943075,301635.547196043,20,13635.548686943075
96149d3ed4f00afb92f12856101e693e93c4683f030ae6ca6ebfbb7ba5a2a345,e5298aafdbabecd1465ab0eeb24d7633ac7de0284f7ee075209b119c297a3622,301640.1049809456,0.063,13640.041980945563,301640.0404900455,20,13640.041980945563
96149d3ed4f00afb92f12856101e693e93c4683f030ae6ca6ebfbb7ba5a2a345,e5298aafdbabecd1465ab0eeb24d7633ac7de0284f7ee075209b119c297a3622,301661.9924180508,0.074,13661.918418050802,301661.91692715074,20,13661.918418050802
96149d3ed4f00afb92f12856101e693e93c4683f030ae6ca6ebfbb7ba5a2a345,e5298aafdbabecd1465ab0eeb24d7633ac7de0284f7ee075209b119c297a3622,301662.3880701065,0.085,13662.303070106485,301662.3015792064,20,13662.303070106485
96149d3ed4f00afb92f12856101e693e93c4683f030ae6ca6ebfbb7ba5a2a345,e5298aafdbabecd1465ab0eeb24d7633ac7de0284f7ee075209b119c297a3622,301664.6797349453,0.071,13664.608734945301,301664.60724404524,20,13664.608734945301
96149d3ed4f00afb92f12856101e693e93c4683f030ae6ca6ebfbb7ba5a2a345,e5298aafdbabecd1465ab0eeb24d7633ac7de0284f7ee075209b119c297a3622,301988.6208219528,0.115,13988.50582195283,301988.50433105277,20,13988.50582195283
96149d3ed4f00afb92f12856101e693e93c4683f030ae6ca6ebfbb7ba5a2a345,e5298aafdbabecd1465ab0eeb24d7633ac7de0284f7ee075209b119c297a3622,302027.2780969143,0.082,14027.196096914297,302027.19460601424,20,14027.196096914297
96149d3ed4f00afb92f12856101e693e93c4683f030ae6ca6ebfbb7ba5a2a345,e5298aafdbabecd1465ab0eeb24d7633ac7de0284f7ee075209b119c297a3622,302029.17462801933,0.075,14029.099628019321,302029.09813711926,20,14029.099628019321
96149d3ed4f00afb92f12856101e693e93c4683f030ae6ca6ebfbb7ba5a2a345,e5298aafdbabecd1465ab0eeb24d7633ac7de0284f7ee075209b119c297a3622,302090.12588500977,0.094,14090.031885009783,302090.0303941097,20,14090.031885009783
96149d3ed4f00afb92f12856101e693e93c4683f030ae6ca6ebfbb7ba5a2a345,e5298aafdbabecd1465ab0eeb24d7633ac7de0284f7ee075209b119c297a3622,302152.3278160095,0.064,14152.263816009508,302152.26232510945,20,14152.263816009508
96149d3ed4f00afb92f12856101e693e93c4683f030ae6ca6ebfbb7ba5a2a345,e5298aafdbabecd1465ab0eeb24d7633ac7de0284f7ee075209b119c297a3622,302154.0424230099,0.078,14153.964423009893,302153.96293210983,20,14153.964423009893
96149d3ed4f00afb92f12856101e693e93c4683f030ae6ca6ebfbb7ba5a2a345,e5298aafdbabecd1465ab0eeb24d7633ac7de0284f7ee075209b119c297a3622,302293.45083904266,0.068,14293.382839042635,302293.3813481426,20,14293.382839042635
96149d3ed4f00afb92f12856101e693e93c4683f030ae6ca6ebfbb7ba5a2a345,e5298aafdbabecd1465ab0eeb24d7633ac7de0284f7ee075209b119c297a3622,302296.20194101334,0.082,14296.119941013341,302296.1184501133,20,14296.119941013341
96149d3ed4f00afb92f12856101e693e93c4683f030ae6ca6ebfbb7ba5a2a345,e5298aafdbabecd1465ab0eeb24d7633ac7de0284f7ee075209b119c297a3622,302320.92043304443,0.079,14320.841433044407,302320.83994214435,20,14320.841433044407
96149d3ed4f00afb92f12856101e693e93c4683f030ae6ca6ebfbb7ba5a2a345,e5298aafdbabecd1465ab0eeb24d7633ac7de0284f7ee075209b119c297a3622,302320.97559404373,0.041,14320.934594043705,302320.93310314364,20,14320.934594043705
5fb02cfeb979fec16df02d1ece227157238477b19fc6e37554e2e2af6018d3ba,8e5f533dbf1092f56ac6c7542ef3bdec4661bd442c9b5e7537fabc7b8c03f5a8,389102.3188068867,0.297,302.0218068866525,389102.0203159866,27,302.0218068866525
5fb02cfeb979fec16df02d1ece227157238477b19fc6e37554e2e2af6018d3ba,8e5f533dbf1092f56ac6c7542ef3bdec4661bd442c9b5e7537fabc7b8c03f5a8,390520.4856200218,0.236,1720.2496200218447,390520.2481291218,27,1720.2496200218447
5fb02cfeb979fec16df02d1ece227157238477b19fc6e37554e2e2af6018d3ba,8e5f533dbf1092f56ac6c7542ef3bdec4661bd442c9b5e7537fabc7b8c03f5a8,390577.2659890652,0.484,1776.7819890652318,390576.7804981652,27,1776.7819890652318
5fb02cfeb979fec16df02d1ece227157238477b19fc6e37554e2e2af6018d3ba,8e5f533dbf1092f56ac6c7542ef3bdec4661bd442c9b5e7537fabc7b8c03f5a8,390828.187237978,0.125,2028.0622379779816,390828.0607470779,27,2028.0622379779816
5fb02cfeb979fec16df02d1ece227157238477b19fc6e37554e2e2af6018d3ba,8e5f533dbf1092f56ac6c7542ef3bdec4661bd442c9b5e7537fabc7b8c03f5a8,390908.2114450932,0.397,2107.814445093216,390907.81295419316,27,2107.814445093216
5fb02cfeb979fec16df02d1ece227157238477b19fc6e37554e2e2af6018d3ba,8e5f533dbf1092f56ac6c7542ef3bdec4661bd442c9b5e7537fabc7b8c03f5a8,391114.86920309067,0.109,2314.760203090671,391114.7587121906,27,2314.760203090671
5fb02cfeb979fec16df02d1ece227157238477b19fc6e37554e2e2af6018d3ba,8e5f533dbf1092f56ac6c7542ef3bdec4661bd442c9b5e7537fabc7b8c03f5a8,391147.3677699566,0.066,2347.301769956597,391147.30027905654,27,2347.301769956597
5fb02cfeb979fec16df02d1ece227157238477b19fc6e37554e2e2af6018d3ba,8e5f533dbf1092f56ac6c7542ef3bdec4661bd442c9b5e7537fabc7b8c03f5a8,391350.6477389336,0.125,2550.5227389336214,391350.52124803356,27,2550.5227389336214
5fb02cfeb979fec16df02d1ece227157238477b19fc6e37554e2e2af6018d3ba,8e5f533dbf1092f56ac6c7542ef3bdec4661bd442c9b5e7537fabc7b8c03f5a8,391379.67272901535,0.25,2579.4227290153503,391379.4212381153,27,2579.4227290153503
5fb02cfeb979fec16df02d1ece227157238477b19fc6e37554e2e2af6018d3ba,8e5f533dbf1092f56ac6c7542ef3bdec4661bd442c9b5e7537fabc7b8c03f5a8,391723.8065209389,0.078,2923.728520938894,391723.72703003883,27,2923.728520938894
5fb02cfeb979fec16df02d1ece227157238477b19fc6e37554e2e2af6018d3ba,8e5f533dbf1092f56ac6c7542ef3bdec4661bd442c9b5e7537fabc7b8c03f5a8,391950.6192080975,0.093,3150.5262080975226,391950.52471719746,27,3150.5262080975226
5fb02cfeb979fec16df02d1ece227157238477b19fc6e37554e2e2af6018d3ba,8e5f533dbf1092f56ac6c7542ef3bdec4661bd442c9b5e7537fabc7b8c03f5a8,392008.598140955,0.093,3208.505140954978,392008.5036500549,27,3208.505140954978
5fb02cfeb979fec16df02d1ece227157238477b19fc6e37554e2e2af6018d3ba,8e5f533dbf1092f56ac6c7542ef3bdec4661bd442c9b5e7537fabc7b8c03f5a8,392083.53279709816,0.078,3283.4547970981803,392083.4533061981,27,3283.4547970981803
5fb02cfeb979fec16df02d1ece227157238477b19fc6e37554e2e2af6018d3ba,8e5f533dbf1092f56ac6c7542ef3bdec4661bd442c9b5e7537fabc7b8c03f5a8,392418.8021221161,0.142,3618.6601221160963,392418.65863121604,27,3618.6601221160963
5fb02cfeb979fec16df02d1ece227157238477b19fc6e37554e2e2af6018d3ba,8e5f533dbf1092f56ac6c7542ef3bdec4661bd442c9b5e7537fabc7b8c03f5a8,393397.3419880867,0.093,4597.248988086707,393397.24749718665,27,4597.248988086707
5fb02cfeb979fec16df02d1ece227157238477b19fc6e37554e2e2af6018d3ba,8e5f533dbf1092f56ac6c7542ef3bdec4661bd442c9b5e7537fabc7b8c03f5a8,393457.0706870556,0.078,4656.992687055608,393456.99119615555,27,4656.992687055608
5fb02cfeb979fec16df02d1ece227157238477b19fc6e37554e2e2af6018d3ba,8e5f533dbf1092f56ac6c7542ef3bdec4661bd442c9b5e7537fabc7b8c03f5a8,393468.53966903687,0.14,4668.399669036851,393468.3981781368,27,4668.399669036851
5fb02cfeb979fec16df02d1ece227157238477b19fc6e37554e2e2af6018d3ba,8e5f533dbf1092f56ac6c7542ef3bdec4661bd442c9b5e7537fabc7b8c03f5a8,393514.50554704666,0.093,4714.412547046668,393514.4110561466,27,4714.412547046668
5fb02cfeb979fec16df02d1ece227157238477b19fc6e37554e2e2af6018d3ba,8e5f533dbf1092f56ac6c7542ef3bdec4661bd442c9b5e7537fabc7b8c03f5a8,393586.2213220596,0.078,4786.143322059594,393586.14183115953,27,4786.143322059594
5fb02cfeb979fec16df02d1ece227157238477b19fc6e37554e2e2af6018d3ba,8e5f533dbf1092f56ac6c7542ef3bdec4661bd442c9b5e7537fabc7b8c03f5a8,394461.61622691154,0.266,5661.3502269115415,394461.3487360115,27,5661.3502269115415
5fb02cfeb979fec16df02d1ece227157238477b19fc6e37554e2e2af6018d3ba,8e5f533dbf1092f56ac6c7542ef3bdec4661bd442c9b5e7537fabc7b8c03f5a8,394540.194106102,0.157,5740.037106101983,394540.0356152019,27,5740.037106101983
5fb02cfeb979fec16df02d1ece227157238477b19fc6e37554e2e2af6018d3ba,8e5f533dbf1092f56ac6c7542ef3bdec4661bd442c9b5e7537fabc7b8c03f5a8,395212.6710519791,0.101,6412.570051979099,395212.56856107904,27,6412.570051979099
5fb02cfeb979fec16df02d1ece227157238477b19fc6e37554e2e2af6018d3ba,8e5f533dbf1092f56ac6c7542ef3bdec4661bd442c9b5e7537fabc7b8c03f5a8,395656.9882519245,0.453,6856.535251924535,395656.5337610245,27,6856.535251924535
5fb02cfeb979fec16df02d1ece227157238477b19fc6e37554e2e2af6018d3ba,8e5f533dbf1092f56ac6c7542ef3bdec4661bd442c9b5e7537fabc7b8c03f5a8,396586.50856900215,0.109,7786.399569002155,396586.3980781021,27,7786.399569002155
5fb02cfeb979fec16df02d1ece227157238477b19fc6e37554e2e2af6018d3ba,8e5f533dbf1092f56ac6c7542ef3bdec4661bd442c9b5e7537fabc7b8c03f5a8,397186.4810030461,0.14,8386.34100304608,397186.339512146,27,8386.34100304608
5fb02cfeb979fec16df02d1ece227157238477b19fc6e37554e2e2af6018d3ba,8e5f533dbf1092f56ac6c7542ef3bdec4661bd442c9b5e7537fabc7b8c03f5a8,397247.7173540592,0.328,8447.38935405924,397247.3878631592,27,8447.38935405924
5fb02cfeb979fec16df02d1ece227157238477b19fc6e37554e2e2af6018d3ba,8e5f533dbf1092f56ac6c7542ef3bdec4661bd442c9b5e7537fabc7b8c03f5a8,397340.37312197685,0.265,8540.108121976838,397340.1066310768,27,8540.108121976838
5fb02cfeb979fec16df02d1ece227157238477b19fc6e37554e2e2af6018d3ba,8e5f533dbf1092f56ac6c7542ef3bdec4661bd442c9b5e7537fabc7b8c03f5a8,397561.6021900177,0.125,8761.4771900177,397561.47569911764,27,8761.4771900177
5fb02cfeb979fec16df02d1ece227157238477b19fc6e37554e2e2af6018d3ba,8e5f533dbf1092f56ac6c7542ef3bdec4661bd442c9b5e7537fabc7b8c03f5a8,397800.8689351082,0.078,9000.790935108205,397800.78944420815,27,9000.790935108205
5fb02cfeb979fec16df02d1ece227157238477b19fc6e37554e2e2af6018d3ba,8e5f533dbf1092f56ac6c7542ef3bdec4661bd442c9b5e7537fabc7b8c03f5a8,398340.4012548924,0.314,9540.087254892394,398340.08576399233,27,9540.087254892394
5fb02cfeb979fec16df02d1ece227157238477b19fc6e37554e2e2af6018d3ba,8e5f533dbf1092f56ac6c7542ef3bdec4661bd442c9b5e7537fabc7b8c03f5a8,398484.9359600544,0.093,9684.842960054404,398484.84146915434,27,9684.842960054404
5fb02cfeb979fec16df02d1ece227157238477b19fc6e37554e2e2af6018d3ba,8e5f533dbf1092f56ac6c7542ef3bdec4661bd442c9b5e7537fabc7b8c03f5a8,398514.44828009605,0.109,9714.339280096057,398514.337789196,27,9714.339280096057
5fb02cfeb979fec16df02d1ece227157238477b19fc6e37554e2e2af6018d3ba,8e5f533dbf1092f56ac6c7542ef3bdec4661bd442c9b5e7537fabc7b8c03f5a8,398558.3935871124,0.203,9758.190587112447,398558.1890962124,27,9758.190587112447
5fb02cfeb979fec16df02d1ece227157238477b19fc6e37554e2e2af6018d3ba,8e5f533dbf1092f56ac6c7542ef3bdec4661bd442c9b5e7537fabc7b8c03f5a8,398599.5653209686,0.296,9799.269320968655,398599.2678300686,27,9799.269320968655
5fb02cfeb979fec16df02d1ece227157238477b19fc6e37554e2e2af6018d3ba,8e5f533dbf1092f56ac6c7542ef3bdec4661bd442c9b5e7537fabc7b8c03f5a8,398634.49453401566,0.205,9834.28953401564,398634.2880431156,27,9834.28953401564
5fb02cfeb979fec16df02d1ece227157238477b19fc6e37554e2e2af6018d3ba,8e5f533dbf1092f56ac6c7542ef3bdec4661bd442c9b5e7537fabc7b8c03f5a8,398753.505053997,0.088,9953.417053996993,398753.41556309693,27,9953.417053996993
5fb02cfeb979fec16df02d1ece227157238477b19fc6e37554e2e2af6018d3ba,8e5f533dbf1092f56ac6c7542ef3bdec4661bd442c9b5e7537fabc7b8c03f5a8,398873.5113790035,0.124,10073.387379003514,398873.38588810345,27,10073.387379003514
5fb02cfeb979fec16df02d1ece227157238477b19fc6e37554e2e2af6018d3ba,8e5f533dbf1092f56ac6c7542ef3bdec4661bd442c9b5e7537fabc7b8c03f5a8,399080.419342041,0.119,10280.30034204101,399080.29885114095,27,10280.30034204101
5fb02cfeb979fec16df02d1ece227157238477b19fc6e37554e2e2af6018d3ba,8e5f533dbf1092f56ac6c7542ef3bdec4661bd442c9b5e7537fabc7b8c03f5a8,399260.9964849949,0.125,10460.871484994888,399260.8699940948,27,10460.871484994888
5fb02cfeb979fec16df02d1ece227157238477b19fc6e37554e2e2af6018d3ba,8e5f533dbf1092f56ac6c7542ef3bdec4661bd442c9b5e7537fabc7b8c03f5a8,399400.5691730976,0.125,10600.44417309761,399400.44268219755,27,10600.44417309761
5fb02cfeb979fec16df02d1ece227157238477b19fc6e37554e2e2af6018d3ba,8e5f533dbf1092f56ac6c7542ef3bdec4661bd442c9b5e7537fabc7b8c03f5a8,399508.9285030365,0.078,10708.85050303652,399508.84901213646,27,10708.85050303652
5fb02cfeb979fec16df02d1ece227157238477b19fc6e37554e2e2af6018d3ba,8e5f533dbf1092f56ac6c7542ef3bdec4661bd442c9b5e7537fabc7b8c03f5a8,399535.1368539333,0.109,10735.02785393328,399535.0263630332,27,10735.02785393328
5fb02cfeb979fec16df02d1ece227157238477b19fc6e37554e2e2af6018d3ba,8e5f533dbf1092f56ac6c7542ef3bdec4661bd442c9b5e7537fabc7b8c03f5a8,399640.6784029007,0.14,10840.538402900682,399640.5369120006,27,10840.538402900682
5fb02cfeb979fec16df02d1ece227157238477b19fc6e37554e2e2af6018d3ba,8e5f533dbf1092f56ac6c7542ef3bdec4661bd442c9b5e7537fabc7b8c03f5a8,399714.5239319801,0.125,10914.398931980075,399714.39744108,27,10914.398931980075
5fb02cfeb979fec16df02d1ece227157238477b19fc6e37554e2e2af6018d3ba,8e5f533dbf1092f56ac6c7542ef3bdec4661bd442c9b5e7537fabc7b8c03f5a8,399778.3494770527,0.171,10978.178477052716,399778.17698615266,27,10978.178477052716
5fb02cfeb979fec16df02d1ece227157238477b19fc6e37554e2e2af6018d3ba,8e5f533dbf1092f56ac6c7542ef3bdec4661bd442c9b5e7537fabc7b8c03f5a8,399897.194341898,0.093,11097.10134189803,399897.09985099797,27,11097.10134189803
5fb02cfeb979fec16df02d1ece227157238477b19fc6e37554e2e2af6018d3ba,8e5f533dbf1092f56ac6c7542ef3bdec4661bd442c9b5e7537fabc7b8c03f5a8,399929.6986460686,0.093,11129.60564606858,399929.6041551685,27,11129.60564606858
5fb02cfeb979fec16df02d1ece227157238477b19fc6e37554e2e2af6018d3ba,8e5f533dbf1092f56ac6c7542ef3bdec4661bd442c9b5e7537fabc7b8c03f5a8,399979.3504281044,0.153,11179.19742810441,399979.19593720435,27,11179.19742810441
5fb02cfeb979fec16df02d1ece227157238477b19fc6e37554e2e2af6018d3ba,8e5f533dbf1092f56ac6c7542ef3bdec4661bd442c9b5e7537fabc7b8c03f5a8,400001.21038389206,0.093,11201.117383892066,400001.115892992,27,11201.117383892066
5fb02cfeb979fec16df02d1ece227157238477b19fc6e37554e2e2af6018d3ba,8e5f533dbf1092f56ac6c7542ef3bdec4661bd442c9b5e7537fabc7b8c03f5a8,400077.7087349892,0.109,11277.599734989228,400077.59824408917,27,11277.599734989228
5fb02cfeb979fec16df02d1ece227157238477b19fc6e37554e2e2af6018d3ba,8e5f533dbf1092f56ac6c7542ef3bdec4661bd442c9b5e7537fabc7b8c03f5a8,400121.54309105873,0.125,11321.418091058731,400121.4166001587,27,11321.418091058731
5fb02cfeb979fec16df02d1ece227157238477b19fc6e37554e2e2af6018d3ba,8e5f533dbf1092f56ac6c7542ef3bdec4661bd442c9b5e7537fabc7b8c03f5a8,400137.6851260662,0.078,11337.607126066228,400137.60563516617,27,11337.607126066228
5fb02cfeb979fec16df02d1ece227157238477b19fc6e37554e2e2af6018d3ba,8e5f533dbf1092f56ac6c7542ef3bdec4661bd442c9b5e7537fabc7b8c03f5a8,400169.9984889031,0.078,11369.920488903124,400169.91899800306,27,11369.920488903124
5fb02cfeb979fec16df02d1ece227157238477b19fc6e37554e2e2af6018d3ba,8e5f533dbf1092f56ac6c7542ef3bdec4661bd442c9b5e7537fabc7b8c03f5a8,400181.4368259907,0.076,11381.360825990676,400181.3593350906,27,11381.360825990676
5fb02cfeb979fec16df02d1ece227157238477b19fc6e37554e2e2af6018d3ba,8e5f533dbf1092f56ac6c7542ef3bdec4661bd442c9b5e7537fabc7b8c03f5a8,400241.1335680485,0.187,11440.946568048501,400240.94507714844,27,11440.946568048501
5fb02cfeb979fec16df02d1ece227157238477b19fc6e37554e2e2af6018d3ba,8e5f533dbf1092f56ac6c7542ef3bdec4661bd442c9b5e7537fabc7b8c03f5a8,400257.9705479145,0.096,11457.874547914485,400257.8730570144,27,11457.874547914485
5fb02cfeb979fec16df02d1ece227157238477b19fc6e37554e2e2af6018d3ba,8e5f533dbf1092f56ac6c7542ef3bdec4661bd442c9b5e7537fabc7b8c03f5a8,400279.7004029751,0.109,11479.591402975086,400279.589912075,27,11479.591402975086
5fb02cfeb979fec16df02d1ece227157238477b19fc6e37554e2e2af6018d3ba,8e5f533dbf1092f56ac6c7542ef3bdec4661bd442c9b5e7537fabc7b8c03f5a8,400349.6366150379,0.078,11549.558615037939,400349.5571241379,27,11549.558615037939
5fb02cfeb979fec16df02d1ece227157238477b19fc6e37554e2e2af6018d3ba,8e5f533dbf1092f56ac6c7542ef3bdec4661bd442c9b5e7537fabc7b8c03f5a8,400377.83063697815,0.13,11577.700636978145,400377.6991460781,27,11577.700636978145
5fb02cfeb979fec16df02d1ece227157238477b19fc6e37554e2e2af6018d3ba,8e5f533dbf1092f56ac6c7542ef3bdec4661bd442c9b5e7537fabc7b8c03f5a8,400409.1170110703,0.093,11609.024011070316,400409.02252017026,27,11609.024011070316
5fb02cfeb979fec16df02d1ece227157238477b19fc6e37554e2e2af6018d3ba,8e5f533dbf1092f56ac6c7542ef3bdec4661bd442c9b5e7537fabc7b8c03f5a8,400419.5225949288,0.141,11619.381594928796,400419.38010402874,27,11619.381594928796
5fb02cfeb979fec16df02d1ece227157238477b19fc6e37554e2e2af6018d3ba,8e5f533dbf1092f56ac6c7542ef3bdec4661bd442c9b5e7537fabc7b8c03f5a8,400520.14856791496,0.109,11720.039567914966,400520.0380770149,27,11720.039567914966
5fb02cfeb979fec16df02d1ece227157238477b19fc6e37554e2e2af6018d3ba,8e5f533dbf1092f56ac6c7542ef3bdec4661bd442c9b5e7537fabc7b8c03f5a8,400529.22735500336,0.078,11729.149355003377,400529.1478641033,27,11729.149355003377
5fb02cfeb979fec16df02d1ece227157238477b19fc6e37554e2e2af6018d3ba,8e5f533dbf1092f56ac6c7542ef3bdec4661bd442c9b5e7537fabc7b8c03f5a8,400677.801817894,0.124,11877.677817893971,400677.6763269939,27,11877.677817893971
5fb02cfeb979fec16df02d1ece227157238477b19fc6e37554e2e2af6018d3ba,8e5f533dbf1092f56ac6c7542ef3bdec4661bd442c9b5e7537fabc7b8c03f5a8,400680.38282489777,0.109,11880.27382489777,400680.2723339977,27,11880.27382489777
5fb02cfeb979fec16df02d1ece227157238477b19fc6e37554e2e2af6018d3ba,8e5f533dbf1092f56ac6c7542ef3bdec4661bd442c9b5e7537fabc7b8c03f5a8,400740.39200401306,0.124,11940.26800401305,400740.266513113,27,11940.26800401305
5fb02cfeb979fec16df02d1ece227157238477b19fc6e37554e2e2af6018d3ba,8e5f533dbf1092f56ac6c7542ef3bdec4661bd442c9b5e7537fabc7b8c03f5a8,400881.1852450371,0.125,12081.060245037079,400881.058754137,27,12081.060245037079
5fb02cfeb979fec16df02d1ece227157238477b19fc6e37554e2e2af6018d3ba,8e5f533dbf1092f56ac6c7542ef3bdec4661bd442c9b5e7537fabc7b8c03f5a8,400980.06387496,0.125,12179.938874960004,400979.93738405994,27,12179.938874960004
5fb02cfeb979fec16df02d1ece227157238477b19fc6e37554e2e2af6018d3ba,8e5f533dbf1092f56ac6c7542ef3bdec4661bd442c9b5e7537fabc7b8c03f5a8,401070.9753870964,0.124,12270.851387096394,401070.84989619633,27,12270.851387096394
5fb02cfeb979fec16df02d1ece227157238477b19fc6e37554e2e2af6018d3ba,8e5f533dbf1092f56ac6c7542ef3bdec4661bd442c9b5e7537fabc7b8c03f5a8,401110.1138548851,0.14,12309.973854885087,401109.972363985,27,12309.973854885087
5fb02cfeb979fec16df02d1ece227157238477b19fc6e37554e2e2af6018d3ba,8e5f533dbf1092f56ac6c7542ef3bdec4661bd442c9b5e7537fabc7b8c03f5a8,401169.5360798836,0.093,12369.443079883582,401169.4415889835,27,12369.443079883582
5fb02cfeb979fec16df02d1ece227157238477b19fc6e37554e2e2af6018d3ba,8e5f533dbf1092f56ac6c7542ef3bdec4661bd442c9b5e7537fabc7b8c03f5a8,401459.42320108414,0.133,12659.290201084164,401459.2887101841,27,12659.290201084164
5fb02cfeb979fec16df02d1ece227157238477b19fc6e37554e2e2af6018d3ba,8e5f533dbf1092f56ac6c7542ef3bdec4661bd442c9b5e7537fabc7b8c03f5a8,401530.318212986,0.109,12730.209212985996,401530.20772208594,27,12730.209212985996
5fb02cfeb979fec16df02d1ece227157238477b19fc6e37554e2e2af6018d3ba,8e5f533dbf1092f56ac6c7542ef3bdec4661bd442c9b5e7537fabc7b8c03f5a8,401577.8697729111,0.125,12777.744772911072,401577.743282011,27,12777.744772911072
5fb02cfeb979fec16df02d1ece227157238477b19fc6e37554e2e2af6018d3ba,8e5f533dbf1092f56ac6c7542ef3bdec4661bd442c9b5e7537fabc7b8c03f5a8,401670.4191229344,0.093,12870.326122934406,401670.32463203435,27,12870.326122934406
5fb02cfeb979fec16df02d1ece227157238477b19fc6e37554e2e2af6018d3ba,8e5f533dbf1092f56ac6c7542ef3bdec4661bd442c9b5e7537fabc7b8c03f5a8,401681.7727060318,0.078,12881.69470603182,401681.69321513176,27,12881.69470603182
5fb02cfeb979fec16df02d1ece227157238477b19fc6e37554e2e2af6018d3ba,8e5f533dbf1092f56ac6c7542ef3bdec4661bd442c9b5e7537fabc7b8c03f5a8,401762.4071950913,0.124,12962.283195091295,401762.28170419123,27,12962.283195091295
5fb02cfeb979fec16df02d1ece227157238477b19fc6e37554e2e2af6018d3ba,8e5f533dbf1092f56ac6c7542ef3bdec4661bd442c9b5e7537fabc7b8c03f5a8,401902.6517488957,0.124,13102.527748895693,401902.52625799563,27,13102.527748895693
5fb02cfeb979fec16df02d1ece227157238477b19fc6e37554e2e2af6018d3ba,8e5f533dbf1092f56ac6c7542ef3bdec4661bd442c9b5e7537fabc7b8c03f5a8,401939.0718500614,0.109,13138.96285006142,401938.96135916136,27,13138.96285006142
5fb02cfeb979fec16df02d1ece227157238477b19fc6e37554e2e2af6018d3ba,8e5f533dbf1092f56ac6c7542ef3bdec4661bd442c9b5e7537fabc7b8c03f5a8,402091.1941080093,0.062,13291.132108009304,402091.13061710924,27,13291.132108009304
5fb02cfeb979fec16df02d1ece227157238477b19fc6e37554e2e2af6018d3ba,8e5f533dbf1092f56ac6c7542ef3bdec4661bd442c9b5e7537fabc7b8c03f5a8,402184.4917449951,1.045,13383.446744995133,402183.4452540951,27,13383.446744995133
5fb02cfeb979fec16df02d1ece227157238477b19fc6e37554e2e2af6018d3ba,8e5f533dbf1092f56ac6c7542ef3bdec4661bd442c9b5e7537fabc7b8c03f5a8,402310.9467680454,0.109,13510.837768045429,402310.83627714537,27,13510.837768045429
5fb02cfeb979fec16df02d1ece227157238477b19fc6e37554e2e2af6018d3ba,8e5f533dbf1092f56ac6c7542ef3bdec4661bd442c9b5e7537fabc7b8c03f5a8,402402.43216490746,0.093,13602.339164907462,402402.3376740074,27,13602.339164907462
5fb02cfeb979fec16df02d1ece227157238477b19fc6e37554e2e2af6018d3ba,8e5f533dbf1092f56ac6c7542ef3bdec4661bd442c9b5e7537fabc7b8c03f5a8,402423.7017960549,0.078,13623.623796054919,402423.62230515486,27,13623.623796054919
5fb02cfeb979fec16df02d1ece227157238477b19fc6e37554e2e2af6018d3ba,8e5f533dbf1092f56ac6c7542ef3bdec4661bd442c9b5e7537fabc7b8c03f5a8,402461.4731709957,0.112,13661.36117099569,402461.35968009563,27,13661.36117099569
5fb02cfeb979fec16df02d1ece227157238477b19fc6e37554e2e2af6018d3ba,8e5f533dbf1092f56ac6c7542ef3bdec4661bd442c9b5e7537fabc7b8c03f5a8,402490.5573890209,0.078,13690.47938902094,402490.4778981209,27,13690.47938902094
5fb02cfeb979fec16df02d1ece227157238477b19fc6e37554e2e2af6018d3ba,8e5f533dbf1092f56ac6c7542ef3bdec4661bd442c9b5e7537fabc7b8c03f5a8,402550.2915570736,0.078,13750.213557073614,402550.21206617355,27,13750.213557073614
5fb02cfeb979fec16df02d1ece227157238477b19fc6e37554e2e2af6018d3ba,8e5f533dbf1092f56ac6c7542ef3bdec4661bd442c9b5e7537fabc7b8c03f5a8,402622.1765809059,0.12,13822.056580905919,402622.05509000586,27,13822.056580905919
5fb02cfeb979fec16df02d1ece227157238477b19fc6e37554e2e2af6018d3ba,8e5f533dbf1092f56ac6c7542ef3bdec4661bd442c9b5e7537fabc7b8c03f5a8,402802.5852520466,0.078,14002.507252046606,402802.50576114655,27,14002.507252046606
5fb02cfeb979fec16df02d1ece227157238477b19fc6e37554e2e2af6018d3ba,8e5f533dbf1092f56ac6c7542ef3bdec4661bd442c9b5e7537fabc7b8c03f5a8,402840.53106093407,0.109,14040.42206093407,402840.420570034,27,14040.42206093407
5fb02cfeb979fec16df02d1ece227157238477b19fc6e37554e2e2af6018d3ba,8e5f533dbf1092f56ac6c7542ef3bdec4661bd442c9b5e7537fabc7b8c03f5a8,402845.99654102325,0.187,14045.809541023278,402845.8080501232,27,14045.809541023278
5fb02cfeb979fec16df02d1ece227157238477b19fc6e37554e2e2af6018d3ba,8e5f533dbf1092f56ac6c7542ef3bdec4661bd442c9b5e7537fabc7b8c03f5a8,403141.3206980229,0.218,14341.102698022907,403141.10120712285,27,14341.102698022907
17c37a0fdd5d1932b755c0e6447137bc08fd524f455e14fdac414f584de08dc5,eb58570e8784a01a3ce5732980003c1c85f9028364b97ed1f1a6d1384507b8c2,389821.8729660511,0.022,1021.8509660511045,389821.84947515104,27,1021.8509660511045
17c37a0fdd5d1932b755c0e6447137bc08fd524f455e14fdac414f584de08dc5,eb58570e8784a01a3ce5732980003c1c85f9028364b97ed1f1a6d1384507b8c2,390694.4267930985,0.017,1894.4097930985154,390694.40830219846,27,1894.4097930985154
17c37a0fdd5d1932b755c0e6447137bc08fd524f455e14fdac414f584de08dc5,eb58570e8784a01a3ce5732980003c1c85f9028364b97ed1f1a6d1384507b8c2,391414.1208710671,0.047,2614.073871067085,391414.072380167,27,2614.073871067085
17c37a0fdd5d1932b755c0e6447137bc08fd524f455e14fdac414f584de08dc5,eb58570e8784a01a3ce5732980003c1c85f9028364b97ed1f1a6d1384507b8c2,391463.1702980995,0.016,2663.1542980995146,391463.15280719945,27,2663.1542980995146
17c37a0fdd5d1932b755c0e6447137bc08fd524f455e14fdac414f584de08dc5,eb58570e8784a01a3ce5732980003c1c85f9028364b97ed1f1a6d1384507b8c2,391560.0371069908,0.069,2759.9681069907965,391559.96661609074,27,2759.9681069907965
17c37a0fdd5d1932b755c0e6447137bc08fd524f455e14fdac414f584de08dc5,eb58570e8784a01a3ce5732980003c1c85f9028364b97ed1f1a6d1384507b8c2,391646.02384305,0.022,2846.001843050006,391646.00035214995,27,2846.001843050006
17c37a0fdd5d1932b755c0e6447137bc08fd524f455e14fdac414f584de08dc5,eb58570e8784a01a3ce5732980003c1c85f9028364b97ed1f1a6d1384507b8c2,391646.1759490967,0.016,2846.1599490966764,391646.1584581966,27,2846.1599490966764
17c37a0fdd5d1932b755c0e6447137bc08fd524f455e14fdac414f584de08dc5,eb58570e8784a01a3ce5732980003c1c85f9028364b97ed1f1a6d1384507b8c2,391646.5453310013,0.017,2846.528331001289,391646.5268401012,27,2846.528331001289
17c37a0fdd5d1932b755c0e6447137bc08fd524f455e14fdac414f584de08dc5,eb58570e8784a01a3ce5732980003c1c85f9028364b97ed1f1a6d1384507b8c2,392435.3981459141,0.021,3635.37714591407,392435.375655014,27,3635.37714591407
17c37a0fdd5d1932b755c0e6447137bc08fd524f455e14fdac414f584de08dc5,eb58570e8784a01a3ce5732980003c1c85f9028364b97ed1f1a6d1384507b8c2,392475.5595450401,0.019,3675.5405450401013,392475.53905414004,27,3675.5405450401013
17c37a0fdd5d1932b755c0e6447137bc08fd524f455e14fdac414f584de08dc5,eb58570e8784a01a3ce5732980003c1c85f9028364b97ed1f1a6d1384507b8c2,392482.8033699989,0.025,3682.7783699988504,392482.7768790988,27,3682.7783699988504
17c37a0fdd5d1932b755c0e6447137bc08fd524f455e14fdac414f584de08dc5,eb58570e8784a01a3ce5732980003c1c85f9028364b97ed1f1a6d1384507b8c2,392489.859498024,0.017,3689.8424980239943,392489.84100712393,27,3689.8424980239943
17c37a0fdd5d1932b755c0e6447137bc08fd524f455e14fdac414f584de08dc5,eb58570e8784a01a3ce5732980003c1c85f9028364b97ed1f1a6d1384507b8c2,392489.9452140331,0.025,3689.9202140331035,392489.91872313304,27,3689.9202140331035
17c37a0fdd5d1932b755c0e6447137bc08fd524f455e14fdac414f584de08dc5,eb58570e8784a01a3ce5732980003c1c85f9028364b97ed1f1a6d1384507b8c2,392490.28387999535,0.016,3690.267879995343,392490.2663890953,27,3690.267879995343
17c37a0fdd5d1932b755c0e6447137bc08fd524f455e14fdac414f584de08dc5,eb58570e8784a01a3ce5732980003c1c85f9028364b97ed1f1a6d1384507b8c2,392502.1487619877,0.024,3702.1247619877104,392502.12327108765,27,3702.1247619877104
17c37a0fdd5d1932b755c0e6447137bc08fd524f455e14fdac414f584de08dc5,eb58570e8784a01a3ce5732980003c1c85f9028364b97ed1f1a6d1384507b8c2,392509.25188589096,0.019,3709.2328858909896,392509.23139499093,27,3709.2328858909896
17c37a0fdd5d1932b755c0e6447137bc08fd524f455e14fdac414f584de08dc5,eb58570e8784a01a3ce5732980003c1c85f9028364b97ed1f1a6d1384507b8c2,392509.29351210594,0.024,3709.269512105966,392509.2680212059,27,3709.269512105966
17c37a0fdd5d1932b755c0e6447137bc08fd524f455e14fdac414f584de08dc5,eb58570e8784a01a3ce5732980003c1c85f9028364b97ed1f1a6d1384507b8c2,392598.1938560009,0.034,3798.159856000915,392598.15836510086,27,3798.159856000915
17c37a0fdd5d1932b755c0e6447137bc08fd524f455e14fdac414f584de08dc5,eb58570e8784a01a3ce5732980003c1c85f9028364b97ed1f1a6d1384507b8c2,392598.31490302086,0.149,3798.165903020883,392598.1644121208,27,3798.165903020883
17c37a0fdd5d1932b755c0e6447137bc08fd524f455e14fdac414f584de08dc5,eb58570e8784a01a3ce5732980003c1c85f9028364b97ed1f1a6d1384507b8c2,394012.2746400833,0.019,5212.255640083342,394012.2541491833,27,5212.255640083342
17c37a0fdd5d1932b755c0e6447137bc08fd524f455e14fdac414f584de08dc5,eb58570e8784a01a3ce5732980003c1c85f9028364b97ed1f1a6d1384507b8c2,394461.8311700821,0.019,5661.812170082121,394461.81067918206,27,5661.812170082121
17c37a0fdd5d1932b755c0e6447137bc08fd524f455e14fdac414f584de08dc5,eb58570e8784a01a3ce5732980003c1c85f9028364b97ed1f1a6d1384507b8c2,394464.6703360081,0.024,5664.646336008096,394464.64484510804,27,5664.646336008096
17c37a0fdd5d1932b755c0e6447137bc08fd524f455e14fdac414f584de08dc5,eb58570e8784a01a3ce5732980003c1c85f9028364b97ed1f1a6d1384507b8c2,394464.7531039715,0.025,5664.728103971458,394464.7266130714,27,5664.728103971458
17c37a0fdd5d1932b755c0e6447137bc08fd524f455e14fdac414f584de08dc5,eb58570e8784a01a3ce5732980003c1c85f9028364b97ed1f1a6d1384507b8c2,394474.8693490029,0.023,5674.84634900291,394474.84485810285,27,5674.84634900291
17c37a0fdd5d1932b755c0e6447137bc08fd524f455e14fdac414f584de08dc5,eb58570e8784a01a3ce5732980003c1c85f9028364b97ed1f1a6d1384507b8c2,394496.8519210816,0.035,5696.816921081627,394496.81543018157,27,5696.816921081627
17c37a0fdd5d1932b755c0e6447137bc08fd524f455e14fdac414f584de08dc5,eb58570e8784a01a3ce5732980003c1c85f9028364b97ed1f1a6d1384507b8c2,394496.89219999313,0.025,5696.86719999311,394496.86570909305,27,5696.86719999311
17c37a0fdd5d1932b755c0e6447137bc08fd524f455e14fdac414f584de08dc5,eb58570e8784a01a3ce5732980003c1c85f9028364b97ed1f1a6d1384507b8c2,394633.2017939091,0.026,5833.17579390906,394633.174303009,27,5833.17579390906
17c37a0fdd5d1932b755c0e6447137bc08fd524f455e14fdac414f584de08dc5,eb58570e8784a01a3ce5732980003c1c85f9028364b97ed1f1a6d1384507b8c2,394633.2430949211,0.02,5833.223094921093,394633.22160402103,27,5833.223094921093
17c37a0fdd5d1932b755c0e6447137bc08fd524f455e14fdac414f584de08dc5,eb58570e8784a01a3ce5732980003c1c85f9028364b97ed1f1a6d1384507b8c2,394639.6542470455,0.025,5839.629247045494,394639.62775614543,27,5839.629247045494
17c37a0fdd5d1932b755c0e6447137bc08fd524f455e14fdac414f584de08dc5,eb58570e8784a01a3ce5732980003c1c85f9028364b97ed1f1a6d1384507b8c2,394640.4550030232,0.019,5840.436003023235,394640.4345121232,27,5840.436003023235
17c37a0fdd5d1932b755c0e6447137bc08fd524f455e14fdac414f584de08dc5,eb58570e8784a01a3ce5732980003c1c85f9028364b97ed1f1a6d1384507b8c2,394762.29453110695,0.023,5962.271531106962,394762.2700402069,27,5962.271531106962
17c37a0fdd5d1932b755c0e6447137bc08fd524f455e14fdac414f584de08dc5,eb58570e8784a01a3ce5732980003c1c85f9028364b97ed1f1a6d1384507b8c2,394762.3237309456,0.027,5962.296730945585,394762.2952400455,27,5962.296730945585
17c37a0fdd5d1932b755c0e6447137bc08fd524f455e14fdac414f584de08dc5,eb58570e8784a01a3ce5732980003c1c85f9028364b97ed1f1a6d1384507b8c2,394770.0123860836,0.017,5969.99538608361,394769.99389518355,27,5969.99538608361
17c37a0fdd5d1932b755c0e6447137bc08fd524f455e14fdac414f584de08dc5,eb58570e8784a01a3ce5732980003c1c85f9028364b97ed1f1a6d1384507b8c2,394772.5651760101,0.019,5972.5461760101025,394772.54468511004,27,5972.5461760101025
17c37a0fdd5d1932b755c0e6447137bc08fd524f455e14fdac414f584de08dc5,eb58570e8784a01a3ce5732980003c1c85f9028364b97ed1f1a6d1384507b8c2,394772.59395504,0.021,5972.57295503997,394772.5714641399,27,5972.57295503997
17c37a0fdd5d1932b755c0e6447137bc08fd524f455e14fdac414f584de08dc5,eb58570e8784a01a3ce5732980003c1c85f9028364b97ed1f1a6d1384507b8c2,394777.78795289993,0.023,5977.764952899946,394777.7634619999,27,5977.764952899946
17c37a0fdd5d1932b755c0e6447137bc08fd524f455e14fdac414f584de08dc5,eb58570e8784a01a3ce5732980003c1c85f9028364b97ed1f1a6d1384507b8c2,394777.8614358902,0.094,5977.767435890215,394777.76594499015,27,5977.767435890215
17c37a0fdd5d1932b755c0e6447137bc08fd524f455e14fdac414f584de08dc5,eb58570e8784a01a3ce5732980003c1c85f9028364b97ed1f1a6d1384507b8c2,394785.51947903633,0.022,5985.497479036334,394785.4959881363,27,5985.497479036334
17c37a0fdd5d1932b755c0e6447137bc08fd524f455e14fdac414f584de08dc5,eb58570e8784a01a3ce5732980003c1c85f9028364b97ed1f1a6d1384507b8c2,394785.5555610657,0.018,5985.537561065692,394785.53607016563,27,5985.537561065692
17c37a0fdd5d1932b755c0e6447137bc08fd524f455e14fdac414f584de08dc5,eb58570e8784a01a3ce5732980003c1c85f9028364b97ed1f1a6d1384507b8c2,395439.3053250313,0.029,6639.2763250313,395439.27483413124,27,6639.2763250313
17c37a0fdd5d1932b755c0e6447137bc08fd524f455e14fdac414f584de08dc5,eb58570e8784a01a3ce5732980003c1c85f9028364b97ed1f1a6d1384507b8c2,395445.6722950936,0.031,6645.641295093577,395445.6398041935,27,6645.641295093577
17c37a0fdd5d1932b755c0e6447137bc08fd524f455e14fdac414f584de08dc5,eb58570e8784a01a3ce5732980003c1c85f9028364b97ed1f1a6d1384507b8c2,395445.7768321037,0.022,6645.754832103674,395445.7533412036,27,6645.754832103674
17c37a0fdd5d1932b755c0e6447137bc08fd524f455e14fdac414f584de08dc5,eb58570e8784a01a3ce5732980003c1c85f9028364b97ed1f1a6d1384507b8c2,395450.4581050873,0.017,6650.441105087288,395450.4396141872,27,6650.441105087288
17c37a0fdd5d1932b755c0e6447137bc08fd524f455e14fdac414f584de08dc5,eb58570e8784a01a3ce5732980003c1c85f9028364b97ed1f1a6d1384507b8c2,395461.6112420559,0.036,6661.575242055871,395461.5737511558,27,6661.575242055871
17c37a0fdd5d1932b755c0e6447137bc08fd524f455e14fdac414f584de08dc5,eb58570e8784a01a3ce5732980003c1c85f9028364b97ed1f1a6d1384507b8c2,395462.1336491108,0.018,6662.115649110812,395462.11415821075,27,6662.115649110812
17c37a0fdd5d1932b755c0e6447137bc08fd524f455e14fdac414f584de08dc5,eb58570e8784a01a3ce5732980003c1c85f9028364b97ed1f1a6d1384507b8c2,395485.4108428955,0.016,6685.394842895505,395485.39335199544,27,6685.394842895505
17c37a0fdd5d1932b755c0e6447137bc08fd524f455e14fdac414f584de08dc5,eb58570e8784a01a3ce5732980003c1c85f9028364b97ed1f1a6d1384507b8c2,396229.38402605057,0.019,7429.3650260505965,396229.36353515054,27,7429.3650260505965
17c37a0fdd5d1932b755c0e6447137bc08fd524f455e14fdac414f584de08dc5,eb58570e8784a01a3ce5732980003c1c85f9028364b97ed1f1a6d1384507b8c2,396628.7736189365,0.018,7828.755618936499,396628.75412803644,27,7828.755618936499
17c37a0fdd5d1932b755c0e6447137bc08fd524f455e14fdac414f584de08dc5,eb58570e8784a01a3ce5732980003c1c85f9028364b97ed1f1a6d1384507b8c2,396846.9708418846,0.018,8046.952841884631,396846.9513509846,27,8046.952841884631
17c37a0fdd5d1932b755c0e6447137bc08fd524f455e14fdac414f584de08dc5,eb58570e8784a01a3ce5732980003c1c85f9028364b97ed1f1a6d1384507b8c2,396847.2496271133,0.174,8047.075627113285,396847.0741362132,27,8047.075627113285
17c37a0fdd5d1932b755c0e6447137bc08fd524f455e14fdac414f584de08dc5,eb58570e8784a01a3ce5732980003c1c85f9028364b97ed1f1a6d1384507b8c2,396847.3142740727,0.234,8047.080274072709,396847.07878317265,27,8047.080274072709
17c37a0fdd5d1932b755c0e6447137bc08fd524f455e14fdac414f584de08dc5,eb58570e8784a01a3ce5732980003c1c85f9028364b97ed1f1a6d1384507b8c2,396847.25601005554,0.17,8047.086010055558,396847.0845191555,27,8047.086010055558
17c37a0fdd5d1932b755c0e6447137bc08fd524f455e14fdac414f584de08dc5,eb58570e8784a01a3ce5732980003c1c85f9028364b97ed1f1a6d1384507b8c2,396849.1542649269,0.017,8049.137264926918,396849.13577402686,27,8049.137264926918
17c37a0fdd5d1932b755c0e6447137bc08fd524f455e14fdac414f584de08dc5,eb58570e8784a01a3ce5732980003c1c85f9028364b97ed1f1a6d1384507b8c2,396849.1883740425,0.031,8049.157374042494,396849.15588314243,27,8049.157374042494
17c37a0fdd5d1932b755c0e6447137bc08fd524f455e14fdac414f584de08dc5,eb58570e8784a01a3ce5732980003c1c85f9028364b97ed1f1a6d1384507b8c2,396851.9450809956,0.033,8051.912080995622,396851.91059009556,27,8051.912080995622
17c37a0fdd5d1932b755c0e6447137bc08fd524f455e14fdac414f584de08dc5,eb58570e8784a01a3ce5732980003c1c85f9028364b97ed1f1a6d1384507b8c2,396861.6604731083,0.023,8061.637473108305,396861.63598220824,27,8061.637473108305
17c37a0fdd5d1932b755c0e6447137bc08fd524f455e14fdac414f584de08dc5,eb58570e8784a01a3ce5732980003c1c85f9028364b97ed1f1a6d1384507b8c2,396862.0236389637,0.033,8061.9906389637035,396861.98914806364,27,8061.9906389637035
17c37a0fdd5d1932b755c0e6447137bc08fd524f455e14fdac414f584de08dc5,eb58570e8784a01a3ce5732980003c1c85f9028364b97ed1f1a6d1384507b8c2,396862.37982702255,0.023,8062.356827022566,396862.3553361225,27,8062.356827022566
17c37a0fdd5d1932b755c0e6447137bc08fd524f455e14fdac414f584de08dc5,eb58570e8784a01a3ce5732980003c1c85f9028364b97ed1f1a6d1384507b8c2,396862.4702119827,0.022,8062.44821198273,396862.44672108267,27,8062.44821198273
17c37a0fdd5d1932b755c0e6447137bc08fd524f455e14fdac414f584de08dc5,eb58570e8784a01a3ce5732980003c1c85f9028364b97ed1f1a6d1384507b8c2,396863.9201409817,0.034,8063.886140981689,396863.8846500816,27,8063.886140981689
17c37a0fdd5d1932b755c0e6447137bc08fd524f455e14fdac414f584de08dc5,eb58570e8784a01a3ce5732980003c1c85f9028364b97ed1f1a6d1384507b8c2,396863.907861948,0.02,8063.887861947995,396863.88637104793,27,8063.887861947995
17c37a0fdd5d1932b755c0e6447137bc08fd524f455e14fdac414f584de08dc5,eb58570e8784a01a3ce5732980003c1c85f9028364b97ed1f1a6d1384507b8c2,396883.4379630089,0.04,8083.397963008902,396883.39647210884,27,8083.397963008902
17c37a0fdd5d1932b755c0e6447137bc08fd524f455e14fdac414f584de08dc5,eb58570e8784a01a3ce5732980003c1c85f9028364b97ed1f1a6d1384507b8c2,396883.4262590408,0.027,8083.399259040772,396883.3977681407,27,8083.399259040772
17c37a0fdd5d1932b755c0e6447137bc08fd524f455e14fdac414f584de08dc5,eb58570e8784a01a3ce5732980003c1c85f9028364b97ed1f1a6d1384507b8c2,396898.8351299763,0.021,8098.814129976265,396898.8126390762,27,8098.814129976265
17c37a0fdd5d1932b755c0e6447137bc08fd524f455e14fdac414f584de08dc5,eb58570e8784a01a3ce5732980003c1c85f9028364b97ed1f1a6d1384507b8c2,396903.090444088,0.034,8103.056444087997,396903.05495318794,27,8103.056444087997
17c37a0fdd5d1932b755c0e6447137bc08fd524f455e14fdac414f584de08dc5,eb58570e8784a01a3ce5732980003c1c85f9028364b97ed1f1a6d1384507b8c2,396903.08735108376,0.023,8103.064351083769,396903.0628601837,27,8103.064351083769
17c37a0fdd5d1932b755c0e6447137bc08fd524f455e14fdac414f584de08dc5,eb58570e8784a01a3ce5732980003c1c85f9028364b97ed1f1a6d1384507b8c2,397032.240901947,0.027,8232.21390194702,397032.21241104696,27,8232.21390194702
17c37a0fdd5d1932b755c0e6447137bc08fd524f455e14fdac414f584de08dc5,eb58570e8784a01a3ce5732980003c1c85f9028364b97ed1f1a6d1384507b8c2,397032.2854321003,0.017,8232.268432100303,397032.26694120024,27,8232.268432100303
17c37a0fdd5d1932b755c0e6447137bc08fd524f455e14fdac414f584de08dc5,eb58570e8784a01a3ce5732980003c1c85f9028364b97ed1f1a6d1384507b8c2,397038.71856307983,0.028,8238.690563079843,397038.6890721798,27,8238.690563079843
17c37a0fdd5d1932b755c0e6447137bc08fd524f455e14fdac414f584de08dc5,eb58570e8784a01a3ce5732980003c1c85f9028364b97ed1f1a6d1384507b8c2,397038.7297189236,0.022,8238.70771892363,397038.70622802357,27,8238.70771892363
17c37a0fdd5d1932b755c0e6447137bc08fd524f455e14fdac414f584de08dc5,eb58570e8784a01a3ce5732980003c1c85f9028364b97ed1f1a6d1384507b8c2,397053.9786241055,0.039,8253.939624105522,397053.93813320546,27,8253.939624105522
17c37a0fdd5d1932b755c0e6447137bc08fd524f455e14fdac414f584de08dc5,eb58570e8784a01a3ce5732980003c1c85f9028364b97ed1f1a6d1384507b8c2,397053.9660859108,0.024,8253.942085910821,397053.94059501076,27,8253.942085910821
17c37a0fdd5d1932b755c0e6447137bc08fd524f455e14fdac414f584de08dc5,eb58570e8784a01a3ce5732980003c1c85f9028364b97ed1f1a6d1384507b8c2,397100.3280689716,0.022,8300.306068971578,397100.3045780715,27,8300.306068971578
17c37a0fdd5d1932b755c0e6447137bc08fd524f455e14fdac414f584de08dc5,eb58570e8784a01a3ce5732980003c1c85f9028364b97ed1f1a6d1384507b8c2,397100.3664801121,0.027,8300.339480112074,397100.337989212,27,8300.339480112074
17c37a0fdd5d1932b755c0e6447137bc08fd524f455e14fdac414f584de08dc5,eb58570e8784a01a3ce5732980003c1c85f9028364b97ed1f1a6d1384507b8c2,397106.7468569279,0.017,8306.72985692788,397106.7283660278,27,8306.72985692788
17c37a0fdd5d1932b755c0e6447137bc08fd524f455e14fdac414f584de08dc5,eb58570e8784a01a3ce5732980003c1c85f9028364b97ed1f1a6d1384507b8c2,397106.8551390171,0.026,8306.829139017093,397106.82764811703,27,8306.829139017093
17c37a0fdd5d1932b755c0e6447137bc08fd524f455e14fdac414f584de08dc5,eb58570e8784a01a3ce5732980003c1c85f9028364b97ed1f1a6d1384507b8c2,397111.9212319851,0.036,8311.88523198507,397111.883741085,27,8311.88523198507
17c37a0fdd5d1932b755c0e6447137bc08fd524f455e14fdac414f584de08dc5,eb58570e8784a01a3ce5732980003c1c85f9028364b97ed1f1a6d1384507b8c2,397111.9090590477,0.022,8311.887059047702,397111.88556814764,27,8311.887059047702
17c37a0fdd5d1932b755c0e6447137bc08fd524f455e14fdac414f584de08dc5,eb58570e8784a01a3ce5732980003c1c85f9028364b97ed1f1a6d1384507b8c2,397324.7214679718,0.03,8524.691467971774,397324.6899770717,27,8524.691467971774
17c37a0fdd5d1932b755c0e6447137bc08fd524f455e14fdac414f584de08dc5,eb58570e8784a01a3ce5732980003c1c85f9028364b97ed1f1a6d1384507b8c2,397324.7731649876,0.03,8524.743164987594,397324.74167408753,27,8524.743164987594
17c37a0fdd5d1932b755c0e6447137bc08fd524f455e14fdac414f584de08dc5,eb58570e8784a01a3ce5732980003c1c85f9028364b97ed1f1a6d1384507b8c2,397327.5516359806,0.017,8527.534635980614,397327.53314508055,27,8527.534635980614
17c37a0fdd5d1932b755c0e6447137bc08fd524f455e14fdac414f584de08dc5,eb58570e8784a01a3ce5732980003c1c85f9028364b97ed1f1a6d1384507b8c2,397342.310767889,0.028,8542.282767889032,397342.281276989,27,8542.282767889032
17c37a0fdd5d1932b755c0e6447137bc08fd524f455e14fdac414f584de08dc5,eb58570e8784a01a3ce5732980003c1c85f9028364b97ed1f1a6d1384507b8c2,397342.3266119957,0.032,8542.29461199569,397342.29312109563,27,8542.29461199569
17c37a0fdd5d1932b755c0e6447137bc08fd524f455e14fdac414f584de08dc5,eb58570e8784a01a3ce5732980003c1c85f9028364b97ed1f1a6d1384507b8c2,397612.4764289856,0.03,8812.446428985568,397612.4449380855,27,8812.446428985568
17c37a0fdd5d1932b755c0e6447137bc08fd524f455e14fdac414f584de08dc5,eb58570e8784a01a3ce5732980003c1c85f9028364b97ed1f1a6d1384507b8c2,397612.518488884,0.02,8812.498488883954,397612.4969979839,27,8812.498488883954
17c37a0fdd5d1932b755c0e6447137bc08fd524f455e14fdac414f584de08dc5,eb58570e8784a01a3ce5732980003c1c85f9028364b97ed1f1a6d1384507b8c2,397655.4686369896,0.024,8855.444636989618,397655.44314608956,27,8855.444636989618
17c37a0fdd5d1932b755c0e6447137bc08fd524f455e14fdac414f584de08dc5,eb58570e8784a01a3ce5732980003c1c85f9028364b97ed1f1a6d1384507b8c2,397655.5280029774,0.022,8855.506002977374,397655.5045120773,27,8855.506002977374
17c37a0fdd5d1932b755c0e6447137bc08fd524f455e14fdac414f584de08dc5,eb58570e8784a01a3ce5732980003c1c85f9028364b97ed1f1a6d1384507b8c2,397727.0438220501,0.021,8927.022822050087,397727.02133115,27,8927.022822050087
17c37a0fdd5d1932b755c0e6447137bc08fd524f455e14fdac414f584de08dc5,eb58570e8784a01a3ce5732980003c1c85f9028364b97ed1f1a6d1384507b8c2,397727.1251049042,0.092,8927.03310490417,397727.0316140041,27,8927.03310490417
17c37a0fdd5d1932b755c0e6447137bc08fd524f455e14fdac414f584de08dc5,eb58570e8784a01a3ce5732980003c1c85f9028364b97ed1f1a6d1384507b8c2,397753.1251130104,0.031,8953.09411301039,397753.0926221103,27,8953.09411301039
17c37a0fdd5d1932b755c0e6447137bc08fd524f455e14fdac414f584de08dc5,eb58570e8784a01a3ce5732980003c1c85f9028364b97ed1f1a6d1384507b8c2,397753.1235280037,0.024,8953.099528003717,397753.09803710366,27,8953.099528003717
17c37a0fdd5d1932b755c0e6447137bc08fd524f455e14fdac414f584de08dc5,eb58570e8784a01a3ce5732980003c1c85f9028364b97ed1f1a6d1384507b8c2,397819.914814949,0.027,9019.887814948976,397819.8863240489,27,9019.887814948976
17c37a0fdd5d1932b755c0e6447137bc08fd524f455e14fdac414f584de08dc5,eb58570e8784a01a3ce5732980003c1c85f9028364b97ed1f1a6d1384507b8c2,397819.92032694817,0.017,9019.903326948173,397819.9018360481,27,9019.903326948173
17c37a0fdd5d1932b755c0e6447137bc08fd524f455e14fdac414f584de08dc5,eb58570e8784a01a3ce5732980003c1c85f9028364b97ed1f1a6d1384507b8c2,397846.8899149895,0.021,9046.868914989464,397846.8674240894,27,9046.868914989464
17c37a0fdd5d1932b755c0e6447137bc08fd524f455e14fdac414f584de08dc5,eb58570e8784a01a3ce5732980003c1c85f9028364b97ed1f1a6d1384507b8c2,397846.940267086,0.021,9046.919267086021,397846.91777618596,27,9046.919267086021
17c37a0fdd5d1932b755c0e6447137bc08fd524f455e14fdac414f584de08dc5,eb58570e8784a01a3ce5732980003c1c85f9028364b97ed1f1a6d1384507b8c2,397849.4999420643,0.038,9049.461942064285,397849.4604511642,27,9049.461942064285
17c37a0fdd5d1932b755c0e6447137bc08fd524f455e14fdac414f584de08dc5,eb58570e8784a01a3ce5732980003c1c85f9028364b97ed1f1a6d1384507b8c2,398646.9019200802,0.017,9846.884920080192,398646.88342918013,27,9846.884920080192
17c37a0fdd5d1932b755c0e6447137bc08fd524f455e14fdac414f584de08dc5,eb58570e8784a01a3ce5732980003c1c85f9028364b97ed1f1a6d1384507b8c2,398702.4971089363,0.02,9902.477108936291,398702.47561803623,27,9902.477108936291
17c37a0fdd5d1932b755c0e6447137bc08fd524f455e14fdac414f584de08dc5,eb58570e8784a01a3ce5732980003c1c85f9028364b97ed1f1a6d1384507b8c2,398758.8793370724,0.024,9958.855337072397,398758.85384617234,27,9958.855337072397
17c37a0fdd5d1932b755c0e6447137bc08fd524f455e14fdac414f584de08dc5,eb58570e8784a01a3ce5732980003c1c85f9028364b97ed1f1a6d1384507b8c2,398771.5319600105,0.016,9971.515960010525,398771.51446911047,27,9971.515960010525
17c37a0fdd5d1932b755c0e6447137bc08fd524f455e14fdac414f584de08dc5,eb58570e8784a01a3ce5732980003c1c85f9028364b97ed1f1a6d1384507b8c2,398810.4337620735,0.035,10010.398762073542,398810.3972711735,27,10010.398762073542
17c37a0fdd5d1932b755c0e6447137bc08fd524f455e14fdac414f584de08dc5,eb58570e8784a01a3ce5732980003c1c85f9028364b97ed1f1a6d1384507b8c2,398810.4985830784,0.024,10010.474583078409,398810.47309217835,27,10010.474583078409
17c37a0fdd5d1932b755c0e6447137bc08fd524f455e14fdac414f584de08dc5,eb58570e8784a01a3ce5732980003c1c85f9028364b97ed1f1a6d1384507b8c2,398812.3048429489,0.016,10012.28884294891,398812.28735204885,27,10012.28884294891
17c37a0fdd5d1932b755c0e6447137bc08fd524f455e14fdac414f584de08dc5,eb58570e8784a01a3ce5732980003c1c85f9028364b97ed1f1a6d1384507b8c2,398816.3008580208,0.025,10016.27585802076,398816.2743671207,27,10016.27585802076
17c37a0fdd5d1932b755c0e6447137bc08fd524f455e14fdac414f584de08dc5,eb58570e8784a01a3ce5732980003c1c85f9028364b97ed1f1a6d1384507b8c2,398816.3258318901,0.018,10016.307831890124,398816.30634099006,27,10016.307831890124
17c37a0fdd5d1932b755c0e6447137bc08fd524f455e14fdac414f584de08dc5,eb58570e8784a01a3ce5732980003c1c85f9028364b97ed1f1a6d1384507b8c2,398821.0431530476,0.023,10021.020153047633,398821.0186621476,27,10021.020153047633
17c37a0fdd5d1932b755c0e6447137bc08fd524f455e14fdac414f584de08dc5,eb58570e8784a01a3ce5732980003c1c85f9028364b97ed1f1a6d1384507b8c2,398821.4425239563,0.019,10021.423523956328,398821.42203305627,27,10021.423523956328
17c37a0fdd5d1932b755c0e6447137bc08fd524f455e14fdac414f584de08dc5,eb58570e8784a01a3ce5732980003c1c85f9028364b97ed1f1a6d1384507b8c2,398821.6585059166,0.016,10021.642505916592,398821.64101501653,27,10021.642505916592
17c37a0fdd5d1932b755c0e6447137bc08fd524f455e14fdac414f584de08dc5,eb58570e8784a01a3ce5732980003c1c85f9028364b97ed1f1a6d1384507b8c2,398888.0141470432,0.024,10087.990147043252,398887.9886561432,27,10087.990147043252
17c37a0fdd5d1932b755c0e6447137bc08fd524f455e14fdac414f584de08dc5,eb58570e8784a01a3ce5732980003c1c85f9028364b97ed1f1a6d1384507b8c2,398888.3720910549,0.021,10088.351091054908,398888.34960015485,27,10088.351091054908
17c37a0fdd5d1932b755c0e6447137bc08fd524f455e14fdac414f584de08dc5,eb58570e8784a01a3ce5732980003c1c85f9028364b97ed1f1a6d1384507b8c2,398901.66528201103,0.019,10101.646282011061,398901.644791111,27,10101.646282011061
17c37a0fdd5d1932b755c0e6447137bc08fd524f455e14fdac414f584de08dc5,eb58570e8784a01a3ce5732980003c1c85f9028364b97ed1f1a6d1384507b8c2,399102.8786809445,0.016,10302.862680944498,399102.86119004444,27,10302.862680944498
17c37a0fdd5d1932b755c0e6447137bc08fd524f455e14fdac414f584de08dc5,eb58570e8784a01a3ce5732980003c1c85f9028364b97ed1f1a6d1384507b8c2,399304.2980759144,0.019,10504.279075914412,399304.27758501435,27,10504.279075914412
17c37a0fdd5d1932b755c0e6447137bc08fd524f455e14fdac414f584de08dc5,eb58570e8784a01a3ce5732980003c1c85f9028364b97ed1f1a6d1384507b8c2,399318.9538030624,0.024,10518.929803062405,399318.92831216234,27,10518.929803062405
17c37a0fdd5d1932b755c0e6447137bc08fd524f455e14fdac414f584de08dc5,eb58570e8784a01a3ce5732980003c1c85f9028364b97ed1f1a6d1384507b8c2,399319.2138929367,0.021,10519.192892936699,399319.19140203664,27,10519.192892936699
17c37a0fdd5d1932b755c0e6447137bc08fd524f455e14fdac414f584de08dc5,eb58570e8784a01a3ce5732980003c1c85f9028364b97ed1f1a6d1384507b8c2,399321.89954805374,0.017,10521.882548053749,399321.8810571537,27,10521.882548053749
17c37a0fdd5d1932b755c0e6447137bc08fd524f455e14fdac414f584de08dc5,eb58570e8784a01a3ce5732980003c1c85f9028364b97ed1f1a6d1384507b8c2,399388.40857100487,0.072,10588.336571004882,399388.3350801048,27,10588.336571004882
17c37a0fdd5d1932b755c0e6447137bc08fd524f455e14fdac414f584de08dc5,eb58570e8784a01a3ce5732980003c1c85f9028364b97ed1f1a6d1384507b8c2,399388.4499399662,0.021,10588.428939966194,399388.42744906613,27,10588.428939966194
17c37a0fdd5d1932b755c0e6447137bc08fd524f455e14fdac414f584de08dc5,eb58570e8784a01a3ce5732980003c1c85f9028364b97ed1f1a6d1384507b8c2,399404.3850340843,0.019,10604.366034084349,399404.3645431843,27,10604.366034084349
17c37a0fdd5d1932b755c0e6447137bc08fd524f455e14fdac414f584de08dc5,eb58570e8784a01a3ce5732980003c1c85f9028364b97ed1f1a6d1384507b8c2,399410.9265348911,0.023,10610.903534891142,399410.9020439911,27,10610.903534891142
17c37a0fdd5d1932b755c0e6447137bc08fd524f455e14fdac414f584de08dc5,eb58570e8784a01a3ce5732980003c1c85f9028364b97ed1f1a6d1384507b8c2,399411.0157659054,0.09,10610.925765905355,399410.9242750053,27,10610.925765905355
17c37a0fdd5d1932b755c0e6447137bc08fd524f455e14fdac414f584de08dc5,eb58570e8784a01a3ce5732980003c1c85f9028364b97ed1f1a6d1384507b8c2,399423.40739393234,0.019,10623.388393932371,399423.3869030323,27,10623.388393932371
17c37a0fdd5d1932b755c0e6447137bc08fd524f455e14fdac414f584de08dc5,eb58570e8784a01a3ce5732980003c1c85f9028364b97ed1f1a6d1384507b8c2,399435.4878718853,0.018,10635.469871885318,399435.46838098526,27,10635.469871885318
17c37a0fdd5d1932b755c0e6447137bc08fd524f455e14fdac414f584de08dc5,eb58570e8784a01a3ce5732980003c1c85f9028364b97ed1f1a6d1384507b8c2,399435.5073530674,0.026,10635.481353067385,399435.4798621673,27,10635.481353067385
17c37a0fdd5d1932b755c0e6447137bc08fd524f455e14fdac414f584de08dc5,eb58570e8784a01a3ce5732980003c1c85f9028364b97ed1f1a6d1384507b8c2,399442.7905340194,0.017,10642.77353401942,399442.77204311936,27,10642.77353401942
17c37a0fdd5d1932b755c0e6447137bc08fd524f455e14fdac414f584de08dc5,eb58570e8784a01a3ce5732980003c1c85f9028364b97ed1f1a6d1384507b8c2,399473.5609459877,0.019,10673.54194598773,399473.54045508767,27,10673.54194598773
17c37a0fdd5d1932b755c0e6447137bc08fd524f455e14fdac414f584de08dc5,eb58570e8784a01a3ce5732980003c1c85f9028364b97ed1f1a6d1384507b8c2,399476.3545219898,0.016,10676.33852198982,399476.33703108976,27,10676.33852198982
17c37a0fdd5d1932b755c0e6447137bc08fd524f455e14fdac414f584de08dc5,eb58570e8784a01a3ce5732980003c1c85f9028364b97ed1f1a6d1384507b8c2,399539.3503260613,0.025,10739.325326061284,399539.3238351612,27,10739.325326061284
17c37a0fdd5d1932b755c0e6447137bc08fd524f455e14fdac414f584de08dc5,eb58570e8784a01a3ce5732980003c1c85f9028364b97ed1f1a6d1384507b8c2,399542.4653789997,0.021,10742.444378999702,399542.44288809964,27,10742.444378999702
17c37a0fdd5d1932b755c0e6447137bc08fd524f455e14fdac414f584de08dc5,eb58570e8784a01a3ce5732980003c1c85f9028364b97ed1f1a6d1384507b8c2,399542.5796198845,0.029,10742.55061988451,399542.54912898445,27,10742.55061988451
17c37a0fdd5d1932b755c0e6447137bc08fd524f455e14fdac414f584de08dc5,eb58570e8784a01a3ce5732980003c1c85f9028364b97ed1f1a6d1384507b8c2,399544.4332230091,0.015,10744.418223009096,399544.41673210904,27,10744.418223009096
17c37a0fdd5d1932b755c0e6447137bc08fd524f455e14fdac414f584de08dc5,eb58570e8784a01a3ce5732980003c1c85f9028364b97ed1f1a6d1384507b8c2,399560.9669890404,0.063,10760.903989040351,399560.9024981403,27,10760.903989040351
17c37a0fdd5d1932b755c0e6447137bc08fd524f455e14fdac414f584de08dc5,eb58570e8784a01a3ce5732980003c1c85f9028364b97ed1f1a6d1384507b8c2,399560.9837939739,0.023,10760.960793973936,399560.9593030739,27,10760.960793973936
17c37a0fdd5d1932b755c0e6447137bc08fd524f455e14fdac414f584de08dc5,eb58570e8784a01a3ce5732980003c1c85f9028364b97ed1f1a6d1384507b8c2,399562.1786990166,0.017,10762.161699016578,399562.1602081165,27,10762.161699016578
17c37a0fdd5d1932b755c0e6447137bc08fd524f455e14fdac414f584de08dc5,eb58570e8784a01a3ce5732980003c1c85f9028364b97ed1f1a6d1384507b8c2,399564.3790690899,0.026,10764.353069089877,399564.3515781898,27,10764.353069089877
17c37a0fdd5d1932b755c0e6447137bc08fd524f455e14fdac414f584de08dc5,eb58570e8784a01a3ce5732980003c1c85f9028364b97ed1f1a6d1384507b8c2,399564.38332796097,0.027,10764.356327960966,399564.3548370609,27,10764.356327960966
17c37a0fdd5d1932b755c0e6447137bc08fd524f455e14fdac414f584de08dc5,eb58570e8784a01a3ce5732980003c1c85f9028364b97ed1f1a6d1384507b8c2,399574.9676918984,0.027,10774.940691898402,399574.93920099834,27,10774.940691898402
17c37a0fdd5d1932b755c0e6447137bc08fd524f455e14fdac414f584de08dc5,eb58570e8784a01a3ce5732980003c1c85f9028364b97ed1f1a6d1384507b8c2,399574.9616239071,0.019,10774.942623907118,399574.94113300706,27,10774.942623907118
17c37a0fdd5d1932b755c0e6447137bc08fd524f455e14fdac414f584de08dc5,eb58570e8784a01a3ce5732980003c1c85f9028364b97ed1f1a6d1384507b8c2,399594.0810139179,0.019,10794.062013917952,399594.0605230179,27,10794.062013917952
17c37a0fdd5d1932b755c0e6447137bc08fd524f455e14fdac414f584de08dc5,eb58570e8784a01a3ce5732980003c1c85f9028364b97ed1f1a6d1384507b8c2,400278.091135025,0.029,11478.062135025044,400278.060644125,27,11478.062135025044
17c37a0fdd5d1932b755c0e6447137bc08fd524f455e14fdac414f584de08dc5,eb58570e8784a01a3ce5732980003c1c85f9028364b97ed1f1a6d1384507b8c2,400278.1615109444,0.018,11478.143510944443,400278.1420200444,27,11478.143510944443
17c37a0fdd5d1932b755c0e6447137bc08fd524f455e14fdac414f584de08dc5,eb58570e8784a01a3ce5732980003c1c85f9028364b97ed1f1a6d1384507b8c2,400293.70391106606,0.02,11493.683911066037,400293.682420166,27,11493.683911066037
17c37a0fdd5d1932b755c0e6447137bc08fd524f455e14fdac414f584de08dc5,eb58570e8784a01a3ce5732980003c1c85f9028364b97ed1f1a6d1384507b8c2,401582.3766489029,0.022,12782.354648902896,401582.35315800284,27,12782.354648902896
17c37a0fdd5d1932b755c0e6447137bc08fd524f455e14fdac414f584de08dc5,eb58570e8784a01a3ce5732980003c1c85f9028364b97ed1f1a6d1384507b8c2,401584.36435103416,0.039,12784.325351034175,401584.3238601341,27,12784.325351034175
17c37a0fdd5d1932b755c0e6447137bc08fd524f455e14fdac414f584de08dc5,eb58570e8784a01a3ce5732980003c1c85f9028364b97ed1f1a6d1384507b8c2,401585.73168706894,0.024,12785.707687068963,401585.7061961689,27,12785.707687068963
17c37a0fdd5d1932b755c0e6447137bc08fd524f455e14fdac414f584de08dc5,eb58570e8784a01a3ce5732980003c1c85f9028364b97ed1f1a6d1384507b8c2,401653.1894650459,0.017,12853.172465045936,401653.1709741459,27,12853.172465045936
17c37a0fdd5d1932b755c0e6447137bc08fd524f455e14fdac414f584de08dc5,eb58570e8784a01a3ce5732980003c1c85f9028364b97ed1f1a6d1384507b8c2,401655.1217620373,0.026,12855.095762037265,401655.0942711372,27,12855.095762037265
17c37a0fdd5d1932b755c0e6447137bc08fd524f455e14fdac414f584de08dc5,eb58570e8784a01a3ce5732980003c1c85f9028364b97ed1f1a6d1384507b8c2,402080.73090291023,0.018,13280.71290291025,402080.7114120102,27,13280.71290291025
17c37a0fdd5d1932b755c0e6447137bc08fd524f455e14fdac414f584de08dc5,eb58570e8784a01a3ce5732980003c1c85f9028364b97ed1f1a6d1384507b8c2,402083.3617041111,0.017,13283.344704111107,402083.34321321105,27,13283.344704111107
17c37a0fdd5d1932b755c0e6447137bc08fd524f455e14fdac414f584de08dc5,eb58570e8784a01a3ce5732980003c1c85f9028364b97ed1f1a6d1384507b8c2,402183.4212629795,0.018,13383.403262979526,402183.40177207947,27,13383.403262979526
734272c01926d19690e5ec308bab64ef97950b75b1c7582283e0783fce1751d8,556ccf8758c8c2a20082c161e955405e950439f0503522fe129e709a5dc0e58f,1195589.8820979595,319.533,70.34909795946442,1195270.3476070594,83,70.34909795946442
734272c01926d19690e5ec308bab64ef97950b75b1c7582283e0783fce1751d8,556ccf8758c8c2a20082c161e955405e950439f0503522fe129e709a5dc0e58f,1195578.6625180244,308.313,70.34951802436262,1195270.3480271243,83,70.34951802436262
734272c01926d19690e5ec308bab64ef97950b75b1c7582283e0783fce1751d8,556ccf8758c8c2a20082c161e955405e950439f0503522fe129e709a5dc0e58f,1195287.558881998,17.182,70.37688199803233,1195270.375391098,83,70.37688199803233
734272c01926d19690e5ec308bab64ef97950b75b1c7582283e0783fce1751d8,556ccf8758c8c2a20082c161e955405e950439f0503522fe129e709a5dc0e58f,1199027.1846458912,121.701,3705.483645891305,1198905.4821549912,83,3705.483645891305
734272c01926d19690e5ec308bab64ef97950b75b1c7582283e0783fce1751d8,556ccf8758c8c2a20082c161e955405e950439f0503522fe129e709a5dc0e58f,1199028.5856759548,122.755,3705.8306759549305,1198905.8291850549,83,3705.8306759549305
734272c01926d19690e5ec308bab64ef97950b75b1c7582283e0783fce1751d8,556ccf8758c8c2a20082c161e955405e950439f0503522fe129e709a5dc0e58f,1199018.036636114,112.205,3705.831636113813,1198905.8301452138,83,3705.831636113813
734272c01926d19690e5ec308bab64ef97950b75b1c7582283e0783fce1751d8,556ccf8758c8c2a20082c161e955405e950439f0503522fe129e709a5dc0e58f,1199027.0681340694,121.236,3705.832134069409,1198905.8306431693,83,3705.832134069409
734272c01926d19690e5ec308bab64ef97950b75b1c7582283e0783fce1751d8,556ccf8758c8c2a20082c161e955405e950439f0503522fe129e709a5dc0e58f,1199023.6450970173,117.808,3705.8370970173273,1198905.8356061173,83,3705.8370970173273
734272c01926d19690e5ec308bab64ef97950b75b1c7582283e0783fce1751d8,556ccf8758c8c2a20082c161e955405e950439f0503522fe129e709a5dc0e58f,1199018.6412289145,112.804,3705.83722891449,1198905.8357380144,83,3705.83722891449
734272c01926d19690e5ec308bab64ef97950b75b1c7582283e0783fce1751d8,556ccf8758c8c2a20082c161e955405e950439f0503522fe129e709a5dc0e58f,1199022.1388299463,116.301,3705.8378299463075,1198905.8363390462,83,3705.8378299463075
734272c01926d19690e5ec308bab64ef97950b75b1c7582283e0783fce1751d8,556ccf8758c8c2a20082c161e955405e950439f0503522fe129e709a5dc0e58f,1199026.2999079227,120.462,3705.837907922687,1198905.8364170226,83,3705.837907922687
734272c01926d19690e5ec308bab64ef97950b75b1c7582283e0783fce1751d8,556ccf8758c8c2a20082c161e955405e950439f0503522fe129e709a5dc0e58f,1199014.3841209412,108.545,3705.8391209412366,1198905.8376300412,83,3705.8391209412366
734272c01926d19690e5ec308bab64ef97950b75b1c7582283e0783fce1751d8,556ccf8758c8c2a20082c161e955405e950439f0503522fe129e709a5dc0e58f,1199027.0624349115,121.223,3705.839434911497,1198905.8379440114,83,3705.839434911497
734272c01926d19690e5ec308bab64ef97950b75b1c7582283e0783fce1751d8,556ccf8758c8c2a20082c161e955405e950439f0503522fe129e709a5dc0e58f,1199027.217523098,121.378,3705.839523097966,1198905.838032198,83,3705.839523097966
734272c01926d19690e5ec308bab64ef97950b75b1c7582283e0783fce1751d8,556ccf8758c8c2a20082c161e955405e950439f0503522fe129e709a5dc0e58f,1199018.163811922,112.324,3705.839811922051,1198905.838321022,83,3705.839811922051
734272c01926d19690e5ec308bab64ef97950b75b1c7582283e0783fce1751d8,556ccf8758c8c2a20082c161e955405e950439f0503522fe129e709a5dc0e58f,1199019.3227050304,113.482,3705.840705030365,1198905.8392141303,83,3705.840705030365
734272c01926d19690e5ec308bab64ef97950b75b1c7582283e0783fce1751d8,556ccf8758c8c2a20082c161e955405e950439f0503522fe129e709a5dc0e58f,1199026.3440639973,120.503,3705.8410639972426,1198905.8395730972,83,3705.8410639972426
734272c01926d19690e5ec308bab64ef97950b75b1c7582283e0783fce1751d8,556ccf8758c8c2a20082c161e955405e950439f0503522fe129e709a5dc0e58f,1199027.8292150495,121.988,3705.841215049615,1198905.8397241496,83,3705.841215049615
734272c01926d19690e5ec308bab64ef97950b75b1c7582283e0783fce1751d8,556ccf8758c8c2a20082c161e955405e950439f0503522fe129e709a5dc0e58f,1199013.591614008,107.73,3705.8616140079685,1198905.860123108,83,3705.8616140079685
734272c01926d19690e5ec308bab64ef97950b75b1c7582283e0783fce1751d8,556ccf8758c8c2a20082c161e955405e950439f0503522fe129e709a5dc0e58f,1203044.539484024,532.937,7311.60248402413,1202511.600993124,83,7311.60248402413
734272c01926d19690e5ec308bab64ef97950b75b1c7582283e0783fce1751d8,556ccf8758c8c2a20082c161e955405e950439f0503522fe129e709a5dc0e58f,1202799.3571310043,287.75,7311.6071310043335,1202511.6056401043,83,7311.6071310043335
734272c01926d19690e5ec308bab64ef97950b75b1c7582283e0783fce1751d8,556ccf8758c8c2a20082c161e955405e950439f0503522fe129e709a5dc0e58f,1202798.996881008,287.389,7311.607881007949,1202511.606390108,83,7311.607881007949
734272c01926d19690e5ec308bab64ef97950b75b1c7582283e0783fce1751d8,556ccf8758c8c2a20082c161e955405e950439f0503522fe129e709a5dc0e58f,1202526.6496169567,15.021,7311.628616956761,1202511.6271260567,83,7311.628616956761
734272c01926d19690e5ec308bab64ef97950b75b1c7582283e0783fce1751d8,556ccf8758c8c2a20082c161e955405e950439f0503522fe129e709a5dc0e58f,1206602.315376997,483.142,10919.173376997001,1206119.171886097,83,10919.173376997001
734272c01926d19690e5ec308bab64ef97950b75b1c7582283e0783fce1751d8,556ccf8758c8c2a20082c161e955405e950439f0503522fe129e709a5dc0e58f,1206632.3536920547,513.065,10919.288692054804,1206119.2872011547,83,10919.288692054804
734272c01926d19690e5ec308bab64ef97950b75b1c7582283e0783fce1751d8,556ccf8758c8c2a20082c161e955405e950439f0503522fe129e709a5dc0e58f,1206603.895765066,484.606,10919.289765066002,1206119.288274166,83,10919.289765066002
734272c01926d19690e5ec308bab64ef97950b75b1c7582283e0783fce1751d8,556ccf8758c8c2a20082c161e955405e950439f0503522fe129e709a5dc0e58f,1206301.3276059628,182.033,10919.2946059627,1206119.2931150626,83,10919.2946059627
734272c01926d19690e5ec308bab64ef97950b75b1c7582283e0783fce1751d8,556ccf8758c8c2a20082c161e955405e950439f0503522fe129e709a5dc0e58f,1206392.4906229973,273.196,10919.294622997288,1206119.2931320972,83,10919.294622997288
734272c01926d19690e5ec308bab64ef97950b75b1c7582283e0783fce1751d8,556ccf8758c8c2a20082c161e955405e950439f0503522fe129e709a5dc0e58f,1206303.7605390549,184.465,10919.295539054787,1206119.2940481547,83,10919.295539054787
734272c01926d19690e5ec308bab64ef97950b75b1c7582283e0783fce1751d8,556ccf8758c8c2a20082c161e955405e950439f0503522fe129e709a5dc0e58f,1206309.9951848984,190.699,10919.296184898354,1206119.2946939983,83,10919.296184898354
734272c01926d19690e5ec308bab64ef97950b75b1c7582283e0783fce1751d8,556ccf8758c8c2a20082c161e955405e950439f0503522fe129e709a5dc0e58f,1206301.6145129204,182.318,10919.29651292041,1206119.2950220203,83,10919.29651292041
734272c01926d19690e5ec308bab64ef97950b75b1c7582283e0783fce1751d8,556ccf8758c8c2a20082c161e955405e950439f0503522fe129e709a5dc0e58f,1206301.3170950413,182.02,10919.297095041256,1206119.2956041412,83,10919.297095041256
734272c01926d19690e5ec308bab64ef97950b75b1c7582283e0783fce1751d8,556ccf8758c8c2a20082c161e955405e950439f0503522fe129e709a5dc0e58f,1206303.068296909,183.771,10919.29729690915,1206119.295806009,83,10919.29729690915
734272c01926d19690e5ec308bab64ef97950b75b1c7582283e0783fce1751d8,556ccf8758c8c2a20082c161e955405e950439f0503522fe129e709a5dc0e58f,1206310.2794759274,190.982,10919.297475927277,1206119.2959850272,83,10919.297475927277
734272c01926d19690e5ec308bab64ef97950b75b1c7582283e0783fce1751d8,556ccf8758c8c2a20082c161e955405e950439f0503522fe129e709a5dc0e58f,1206301.7678570747,182.47,10919.297857074765,1206119.2963661747,83,10919.297857074765
734272c01926d19690e5ec308bab64ef97950b75b1c7582283e0783fce1751d8,556ccf8758c8c2a20082c161e955405e950439f0503522fe129e709a5dc0e58f,1206297.1836280825,177.885,10919.298628082499,1206119.2971371824,83,10919.298628082499
734272c01926d19690e5ec308bab64ef97950b75b1c7582283e0783fce1751d8,556ccf8758c8c2a20082c161e955405e950439f0503522fe129e709a5dc0e58f,1206306.185033083,186.886,10919.299033083022,1206119.297542183,83,10919.299033083022
734272c01926d19690e5ec308bab64ef97950b75b1c7582283e0783fce1751d8,556ccf8758c8c2a20082c161e955405e950439f0503522fe129e709a5dc0e58f,1206301.9033010006,182.604,10919.299301000545,1206119.2978101005,83,10919.299301000545
734272c01926d19690e5ec308bab64ef97950b75b1c7582283e0783fce1751d8,556ccf8758c8c2a20082c161e955405e950439f0503522fe129e709a5dc0e58f,1206136.8961060047,17.573,10919.323106004624,1206119.3216151046,83,10919.323106004624
734272c01926d19690e5ec308bab64ef97950b75b1c7582283e0783fce1751d8,556ccf8758c8c2a20082c161e955405e950439f0503522fe129e709a5dc0e58f,1206255.5327620506,127.459,10928.073762050597,1206128.0722711505,83,10928.073762050597
734272c01926d19690e5ec308bab64ef97950b75b1c7582283e0783fce1751d8,556ccf8758c8c2a20082c161e955405e950439f0503522fe129e709a5dc0e58f,1206255.2760190964,126.833,10928.443019096274,1206128.4415281962,83,10928.443019096274
734272c01926d19690e5ec308bab64ef97950b75b1c7582283e0783fce1751d8,556ccf8758c8c2a20082c161e955405e950439f0503522fe129e709a5dc0e58f,1206254.6322190762,126.189,10928.443219076144,1206128.441728176,83,10928.443219076144
734272c01926d19690e5ec308bab64ef97950b75b1c7582283e0783fce1751d8,556ccf8758c8c2a20082c161e955405e950439f0503522fe129e709a5dc0e58f,1206255.0395460129,126.596,10928.443546012975,1206128.442055113,83,10928.443546012975
734272c01926d19690e5ec308bab64ef97950b75b1c7582283e0783fce1751d8,556ccf8758c8c2a20082c161e955405e950439f0503522fe129e709a5dc0e58f,1206252.664397955,124.22,10928.444397954969,1206128.442907055,83,10928.444397954969
734272c01926d19690e5ec308bab64ef97950b75b1c7582283e0783fce1751d8,556ccf8758c8c2a20082c161e955405e950439f0503522fe129e709a5dc0e58f,1206257.181267023,128.733,10928.44826702308,1206128.446776123,83,10928.44826702308
734272c01926d19690e5ec308bab64ef97950b75b1c7582283e0783fce1751d8,556ccf8758c8c2a20082c161e955405e950439f0503522fe129e709a5dc0e58f,1206252.2783529758,123.829,10928.449352975935,1206128.4478620759,83,10928.449352975935
734272c01926d19690e5ec308bab64ef97950b75b1c7582283e0783fce1751d8,556ccf8758c8c2a20082c161e955405e950439f0503522fe129e709a5dc0e58f,1206254.6305229664,126.181,10928.449522966286,1206128.4480320662,83,10928.449522966286
734272c01926d19690e5ec308bab64ef97950b75b1c7582283e0783fce1751d8,556ccf8758c8c2a20082c161e955405e950439f0503522fe129e709a5dc0e58f,1206255.2556200027,126.806,10928.449620002648,1206128.4481291026,83,10928.449620002648
734272c01926d19690e5ec308bab64ef97950b75b1c7582283e0783fce1751d8,556ccf8758c8c2a20082c161e955405e950439f0503522fe129e709a5dc0e58f,1206255.2587370872,126.809,10928.449737087358,1206128.4482461873,83,10928.449737087358
734272c01926d19690e5ec308bab64ef97950b75b1c7582283e0783fce1751d8,556ccf8758c8c2a20082c161e955405e950439f0503522fe129e709a5dc0e58f,1206255.011733055,126.561,10928.450733055128,1206128.449242155,83,10928.450733055128
734272c01926d19690e5ec308bab64ef97950b75b1c7582283e0783fce1751d8,556ccf8758c8c2a20082c161e955405e950439f0503522fe129e709a5dc0e58f,1206253.1368989944,124.686,10928.450898994459,1206128.4494080944,83,10928.450898994459
734272c01926d19690e5ec308bab64ef97950b75b1c7582283e0783fce1751d8,556ccf8758c8c2a20082c161e955405e950439f0503522fe129e709a5dc0e58f,1206240.578248024,112.127,10928.451248023892,1206128.4497571238,83,10928.451248023892
734272c01926d19690e5ec308bab64ef97950b75b1c7582283e0783fce1751d8,556ccf8758c8c2a20082c161e955405e950439f0503522fe129e709a5dc0e58f,1206252.6731710434,124.221,10928.452171043493,1206128.4506801434,83,10928.452171043493
734272c01926d19690e5ec308bab64ef97950b75b1c7582283e0783fce1751d8,556ccf8758c8c2a20082c161e955405e950439f0503522fe129e709a5dc0e58f,1206255.9406158924,127.488,10928.452615892515,1206128.4511249925,83,10928.452615892515
734272c01926d19690e5ec308bab64ef97950b75b1c7582283e0783fce1751d8,556ccf8758c8c2a20082c161e955405e950439f0503522fe129e709a5dc0e58f,1206234.7297608852,106.265,10928.464760885341,1206128.4632699853,83,10928.464760885341
734272c01926d19690e5ec308bab64ef97950b75b1c7582283e0783fce1751d8,556ccf8758c8c2a20082c161e955405e950439f0503522fe129e709a5dc0e58f,1206247.7698860168,47.229,11000.540886016795,1206200.5393951167,83,11000.540886016795
734272c01926d19690e5ec308bab64ef97950b75b1c7582283e0783fce1751d8,556ccf8758c8c2a20082c161e955405e950439f0503522fe129e709a5dc0e58f,1206249.1680579183,48.083,11001.085057918215,1206201.0835670182,83,11001.085057918215
734272c01926d19690e5ec308bab64ef97950b75b1c7582283e0783fce1751d8,556ccf8758c8c2a20082c161e955405e950439f0503522fe129e709a5dc0e58f,1206249.9161748886,48.825,11001.091174888657,1206201.0896839886,83,11001.091174888657
734272c01926d19690e5ec308bab64ef97950b75b1c7582283e0783fce1751d8,556ccf8758c8c2a20082c161e955405e950439f0503522fe129e709a5dc0e58f,1206250.4292259216,49.338,11001.091225921642,1206201.0897350216,83,11001.091225921642
734272c01926d19690e5ec308bab64ef97950b75b1c7582283e0783fce1751d8,556ccf8758c8c2a20082c161e955405e950439f0503522fe129e709a5dc0e58f,1206254.1439259052,53.052,11001.091925905319,1206201.0904350053,83,11001.091925905319
734272c01926d19690e5ec308bab64ef97950b75b1c7582283e0783fce1751d8,556ccf8758c8c2a20082c161e955405e950439f0503522fe129e709a5dc0e58f,1206249.162977934,48.071,11001.091977933887,1206201.0904870338,83,11001.091977933887
734272c01926d19690e5ec308bab64ef97950b75b1c7582283e0783fce1751d8,556ccf8758c8c2a20082c161e955405e950439f0503522fe129e709a5dc0e58f,1206209.324820995,8.188,11001.136820995016,1206201.135330095,83,11001.136820995016
c8c43e1a911f29e5506460a2fbef61ff39723d672f3b3b67d12d4c236c6872f7,653cdbc309bc359f3289d3b4df21c4a8e478d22946b35cbfdab05377dcacd3e0,1195693.3359940052,2.867,490.46899400511757,1195690.467503105,83,490.46899400511757
c8c43e1a911f29e5506460a2fbef61ff39723d672f3b3b67d12d4c236c6872f7,653cdbc309bc359f3289d3b4df21c4a8e478d22946b35cbfdab05377dcacd3e0,1196457.9268119335,20.515,1237.41181193362,1196437.4103210336,83,1237.41181193362
c8c43e1a911f29e5506460a2fbef61ff39723d672f3b3b67d12d4c236c6872f7,653cdbc309bc359f3289d3b4df21c4a8e478d22946b35cbfdab05377dcacd3e0,1196692.0568630695,2.392,1489.6648630695418,1196689.6633721695,83,1489.6648630695418
c8c43e1a911f29e5506460a2fbef61ff39723d672f3b3b67d12d4c236c6872f7,653cdbc309bc359f3289d3b4df21c4a8e478d22946b35cbfdab05377dcacd3e0,1196998.021447897,2.152,1795.8694478969555,1196995.867956997,83,1795.8694478969555
c8c43e1a911f29e5506460a2fbef61ff39723d672f3b3b67d12d4c236c6872f7,653cdbc309bc359f3289d3b4df21c4a8e478d22946b35cbfdab05377dcacd3e0,1197127.6962189674,6.914,1920.7822189673316,1197120.7807280673,83,1920.7822189673316
c8c43e1a911f29e5506460a2fbef61ff39723d672f3b3b67d12d4c236c6872f7,653cdbc309bc359f3289d3b4df21c4a8e478d22946b35cbfdab05377dcacd3e0,1197336.3330700395,4.057,2132.2760700394865,1197332.2745791394,83,2132.2760700394865
c8c43e1a911f29e5506460a2fbef61ff39723d672f3b3b67d12d4c236c6872f7,653cdbc309bc359f3289d3b4df21c4a8e478d22946b35cbfdab05377dcacd3e0,1198523.906799078,24.88,3299.0267990780994,1198499.025308178,83,3299.0267990780994
c8c43e1a911f29e5506460a2fbef61ff39723d672f3b3b67d12d4c236c6872f7,653cdbc309bc359f3289d3b4df21c4a8e478d22946b35cbfdab05377dcacd3e0,1198584.4695329666,22.23,3362.2395329666324,1198562.2380420666,83,3362.2395329666324
c8c43e1a911f29e5506460a2fbef61ff39723d672f3b3b67d12d4c236c6872f7,653cdbc309bc359f3289d3b4df21c4a8e478d22946b35cbfdab05377dcacd3e0,1198642.3100419044,4.333,3437.977041904349,1198637.9755510043,83,3437.977041904349
c8c43e1a911f29e5506460a2fbef61ff39723d672f3b3b67d12d4c236c6872f7,653cdbc309bc359f3289d3b4df21c4a8e478d22946b35cbfdab05377dcacd3e0,1198717.443860054,2.377,3515.066860053921,1198715.0653691539,83,3515.066860053921
c8c43e1a911f29e5506460a2fbef61ff39723d672f3b3b67d12d4c236c6872f7,653cdbc309bc359f3289d3b4df21c4a8e478d22946b35cbfdab05377dcacd3e0,1198802.159332037,7.691,3594.468332036864,1198794.4668411368,83,3594.468332036864
c8c43e1a911f29e5506460a2fbef61ff39723d672f3b3b67d12d4c236c6872f7,653cdbc309bc359f3289d3b4df21c4a8e478d22946b35cbfdab05377dcacd3e0,1198850.361135006,3.091,3647.270135005936,1198847.2686441059,83,3647.270135005936
c8c43e1a911f29e5506460a2fbef61ff39723d672f3b3b67d12d4c236c6872f7,653cdbc309bc359f3289d3b4df21c4a8e478d22946b35cbfdab05377dcacd3e0,1199119.3278939724,2.312,3917.015893972479,1199117.0144030724,83,3917.015893972479
c8c43e1a911f29e5506460a2fbef61ff39723d672f3b3b67d12d4c236c6872f7,653cdbc309bc359f3289d3b4df21c4a8e478d22946b35cbfdab05377dcacd3e0,1199308.4705839157,2.298,4106.172583915759,1199306.1710930157,83,4106.172583915759
c8c43e1a911f29e5506460a2fbef61ff39723d672f3b3b67d12d4c236c6872f7,653cdbc309bc359f3289d3b4df21c4a8e478d22946b35cbfdab05377dcacd3e0,1199459.6178269386,2.328,4257.28982693865,1199457.2883360386,83,4257.28982693865
c8c43e1a911f29e5506460a2fbef61ff39723d672f3b3b67d12d4c236c6872f7,653cdbc309bc359f3289d3b4df21c4a8e478d22946b35cbfdab05377dcacd3e0,1199612.17593503,3.701,4408.474935030099,1199608.47344413,83,4408.474935030099
c8c43e1a911f29e5506460a2fbef61ff39723d672f3b3b67d12d4c236c6872f7,653cdbc309bc359f3289d3b4df21c4a8e478d22946b35cbfdab05377dcacd3e0,1200075.55341506,80.998,4794.555415060138,1199994.55392416,83,4794.555415060138
c8c43e1a911f29e5506460a2fbef61ff39723d672f3b3b67d12d4c236c6872f7,653cdbc309bc359f3289d3b4df21c4a8e478d22946b35cbfdab05377dcacd3e0,1200080.3250370026,6.879,4873.446037002606,1200073.4445461025,83,4873.446037002606
c8c43e1a911f29e5506460a2fbef61ff39723d672f3b3b67d12d4c236c6872f7,653cdbc309bc359f3289d3b4df21c4a8e478d22946b35cbfdab05377dcacd3e0,1200338.8885080814,18.022,5120.8665080813225,1200320.8650171813,83,5120.8665080813225
c8c43e1a911f29e5506460a2fbef61ff39723d672f3b3b67d12d4c236c6872f7,653cdbc309bc359f3289d3b4df21c4a8e478d22946b35cbfdab05377dcacd3e0,1200625.8942050934,2.09,5423.8042050933,1200623.8027141932,83,5423.8042050933
c8c43e1a911f29e5506460a2fbef61ff39723d672f3b3b67d12d4c236c6872f7,653cdbc309bc359f3289d3b4df21c4a8e478d22946b35cbfdab05377dcacd3e0,1201472.7743210793,21.149,6251.625321079278,1201451.6238301792,83,6251.625321079278
c8c43e1a911f29e5506460a2fbef61ff39723d672f3b3b67d12d4c236c6872f7,653cdbc309bc359f3289d3b4df21c4a8e478d22946b35cbfdab05377dcacd3e0,1201499.5970480442,39.074,6260.523048044182,1201460.5215571441,83,6260.523048044182
c8c43e1a911f29e5506460a2fbef61ff39723d672f3b3b67d12d4c236c6872f7,653cdbc309bc359f3289d3b4df21c4a8e478d22946b35cbfdab05377dcacd3e0,1201655.599795103,2.226,6453.373795103049,1201653.372304203,83,6453.373795103049
c8c43e1a911f29e5506460a2fbef61ff39723d672f3b3b67d12d4c236c6872f7,653cdbc309bc359f3289d3b4df21c4a8e478d22946b35cbfdab05377dcacd3e0,1201670.4658761024,2.195,6468.270876102382,1201668.2693852023,83,6468.270876102382
c8c43e1a911f29e5506460a2fbef61ff39723d672f3b3b67d12d4c236c6872f7,653cdbc309bc359f3289d3b4df21c4a8e478d22946b35cbfdab05377dcacd3e0,1201712.8626840117,0.014,6512.848684011726,1201712.8471931117,83,6512.848684011726
c8c43e1a911f29e5506460a2fbef61ff39723d672f3b3b67d12d4c236c6872f7,653cdbc309bc359f3289d3b4df21c4a8e478d22946b35cbfdab05377dcacd3e0,1201725.4938790798,3.289,6522.204879079713,1201722.2033881797,83,6522.204879079713
c8c43e1a911f29e5506460a2fbef61ff39723d672f3b3b67d12d4c236c6872f7,653cdbc309bc359f3289d3b4df21c4a8e478d22946b35cbfdab05377dcacd3e0,1201802.2227230072,2.761,6599.461723007262,1201799.4602321072,83,6599.461723007262
c8c43e1a911f29e5506460a2fbef61ff39723d672f3b3b67d12d4c236c6872f7,653cdbc309bc359f3289d3b4df21c4a8e478d22946b35cbfdab05377dcacd3e0,1204060.8505020142,30.284,8830.566502014175,1204030.565011114,83,8830.566502014175
c8c43e1a911f29e5506460a2fbef61ff39723d672f3b3b67d12d4c236c6872f7,653cdbc309bc359f3289d3b4df21c4a8e478d22946b35cbfdab05377dcacd3e0,1204274.733556986,2.988,9071.745556986192,1204271.7440660861,83,9071.745556986192
c8c43e1a911f29e5506460a2fbef61ff39723d672f3b3b67d12d4c236c6872f7,653cdbc309bc359f3289d3b4df21c4a8e478d22946b35cbfdab05377dcacd3e0,1204449.17551589,5.09,9244.085515889805,1204444.0840249897,83,9244.085515889805
c8c43e1a911f29e5506460a2fbef61ff39723d672f3b3b67d12d4c236c6872f7,653cdbc309bc359f3289d3b4df21c4a8e478d22946b35cbfdab05377dcacd3e0,1204653.2637739182,19.195,9434.068773918087,1204634.067283018,83,9434.068773918087
c8c43e1a911f29e5506460a2fbef61ff39723d672f3b3b67d12d4c236c6872f7,653cdbc309bc359f3289d3b4df21c4a8e478d22946b35cbfdab05377dcacd3e0,1205244.5075240135,3.039,10041.468524013413,1205241.4670331134,83,10041.468524013413
c8c43e1a911f29e5506460a2fbef61ff39723d672f3b3b67d12d4c236c6872f7,653cdbc309bc359f3289d3b4df21c4a8e478d22946b35cbfdab05377dcacd3e0,1205391.7103960514,78.647,10113.063396051293,1205313.0619051512,83,10113.063396051293
c8c43e1a911f29e5506460a2fbef61ff39723d672f3b3b67d12d4c236c6872f7,653cdbc309bc359f3289d3b4df21c4a8e478d22946b35cbfdab05377dcacd3e0,1205529.376112938,16.513,10312.863112937892,1205512.8616220378,83,10312.863112937892
c8c43e1a911f29e5506460a2fbef61ff39723d672f3b3b67d12d4c236c6872f7,653cdbc309bc359f3289d3b4df21c4a8e478d22946b35cbfdab05377dcacd3e0,1205741.946820021,40.701,10501.245820021024,1205701.244329121,83,10501.245820021024
c8c43e1a911f29e5506460a2fbef61ff39723d672f3b3b67d12d4c236c6872f7,653cdbc309bc359f3289d3b4df21c4a8e478d22946b35cbfdab05377dcacd3e0,1206218.6775579453,3.157,11015.520557945361,1206215.5190670453,83,11015.520557945361
c8c43e1a911f29e5506460a2fbef61ff39723d672f3b3b67d12d4c236c6872f7,653cdbc309bc359f3289d3b4df21c4a8e478d22946b35cbfdab05377dcacd3e0,1208091.894229889,24.037,12867.857229888905,1208067.8557389888,83,12867.857229888905
c8c43e1a911f29e5506460a2fbef61ff39723d672f3b3b67d12d4c236c6872f7,653cdbc309bc359f3289d3b4df21c4a8e478d22946b35cbfdab05377dcacd3e0,1208279.799537897,6.226,13073.573537897086,1208273.572046997,83,13073.573537897086
c8c43e1a911f29e5506460a2fbef61ff39723d672f3b3b67d12d4c236c6872f7,653cdbc309bc359f3289d3b4df21c4a8e478d22946b35cbfdab05377dcacd3e0,1208499.1075630188,28.143,13270.964563018875,1208470.9630721188,83,13270.964563018875
c8c43e1a911f29e5506460a2fbef61ff39723d672f3b3b67d12d4c236c6872f7,653cdbc309bc359f3289d3b4df21c4a8e478d22946b35cbfdab05377dcacd3e0,1208768.3705949783,2.9,13565.470594978426,1208765.4691040784,83,13565.470594978426
