app,func,end_timestamp,duration,arrival_time,trace_id,arrival_time_norm,func_id,arrival_time_hr
734272c01926d19690e5ec308bab64ef97950b75b1c7582283e0783fce1751d8,313c03f53a0d31f70aec25f62efb33e7dd779725ca4af579018452d1204beaad,43208.39945888519,8.391,0.008458885189611465,3,0.008458885189611465,googlenet,2.349690330447629e-06
85479ef37b5dc75dd5aeca3bab499129b97a134dac5d740d2c68941de9d63031,1f33077bb2db73fd76a51e40e43f20173e3f038dd3f3705551751cf7724c3c40,849614.4659368992,14.448,0.017936899210326374,59,0.017936899210326374,alexnet,4.9824720028684375e-06
17c37a0fdd5d1932b755c0e6447137bc08fd524f455e14fdac414f584de08dc5,c9f8e30e36d1aef62c10b3cfca6e289a93848a148d876dd514753040314f4817,748801.5118370056,0.012,1.4998370056273416,52,1.4998370056273416,resnet50,0.00041662139045203935
734272c01926d19690e5ec308bab64ef97950b75b1c7582283e0783fce1751d8,556ccf8758c8c2a20082c161e955405e950439f0503522fe129e709a5dc0e58f,43266.7919819355,50.756,16.035981935499876,3,16.035981935499876,inception,0.004454439426527744
734272c01926d19690e5ec308bab64ef97950b75b1c7582283e0783fce1751d8,556ccf8758c8c2a20082c161e955405e950439f0503522fe129e709a5dc0e58f,43258.735213041306,42.699,16.036213041305018,3,16.036213041305018,inception,0.004454503622584727
734272c01926d19690e5ec308bab64ef97950b75b1c7582283e0783fce1751d8,9b61fd55aa093a2d172db1a68a60af5cf6cbfa7f5ea1fbc71846027a5954616d,748825.8998479843,0.231,25.668847984285094,52,25.668847984285094,bert,0.007130235551190304
734272c01926d19690e5ec308bab64ef97950b75b1c7582283e0783fce1751d8,9b61fd55aa093a2d172db1a68a60af5cf6cbfa7f5ea1fbc71846027a5954616d,748825.9098629951,0.24,25.66986299515702,52,25.66986299515702,bert,0.007130517498654727
734272c01926d19690e5ec308bab64ef97950b75b1c7582283e0783fce1751d8,9b61fd55aa093a2d172db1a68a60af5cf6cbfa7f5ea1fbc71846027a5954616d,748825.8602099419,0.189,25.671209941850975,52,25.671209941850975,bert,0.007130891650514159
734272c01926d19690e5ec308bab64ef97950b75b1c7582283e0783fce1751d8,9b61fd55aa093a2d172db1a68a60af5cf6cbfa7f5ea1fbc71846027a5954616d,748826.527518034,0.856,25.671518033952452,52,25.671518033952452,bert,0.007130977231653459
734272c01926d19690e5ec308bab64ef97950b75b1c7582283e0783fce1751d8,9b61fd55aa093a2d172db1a68a60af5cf6cbfa7f5ea1fbc71846027a5954616d,748826.1306018829,0.459,25.671601882902905,52,25.671601882902905,bert,0.007131000523028585
734272c01926d19690e5ec308bab64ef97950b75b1c7582283e0783fce1751d8,9b61fd55aa093a2d172db1a68a60af5cf6cbfa7f5ea1fbc71846027a5954616d,748826.6269869804,0.954,25.672986980411224,52,25.672986980411224,bert,0.007131385272336451
734272c01926d19690e5ec308bab64ef97950b75b1c7582283e0783fce1751d8,9b61fd55aa093a2d172db1a68a60af5cf6cbfa7f5ea1fbc71846027a5954616d,748826.5181839466,0.845,25.673183946637437,52,25.673183946637437,bert,0.007131439985177066
734272c01926d19690e5ec308bab64ef97950b75b1c7582283e0783fce1751d8,9b61fd55aa093a2d172db1a68a60af5cf6cbfa7f5ea1fbc71846027a5954616d,748826.5255401134,0.852,25.6735401134938,52,25.6735401134938,bert,0.0071315389204149445
734272c01926d19690e5ec308bab64ef97950b75b1c7582283e0783fce1751d8,9b61fd55aa093a2d172db1a68a60af5cf6cbfa7f5ea1fbc71846027a5954616d,748825.9237220287,0.25,25.6737220287323,52,25.6737220287323,bert,0.007131589452425638
734272c01926d19690e5ec308bab64ef97950b75b1c7582283e0783fce1751d8,9b61fd55aa093a2d172db1a68a60af5cf6cbfa7f5ea1fbc71846027a5954616d,748826.519906044,0.845,25.674906044034287,52,25.674906044034287,bert,0.00713191834556508
734272c01926d19690e5ec308bab64ef97950b75b1c7582283e0783fce1751d8,9b61fd55aa093a2d172db1a68a60af5cf6cbfa7f5ea1fbc71846027a5954616d,748826.537571907,0.859,25.67857190698851,52,25.67857190698851,bert,0.007132936640830141
734272c01926d19690e5ec308bab64ef97950b75b1c7582283e0783fce1751d8,9b61fd55aa093a2d172db1a68a60af5cf6cbfa7f5ea1fbc71846027a5954616d,748826.5392680168,0.86,25.679268016829155,52,25.679268016829155,bert,0.0071331300046747655
734272c01926d19690e5ec308bab64ef97950b75b1c7582283e0783fce1751d8,9b61fd55aa093a2d172db1a68a60af5cf6cbfa7f5ea1fbc71846027a5954616d,748826.5510129929,0.871,25.680012992816046,52,25.680012992816046,bert,0.007133336942448902
734272c01926d19690e5ec308bab64ef97950b75b1c7582283e0783fce1751d8,9b61fd55aa093a2d172db1a68a60af5cf6cbfa7f5ea1fbc71846027a5954616d,748826.5355401039,0.855,25.68054010393098,52,25.68054010393098,bert,0.00713348336220305
734272c01926d19690e5ec308bab64ef97950b75b1c7582283e0783fce1751d8,9b61fd55aa093a2d172db1a68a60af5cf6cbfa7f5ea1fbc71846027a5954616d,748826.5442419052,0.863,25.681241905200295,52,25.681241905200295,bert,0.007133678307000082
734272c01926d19690e5ec308bab64ef97950b75b1c7582283e0783fce1751d8,9b61fd55aa093a2d172db1a68a60af5cf6cbfa7f5ea1fbc71846027a5954616d,748826.5364029408,0.855,25.68140294076875,52,25.68140294076875,bert,0.00713372303910243
734272c01926d19690e5ec308bab64ef97950b75b1c7582283e0783fce1751d8,9b61fd55aa093a2d172db1a68a60af5cf6cbfa7f5ea1fbc71846027a5954616d,748826.6939909458,0.13,26.563990945811383,52,26.563990945811383,bert,0.007378886373836495
734272c01926d19690e5ec308bab64ef97950b75b1c7582283e0783fce1751d8,9b61fd55aa093a2d172db1a68a60af5cf6cbfa7f5ea1fbc71846027a5954616d,748826.6883220673,0.124,26.56432206730824,52,26.56432206730824,bert,0.007378978352030066
734272c01926d19690e5ec308bab64ef97950b75b1c7582283e0783fce1751d8,9b61fd55aa093a2d172db1a68a60af5cf6cbfa7f5ea1fbc71846027a5954616d,748826.6985061169,0.133,26.565506116836332,52,26.565506116836332,bert,0.007379307254676759
734272c01926d19690e5ec308bab64ef97950b75b1c7582283e0783fce1751d8,9b61fd55aa093a2d172db1a68a60af5cf6cbfa7f5ea1fbc71846027a5954616d,748826.6666309834,0.101,26.565630983328447,52,26.565630983328447,bert,0.007379341939813457
734272c01926d19690e5ec308bab64ef97950b75b1c7582283e0783fce1751d8,9b61fd55aa093a2d172db1a68a60af5cf6cbfa7f5ea1fbc71846027a5954616d,748826.6856219769,0.119,26.56662197690457,52,26.56662197690457,bert,0.007379617215806825
734272c01926d19690e5ec308bab64ef97950b75b1c7582283e0783fce1751d8,556ccf8758c8c2a20082c161e955405e950439f0503522fe129e709a5dc0e58f,43586.32673096657,333.071,53.25573096656444,3,53.25573096656444,inception,0.014793258601823456
734272c01926d19690e5ec308bab64ef97950b75b1c7582283e0783fce1751d8,556ccf8758c8c2a20082c161e955405e950439f0503522fe129e709a5dc0e58f,43641.05345892906,387.797,53.25645892906323,3,53.25645892906323,inception,0.014793460813628674
734272c01926d19690e5ec308bab64ef97950b75b1c7582283e0783fce1751d8,556ccf8758c8c2a20082c161e955405e950439f0503522fe129e709a5dc0e58f,43546.34400701523,293.087,53.25700701522874,3,53.25700701522874,inception,0.01479361305978576
734272c01926d19690e5ec308bab64ef97950b75b1c7582283e0783fce1751d8,556ccf8758c8c2a20082c161e955405e950439f0503522fe129e709a5dc0e58f,43422.64132809639,169.384,53.257328096391575,3,53.257328096391575,inception,0.01479370224899766
734272c01926d19690e5ec308bab64ef97950b75b1c7582283e0783fce1751d8,556ccf8758c8c2a20082c161e955405e950439f0503522fe129e709a5dc0e58f,43495.92783808708,242.67,53.257838087083655,3,53.257838087083655,inception,0.014793843913078792
734272c01926d19690e5ec308bab64ef97950b75b1c7582283e0783fce1751d8,556ccf8758c8c2a20082c161e955405e950439f0503522fe129e709a5dc0e58f,43597.8792219162,344.621,53.258221916199545,3,53.258221916199545,inception,0.014793950532277651
734272c01926d19690e5ec308bab64ef97950b75b1c7582283e0783fce1751d8,556ccf8758c8c2a20082c161e955405e950439f0503522fe129e709a5dc0e58f,43528.57765293121,275.319,53.258652931210236,3,53.258652931210236,inception,0.01479407025866951
734272c01926d19690e5ec308bab64ef97950b75b1c7582283e0783fce1751d8,556ccf8758c8c2a20082c161e955405e950439f0503522fe129e709a5dc0e58f,43638.27803397179,385.018,53.26003397179011,3,53.26003397179011,inception,0.014794453881052808
734272c01926d19690e5ec308bab64ef97950b75b1c7582283e0783fce1751d8,556ccf8758c8c2a20082c161e955405e950439f0503522fe129e709a5dc0e58f,43660.7433989048,407.483,53.26039890480024,3,53.26039890480024,inception,0.0147945552513334
734272c01926d19690e5ec308bab64ef97950b75b1c7582283e0783fce1751d8,556ccf8758c8c2a20082c161e955405e950439f0503522fe129e709a5dc0e58f,43496.40554499626,243.145,53.2605449962648,3,53.2605449962648,inception,0.014794595832295778
734272c01926d19690e5ec308bab64ef97950b75b1c7582283e0783fce1751d8,556ccf8758c8c2a20082c161e955405e950439f0503522fe129e709a5dc0e58f,43630.38693809509,377.126,53.26093809509621,3,53.26093809509621,inception,0.014794705026415613
734272c01926d19690e5ec308bab64ef97950b75b1c7582283e0783fce1751d8,556ccf8758c8c2a20082c161e955405e950439f0503522fe129e709a5dc0e58f,43494.780356884,241.518,53.262356884006294,3,53.262356884006294,inception,0.014795099134446193
734272c01926d19690e5ec308bab64ef97950b75b1c7582283e0783fce1751d8,556ccf8758c8c2a20082c161e955405e950439f0503522fe129e709a5dc0e58f,43603.16445708275,349.902,53.26245708274655,3,53.26245708274655,inception,0.014795126967429597
734272c01926d19690e5ec308bab64ef97950b75b1c7582283e0783fce1751d8,556ccf8758c8c2a20082c161e955405e950439f0503522fe129e709a5dc0e58f,43501.232858896255,247.97,53.26285889625433,3,53.26285889625433,inception,0.014795238582292869
734272c01926d19690e5ec308bab64ef97950b75b1c7582283e0783fce1751d8,556ccf8758c8c2a20082c161e955405e950439f0503522fe129e709a5dc0e58f,43653.4974091053,400.234,53.26340910530416,3,53.26340910530416,inception,0.014795391418140045
734272c01926d19690e5ec308bab64ef97950b75b1c7582283e0783fce1751d8,556ccf8758c8c2a20082c161e955405e950439f0503522fe129e709a5dc0e58f,43534.74875497818,281.485,53.26375497817935,3,53.26375497817935,inception,0.014795487493938709
734272c01926d19690e5ec308bab64ef97950b75b1c7582283e0783fce1751d8,556ccf8758c8c2a20082c161e955405e950439f0503522fe129e709a5dc0e58f,43451.94627189636,196.566,55.38027189636341,3,55.38027189636341,inception,0.015383408860100948
734272c01926d19690e5ec308bab64ef97950b75b1c7582283e0783fce1751d8,556ccf8758c8c2a20082c161e955405e950439f0503522fe129e709a5dc0e58f,43473.39947295189,217.823,55.576472951892356,3,55.576472951892356,inception,0.015437909153303432
734272c01926d19690e5ec308bab64ef97950b75b1c7582283e0783fce1751d8,556ccf8758c8c2a20082c161e955405e950439f0503522fe129e709a5dc0e58f,43451.958012104034,196.379,55.57901210403361,3,55.57901210403361,inception,0.015438614473342669
734272c01926d19690e5ec308bab64ef97950b75b1c7582283e0783fce1751d8,556ccf8758c8c2a20082c161e955405e950439f0503522fe129e709a5dc0e58f,43653.55010390282,397.971,55.57910390281904,3,55.57910390281904,inception,0.01543863997300529
734272c01926d19690e5ec308bab64ef97950b75b1c7582283e0783fce1751d8,556ccf8758c8c2a20082c161e955405e950439f0503522fe129e709a5dc0e58f,43496.473006010056,240.893,55.58000601005915,3,55.58000601005915,inception,0.015438890558349764
734272c01926d19690e5ec308bab64ef97950b75b1c7582283e0783fce1751d8,556ccf8758c8c2a20082c161e955405e950439f0503522fe129e709a5dc0e58f,43496.62632107735,241.046,55.580321077344706,3,55.580321077344706,inception,0.015438978077040196
734272c01926d19690e5ec308bab64ef97950b75b1c7582283e0783fce1751d8,556ccf8758c8c2a20082c161e955405e950439f0503522fe129e709a5dc0e58f,43496.364794015884,240.784,55.58079401588475,3,55.58079401588475,inception,0.015439109448856875
734272c01926d19690e5ec308bab64ef97950b75b1c7582283e0783fce1751d8,556ccf8758c8c2a20082c161e955405e950439f0503522fe129e709a5dc0e58f,43625.34031009674,369.759,55.58131009674253,3,55.58131009674253,inception,0.015439252804650703
734272c01926d19690e5ec308bab64ef97950b75b1c7582283e0783fce1751d8,556ccf8758c8c2a20082c161e955405e950439f0503522fe129e709a5dc0e58f,43623.40915107727,367.827,55.58215107727301,3,55.58215107727301,inception,0.015439486410353614
734272c01926d19690e5ec308bab64ef97950b75b1c7582283e0783fce1751d8,556ccf8758c8c2a20082c161e955405e950439f0503522fe129e709a5dc0e58f,43443.18467307091,187.602,55.58267307090864,3,55.58267307090864,inception,0.015439631408585733
734272c01926d19690e5ec308bab64ef97950b75b1c7582283e0783fce1751d8,556ccf8758c8c2a20082c161e955405e950439f0503522fe129e709a5dc0e58f,43648.51717495918,392.93,55.58717495918245,3,55.58717495918245,inception,0.015440881933106236
734272c01926d19690e5ec308bab64ef97950b75b1c7582283e0783fce1751d8,556ccf8758c8c2a20082c161e955405e950439f0503522fe129e709a5dc0e58f,43443.97599697113,188.388,55.58799697113136,3,55.58799697113136,inception,0.015441110269758711
734272c01926d19690e5ec308bab64ef97950b75b1c7582283e0783fce1751d8,556ccf8758c8c2a20082c161e955405e950439f0503522fe129e709a5dc0e58f,43452.013035058975,196.425,55.58803505897231,3,55.58803505897231,inception,0.01544112084971453
734272c01926d19690e5ec308bab64ef97950b75b1c7582283e0783fce1751d8,556ccf8758c8c2a20082c161e955405e950439f0503522fe129e709a5dc0e58f,43607.63603210449,352.047,55.589032104493526,3,55.589032104493526,inception,0.015441397806803757
734272c01926d19690e5ec308bab64ef97950b75b1c7582283e0783fce1751d8,556ccf8758c8c2a20082c161e955405e950439f0503522fe129e709a5dc0e58f,43480.4580988884,224.869,55.58909888839844,3,55.58909888839844,inception,0.015441416357888454
734272c01926d19690e5ec308bab64ef97950b75b1c7582283e0783fce1751d8,556ccf8758c8c2a20082c161e955405e950439f0503522fe129e709a5dc0e58f,43313.21758008003,57.606,55.61158008003258,3,55.61158008003258,inception,0.015447661133342384
734272c01926d19690e5ec308bab64ef97950b75b1c7582283e0783fce1751d8,313c03f53a0d31f70aec25f62efb33e7dd779725ca4af579018452d1204beaad,43260.71254992485,0.709,60.0035499248479,3,60.0035499248479,googlenet,0.016667652756902195
734272c01926d19690e5ec308bab64ef97950b75b1c7582283e0783fce1751d8,313c03f53a0d31f70aec25f62efb33e7dd779725ca4af579018452d1204beaad,43320.223469018936,0.224,119.99946901893418,3,119.99946901893418,googlenet,0.03333318583859283
17c37a0fdd5d1932b755c0e6447137bc08fd524f455e14fdac414f584de08dc5,c9f8e30e36d1aef62c10b3cfca6e289a93848a148d876dd514753040314f4817,748921.3893671036,0.012,121.37736710358877,52,121.37736710358877,resnet50,0.03371593530655244
734272c01926d19690e5ec308bab64ef97950b75b1c7582283e0783fce1751d8,313c03f53a0d31f70aec25f62efb33e7dd779725ca4af579018452d1204beaad,43380.20153903961,0.176,180.02553903961234,3,180.02553903961234,googlenet,0.050007094177670096
734272c01926d19690e5ec308bab64ef97950b75b1c7582283e0783fce1751d8,313c03f53a0d31f70aec25f62efb33e7dd779725ca4af579018452d1204beaad,43440.19152498245,0.176,240.01552498245292,3,240.01552498245292,googlenet,0.06667097916179247
17c37a0fdd5d1932b755c0e6447137bc08fd524f455e14fdac414f584de08dc5,c9f8e30e36d1aef62c10b3cfca6e289a93848a148d876dd514753040314f4817,749041.2054069042,0.017,241.18840690422803,52,241.18840690422803,resnet50,0.0669967796956189
734272c01926d19690e5ec308bab64ef97950b75b1c7582283e0783fce1751d8,313c03f53a0d31f70aec25f62efb33e7dd779725ca4af579018452d1204beaad,43500.18718409538,0.18,300.0071840953824,3,300.0071840953824,googlenet,0.083335328915384
85479ef37b5dc75dd5aeca3bab499129b97a134dac5d740d2c68941de9d63031,1f33077bb2db73fd76a51e40e43f20173e3f038dd3f3705551751cf7724c3c40,849907.6970040798,7.675,300.02200407977216,59,300.02200407977216,alexnet,0.08333944557771449
734272c01926d19690e5ec308bab64ef97950b75b1c7582283e0783fce1751d8,313c03f53a0d31f70aec25f62efb33e7dd779725ca4af579018452d1204beaad,43560.18690991402,0.186,360.0009099140152,3,360.0009099140152,googlenet,0.10000025275389311
17c37a0fdd5d1932b755c0e6447137bc08fd524f455e14fdac414f584de08dc5,c9f8e30e36d1aef62c10b3cfca6e289a93848a148d876dd514753040314f4817,749161.2721710205,0.012,361.2601710205199,52,361.2601710205199,resnet50,0.10035004750569998
734272c01926d19690e5ec308bab64ef97950b75b1c7582283e0783fce1751d8,313c03f53a0d31f70aec25f62efb33e7dd779725ca4af579018452d1204beaad,43620.19270801544,0.184,420.0087080154408,3,420.0087080154408,googlenet,0.11666908555984466
734272c01926d19690e5ec308bab64ef97950b75b1c7582283e0783fce1751d8,313c03f53a0d31f70aec25f62efb33e7dd779725ca4af579018452d1204beaad,43680.14820408821,0.142,480.00620408821123,3,480.00620408821123,googlenet,0.1333350566911698
17c37a0fdd5d1932b755c0e6447137bc08fd524f455e14fdac414f584de08dc5,c9f8e30e36d1aef62c10b3cfca6e289a93848a148d876dd514753040314f4817,749281.2602889538,0.016,481.2442889538361,52,481.2442889538361,resnet50,0.13367896915384336
734272c01926d19690e5ec308bab64ef97950b75b1c7582283e0783fce1751d8,313c03f53a0d31f70aec25f62efb33e7dd779725ca4af579018452d1204beaad,43740.14482498169,0.137,540.007824981687,3,540.007824981687,googlenet,0.15000217360602416
734272c01926d19690e5ec308bab64ef97950b75b1c7582283e0783fce1751d8,313c03f53a0d31f70aec25f62efb33e7dd779725ca4af579018452d1204beaad,43800.16322207451,0.155,600.0082220745098,3,600.0082220745098,googlenet,0.16666895057625272
85479ef37b5dc75dd5aeca3bab499129b97a134dac5d740d2c68941de9d63031,1f33077bb2db73fd76a51e40e43f20173e3f038dd3f3705551751cf7724c3c40,850207.2145149708,7.203,600.0115149707999,59,600.0115149707999,alexnet,0.16666986526966665
17c37a0fdd5d1932b755c0e6447137bc08fd524f455e14fdac414f584de08dc5,c9f8e30e36d1aef62c10b3cfca6e289a93848a148d876dd514753040314f4817,749401.8641650677,0.018,601.8461650676327,52,601.8461650676327,resnet50,0.16717949029656465
734272c01926d19690e5ec308bab64ef97950b75b1c7582283e0783fce1751d8,9b61fd55aa093a2d172db1a68a60af5cf6cbfa7f5ea1fbc71846027a5954616d,749408.4559469223,0.666,607.7899469223339,52,607.7899469223339,bert,0.1688305408117594
734272c01926d19690e5ec308bab64ef97950b75b1c7582283e0783fce1751d8,9b61fd55aa093a2d172db1a68a60af5cf6cbfa7f5ea1fbc71846027a5954616d,749408.4879760742,0.694,607.793976074201,52,607.793976074201,bert,0.1688316600206114
734272c01926d19690e5ec308bab64ef97950b75b1c7582283e0783fce1751d8,9b61fd55aa093a2d172db1a68a60af5cf6cbfa7f5ea1fbc71846027a5954616d,749408.4585559368,0.664,607.7945559368236,52,607.7945559368236,bert,0.16883182109356212
734272c01926d19690e5ec308bab64ef97950b75b1c7582283e0783fce1751d8,9b61fd55aa093a2d172db1a68a60af5cf6cbfa7f5ea1fbc71846027a5954616d,749408.2481229305,0.452,607.7961229304783,52,607.7961229304783,bert,0.1688322563695773
734272c01926d19690e5ec308bab64ef97950b75b1c7582283e0783fce1751d8,9b61fd55aa093a2d172db1a68a60af5cf6cbfa7f5ea1fbc71846027a5954616d,749408.272687912,0.474,607.7986879119417,52,607.7986879119417,bert,0.16883296886442825
734272c01926d19690e5ec308bab64ef97950b75b1c7582283e0783fce1751d8,556ccf8758c8c2a20082c161e955405e950439f0503522fe129e709a5dc0e58f,43994.96499705315,170.456,624.508997053148,3,624.508997053148,inception,0.17347472140365225
734272c01926d19690e5ec308bab64ef97950b75b1c7582283e0783fce1751d8,556ccf8758c8c2a20082c161e955405e950439f0503522fe129e709a5dc0e58f,44026.45009088516,201.937,624.5130908851643,3,624.5130908851643,inception,0.1734758585792123
734272c01926d19690e5ec308bab64ef97950b75b1c7582283e0783fce1751d8,556ccf8758c8c2a20082c161e955405e950439f0503522fe129e709a5dc0e58f,44073.11001896858,248.596,624.5140189685844,3,624.5140189685844,inception,0.17347611638016233
734272c01926d19690e5ec308bab64ef97950b75b1c7582283e0783fce1751d8,556ccf8758c8c2a20082c161e955405e950439f0503522fe129e709a5dc0e58f,43978.63198208809,154.117,624.5149820880906,3,624.5149820880906,inception,0.1734763839133585
734272c01926d19690e5ec308bab64ef97950b75b1c7582283e0783fce1751d8,556ccf8758c8c2a20082c161e955405e950439f0503522fe129e709a5dc0e58f,44088.53449511528,264.019,624.5154951152799,3,624.5154951152799,inception,0.17347652642091108
734272c01926d19690e5ec308bab64ef97950b75b1c7582283e0783fce1751d8,556ccf8758c8c2a20082c161e955405e950439f0503522fe129e709a5dc0e58f,44040.62081694603,216.105,624.5158169460265,3,624.5158169460265,inception,0.17347661581834067
734272c01926d19690e5ec308bab64ef97950b75b1c7582283e0783fce1751d8,556ccf8758c8c2a20082c161e955405e950439f0503522fe129e709a5dc0e58f,44040.731508016586,216.215,624.5165080165898,3,624.5165080165898,inception,0.17347680778238606
734272c01926d19690e5ec308bab64ef97950b75b1c7582283e0783fce1751d8,556ccf8758c8c2a20082c161e955405e950439f0503522fe129e709a5dc0e58f,44073.18407011032,248.667,624.5170701103198,3,624.5170701103198,inception,0.17347696391953327
734272c01926d19690e5ec308bab64ef97950b75b1c7582283e0783fce1751d8,556ccf8758c8c2a20082c161e955405e950439f0503522fe129e709a5dc0e58f,43939.62332606316,115.106,624.5173260631636,3,624.5173260631636,inception,0.17347703501754547
734272c01926d19690e5ec308bab64ef97950b75b1c7582283e0783fce1751d8,556ccf8758c8c2a20082c161e955405e950439f0503522fe129e709a5dc0e58f,43978.352195978165,153.834,624.5181959781621,3,624.5181959781621,inception,0.1734772766606006
734272c01926d19690e5ec308bab64ef97950b75b1c7582283e0783fce1751d8,556ccf8758c8c2a20082c161e955405e950439f0503522fe129e709a5dc0e58f,44139.55327606201,315.035,624.5182760620082,3,624.5182760620082,inception,0.1734772989061134
734272c01926d19690e5ec308bab64ef97950b75b1c7582283e0783fce1751d8,556ccf8758c8c2a20082c161e955405e950439f0503522fe129e709a5dc0e58f,43947.64266991615,123.124,624.5186699161495,3,624.5186699161495,inception,0.17347740831004152
734272c01926d19690e5ec308bab64ef97950b75b1c7582283e0783fce1751d8,556ccf8758c8c2a20082c161e955405e950439f0503522fe129e709a5dc0e58f,43903.09648394585,78.577,624.5194839458491,3,624.5194839458491,inception,0.1734776344294025
734272c01926d19690e5ec308bab64ef97950b75b1c7582283e0783fce1751d8,556ccf8758c8c2a20082c161e955405e950439f0503522fe129e709a5dc0e58f,43947.55770301819,123.034,624.5237030181888,3,624.5237030181888,inception,0.17347880639394134
734272c01926d19690e5ec308bab64ef97950b75b1c7582283e0783fce1751d8,556ccf8758c8c2a20082c161e955405e950439f0503522fe129e709a5dc0e58f,44107.51746511459,278.437,629.0804651145954,3,629.0804651145954,inception,0.17474457364294319
734272c01926d19690e5ec308bab64ef97950b75b1c7582283e0783fce1751d8,556ccf8758c8c2a20082c161e955405e950439f0503522fe129e709a5dc0e58f,44041.13114309311,212.05,629.0811430931062,3,629.0811430931062,inception,0.17474476197030728
734272c01926d19690e5ec308bab64ef97950b75b1c7582283e0783fce1751d8,556ccf8758c8c2a20082c161e955405e950439f0503522fe129e709a5dc0e58f,44107.58236193657,278.44,629.1423619365669,3,629.1423619365669,inception,0.1747617672046019
734272c01926d19690e5ec308bab64ef97950b75b1c7582283e0783fce1751d8,556ccf8758c8c2a20082c161e955405e950439f0503522fe129e709a5dc0e58f,44065.79034900665,236.647,629.1433490066556,3,629.1433490066556,inception,0.17476204139073767
734272c01926d19690e5ec308bab64ef97950b75b1c7582283e0783fce1751d8,556ccf8758c8c2a20082c161e955405e950439f0503522fe129e709a5dc0e58f,44107.82937097549,278.686,629.1433709754856,3,629.1433709754856,inception,0.17476204749319044
734272c01926d19690e5ec308bab64ef97950b75b1c7582283e0783fce1751d8,556ccf8758c8c2a20082c161e955405e950439f0503522fe129e709a5dc0e58f,44063.11015200615,233.966,629.1441520061489,3,629.1441520061489,inception,0.17476226444615248
734272c01926d19690e5ec308bab64ef97950b75b1c7582283e0783fce1751d8,556ccf8758c8c2a20082c161e955405e950439f0503522fe129e709a5dc0e58f,44049.47425889969,220.33,629.144258899687,3,629.144258899687,inception,0.17476229413880193
734272c01926d19690e5ec308bab64ef97950b75b1c7582283e0783fce1751d8,556ccf8758c8c2a20082c161e955405e950439f0503522fe129e709a5dc0e58f,44107.50488805771,278.36,629.1448880577082,3,629.1448880577082,inception,0.17476246890491892
734272c01926d19690e5ec308bab64ef97950b75b1c7582283e0783fce1751d8,556ccf8758c8c2a20082c161e955405e950439f0503522fe129e709a5dc0e58f,44113.06592607498,283.92,629.1459260749834,3,629.1459260749834,inception,0.17476275724305096
734272c01926d19690e5ec308bab64ef97950b75b1c7582283e0783fce1751d8,556ccf8758c8c2a20082c161e955405e950439f0503522fe129e709a5dc0e58f,44040.486552000046,211.336,629.1505520000428,3,629.1505520000428,inception,0.1747640422222341
734272c01926d19690e5ec308bab64ef97950b75b1c7582283e0783fce1751d8,556ccf8758c8c2a20082c161e955405e950439f0503522fe129e709a5dc0e58f,44091.58462309837,262.434,629.1506230983723,3,629.1506230983723,inception,0.17476406197177008
734272c01926d19690e5ec308bab64ef97950b75b1c7582283e0783fce1751d8,556ccf8758c8c2a20082c161e955405e950439f0503522fe129e709a5dc0e58f,44107.25411701202,278.103,629.1511170120139,3,629.1511170120139,inception,0.17476419917000385
734272c01926d19690e5ec308bab64ef97950b75b1c7582283e0783fce1751d8,556ccf8758c8c2a20082c161e955405e950439f0503522fe129e709a5dc0e58f,44113.099802970886,283.948,629.1518029708895,3,629.1518029708895,inception,0.174764389714136
734272c01926d19690e5ec308bab64ef97950b75b1c7582283e0783fce1751d8,556ccf8758c8c2a20082c161e955405e950439f0503522fe129e709a5dc0e58f,44040.27797293663,211.126,629.1519729366337,3,629.1519729366337,inception,0.17476443692684268
734272c01926d19690e5ec308bab64ef97950b75b1c7582283e0783fce1751d8,556ccf8758c8c2a20082c161e955405e950439f0503522fe129e709a5dc0e58f,44108.326633930206,279.174,629.1526339302072,3,629.1526339302072,inception,0.17476462053616867
734272c01926d19690e5ec308bab64ef97950b75b1c7582283e0783fce1751d8,556ccf8758c8c2a20082c161e955405e950439f0503522fe129e709a5dc0e58f,44046.53228402138,217.379,629.1532840213767,3,629.1532840213767,inception,0.1747648011170491
734272c01926d19690e5ec308bab64ef97950b75b1c7582283e0783fce1751d8,313c03f53a0d31f70aec25f62efb33e7dd779725ca4af579018452d1204beaad,43860.12484097481,0.116,660.0088409748059,3,660.0088409748059,googlenet,0.1833357891596683
734272c01926d19690e5ec308bab64ef97950b75b1c7582283e0783fce1751d8,313c03f53a0d31f70aec25f62efb33e7dd779725ca4af579018452d1204beaad,43920.23460197449,0.223,720.0116019744892,3,720.0116019744892,googlenet,0.20000322277069144
17c37a0fdd5d1932b755c0e6447137bc08fd524f455e14fdac414f584de08dc5,c9f8e30e36d1aef62c10b3cfca6e289a93848a148d876dd514753040314f4817,749521.4160480499,0.015,721.4010480499128,52,721.4010480499128,resnet50,0.20038918001386466
734272c01926d19690e5ec308bab64ef97950b75b1c7582283e0783fce1751d8,313c03f53a0d31f70aec25f62efb33e7dd779725ca4af579018452d1204beaad,43980.13833498955,0.121,780.0173349895485,3,780.0173349895485,googlenet,0.21667148194154126
85479ef37b5dc75dd5aeca3bab499129b97a134dac5d740d2c68941de9d63031,cd9f7f333d59aede8088772edac3bff78c45e2dad8eb498b450b9af511452a36,850659.1427359581,229.977,829.1657359581441,59,829.1657359581441,efficientnet,0.23032381554392892
734272c01926d19690e5ec308bab64ef97950b75b1c7582283e0783fce1751d8,313c03f53a0d31f70aec25f62efb33e7dd779725ca4af579018452d1204beaad,44040.14261007309,0.128,840.0146100730926,3,840.0146100730926,googlenet,0.23333739168697018
17c37a0fdd5d1932b755c0e6447137bc08fd524f455e14fdac414f584de08dc5,c9f8e30e36d1aef62c10b3cfca6e289a93848a148d876dd514753040314f4817,749641.2524359226,0.015,841.2374359226087,52,841.2374359226087,resnet50,0.23367706553405798
734272c01926d19690e5ec308bab64ef97950b75b1c7582283e0783fce1751d8,313c03f53a0d31f70aec25f62efb33e7dd779725ca4af579018452d1204beaad,44100.2742099762,0.262,900.0122099762011,3,900.0122099762011,googlenet,0.25000339166005586
85479ef37b5dc75dd5aeca3bab499129b97a134dac5d740d2c68941de9d63031,1f33077bb2db73fd76a51e40e43f20173e3f038dd3f3705551751cf7724c3c40,850509.469933033,9.453,900.01693303301,59,900.01693303301,alexnet,0.25000470362028054
734272c01926d19690e5ec308bab64ef97950b75b1c7582283e0783fce1751d8,313c03f53a0d31f70aec25f62efb33e7dd779725ca4af579018452d1204beaad,44160.16005206108,0.148,960.0120520610799,3,960.0120520610799,googlenet,0.2666700144614111
17c37a0fdd5d1932b755c0e6447137bc08fd524f455e14fdac414f584de08dc5,c9f8e30e36d1aef62c10b3cfca6e289a93848a148d876dd514753040314f4817,749761.2576420307,0.022,961.2356420307187,52,961.2356420307187,resnet50,0.2670099005640885
734272c01926d19690e5ec308bab64ef97950b75b1c7582283e0783fce1751d8,313c03f53a0d31f70aec25f62efb33e7dd779725ca4af579018452d1204beaad,44220.30894494057,0.297,1020.0119449405684,3,1020.0119449405684,googlenet,0.2833366513723801
734272c01926d19690e5ec308bab64ef97950b75b1c7582283e0783fce1751d8,313c03f53a0d31f70aec25f62efb33e7dd779725ca4af579018452d1204beaad,44280.13909697533,0.13,1080.0090969753292,3,1080.0090969753292,googlenet,0.30000252693759144
17c37a0fdd5d1932b755c0e6447137bc08fd524f455e14fdac414f584de08dc5,c9f8e30e36d1aef62c10b3cfca6e289a93848a148d876dd514753040314f4817,749881.3615319729,0.016,1081.34553197294,52,1081.34553197294,resnet50,0.30037375888137224
734272c01926d19690e5ec308bab64ef97950b75b1c7582283e0783fce1751d8,313c03f53a0d31f70aec25f62efb33e7dd779725ca4af579018452d1204beaad,44340.145230054855,0.128,1140.0172300548584,3,1140.0172300548584,googlenet,0.31667145279301623
85479ef37b5dc75dd5aeca3bab499129b97a134dac5d740d2c68941de9d63031,cd9f7f333d59aede8088772edac3bff78c45e2dad8eb498b450b9af511452a36,850895.6139149666,127.612,1168.0019149666186,59,1168.0019149666186,efficientnet,0.3244449763796163
85479ef37b5dc75dd5aeca3bab499129b97a134dac5d740d2c68941de9d63031,1f33077bb2db73fd76a51e40e43f20173e3f038dd3f3705551751cf7724c3c40,850811.0419259071,11.032,1200.0099259071285,59,1200.0099259071285,alexnet,0.33333609052975793
734272c01926d19690e5ec308bab64ef97950b75b1c7582283e0783fce1751d8,313c03f53a0d31f70aec25f62efb33e7dd779725ca4af579018452d1204beaad,44400.34314799309,0.33,1200.013147993086,3,1200.013147993086,googlenet,0.333336985553635
17c37a0fdd5d1932b755c0e6447137bc08fd524f455e14fdac414f584de08dc5,c9f8e30e36d1aef62c10b3cfca6e289a93848a148d876dd514753040314f4817,750001.3543820381,0.013,1201.341382038081,52,1201.341382038081,resnet50,0.3337059394550225
734272c01926d19690e5ec308bab64ef97950b75b1c7582283e0783fce1751d8,313c03f53a0d31f70aec25f62efb33e7dd779725ca4af579018452d1204beaad,44460.1469271183,0.152,1259.9949271182995,3,1259.9949271182995,googlenet,0.34999859086619434
85479ef37b5dc75dd5aeca3bab499129b97a134dac5d740d2c68941de9d63031,cd9f7f333d59aede8088772edac3bff78c45e2dad8eb498b450b9af511452a36,850999.1214540005,103.476,1295.6454540004488,59,1295.6454540004488,efficientnet,0.3599015150001247
734272c01926d19690e5ec308bab64ef97950b75b1c7582283e0783fce1751d8,313c03f53a0d31f70aec25f62efb33e7dd779725ca4af579018452d1204beaad,44520.23970890045,0.239,1320.0007089004503,3,1320.0007089004503,googlenet,0.3666668635834584
17c37a0fdd5d1932b755c0e6447137bc08fd524f455e14fdac414f584de08dc5,c9f8e30e36d1aef62c10b3cfca6e289a93848a148d876dd514753040314f4817,750121.322633028,0.015,1321.3076330280164,52,1321.3076330280164,resnet50,0.3670298980633379
734272c01926d19690e5ec308bab64ef97950b75b1c7582283e0783fce1751d8,313c03f53a0d31f70aec25f62efb33e7dd779725ca4af579018452d1204beaad,44580.13690209389,0.134,1380.0029020938891,3,1380.0029020938891,googlenet,0.38333413947052475
734272c01926d19690e5ec308bab64ef97950b75b1c7582283e0783fce1751d8,313c03f53a0d31f70aec25f62efb33e7dd779725ca4af579018452d1204beaad,44640.26274108887,0.245,1440.0177410888646,3,1440.0177410888646,googlenet,0.4000049280802402
17c37a0fdd5d1932b755c0e6447137bc08fd524f455e14fdac414f584de08dc5,c9f8e30e36d1aef62c10b3cfca6e289a93848a148d876dd514753040314f4817,750241.2804889679,0.016,1441.2644889679505,52,1441.2644889679505,resnet50,0.4003512469355418
734272c01926d19690e5ec308bab64ef97950b75b1c7582283e0783fce1751d8,313c03f53a0d31f70aec25f62efb33e7dd779725ca4af579018452d1204beaad,44700.156157016754,0.144,1500.012157016754,3,1500.012157016754,googlenet,0.416670043615765
85479ef37b5dc75dd5aeca3bab499129b97a134dac5d740d2c68941de9d63031,1f33077bb2db73fd76a51e40e43f20173e3f038dd3f3705551751cf7724c3c40,851106.6979870796,6.681,1500.016987079638,59,1500.016987079638,alexnet,0.41667138529989944
734272c01926d19690e5ec308bab64ef97950b75b1c7582283e0783fce1751d8,313c03f53a0d31f70aec25f62efb33e7dd779725ca4af579018452d1204beaad,44760.127794981,0.123,1560.0047949810032,3,1560.0047949810032,googlenet,0.4333346652725009
17c37a0fdd5d1932b755c0e6447137bc08fd524f455e14fdac414f584de08dc5,c9f8e30e36d1aef62c10b3cfca6e289a93848a148d876dd514753040314f4817,750361.9964950085,0.014,1561.9824950085022,52,1561.9824950085022,resnet50,0.4338840263912506
734272c01926d19690e5ec308bab64ef97950b75b1c7582283e0783fce1751d8,313c03f53a0d31f70aec25f62efb33e7dd779725ca4af579018452d1204beaad,44820.14651107788,0.145,1620.001511077884,3,1620.001511077884,googlenet,0.4500004197438567
734272c01926d19690e5ec308bab64ef97950b75b1c7582283e0783fce1751d8,313c03f53a0d31f70aec25f62efb33e7dd779725ca4af579018452d1204beaad,44880.12706708908,0.124,1680.0030670890774,3,1680.0030670890774,googlenet,0.4666675186358548
17c37a0fdd5d1932b755c0e6447137bc08fd524f455e14fdac414f584de08dc5,c9f8e30e36d1aef62c10b3cfca6e289a93848a148d876dd514753040314f4817,750481.2033479214,0.016,1681.1873479214264,52,1681.1873479214264,resnet50,0.4669964855337296
734272c01926d19690e5ec308bab64ef97950b75b1c7582283e0783fce1751d8,313c03f53a0d31f70aec25f62efb33e7dd779725ca4af579018452d1204beaad,44940.14469408989,0.14,1740.00469408989,3,1740.00469408989,googlenet,0.4833346372471917
734272c01926d19690e5ec308bab64ef97950b75b1c7582283e0783fce1751d8,313c03f53a0d31f70aec25f62efb33e7dd779725ca4af579018452d1204beaad,45000.17119002342,0.145,1800.0261900234254,3,1800.0261900234254,googlenet,0.5000072750065071
17c37a0fdd5d1932b755c0e6447137bc08fd524f455e14fdac414f584de08dc5,c9f8e30e36d1aef62c10b3cfca6e289a93848a148d876dd514753040314f4817,750601.3408529758,0.014,1801.3268529758789,52,1801.3268529758789,resnet50,0.5003685702710775
734272c01926d19690e5ec308bab64ef97950b75b1c7582283e0783fce1751d8,9b61fd55aa093a2d172db1a68a60af5cf6cbfa7f5ea1fbc71846027a5954616d,750606.7221078873,4.899,1801.8231078872923,52,1801.8231078872923,bert,0.5005064188575812
734272c01926d19690e5ec308bab64ef97950b75b1c7582283e0783fce1751d8,9b61fd55aa093a2d172db1a68a60af5cf6cbfa7f5ea1fbc71846027a5954616d,750606.6820240021,4.834,1801.8480240020435,52,1801.8480240020435,bert,0.5005133400005677
734272c01926d19690e5ec308bab64ef97950b75b1c7582283e0783fce1751d8,9b61fd55aa093a2d172db1a68a60af5cf6cbfa7f5ea1fbc71846027a5954616d,750606.9162070751,5.068,1801.8482070751488,52,1801.8482070751488,bert,0.500513390854208
734272c01926d19690e5ec308bab64ef97950b75b1c7582283e0783fce1751d8,9b61fd55aa093a2d172db1a68a60af5cf6cbfa7f5ea1fbc71846027a5954616d,750606.9190440178,5.07,1801.849044017843,52,1801.849044017843,bert,0.5005136233382897
734272c01926d19690e5ec308bab64ef97950b75b1c7582283e0783fce1751d8,9b61fd55aa093a2d172db1a68a60af5cf6cbfa7f5ea1fbc71846027a5954616d,750606.8373680115,4.988,1801.8493680114625,52,1801.8493680114625,bert,0.5005137133365174
734272c01926d19690e5ec308bab64ef97950b75b1c7582283e0783fce1751d8,9b61fd55aa093a2d172db1a68a60af5cf6cbfa7f5ea1fbc71846027a5954616d,750606.7320990562,4.882,1801.8500990562607,52,1801.8500990562607,bert,0.5005139164045168
734272c01926d19690e5ec308bab64ef97950b75b1c7582283e0783fce1751d8,9b61fd55aa093a2d172db1a68a60af5cf6cbfa7f5ea1fbc71846027a5954616d,750606.9203379154,5.07,1801.8503379154718,52,1801.8503379154718,bert,0.5005139827542977
734272c01926d19690e5ec308bab64ef97950b75b1c7582283e0783fce1751d8,9b61fd55aa093a2d172db1a68a60af5cf6cbfa7f5ea1fbc71846027a5954616d,750606.7335031033,4.883,1801.8505031032255,52,1801.8505031032255,bert,0.5005140286397849
734272c01926d19690e5ec308bab64ef97950b75b1c7582283e0783fce1751d8,9b61fd55aa093a2d172db1a68a60af5cf6cbfa7f5ea1fbc71846027a5954616d,750606.738877058,4.887,1801.8518770580413,52,1801.8518770580413,bert,0.5005144102939003
734272c01926d19690e5ec308bab64ef97950b75b1c7582283e0783fce1751d8,9b61fd55aa093a2d172db1a68a60af5cf6cbfa7f5ea1fbc71846027a5954616d,750606.7500450611,4.898,1801.8520450610667,52,1801.8520450610667,bert,0.5005144569614074
734272c01926d19690e5ec308bab64ef97950b75b1c7582283e0783fce1751d8,9b61fd55aa093a2d172db1a68a60af5cf6cbfa7f5ea1fbc71846027a5954616d,750606.7424349785,4.89,1801.8524349784711,52,1801.8524349784711,bert,0.5005145652717975
734272c01926d19690e5ec308bab64ef97950b75b1c7582283e0783fce1751d8,9b61fd55aa093a2d172db1a68a60af5cf6cbfa7f5ea1fbc71846027a5954616d,750606.7412641048,4.888,1801.8532641048077,52,1801.8532641048077,bert,0.5005147955846688
734272c01926d19690e5ec308bab64ef97950b75b1c7582283e0783fce1751d8,9b61fd55aa093a2d172db1a68a60af5cf6cbfa7f5ea1fbc71846027a5954616d,750606.7400870323,4.882,1801.8580870323349,52,1801.8580870323349,bert,0.5005161352867596
734272c01926d19690e5ec308bab64ef97950b75b1c7582283e0783fce1751d8,9b61fd55aa093a2d172db1a68a60af5cf6cbfa7f5ea1fbc71846027a5954616d,750606.8955440521,5.037,1801.8585440521128,52,1801.8585440521128,bert,0.500516262236698
734272c01926d19690e5ec308bab64ef97950b75b1c7582283e0783fce1751d8,9b61fd55aa093a2d172db1a68a60af5cf6cbfa7f5ea1fbc71846027a5954616d,750606.9178020954,5.059,1801.8588020954048,52,1801.8588020954048,bert,0.5005163339153902
734272c01926d19690e5ec308bab64ef97950b75b1c7582283e0783fce1751d8,9b61fd55aa093a2d172db1a68a60af5cf6cbfa7f5ea1fbc71846027a5954616d,750606.7482569218,4.886,1801.8622569217114,52,1801.8622569217114,bert,0.5005172935893643
734272c01926d19690e5ec308bab64ef97950b75b1c7582283e0783fce1751d8,9b61fd55aa093a2d172db1a68a60af5cf6cbfa7f5ea1fbc71846027a5954616d,750608.6365199089,0.227,1808.4095199089497,52,1808.4095199089497,bert,0.5023359777524861
734272c01926d19690e5ec308bab64ef97950b75b1c7582283e0783fce1751d8,9b61fd55aa093a2d172db1a68a60af5cf6cbfa7f5ea1fbc71846027a5954616d,750608.622731924,0.211,1808.4117319240468,52,1808.4117319240468,bert,0.5023365922011241
734272c01926d19690e5ec308bab64ef97950b75b1c7582283e0783fce1751d8,9b61fd55aa093a2d172db1a68a60af5cf6cbfa7f5ea1fbc71846027a5954616d,750608.621901989,0.21,1808.4119019890204,52,1808.4119019890204,bert,0.5023366394413945
734272c01926d19690e5ec308bab64ef97950b75b1c7582283e0783fce1751d8,9b61fd55aa093a2d172db1a68a60af5cf6cbfa7f5ea1fbc71846027a5954616d,750608.6211030483,0.209,1808.412103048293,52,1808.412103048293,bert,0.5023366952911925
734272c01926d19690e5ec308bab64ef97950b75b1c7582283e0783fce1751d8,9b61fd55aa093a2d172db1a68a60af5cf6cbfa7f5ea1fbc71846027a5954616d,750608.6197841167,0.205,1808.414784116787,52,1808.414784116787,bert,0.5023374400324409
734272c01926d19690e5ec308bab64ef97950b75b1c7582283e0783fce1751d8,313c03f53a0d31f70aec25f62efb33e7dd779725ca4af579018452d1204beaad,45060.15618896485,0.146,1860.0101889648504,3,1860.0101889648504,googlenet,0.5166694969346807
734272c01926d19690e5ec308bab64ef97950b75b1c7582283e0783fce1751d8,313c03f53a0d31f70aec25f62efb33e7dd779725ca4af579018452d1204beaad,45120.19426488876,0.19,1920.004264888761,3,1920.004264888761,googlenet,0.5333345180246558
17c37a0fdd5d1932b755c0e6447137bc08fd524f455e14fdac414f584de08dc5,c9f8e30e36d1aef62c10b3cfca6e289a93848a148d876dd514753040314f4817,750721.2895810604,0.013,1921.2765810603742,52,1921.2765810603742,resnet50,0.5336879391834373
734272c01926d19690e5ec308bab64ef97950b75b1c7582283e0783fce1751d8,313c03f53a0d31f70aec25f62efb33e7dd779725ca4af579018452d1204beaad,45180.131360054016,0.13,1980.0013600540187,3,1980.0013600540187,googlenet,0.550000377792783
85479ef37b5dc75dd5aeca3bab499129b97a134dac5d740d2c68941de9d63031,cd9f7f333d59aede8088772edac3bff78c45e2dad8eb498b450b9af511452a36,851784.9985249043,165.859,2019.1395249041962,59,2019.1395249041962,efficientnet,0.5608720902511656
734272c01926d19690e5ec308bab64ef97950b75b1c7582283e0783fce1751d8,313c03f53a0d31f70aec25f62efb33e7dd779725ca4af579018452d1204beaad,45240.192142009735,0.183,2040.0091420097378,3,2040.0091420097378,googlenet,0.5666692061138161
17c37a0fdd5d1932b755c0e6447137bc08fd524f455e14fdac414f584de08dc5,c9f8e30e36d1aef62c10b3cfca6e289a93848a148d876dd514753040314f4817,750841.2704620361,0.015,2041.2554620361188,52,2041.2554620361188,resnet50,0.5670154061211441
734272c01926d19690e5ec308bab64ef97950b75b1c7582283e0783fce1751d8,313c03f53a0d31f70aec25f62efb33e7dd779725ca4af579018452d1204beaad,45300.16883397102,0.151,2100.0178339710255,3,2100.0178339710255,googlenet,0.5833382872141738
85479ef37b5dc75dd5aeca3bab499129b97a134dac5d740d2c68941de9d63031,1f33077bb2db73fd76a51e40e43f20173e3f038dd3f3705551751cf7724c3c40,851713.4759509563,13.35,2100.125950956368,59,2100.125950956368,alexnet,0.5833683197101022
734272c01926d19690e5ec308bab64ef97950b75b1c7582283e0783fce1751d8,313c03f53a0d31f70aec25f62efb33e7dd779725ca4af579018452d1204beaad,45360.14596605301,0.132,2160.0139660530112,3,2160.0139660530112,googlenet,0.6000038794591698
17c37a0fdd5d1932b755c0e6447137bc08fd524f455e14fdac414f584de08dc5,c9f8e30e36d1aef62c10b3cfca6e289a93848a148d876dd514753040314f4817,750961.306937933,0.017,2161.2899379329756,52,2161.2899379329756,resnet50,0.6003583160924932
85479ef37b5dc75dd5aeca3bab499129b97a134dac5d740d2c68941de9d63031,cd9f7f333d59aede8088772edac3bff78c45e2dad8eb498b450b9af511452a36,851785.264163971,0.218,2185.046163970954,59,2185.046163970954,efficientnet,0.6069572677697094
734272c01926d19690e5ec308bab64ef97950b75b1c7582283e0783fce1751d8,313c03f53a0d31f70aec25f62efb33e7dd779725ca4af579018452d1204beaad,45420.16109800339,0.144,2220.017098003387,3,2220.017098003387,googlenet,0.616671416112052
734272c01926d19690e5ec308bab64ef97950b75b1c7582283e0783fce1751d8,313c03f53a0d31f70aec25f62efb33e7dd779725ca4af579018452d1204beaad,45480.12270903587,0.119,2280.0037090358746,3,2280.0037090358746,googlenet,0.6333343636210763
17c37a0fdd5d1932b755c0e6447137bc08fd524f455e14fdac414f584de08dc5,c9f8e30e36d1aef62c10b3cfca6e289a93848a148d876dd514753040314f4817,751081.2374529839,0.014,2281.2234529838897,52,2281.2234529838897,resnet50,0.6336731813844139
734272c01926d19690e5ec308bab64ef97950b75b1c7582283e0783fce1751d8,313c03f53a0d31f70aec25f62efb33e7dd779725ca4af579018452d1204beaad,45540.1567530632,0.146,2340.0107530632013,3,2340.0107530632013,googlenet,0.6500029869620003
734272c01926d19690e5ec308bab64ef97950b75b1c7582283e0783fce1751d8,313c03f53a0d31f70aec25f62efb33e7dd779725ca4af579018452d1204beaad,45600.1188890934,0.128,2399.990889093402,3,2399.990889093402,googlenet,0.6666641358592783
85479ef37b5dc75dd5aeca3bab499129b97a134dac5d740d2c68941de9d63031,cd9f7f333d59aede8088772edac3bff78c45e2dad8eb498b450b9af511452a36,852094.600828886,94.376,2400.2248288859846,59,2400.2248288859846,efficientnet,0.6667291191349958
85479ef37b5dc75dd5aeca3bab499129b97a134dac5d740d2c68941de9d63031,1f33077bb2db73fd76a51e40e43f20173e3f038dd3f3705551751cf7724c3c40,852019.6409809589,19.416,2400.2249809589703,59,2400.2249809589703,alexnet,0.6667291613774917
17c37a0fdd5d1932b755c0e6447137bc08fd524f455e14fdac414f584de08dc5,c9f8e30e36d1aef62c10b3cfca6e289a93848a148d876dd514753040314f4817,751201.3933079243,0.017,2401.376307924278,52,2401.376307924278,resnet50,0.6670489744234106
734272c01926d19690e5ec308bab64ef97950b75b1c7582283e0783fce1751d8,9b61fd55aa093a2d172db1a68a60af5cf6cbfa7f5ea1fbc71846027a5954616d,751246.2779641151,0.392,2445.8859641151503,52,2445.8859641151503,bert,0.679412767809764
734272c01926d19690e5ec308bab64ef97950b75b1c7582283e0783fce1751d8,9b61fd55aa093a2d172db1a68a60af5cf6cbfa7f5ea1fbc71846027a5954616d,751246.2562429905,0.37,2445.8862429904984,52,2445.8862429904984,bert,0.6794128452751385
734272c01926d19690e5ec308bab64ef97950b75b1c7582283e0783fce1751d8,9b61fd55aa093a2d172db1a68a60af5cf6cbfa7f5ea1fbc71846027a5954616d,751246.2575778961,0.371,2445.8865778960753,52,2445.8865778960753,bert,0.6794129383044654
734272c01926d19690e5ec308bab64ef97950b75b1c7582283e0783fce1751d8,9b61fd55aa093a2d172db1a68a60af5cf6cbfa7f5ea1fbc71846027a5954616d,751246.2551019192,0.368,2445.8871019191574,52,2445.8871019191574,bert,0.6794130838664326
734272c01926d19690e5ec308bab64ef97950b75b1c7582283e0783fce1751d8,9b61fd55aa093a2d172db1a68a60af5cf6cbfa7f5ea1fbc71846027a5954616d,751246.2830700874,0.395,2445.8880700874142,52,2445.8880700874142,bert,0.6794133528020595
734272c01926d19690e5ec308bab64ef97950b75b1c7582283e0783fce1751d8,313c03f53a0d31f70aec25f62efb33e7dd779725ca4af579018452d1204beaad,45660.25611495972,0.258,2459.998114959715,3,2459.998114959715,googlenet,0.6833328097110319
734272c01926d19690e5ec308bab64ef97950b75b1c7582283e0783fce1751d8,313c03f53a0d31f70aec25f62efb33e7dd779725ca4af579018452d1204beaad,45720.12576508522,0.12,2520.0057650852177,3,2520.0057650852177,googlenet,0.7000016014125605
17c37a0fdd5d1932b755c0e6447137bc08fd524f455e14fdac414f584de08dc5,c9f8e30e36d1aef62c10b3cfca6e289a93848a148d876dd514753040314f4817,751321.3892800808,0.013,2521.37628008076,52,2521.37628008076,resnet50,0.7003823000224333
734272c01926d19690e5ec308bab64ef97950b75b1c7582283e0783fce1751d8,313c03f53a0d31f70aec25f62efb33e7dd779725ca4af579018452d1204beaad,45780.13191604614,0.118,2580.0139160461404,3,2580.0139160461404,googlenet,0.716670532235039
734272c01926d19690e5ec308bab64ef97950b75b1c7582283e0783fce1751d8,313c03f53a0d31f70aec25f62efb33e7dd779725ca4af579018452d1204beaad,45840.219093084335,0.213,2640.006093084332,3,2640.006093084332,googlenet,0.7333350258567589
17c37a0fdd5d1932b755c0e6447137bc08fd524f455e14fdac414f584de08dc5,c9f8e30e36d1aef62c10b3cfca6e289a93848a148d876dd514753040314f4817,751441.3367590904,0.013,2641.323759090388,52,2641.323759090388,resnet50,0.7337010441917745
734272c01926d19690e5ec308bab64ef97950b75b1c7582283e0783fce1751d8,313c03f53a0d31f70aec25f62efb33e7dd779725ca4af579018452d1204beaad,45900.13247203827,0.118,2700.014472038267,3,2700.014472038267,googlenet,0.7500040200106297
85479ef37b5dc75dd5aeca3bab499129b97a134dac5d740d2c68941de9d63031,1f33077bb2db73fd76a51e40e43f20173e3f038dd3f3705551751cf7724c3c40,852309.1247038841,9.106,2700.018703884096,59,2700.018703884096,alexnet,0.75000519552336
734272c01926d19690e5ec308bab64ef97950b75b1c7582283e0783fce1751d8,313c03f53a0d31f70aec25f62efb33e7dd779725ca4af579018452d1204beaad,45960.216738939285,0.208,2760.0087389392866,3,2760.0087389392866,googlenet,0.7666690941498018
17c37a0fdd5d1932b755c0e6447137bc08fd524f455e14fdac414f584de08dc5,c9f8e30e36d1aef62c10b3cfca6e289a93848a148d876dd514753040314f4817,751561.2455410957,0.018,2761.2275410956936,52,2761.2275410956936,resnet50,0.7670076503043594
734272c01926d19690e5ec308bab64ef97950b75b1c7582283e0783fce1751d8,313c03f53a0d31f70aec25f62efb33e7dd779725ca4af579018452d1204beaad,46020.12419199944,0.119,2820.005191999444,3,2820.005191999444,googlenet,0.7833347755554011
734272c01926d19690e5ec308bab64ef97950b75b1c7582283e0783fce1751d8,313c03f53a0d31f70aec25f62efb33e7dd779725ca4af579018452d1204beaad,46080.119278907776,0.117,2880.0022789077775,3,2880.0022789077775,googlenet,0.8000006330299382
17c37a0fdd5d1932b755c0e6447137bc08fd524f455e14fdac414f584de08dc5,c9f8e30e36d1aef62c10b3cfca6e289a93848a148d876dd514753040314f4817,751681.3320760727,0.018,2881.314076072653,52,2881.314076072653,resnet50,0.8003650211312925
734272c01926d19690e5ec308bab64ef97950b75b1c7582283e0783fce1751d8,313c03f53a0d31f70aec25f62efb33e7dd779725ca4af579018452d1204beaad,46140.14149093628,0.131,2940.010490936278,3,2940.010490936278,googlenet,0.8166695808156328
734272c01926d19690e5ec308bab64ef97950b75b1c7582283e0783fce1751d8,313c03f53a0d31f70aec25f62efb33e7dd779725ca4af579018452d1204beaad,46200.12600302696,0.125,3000.0010030269623,3,3000.0010030269623,googlenet,0.833333611951934
17c37a0fdd5d1932b755c0e6447137bc08fd524f455e14fdac414f584de08dc5,c9f8e30e36d1aef62c10b3cfca6e289a93848a148d876dd514753040314f4817,751801.2941410542,0.014,3001.280141054187,52,3001.280141054187,resnet50,0.8336889280706075
85479ef37b5dc75dd5aeca3bab499129b97a134dac5d740d2c68941de9d63031,1f33077bb2db73fd76a51e40e43f20173e3f038dd3f3705551751cf7724c3c40,852616.2721259594,6.406,3009.8661259594373,59,3009.8661259594373,alexnet,0.8360739238776215
734272c01926d19690e5ec308bab64ef97950b75b1c7582283e0783fce1751d8,9b61fd55aa093a2d172db1a68a60af5cf6cbfa7f5ea1fbc71846027a5954616d,751829.4814999104,0.646,3028.835499910405,52,3028.835499910405,bert,0.841343194419557
734272c01926d19690e5ec308bab64ef97950b75b1c7582283e0783fce1751d8,9b61fd55aa093a2d172db1a68a60af5cf6cbfa7f5ea1fbc71846027a5954616d,751829.5041310787,0.668,3028.836131078773,52,3028.836131078773,bert,0.8413433697441036
734272c01926d19690e5ec308bab64ef97950b75b1c7582283e0783fce1751d8,9b61fd55aa093a2d172db1a68a60af5cf6cbfa7f5ea1fbc71846027a5954616d,751829.5103330612,0.674,3028.836333061219,52,3028.836333061219,bert,0.8413434258503386
734272c01926d19690e5ec308bab64ef97950b75b1c7582283e0783fce1751d8,9b61fd55aa093a2d172db1a68a60af5cf6cbfa7f5ea1fbc71846027a5954616d,751829.909111023,1.072,3028.8371110229054,52,3028.8371110229054,bert,0.841343641950807
734272c01926d19690e5ec308bab64ef97950b75b1c7582283e0783fce1751d8,9b61fd55aa093a2d172db1a68a60af5cf6cbfa7f5ea1fbc71846027a5954616d,751829.9000720978,1.062,3028.838072097744,52,3028.838072097744,bert,0.8413439089160399
734272c01926d19690e5ec308bab64ef97950b75b1c7582283e0783fce1751d8,9b61fd55aa093a2d172db1a68a60af5cf6cbfa7f5ea1fbc71846027a5954616d,751830.0000760555,1.161,3028.839076055563,52,3028.839076055563,bert,0.841344187793212
734272c01926d19690e5ec308bab64ef97950b75b1c7582283e0783fce1751d8,9b61fd55aa093a2d172db1a68a60af5cf6cbfa7f5ea1fbc71846027a5954616d,751829.9076600075,1.068,3028.8396600075066,52,3028.8396600075066,bert,0.8413443500020852
734272c01926d19690e5ec308bab64ef97950b75b1c7582283e0783fce1751d8,9b61fd55aa093a2d172db1a68a60af5cf6cbfa7f5ea1fbc71846027a5954616d,751829.8634300232,1.023,3028.8404300231487,52,3028.8404300231487,bert,0.8413445638953191
734272c01926d19690e5ec308bab64ef97950b75b1c7582283e0783fce1751d8,9b61fd55aa093a2d172db1a68a60af5cf6cbfa7f5ea1fbc71846027a5954616d,751829.864415884,1.023,3028.8414158839732,52,3028.8414158839732,bert,0.8413448377455481
734272c01926d19690e5ec308bab64ef97950b75b1c7582283e0783fce1751d8,9b61fd55aa093a2d172db1a68a60af5cf6cbfa7f5ea1fbc71846027a5954616d,751829.8976080418,1.056,3028.841608041781,52,3028.841608041781,bert,0.8413448911227169
734272c01926d19690e5ec308bab64ef97950b75b1c7582283e0783fce1751d8,9b61fd55aa093a2d172db1a68a60af5cf6cbfa7f5ea1fbc71846027a5954616d,751829.8927299976,1.051,3028.8417299976572,52,3028.8417299976572,bert,0.8413449249993492
734272c01926d19690e5ec308bab64ef97950b75b1c7582283e0783fce1751d8,9b61fd55aa093a2d172db1a68a60af5cf6cbfa7f5ea1fbc71846027a5954616d,751829.8961338997,1.054,3028.842133899685,52,3028.842133899685,bert,0.8413450371943569
734272c01926d19690e5ec308bab64ef97950b75b1c7582283e0783fce1751d8,9b61fd55aa093a2d172db1a68a60af5cf6cbfa7f5ea1fbc71846027a5954616d,751829.9052970409,1.063,3028.842297040974,52,3028.842297040974,bert,0.8413450825113816
734272c01926d19690e5ec308bab64ef97950b75b1c7582283e0783fce1751d8,9b61fd55aa093a2d172db1a68a60af5cf6cbfa7f5ea1fbc71846027a5954616d,751829.898870945,1.056,3028.8428709449945,52,3028.8428709449945,bert,0.8413452419291652
734272c01926d19690e5ec308bab64ef97950b75b1c7582283e0783fce1751d8,9b61fd55aa093a2d172db1a68a60af5cf6cbfa7f5ea1fbc71846027a5954616d,751829.9064919949,1.063,3028.8434919948922,52,3028.8434919948922,bert,0.8413454144430256
734272c01926d19690e5ec308bab64ef97950b75b1c7582283e0783fce1751d8,9b61fd55aa093a2d172db1a68a60af5cf6cbfa7f5ea1fbc71846027a5954616d,751829.916121006,1.068,3028.8481210060418,52,3028.8481210060418,bert,0.841346700279456
734272c01926d19690e5ec308bab64ef97950b75b1c7582283e0783fce1751d8,9b61fd55aa093a2d172db1a68a60af5cf6cbfa7f5ea1fbc71846027a5954616d,751830.1241281033,0.094,3030.0301281032152,52,3030.0301281032152,bert,0.8416750355842264
734272c01926d19690e5ec308bab64ef97950b75b1c7582283e0783fce1751d8,9b61fd55aa093a2d172db1a68a60af5cf6cbfa7f5ea1fbc71846027a5954616d,751830.130382061,0.099,3030.031382060959,52,3030.031382060959,bert,0.841675383905822
734272c01926d19690e5ec308bab64ef97950b75b1c7582283e0783fce1751d8,9b61fd55aa093a2d172db1a68a60af5cf6cbfa7f5ea1fbc71846027a5954616d,751830.0813970566,0.05,3030.031397056533,52,3030.031397056533,bert,0.8416753880712592
734272c01926d19690e5ec308bab64ef97950b75b1c7582283e0783fce1751d8,9b61fd55aa093a2d172db1a68a60af5cf6cbfa7f5ea1fbc71846027a5954616d,751830.1293020248,0.097,3030.0323020248907,52,3030.0323020248907,bert,0.8416756394513585
734272c01926d19690e5ec308bab64ef97950b75b1c7582283e0783fce1751d8,9b61fd55aa093a2d172db1a68a60af5cf6cbfa7f5ea1fbc71846027a5954616d,751830.1216499805,0.089,3030.0326499805087,52,3030.0326499805087,bert,0.8416757361056969
734272c01926d19690e5ec308bab64ef97950b75b1c7582283e0783fce1751d8,313c03f53a0d31f70aec25f62efb33e7dd779725ca4af579018452d1204beaad,46260.22619795799,0.216,3060.010197957992,3,3060.010197957992,googlenet,0.850002832766109
734272c01926d19690e5ec308bab64ef97950b75b1c7582283e0783fce1751d8,313c03f53a0d31f70aec25f62efb33e7dd779725ca4af579018452d1204beaad,46320.13898611069,0.132,3120.0069861106895,3,3120.0069861106895,googlenet,0.8666686072529693
17c37a0fdd5d1932b755c0e6447137bc08fd524f455e14fdac414f584de08dc5,c9f8e30e36d1aef62c10b3cfca6e289a93848a148d876dd514753040314f4817,751921.2844159603,0.025,3121.2594159602886,52,3121.2594159602886,resnet50,0.8670165044334135
734272c01926d19690e5ec308bab64ef97950b75b1c7582283e0783fce1751d8,313c03f53a0d31f70aec25f62efb33e7dd779725ca4af579018452d1204beaad,46380.144548892975,0.13,3180.0145488929775,3,3180.0145488929775,googlenet,0.8833373746924937
734272c01926d19690e5ec308bab64ef97950b75b1c7582283e0783fce1751d8,313c03f53a0d31f70aec25f62efb33e7dd779725ca4af579018452d1204beaad,46440.14951109886,0.137,3240.0125110988592,3,3240.0125110988592,googlenet,0.9000034753052387
17c37a0fdd5d1932b755c0e6447137bc08fd524f455e14fdac414f584de08dc5,c9f8e30e36d1aef62c10b3cfca6e289a93848a148d876dd514753040314f4817,752041.6972858906,0.016,3241.681285890634,52,3241.681285890634,resnet50,0.9004670238585095
734272c01926d19690e5ec308bab64ef97950b75b1c7582283e0783fce1751d8,313c03f53a0d31f70aec25f62efb33e7dd779725ca4af579018452d1204beaad,46500.12351894379,0.121,3300.0025189437874,3,3300.0025189437874,googlenet,0.9166673663732743
85479ef37b5dc75dd5aeca3bab499129b97a134dac5d740d2c68941de9d63031,1f33077bb2db73fd76a51e40e43f20173e3f038dd3f3705551751cf7724c3c40,852906.1068880558,6.066,3300.04088805581,59,3300.04088805581,alexnet,0.9166780244599472
734272c01926d19690e5ec308bab64ef97950b75b1c7582283e0783fce1751d8,313c03f53a0d31f70aec25f62efb33e7dd779725ca4af579018452d1204beaad,46560.17058300972,0.158,3360.0125830097168,3,3360.0125830097168,googlenet,0.9333368286138102
17c37a0fdd5d1932b755c0e6447137bc08fd524f455e14fdac414f584de08dc5,c9f8e30e36d1aef62c10b3cfca6e289a93848a148d876dd514753040314f4817,752161.3023190498,0.013,3361.2893190498,52,3361.2893190498,resnet50,0.9336914775138333
734272c01926d19690e5ec308bab64ef97950b75b1c7582283e0783fce1751d8,313c03f53a0d31f70aec25f62efb33e7dd779725ca4af579018452d1204beaad,46620.129698991776,0.123,3420.006698991776,3,3420.006698991776,googlenet,0.9500018608310489
734272c01926d19690e5ec308bab64ef97950b75b1c7582283e0783fce1751d8,313c03f53a0d31f70aec25f62efb33e7dd779725ca4af579018452d1204beaad,46680.25458598137,0.26,3479.994585981367,3,3479.994585981367,googlenet,0.966665162772602
17c37a0fdd5d1932b755c0e6447137bc08fd524f455e14fdac414f584de08dc5,c9f8e30e36d1aef62c10b3cfca6e289a93848a148d876dd514753040314f4817,752281.2517230511,0.013,3481.238723051036,52,3481.238723051036,resnet50,0.9670107564030654
734272c01926d19690e5ec308bab64ef97950b75b1c7582283e0783fce1751d8,313c03f53a0d31f70aec25f62efb33e7dd779725ca4af579018452d1204beaad,46740.12234401703,0.117,3540.0053440170304,3,3540.0053440170304,googlenet,0.9833348177825084
734272c01926d19690e5ec308bab64ef97950b75b1c7582283e0783fce1751d8,313c03f53a0d31f70aec25f62efb33e7dd779725ca4af579018452d1204beaad,46809.37565803528,9.364,3600.011658035277,3,3600.011658035277,googlenet,1.0000032383431325
85479ef37b5dc75dd5aeca3bab499129b97a134dac5d740d2c68941de9d63031,1f33077bb2db73fd76a51e40e43f20173e3f038dd3f3705551751cf7724c3c40,853219.3471128941,19.317,3600.030112894019,59,3600.030112894019,alexnet,1.000008364692783
85479ef37b5dc75dd5aeca3bab499129b97a134dac5d740d2c68941de9d63031,cd9f7f333d59aede8088772edac3bff78c45e2dad8eb498b450b9af511452a36,853279.8582949638,79.828,3600.030294963857,59,3600.030294963857,efficientnet,1.0000084152677382
17c37a0fdd5d1932b755c0e6447137bc08fd524f455e14fdac414f584de08dc5,c9f8e30e36d1aef62c10b3cfca6e289a93848a148d876dd514753040314f4817,752401.2477118969,0.014,3601.23371189693,52,3601.23371189693,resnet50,1.0003426977491472
734272c01926d19690e5ec308bab64ef97950b75b1c7582283e0783fce1751d8,9b61fd55aa093a2d172db1a68a60af5cf6cbfa7f5ea1fbc71846027a5954616d,752421.5055150986,0.279,3621.2265150985913,52,3621.2265150985913,bert,1.005896254194053
734272c01926d19690e5ec308bab64ef97950b75b1c7582283e0783fce1751d8,9b61fd55aa093a2d172db1a68a60af5cf6cbfa7f5ea1fbc71846027a5954616d,752421.5542759895,0.327,3621.227275989484,52,3621.227275989484,bert,1.0058964655526346
734272c01926d19690e5ec308bab64ef97950b75b1c7582283e0783fce1751d8,9b61fd55aa093a2d172db1a68a60af5cf6cbfa7f5ea1fbc71846027a5954616d,752421.4912199974,0.263,3621.2282199973706,52,3621.2282199973706,bert,1.0058967277770474
734272c01926d19690e5ec308bab64ef97950b75b1c7582283e0783fce1751d8,9b61fd55aa093a2d172db1a68a60af5cf6cbfa7f5ea1fbc71846027a5954616d,752422.2950320244,1.066,3621.229032024392,52,3621.229032024392,bert,1.005896953340109
734272c01926d19690e5ec308bab64ef97950b75b1c7582283e0783fce1751d8,9b61fd55aa093a2d172db1a68a60af5cf6cbfa7f5ea1fbc71846027a5954616d,752421.4951739311,0.264,3621.2311739311554,52,3621.2311739311554,bert,1.0058975483142099
734272c01926d19690e5ec308bab64ef97950b75b1c7582283e0783fce1751d8,9b61fd55aa093a2d172db1a68a60af5cf6cbfa7f5ea1fbc71846027a5954616d,752421.5737390518,0.34,3621.2337390518514,52,3621.2337390518514,bert,1.0058982608477365
734272c01926d19690e5ec308bab64ef97950b75b1c7582283e0783fce1751d8,9b61fd55aa093a2d172db1a68a60af5cf6cbfa7f5ea1fbc71846027a5954616d,752421.5041329861,0.27,3621.23413298605,52,3621.23413298605,bert,1.0058983702739028
734272c01926d19690e5ec308bab64ef97950b75b1c7582283e0783fce1751d8,9b61fd55aa093a2d172db1a68a60af5cf6cbfa7f5ea1fbc71846027a5954616d,752421.5028440952,0.268,3621.23484409519,52,3621.23484409519,bert,1.0058985678042194
734272c01926d19690e5ec308bab64ef97950b75b1c7582283e0783fce1751d8,9b61fd55aa093a2d172db1a68a60af5cf6cbfa7f5ea1fbc71846027a5954616d,752421.507174015,0.272,3621.235174015048,52,3621.235174015048,bert,1.0058986594486243
734272c01926d19690e5ec308bab64ef97950b75b1c7582283e0783fce1751d8,9b61fd55aa093a2d172db1a68a60af5cf6cbfa7f5ea1fbc71846027a5954616d,752421.5123069286,0.277,3621.235306928633,52,3621.235306928633,bert,1.0058986963690646
734272c01926d19690e5ec308bab64ef97950b75b1c7582283e0783fce1751d8,9b61fd55aa093a2d172db1a68a60af5cf6cbfa7f5ea1fbc71846027a5954616d,752421.5139451027,0.278,3621.2359451026423,52,3621.2359451026423,bert,1.0058988736396228
734272c01926d19690e5ec308bab64ef97950b75b1c7582283e0783fce1751d8,9b61fd55aa093a2d172db1a68a60af5cf6cbfa7f5ea1fbc71846027a5954616d,752421.5446989536,0.308,3621.2366989536677,52,3621.2366989536677,bert,1.0058990830426855
734272c01926d19690e5ec308bab64ef97950b75b1c7582283e0783fce1751d8,9b61fd55aa093a2d172db1a68a60af5cf6cbfa7f5ea1fbc71846027a5954616d,752421.564191103,0.327,3621.237191102933,52,3621.237191102933,bert,1.0058992197508148
734272c01926d19690e5ec308bab64ef97950b75b1c7582283e0783fce1751d8,9b61fd55aa093a2d172db1a68a60af5cf6cbfa7f5ea1fbc71846027a5954616d,752421.5154850483,0.278,3621.2374850482447,52,3621.2374850482447,bert,1.0058993014022901
734272c01926d19690e5ec308bab64ef97950b75b1c7582283e0783fce1751d8,9b61fd55aa093a2d172db1a68a60af5cf6cbfa7f5ea1fbc71846027a5954616d,752421.523870945,0.286,3621.237870945013,52,3621.237870945013,bert,1.005899408595837
734272c01926d19690e5ec308bab64ef97950b75b1c7582283e0783fce1751d8,9b61fd55aa093a2d172db1a68a60af5cf6cbfa7f5ea1fbc71846027a5954616d,752421.5287930965,0.29,3621.238793096505,52,3621.238793096505,bert,1.0058996647490293
734272c01926d19690e5ec308bab64ef97950b75b1c7582283e0783fce1751d8,556ccf8758c8c2a20082c161e955405e950439f0503522fe129e709a5dc0e58f,47333.64626789093,512.353,3621.2932678909274,3,3621.2932678909274,inception,1.0059147966363686
734272c01926d19690e5ec308bab64ef97950b75b1c7582283e0783fce1751d8,556ccf8758c8c2a20082c161e955405e950439f0503522fe129e709a5dc0e58f,47136.70833301544,315.276,3621.432333015444,3,3621.432333015444,inception,1.0059534258376233
734272c01926d19690e5ec308bab64ef97950b75b1c7582283e0783fce1751d8,556ccf8758c8c2a20082c161e955405e950439f0503522fe129e709a5dc0e58f,47010.27647900581,188.839,3621.4374790058137,3,3621.4374790058137,inception,1.0059548552793927
734272c01926d19690e5ec308bab64ef97950b75b1c7582283e0783fce1751d8,556ccf8758c8c2a20082c161e955405e950439f0503522fe129e709a5dc0e58f,47082.5627219677,261.125,3621.437721967697,3,3621.437721967697,inception,1.0059549227688047
734272c01926d19690e5ec308bab64ef97950b75b1c7582283e0783fce1751d8,556ccf8758c8c2a20082c161e955405e950439f0503522fe129e709a5dc0e58f,46983.30107307434,161.85,3621.4510730743423,3,3621.4510730743423,inception,1.0059586314095394
734272c01926d19690e5ec308bab64ef97950b75b1c7582283e0783fce1751d8,556ccf8758c8c2a20082c161e955405e950439f0503522fe129e709a5dc0e58f,47268.29362988472,446.842,3621.451629884723,3,3621.451629884723,inception,1.0059587860790897
734272c01926d19690e5ec308bab64ef97950b75b1c7582283e0783fce1751d8,556ccf8758c8c2a20082c161e955405e950439f0503522fe129e709a5dc0e58f,47291.87473607063,470.423,3621.4517360706304,3,3621.4517360706304,inception,1.005958815575175
734272c01926d19690e5ec308bab64ef97950b75b1c7582283e0783fce1751d8,556ccf8758c8c2a20082c161e955405e950439f0503522fe129e709a5dc0e58f,47276.27263903618,454.814,3621.45863903618,3,3621.45863903618,inception,1.0059607330656055
734272c01926d19690e5ec308bab64ef97950b75b1c7582283e0783fce1751d8,556ccf8758c8c2a20082c161e955405e950439f0503522fe129e709a5dc0e58f,47274.48928499222,453.03,3621.459284992219,3,3621.459284992219,inception,1.0059609124978386
734272c01926d19690e5ec308bab64ef97950b75b1c7582283e0783fce1751d8,556ccf8758c8c2a20082c161e955405e950439f0503522fe129e709a5dc0e58f,47272.553016901016,451.093,3621.4600169010155,3,3621.4600169010155,inception,1.0059611158058377
734272c01926d19690e5ec308bab64ef97950b75b1c7582283e0783fce1751d8,556ccf8758c8c2a20082c161e955405e950439f0503522fe129e709a5dc0e58f,47277.1782848835,455.718,3621.4602848834984,3,3621.4602848834984,inception,1.0059611902454162
734272c01926d19690e5ec308bab64ef97950b75b1c7582283e0783fce1751d8,556ccf8758c8c2a20082c161e955405e950439f0503522fe129e709a5dc0e58f,47147.52497911453,326.064,3621.460979114534,3,3621.460979114534,inception,1.0059613830873706
734272c01926d19690e5ec308bab64ef97950b75b1c7582283e0783fce1751d8,556ccf8758c8c2a20082c161e955405e950439f0503522fe129e709a5dc0e58f,47007.38935899735,185.928,3621.4613589973524,3,3621.4613589973524,inception,1.0059614886103756
734272c01926d19690e5ec308bab64ef97950b75b1c7582283e0783fce1751d8,556ccf8758c8c2a20082c161e955405e950439f0503522fe129e709a5dc0e58f,47162.590348005295,341.128,3621.462348005298,3,3621.462348005298,inception,1.005961763334805
734272c01926d19690e5ec308bab64ef97950b75b1c7582283e0783fce1751d8,556ccf8758c8c2a20082c161e955405e950439f0503522fe129e709a5dc0e58f,47289.548167943954,468.082,3621.4661679439523,3,3621.4661679439523,inception,1.0059628244288756
734272c01926d19690e5ec308bab64ef97950b75b1c7582283e0783fce1751d8,556ccf8758c8c2a20082c161e955405e950439f0503522fe129e709a5dc0e58f,46905.1739320755,83.706,3621.467932075502,3,3621.467932075502,inception,1.0059633144654172
734272c01926d19690e5ec308bab64ef97950b75b1c7582283e0783fce1751d8,9b61fd55aa093a2d172db1a68a60af5cf6cbfa7f5ea1fbc71846027a5954616d,752422.216105938,0.136,3622.080105937901,52,3622.080105937901,bert,1.006133362760528
734272c01926d19690e5ec308bab64ef97950b75b1c7582283e0783fce1751d8,9b61fd55aa093a2d172db1a68a60af5cf6cbfa7f5ea1fbc71846027a5954616d,752422.221724987,0.14,3622.081724987016,52,3622.081724987016,bert,1.0061338124963934
734272c01926d19690e5ec308bab64ef97950b75b1c7582283e0783fce1751d8,9b61fd55aa093a2d172db1a68a60af5cf6cbfa7f5ea1fbc71846027a5954616d,752422.275990963,0.194,3622.0819909629645,52,3622.0819909629645,bert,1.0061338863786013
734272c01926d19690e5ec308bab64ef97950b75b1c7582283e0783fce1751d8,9b61fd55aa093a2d172db1a68a60af5cf6cbfa7f5ea1fbc71846027a5954616d,752422.2208468914,0.138,3622.082846891368,52,3622.082846891368,bert,1.006134124136491
734272c01926d19690e5ec308bab64ef97950b75b1c7582283e0783fce1751d8,9b61fd55aa093a2d172db1a68a60af5cf6cbfa7f5ea1fbc71846027a5954616d,752422.2226629257,0.138,3622.084662925685,52,3622.084662925685,bert,1.006134628590468
734272c01926d19690e5ec308bab64ef97950b75b1c7582283e0783fce1751d8,556ccf8758c8c2a20082c161e955405e950439f0503522fe129e709a5dc0e58f,47121.43263602257,289.029,3632.4036360225655,3,3632.4036360225655,inception,1.0090010100062683
734272c01926d19690e5ec308bab64ef97950b75b1c7582283e0783fce1751d8,556ccf8758c8c2a20082c161e955405e950439f0503522fe129e709a5dc0e58f,47255.69989609718,423.295,3632.404896097185,3,3632.404896097185,inception,1.0090013600269958
734272c01926d19690e5ec308bab64ef97950b75b1c7582283e0783fce1751d8,556ccf8758c8c2a20082c161e955405e950439f0503522fe129e709a5dc0e58f,47136.79121589661,304.386,3632.405215896608,3,3632.405215896608,inception,1.0090014488601688
734272c01926d19690e5ec308bab64ef97950b75b1c7582283e0783fce1751d8,556ccf8758c8c2a20082c161e955405e950439f0503522fe129e709a5dc0e58f,47153.07406210899,320.668,3632.4060621089957,3,3632.4060621089957,inception,1.0090016839191656
734272c01926d19690e5ec308bab64ef97950b75b1c7582283e0783fce1751d8,556ccf8758c8c2a20082c161e955405e950439f0503522fe129e709a5dc0e58f,47123.884264945984,291.478,3632.406264945981,3,3632.406264945981,inception,1.0090017402627725
734272c01926d19690e5ec308bab64ef97950b75b1c7582283e0783fce1751d8,556ccf8758c8c2a20082c161e955405e950439f0503522fe129e709a5dc0e58f,47293.38386797905,460.977,3632.4068679790507,3,3632.4068679790507,inception,1.0090019077719585
734272c01926d19690e5ec308bab64ef97950b75b1c7582283e0783fce1751d8,556ccf8758c8c2a20082c161e955405e950439f0503522fe129e709a5dc0e58f,47266.40803694725,434.001,3632.407036947254,3,3632.407036947254,inception,1.0090019547075706
734272c01926d19690e5ec308bab64ef97950b75b1c7582283e0783fce1751d8,556ccf8758c8c2a20082c161e955405e950439f0503522fe129e709a5dc0e58f,47196.51545000076,364.108,3632.4074500007628,3,3632.4074500007628,inception,1.0090020694446564
734272c01926d19690e5ec308bab64ef97950b75b1c7582283e0783fce1751d8,556ccf8758c8c2a20082c161e955405e950439f0503522fe129e709a5dc0e58f,47218.76366901398,386.356,3632.4076690139773,3,3632.4076690139773,inception,1.0090021302816603
734272c01926d19690e5ec308bab64ef97950b75b1c7582283e0783fce1751d8,556ccf8758c8c2a20082c161e955405e950439f0503522fe129e709a5dc0e58f,47283.9853219986,451.577,3632.408321998606,3,3632.408321998606,inception,1.0090023116662794
734272c01926d19690e5ec308bab64ef97950b75b1c7582283e0783fce1751d8,556ccf8758c8c2a20082c161e955405e950439f0503522fe129e709a5dc0e58f,47276.429438114166,444.02,3632.4094381141695,3,3632.4094381141695,inception,1.0090026216983805
734272c01926d19690e5ec308bab64ef97950b75b1c7582283e0783fce1751d8,556ccf8758c8c2a20082c161e955405e950439f0503522fe129e709a5dc0e58f,47196.60490298271,364.195,3632.409902982712,3,3632.409902982712,inception,1.009002750828531
734272c01926d19690e5ec308bab64ef97950b75b1c7582283e0783fce1751d8,556ccf8758c8c2a20082c161e955405e950439f0503522fe129e709a5dc0e58f,47247.96298599243,415.553,3632.4099859924318,3,3632.4099859924318,inception,1.0090027738867866
734272c01926d19690e5ec308bab64ef97950b75b1c7582283e0783fce1751d8,556ccf8758c8c2a20082c161e955405e950439f0503522fe129e709a5dc0e58f,47172.26815605164,339.858,3632.410156051643,3,3632.410156051643,inception,1.0090028211254563
734272c01926d19690e5ec308bab64ef97950b75b1c7582283e0783fce1751d8,556ccf8758c8c2a20082c161e955405e950439f0503522fe129e709a5dc0e58f,47136.457397937775,304.047,3632.410397937776,3,3632.410397937776,inception,1.009002888316049
734272c01926d19690e5ec308bab64ef97950b75b1c7582283e0783fce1751d8,556ccf8758c8c2a20082c161e955405e950439f0503522fe129e709a5dc0e58f,47280.446888923645,448.036,3632.410888923645,3,3632.410888923645,inception,1.0090030247010124
734272c01926d19690e5ec308bab64ef97950b75b1c7582283e0783fce1751d8,556ccf8758c8c2a20082c161e955405e950439f0503522fe129e709a5dc0e58f,47243.20139408112,383.301,3659.9003940811235,3,3659.9003940811235,inception,1.0166389983558677
734272c01926d19690e5ec308bab64ef97950b75b1c7582283e0783fce1751d8,313c03f53a0d31f70aec25f62efb33e7dd779725ca4af579018452d1204beaad,46860.133449077606,0.125,3660.008449077606,3,3660.008449077606,googlenet,1.0166690136326684
734272c01926d19690e5ec308bab64ef97950b75b1c7582283e0783fce1751d8,556ccf8758c8c2a20082c161e955405e950439f0503522fe129e709a5dc0e58f,47030.854139089584,170.043,3660.8111390895865,3,3660.8111390895865,inception,1.0168919830804406
734272c01926d19690e5ec308bab64ef97950b75b1c7582283e0783fce1751d8,556ccf8758c8c2a20082c161e955405e950439f0503522fe129e709a5dc0e58f,47221.2939760685,360.476,3660.8179760684943,3,3660.8179760684943,inception,1.0168938822412483
734272c01926d19690e5ec308bab64ef97950b75b1c7582283e0783fce1751d8,556ccf8758c8c2a20082c161e955405e950439f0503522fe129e709a5dc0e58f,47210.765151023865,349.947,3660.8181510238646,3,3660.8181510238646,inception,1.0168939308399625
734272c01926d19690e5ec308bab64ef97950b75b1c7582283e0783fce1751d8,556ccf8758c8c2a20082c161e955405e950439f0503522fe129e709a5dc0e58f,47045.1439781189,184.325,3660.8189781188994,3,3660.8189781188994,inception,1.016894160588583
734272c01926d19690e5ec308bab64ef97950b75b1c7582283e0783fce1751d8,556ccf8758c8c2a20082c161e955405e950439f0503522fe129e709a5dc0e58f,47210.58373808861,349.764,3660.819738088605,3,3660.819738088605,inception,1.016894371691279
734272c01926d19690e5ec308bab64ef97950b75b1c7582283e0783fce1751d8,556ccf8758c8c2a20082c161e955405e950439f0503522fe129e709a5dc0e58f,47087.77631306648,226.956,3660.8203130664842,3,3660.8203130664842,inception,1.0168945314073567
734272c01926d19690e5ec308bab64ef97950b75b1c7582283e0783fce1751d8,556ccf8758c8c2a20082c161e955405e950439f0503522fe129e709a5dc0e58f,47031.51060295105,170.69,3660.8206029510475,3,3660.8206029510475,inception,1.0168946119308466
734272c01926d19690e5ec308bab64ef97950b75b1c7582283e0783fce1751d8,556ccf8758c8c2a20082c161e955405e950439f0503522fe129e709a5dc0e58f,47195.3318169117,334.51,3660.8218169116954,3,3660.8218169116954,inception,1.0168949491421375
734272c01926d19690e5ec308bab64ef97950b75b1c7582283e0783fce1751d8,556ccf8758c8c2a20082c161e955405e950439f0503522fe129e709a5dc0e58f,47031.26457500458,170.439,3660.825575004579,3,3660.825575004579,inception,1.0168959930568275
734272c01926d19690e5ec308bab64ef97950b75b1c7582283e0783fce1751d8,556ccf8758c8c2a20082c161e955405e950439f0503522fe129e709a5dc0e58f,47278.77758789063,417.951,3660.8265878906313,3,3660.8265878906313,inception,1.0168962744140642
734272c01926d19690e5ec308bab64ef97950b75b1c7582283e0783fce1751d8,556ccf8758c8c2a20082c161e955405e950439f0503522fe129e709a5dc0e58f,47217.44752597809,356.62,3660.8275259780858,3,3660.8275259780858,inception,1.0168965349939127
734272c01926d19690e5ec308bab64ef97950b75b1c7582283e0783fce1751d8,556ccf8758c8c2a20082c161e955405e950439f0503522fe129e709a5dc0e58f,47211.92392992973,351.096,3660.8279299297355,3,3660.8279299297355,inception,1.0168966472027043
734272c01926d19690e5ec308bab64ef97950b75b1c7582283e0783fce1751d8,556ccf8758c8c2a20082c161e955405e950439f0503522fe129e709a5dc0e58f,47037.87857103348,177.05,3660.828571033475,3,3660.828571033475,inception,1.0168968252870763
734272c01926d19690e5ec308bab64ef97950b75b1c7582283e0783fce1751d8,556ccf8758c8c2a20082c161e955405e950439f0503522fe129e709a5dc0e58f,47177.43166208267,316.602,3660.829662082673,3,3660.829662082673,inception,1.0168971283562982
734272c01926d19690e5ec308bab64ef97950b75b1c7582283e0783fce1751d8,556ccf8758c8c2a20082c161e955405e950439f0503522fe129e709a5dc0e58f,46931.6134519577,70.755,3660.8584519577053,3,3660.8584519577053,inception,1.016905125543807
734272c01926d19690e5ec308bab64ef97950b75b1c7582283e0783fce1751d8,313c03f53a0d31f70aec25f62efb33e7dd779725ca4af579018452d1204beaad,46920.1367919445,0.136,3720.000791944498,3,3720.000791944498,googlenet,1.033333553317916
17c37a0fdd5d1932b755c0e6447137bc08fd524f455e14fdac414f584de08dc5,c9f8e30e36d1aef62c10b3cfca6e289a93848a148d876dd514753040314f4817,752522.3192760944,0.013,3722.3062760944013,52,3722.3062760944013,resnet50,1.0339739655817781
734272c01926d19690e5ec308bab64ef97950b75b1c7582283e0783fce1751d8,313c03f53a0d31f70aec25f62efb33e7dd779725ca4af579018452d1204beaad,46980.19102191925,0.193,3779.998021919251,3,3779.998021919251,googlenet,1.0499994505331254
734272c01926d19690e5ec308bab64ef97950b75b1c7582283e0783fce1751d8,313c03f53a0d31f70aec25f62efb33e7dd779725ca4af579018452d1204beaad,47040.428034067154,0.185,3840.2430340671563,3,3840.2430340671563,googlenet,1.0667341761297657
17c37a0fdd5d1932b755c0e6447137bc08fd524f455e14fdac414f584de08dc5,c9f8e30e36d1aef62c10b3cfca6e289a93848a148d876dd514753040314f4817,752641.3361570835,0.016,3841.3201570835663,52,3841.3201570835663,resnet50,1.0670333769676572
734272c01926d19690e5ec308bab64ef97950b75b1c7582283e0783fce1751d8,313c03f53a0d31f70aec25f62efb33e7dd779725ca4af579018452d1204beaad,47100.34630489349,0.338,3900.008304893483,3,3900.008304893483,googlenet,1.0833356402481897
85479ef37b5dc75dd5aeca3bab499129b97a134dac5d740d2c68941de9d63031,cd9f7f333d59aede8088772edac3bff78c45e2dad8eb498b450b9af511452a36,853600.6880910397,100.663,3900.0250910397153,59,3900.0250910397153,efficientnet,1.0833403030665876
85479ef37b5dc75dd5aeca3bab499129b97a134dac5d740d2c68941de9d63031,1f33077bb2db73fd76a51e40e43f20173e3f038dd3f3705551751cf7724c3c40,853505.6896181107,5.664,3900.025618110667,59,3900.025618110667,alexnet,1.0833404494751853
734272c01926d19690e5ec308bab64ef97950b75b1c7582283e0783fce1751d8,313c03f53a0d31f70aec25f62efb33e7dd779725ca4af579018452d1204beaad,47160.18264698982,0.173,3960.00964698982,3,3960.00964698982,googlenet,1.1000026797193945
17c37a0fdd5d1932b755c0e6447137bc08fd524f455e14fdac414f584de08dc5,c9f8e30e36d1aef62c10b3cfca6e289a93848a148d876dd514753040314f4817,752761.395348072,0.018,3961.377348072012,52,3961.377348072012,resnet50,1.10038259668667
734272c01926d19690e5ec308bab64ef97950b75b1c7582283e0783fce1751d8,313c03f53a0d31f70aec25f62efb33e7dd779725ca4af579018452d1204beaad,47220.13671088219,0.127,4020.0097108821865,3,4020.0097108821865,googlenet,1.1166693641339407
734272c01926d19690e5ec308bab64ef97950b75b1c7582283e0783fce1751d8,313c03f53a0d31f70aec25f62efb33e7dd779725ca4af579018452d1204beaad,47280.13291907311,0.129,4080.0039190731113,3,4080.0039190731113,googlenet,1.1333344219647532
17c37a0fdd5d1932b755c0e6447137bc08fd524f455e14fdac414f584de08dc5,c9f8e30e36d1aef62c10b3cfca6e289a93848a148d876dd514753040314f4817,752881.3078439236,0.013,4081.2948439235333,52,4081.2948439235333,resnet50,1.1336930122009814
734272c01926d19690e5ec308bab64ef97950b75b1c7582283e0783fce1751d8,313c03f53a0d31f70aec25f62efb33e7dd779725ca4af579018452d1204beaad,47340.17319989205,0.173,4140.000199892049,3,4140.000199892049,googlenet,1.1500000555255692
734272c01926d19690e5ec308bab64ef97950b75b1c7582283e0783fce1751d8,313c03f53a0d31f70aec25f62efb33e7dd779725ca4af579018452d1204beaad,47400.17468500137,0.161,4200.013685001373,3,4200.013685001373,googlenet,1.166670468055937
17c37a0fdd5d1932b755c0e6447137bc08fd524f455e14fdac414f584de08dc5,c9f8e30e36d1aef62c10b3cfca6e289a93848a148d876dd514753040314f4817,753002.238986969,0.014,4202.224986969028,52,4202.224986969028,resnet50,1.1672847186025077
734272c01926d19690e5ec308bab64ef97950b75b1c7582283e0783fce1751d8,313c03f53a0d31f70aec25f62efb33e7dd779725ca4af579018452d1204beaad,47460.22141695023,0.206,4260.015416950235,3,4260.015416950235,googlenet,1.1833376158195097
734272c01926d19690e5ec308bab64ef97950b75b1c7582283e0783fce1751d8,313c03f53a0d31f70aec25f62efb33e7dd779725ca4af579018452d1204beaad,47520.15385103226,0.152,4320.001851032255,3,4320.001851032255,googlenet,1.2000005141756265
17c37a0fdd5d1932b755c0e6447137bc08fd524f455e14fdac414f584de08dc5,c9f8e30e36d1aef62c10b3cfca6e289a93848a148d876dd514753040314f4817,753121.2529420853,0.02,4321.2329420852475,52,4321.2329420852475,resnet50,1.2003424839125687
734272c01926d19690e5ec308bab64ef97950b75b1c7582283e0783fce1751d8,313c03f53a0d31f70aec25f62efb33e7dd779725ca4af579018452d1204beaad,47580.1622710228,0.15,4380.012271022795,3,4380.012271022795,googlenet,1.2166700752841098
734272c01926d19690e5ec308bab64ef97950b75b1c7582283e0783fce1751d8,313c03f53a0d31f70aec25f62efb33e7dd779725ca4af579018452d1204beaad,47640.22127008438,0.223,4439.998270084383,3,4439.998270084383,googlenet,1.2333328528012175
17c37a0fdd5d1932b755c0e6447137bc08fd524f455e14fdac414f584de08dc5,c9f8e30e36d1aef62c10b3cfca6e289a93848a148d876dd514753040314f4817,753241.311480999,0.019,4441.292480999022,52,4441.292480999022,resnet50,1.2336923558330617
734272c01926d19690e5ec308bab64ef97950b75b1c7582283e0783fce1751d8,313c03f53a0d31f70aec25f62efb33e7dd779725ca4af579018452d1204beaad,47700.14638805389,0.139,4500.007388053884,3,4500.007388053884,googlenet,1.25000205223719
85479ef37b5dc75dd5aeca3bab499129b97a134dac5d740d2c68941de9d63031,1f33077bb2db73fd76a51e40e43f20173e3f038dd3f3705551751cf7724c3c40,854105.5068130493,5.49,4500.016813049326,59,4500.016813049326,alexnet,1.2500046702914793
734272c01926d19690e5ec308bab64ef97950b75b1c7582283e0783fce1751d8,313c03f53a0d31f70aec25f62efb33e7dd779725ca4af579018452d1204beaad,47760.22137188912,0.212,4560.009371889122,3,4560.009371889122,googlenet,1.2666692699692006
17c37a0fdd5d1932b755c0e6447137bc08fd524f455e14fdac414f584de08dc5,c9f8e30e36d1aef62c10b3cfca6e289a93848a148d876dd514753040314f4817,753361.4050559998,0.017,4561.388055999763,52,4561.388055999763,resnet50,1.267052237777712
734272c01926d19690e5ec308bab64ef97950b75b1c7582283e0783fce1751d8,313c03f53a0d31f70aec25f62efb33e7dd779725ca4af579018452d1204beaad,47820.15026307106,0.133,4620.017263071059,3,4620.017263071059,googlenet,1.2833381286308496
734272c01926d19690e5ec308bab64ef97950b75b1c7582283e0783fce1751d8,313c03f53a0d31f70aec25f62efb33e7dd779725ca4af579018452d1204beaad,47880.14600491524,0.137,4680.009004915235,3,4680.009004915235,googlenet,1.3000025013653431
17c37a0fdd5d1932b755c0e6447137bc08fd524f455e14fdac414f584de08dc5,c9f8e30e36d1aef62c10b3cfca6e289a93848a148d876dd514753040314f4817,753481.3061020374,0.015,4681.291102037416,52,4681.291102037416,resnet50,1.3003586394548377
85479ef37b5dc75dd5aeca3bab499129b97a134dac5d740d2c68941de9d63031,cd9f7f333d59aede8088772edac3bff78c45e2dad8eb498b450b9af511452a36,854480.504914999,161.964,4718.540914998972,59,4718.540914998972,efficientnet,1.3107058097219366
734272c01926d19690e5ec308bab64ef97950b75b1c7582283e0783fce1751d8,313c03f53a0d31f70aec25f62efb33e7dd779725ca4af579018452d1204beaad,47940.1427090168,0.137,4740.0057090167975,3,4740.0057090167975,googlenet,1.316668252504666
734272c01926d19690e5ec308bab64ef97950b75b1c7582283e0783fce1751d8,313c03f53a0d31f70aec25f62efb33e7dd779725ca4af579018452d1204beaad,48000.45758795738,0.444,4800.013587957379,3,4800.013587957379,googlenet,1.3333371077659386
85479ef37b5dc75dd5aeca3bab499129b97a134dac5d740d2c68941de9d63031,1f33077bb2db73fd76a51e40e43f20173e3f038dd3f3705551751cf7724c3c40,854405.5465610027,5.524,4800.0225610027555,59,4800.0225610027555,alexnet,1.3333396002785431
17c37a0fdd5d1932b755c0e6447137bc08fd524f455e14fdac414f584de08dc5,c9f8e30e36d1aef62c10b3cfca6e289a93848a148d876dd514753040314f4817,753601.2918739319,0.017,4801.274873931892,52,4801.274873931892,resnet50,1.3336874649810813
734272c01926d19690e5ec308bab64ef97950b75b1c7582283e0783fce1751d8,9b61fd55aa093a2d172db1a68a60af5cf6cbfa7f5ea1fbc71846027a5954616d,753628.5056140423,13.799,4814.706614042283,52,4814.706614042283,bert,1.337418503900634
734272c01926d19690e5ec308bab64ef97950b75b1c7582283e0783fce1751d8,9b61fd55aa093a2d172db1a68a60af5cf6cbfa7f5ea1fbc71846027a5954616d,753628.5070888996,13.646,4814.861088899663,52,4814.861088899663,bert,1.3374614135832397
734272c01926d19690e5ec308bab64ef97950b75b1c7582283e0783fce1751d8,9b61fd55aa093a2d172db1a68a60af5cf6cbfa7f5ea1fbc71846027a5954616d,753628.588917017,13.726,4814.862917016959,52,4814.862917016959,bert,1.3374619213935997
734272c01926d19690e5ec308bab64ef97950b75b1c7582283e0783fce1751d8,9b61fd55aa093a2d172db1a68a60af5cf6cbfa7f5ea1fbc71846027a5954616d,753628.6489989758,13.781,4814.867998975795,52,4814.867998975795,bert,1.337463333048832
734272c01926d19690e5ec308bab64ef97950b75b1c7582283e0783fce1751d8,9b61fd55aa093a2d172db1a68a60af5cf6cbfa7f5ea1fbc71846027a5954616d,753628.5010550022,13.632,4814.869055002229,52,4814.869055002229,bert,1.337463626389508
734272c01926d19690e5ec308bab64ef97950b75b1c7582283e0783fce1751d8,9b61fd55aa093a2d172db1a68a60af5cf6cbfa7f5ea1fbc71846027a5954616d,753628.5876839161,13.717,4814.870683916146,52,4814.870683916146,bert,1.337464078865596
734272c01926d19690e5ec308bab64ef97950b75b1c7582283e0783fce1751d8,9b61fd55aa093a2d172db1a68a60af5cf6cbfa7f5ea1fbc71846027a5954616d,753628.5957899094,13.725,4814.870789909386,52,4814.870789909386,bert,1.3374641083081629
734272c01926d19690e5ec308bab64ef97950b75b1c7582283e0783fce1751d8,9b61fd55aa093a2d172db1a68a60af5cf6cbfa7f5ea1fbc71846027a5954616d,753628.6100010872,13.738,4814.872001087177,52,4814.872001087177,bert,1.3374644447464379
734272c01926d19690e5ec308bab64ef97950b75b1c7582283e0783fce1751d8,9b61fd55aa093a2d172db1a68a60af5cf6cbfa7f5ea1fbc71846027a5954616d,753628.6072130203,13.735,4814.872213020339,52,4814.872213020339,bert,1.3374645036167607
734272c01926d19690e5ec308bab64ef97950b75b1c7582283e0783fce1751d8,9b61fd55aa093a2d172db1a68a60af5cf6cbfa7f5ea1fbc71846027a5954616d,753628.5979540348,13.725,4814.872954034829,52,4814.872954034829,bert,1.337464709454119
734272c01926d19690e5ec308bab64ef97950b75b1c7582283e0783fce1751d8,9b61fd55aa093a2d172db1a68a60af5cf6cbfa7f5ea1fbc71846027a5954616d,753628.5988440514,13.725,4814.873844051384,52,4814.873844051384,bert,1.33746495668094
734272c01926d19690e5ec308bab64ef97950b75b1c7582283e0783fce1751d8,9b61fd55aa093a2d172db1a68a60af5cf6cbfa7f5ea1fbc71846027a5954616d,753628.6084110737,13.729,4814.879411073634,52,4814.879411073634,bert,1.3374665030760096
734272c01926d19690e5ec308bab64ef97950b75b1c7582283e0783fce1751d8,9b61fd55aa093a2d172db1a68a60af5cf6cbfa7f5ea1fbc71846027a5954616d,753628.724052906,13.844,4814.880052905995,52,4814.880052905995,bert,1.3374666813627765
734272c01926d19690e5ec308bab64ef97950b75b1c7582283e0783fce1751d8,9b61fd55aa093a2d172db1a68a60af5cf6cbfa7f5ea1fbc71846027a5954616d,753628.6045720577,13.724,4814.880572057678,52,4814.880572057678,bert,1.3374668255715774
734272c01926d19690e5ec308bab64ef97950b75b1c7582283e0783fce1751d8,9b61fd55aa093a2d172db1a68a60af5cf6cbfa7f5ea1fbc71846027a5954616d,753628.6059789658,13.725,4814.880978965783,52,4814.880978965783,bert,1.3374669386016063
734272c01926d19690e5ec308bab64ef97950b75b1c7582283e0783fce1751d8,9b61fd55aa093a2d172db1a68a60af5cf6cbfa7f5ea1fbc71846027a5954616d,753628.3475859165,13.456,4814.891585916514,52,4814.891585916514,bert,1.3374698849768094
734272c01926d19690e5ec308bab64ef97950b75b1c7582283e0783fce1751d8,313c03f53a0d31f70aec25f62efb33e7dd779725ca4af579018452d1204beaad,48060.21574807167,0.206,4860.009748071672,3,4860.009748071672,googlenet,1.3500027077976868
85479ef37b5dc75dd5aeca3bab499129b97a134dac5d740d2c68941de9d63031,cd9f7f333d59aede8088772edac3bff78c45e2dad8eb498b450b9af511452a36,854481.0374290943,0.216,4880.8214290943,59,4880.8214290943,efficientnet,1.3557837303039721
734272c01926d19690e5ec308bab64ef97950b75b1c7582283e0783fce1751d8,313c03f53a0d31f70aec25f62efb33e7dd779725ca4af579018452d1204beaad,48120.14699292183,0.142,4920.004992921829,3,4920.004992921829,googlenet,1.3666680535893971
17c37a0fdd5d1932b755c0e6447137bc08fd524f455e14fdac414f584de08dc5,c9f8e30e36d1aef62c10b3cfca6e289a93848a148d876dd514753040314f4817,753721.2523140907,0.017,4921.235314090736,52,4921.235314090736,resnet50,1.367009809469649
734272c01926d19690e5ec308bab64ef97950b75b1c7582283e0783fce1751d8,313c03f53a0d31f70aec25f62efb33e7dd779725ca4af579018452d1204beaad,48180.15467405319,0.152,4980.00267405319,3,4980.00267405319,googlenet,1.383334076125886
734272c01926d19690e5ec308bab64ef97950b75b1c7582283e0783fce1751d8,313c03f53a0d31f70aec25f62efb33e7dd779725ca4af579018452d1204beaad,48240.73039102554,0.384,5040.346391025545,3,5040.346391025545,googlenet,1.400096219729318
17c37a0fdd5d1932b755c0e6447137bc08fd524f455e14fdac414f584de08dc5,c9f8e30e36d1aef62c10b3cfca6e289a93848a148d876dd514753040314f4817,753841.3969891071,0.017,5041.379989107139,52,5041.379989107139,resnet50,1.4003833303075388
734272c01926d19690e5ec308bab64ef97950b75b1c7582283e0783fce1751d8,313c03f53a0d31f70aec25f62efb33e7dd779725ca4af579018452d1204beaad,48300.139952898026,0.132,5100.007952898028,3,5100.007952898028,googlenet,1.4166688758050077
85479ef37b5dc75dd5aeca3bab499129b97a134dac5d740d2c68941de9d63031,cd9f7f333d59aede8088772edac3bff78c45e2dad8eb498b450b9af511452a36,854807.5314741135,107.515,5100.01647411345,59,5100.01647411345,efficientnet,1.4166712428092918
85479ef37b5dc75dd5aeca3bab499129b97a134dac5d740d2c68941de9d63031,1f33077bb2db73fd76a51e40e43f20173e3f038dd3f3705551751cf7724c3c40,854710.6475989819,10.631,5100.016598981805,59,5100.016598981805,alexnet,1.416671277494946
734272c01926d19690e5ec308bab64ef97950b75b1c7582283e0783fce1751d8,313c03f53a0d31f70aec25f62efb33e7dd779725ca4af579018452d1204beaad,48360.1932990551,0.187,5160.006299055101,3,5160.006299055101,googlenet,1.4333350830708615
17c37a0fdd5d1932b755c0e6447137bc08fd524f455e14fdac414f584de08dc5,c9f8e30e36d1aef62c10b3cfca6e289a93848a148d876dd514753040314f4817,753961.2344219685,0.015,5161.219421968446,52,5161.219421968446,resnet50,1.4336720616579017
734272c01926d19690e5ec308bab64ef97950b75b1c7582283e0783fce1751d8,313c03f53a0d31f70aec25f62efb33e7dd779725ca4af579018452d1204beaad,48420.13708400726,0.135,5220.002084007261,3,5220.002084007261,googlenet,1.4500005788909058
734272c01926d19690e5ec308bab64ef97950b75b1c7582283e0783fce1751d8,313c03f53a0d31f70aec25f62efb33e7dd779725ca4af579018452d1204beaad,48480.21675300598,0.204,5280.0127530059835,3,5280.0127530059835,googlenet,1.4666702091683288
17c37a0fdd5d1932b755c0e6447137bc08fd524f455e14fdac414f584de08dc5,c9f8e30e36d1aef62c10b3cfca6e289a93848a148d876dd514753040314f4817,754081.3485200405,0.017,5281.3315200405195,52,5281.3315200405195,resnet50,1.4670365333445887
734272c01926d19690e5ec308bab64ef97950b75b1c7582283e0783fce1751d8,313c03f53a0d31f70aec25f62efb33e7dd779725ca4af579018452d1204beaad,48540.14473104477,0.139,5340.005731044766,3,5340.005731044766,googlenet,1.4833349252902128
734272c01926d19690e5ec308bab64ef97950b75b1c7582283e0783fce1751d8,313c03f53a0d31f70aec25f62efb33e7dd779725ca4af579018452d1204beaad,48600.15510511398,0.157,5399.998105113984,3,5399.998105113984,googlenet,1.4999994736427733
17c37a0fdd5d1932b755c0e6447137bc08fd524f455e14fdac414f584de08dc5,c9f8e30e36d1aef62c10b3cfca6e289a93848a148d876dd514753040314f4817,754201.3274579048,0.019,5401.3084579048445,52,5401.3084579048445,resnet50,1.5003634605291234
85479ef37b5dc75dd5aeca3bab499129b97a134dac5d740d2c68941de9d63031,cd9f7f333d59aede8088772edac3bff78c45e2dad8eb498b450b9af511452a36,855101.872934103,91.673,5410.1999341030605,59,5410.1999341030605,efficientnet,1.502833315028628
734272c01926d19690e5ec308bab64ef97950b75b1c7582283e0783fce1751d8,9b61fd55aa093a2d172db1a68a60af5cf6cbfa7f5ea1fbc71846027a5954616d,754219.0461690426,0.474,5418.572169042542,52,5418.572169042542,bert,1.5051589358451505
734272c01926d19690e5ec308bab64ef97950b75b1c7582283e0783fce1751d8,9b61fd55aa093a2d172db1a68a60af5cf6cbfa7f5ea1fbc71846027a5954616d,754219.049161911,0.476,5418.5731619109865,52,5418.5731619109865,bert,1.5051592116419408
734272c01926d19690e5ec308bab64ef97950b75b1c7582283e0783fce1751d8,9b61fd55aa093a2d172db1a68a60af5cf6cbfa7f5ea1fbc71846027a5954616d,754219.0376939774,0.464,5418.57369397732,52,5418.57369397732,bert,1.5051593594381443
734272c01926d19690e5ec308bab64ef97950b75b1c7582283e0783fce1751d8,9b61fd55aa093a2d172db1a68a60af5cf6cbfa7f5ea1fbc71846027a5954616d,754219.0710101128,0.495,5418.576010112767,52,5418.576010112767,bert,1.505160002809102
734272c01926d19690e5ec308bab64ef97950b75b1c7582283e0783fce1751d8,9b61fd55aa093a2d172db1a68a60af5cf6cbfa7f5ea1fbc71846027a5954616d,754219.029403925,0.453,5418.5764039249625,52,5418.5764039249625,bert,1.5051601122013785
734272c01926d19690e5ec308bab64ef97950b75b1c7582283e0783fce1751d8,313c03f53a0d31f70aec25f62efb33e7dd779725ca4af579018452d1204beaad,48660.14422297478,0.13,5460.01422297478,3,5460.01422297478,googlenet,1.5166706174929945
734272c01926d19690e5ec308bab64ef97950b75b1c7582283e0783fce1751d8,313c03f53a0d31f70aec25f62efb33e7dd779725ca4af579018452d1204beaad,48720.14330101013,0.142,5520.001301010132,3,5520.001301010132,googlenet,1.5333336947250367
17c37a0fdd5d1932b755c0e6447137bc08fd524f455e14fdac414f584de08dc5,c9f8e30e36d1aef62c10b3cfca6e289a93848a148d876dd514753040314f4817,754320.8536279202,0.013,5520.840627920115,52,5520.840627920115,resnet50,1.533566841088921
734272c01926d19690e5ec308bab64ef97950b75b1c7582283e0783fce1751d8,313c03f53a0d31f70aec25f62efb33e7dd779725ca4af579018452d1204beaad,48780.1338429451,0.137,5579.996842945096,3,5579.996842945096,googlenet,1.5499991230403045
734272c01926d19690e5ec308bab64ef97950b75b1c7582283e0783fce1751d8,313c03f53a0d31f70aec25f62efb33e7dd779725ca4af579018452d1204beaad,48840.16093993187,0.157,5640.00393993187,3,5640.00393993187,googlenet,1.5666677610921862
17c37a0fdd5d1932b755c0e6447137bc08fd524f455e14fdac414f584de08dc5,c9f8e30e36d1aef62c10b3cfca6e289a93848a148d876dd514753040314f4817,754441.2428030968,0.013,5641.229803096736,52,5641.229803096736,resnet50,1.5670082786379822
85479ef37b5dc75dd5aeca3bab499129b97a134dac5d740d2c68941de9d63031,1f33077bb2db73fd76a51e40e43f20173e3f038dd3f3705551751cf7724c3c40,855306.0365331173,6.029,5700.007533117314,59,5700.007533117314,alexnet,1.5833354258659205
734272c01926d19690e5ec308bab64ef97950b75b1c7582283e0783fce1751d8,313c03f53a0d31f70aec25f62efb33e7dd779725ca4af579018452d1204beaad,48900.14623808861,0.134,5700.01223808861,3,5700.01223808861,googlenet,1.5833367328023915
85479ef37b5dc75dd5aeca3bab499129b97a134dac5d740d2c68941de9d63031,cd9f7f333d59aede8088772edac3bff78c45e2dad8eb498b450b9af511452a36,855542.2888588905,242.25,5700.038858890533,59,5700.038858890533,efficientnet,1.5833441274695925
734272c01926d19690e5ec308bab64ef97950b75b1c7582283e0783fce1751d8,313c03f53a0d31f70aec25f62efb33e7dd779725ca4af579018452d1204beaad,48960.193273067474,0.178,5760.0152730674745,3,5760.0152730674745,googlenet,1.6000042425187428
17c37a0fdd5d1932b755c0e6447137bc08fd524f455e14fdac414f584de08dc5,c9f8e30e36d1aef62c10b3cfca6e289a93848a148d876dd514753040314f4817,754561.1157810688,0.013,5761.1027810687665,52,5761.1027810687665,resnet50,1.6003063280746574
734272c01926d19690e5ec308bab64ef97950b75b1c7582283e0783fce1751d8,313c03f53a0d31f70aec25f62efb33e7dd779725ca4af579018452d1204beaad,49020.15656089783,0.144,5820.012560897827,3,5820.012560897827,googlenet,1.6166701558049519
734272c01926d19690e5ec308bab64ef97950b75b1c7582283e0783fce1751d8,313c03f53a0d31f70aec25f62efb33e7dd779725ca4af579018452d1204beaad,49080.17416810989,0.17,5880.004168109888,3,5880.004168109888,googlenet,1.6333344911416356
17c37a0fdd5d1932b755c0e6447137bc08fd524f455e14fdac414f584de08dc5,c9f8e30e36d1aef62c10b3cfca6e289a93848a148d876dd514753040314f4817,754681.1749799252,0.015,5881.159979925142,52,5881.159979925142,resnet50,1.633655549979206
734272c01926d19690e5ec308bab64ef97950b75b1c7582283e0783fce1751d8,313c03f53a0d31f70aec25f62efb33e7dd779725ca4af579018452d1204beaad,49140.14570403099,0.134,5940.011704030992,3,5940.011704030992,googlenet,1.65000325111972
734272c01926d19690e5ec308bab64ef97950b75b1c7582283e0783fce1751d8,313c03f53a0d31f70aec25f62efb33e7dd779725ca4af579018452d1204beaad,49200.1885330677,0.187,6000.001533067705,3,6000.001533067705,googlenet,1.666667092518807
85479ef37b5dc75dd5aeca3bab499129b97a134dac5d740d2c68941de9d63031,1f33077bb2db73fd76a51e40e43f20173e3f038dd3f3705551751cf7724c3c40,855615.2013618946,15.182,6000.019361894578,59,6000.019361894578,alexnet,1.666672044970716
17c37a0fdd5d1932b755c0e6447137bc08fd524f455e14fdac414f584de08dc5,c9f8e30e36d1aef62c10b3cfca6e289a93848a148d876dd514753040314f4817,754801.3245279789,0.015,6001.309527978883,52,6001.309527978883,resnet50,1.6670304244385787
85479ef37b5dc75dd5aeca3bab499129b97a134dac5d740d2c68941de9d63031,cd9f7f333d59aede8088772edac3bff78c45e2dad8eb498b450b9af511452a36,855750.3425359726,126.665,6023.677535972558,59,6023.677535972558,efficientnet,1.6732437599923773
734272c01926d19690e5ec308bab64ef97950b75b1c7582283e0783fce1751d8,313c03f53a0d31f70aec25f62efb33e7dd779725ca4af579018452d1204beaad,49260.13978791237,0.124,6060.015787912365,3,6060.015787912365,googlenet,1.683337718864546
734272c01926d19690e5ec308bab64ef97950b75b1c7582283e0783fce1751d8,313c03f53a0d31f70aec25f62efb33e7dd779725ca4af579018452d1204beaad,49320.12710905075,0.13,6119.997109050753,3,6119.997109050753,googlenet,1.6999991969585426
17c37a0fdd5d1932b755c0e6447137bc08fd524f455e14fdac414f584de08dc5,c9f8e30e36d1aef62c10b3cfca6e289a93848a148d876dd514753040314f4817,754921.3858098984,0.017,6121.368809898384,52,6121.368809898384,resnet50,1.7003802249717732
734272c01926d19690e5ec308bab64ef97950b75b1c7582283e0783fce1751d8,313c03f53a0d31f70aec25f62efb33e7dd779725ca4af579018452d1204beaad,49380.11397004128,0.12,6179.99397004128,3,6179.99397004128,googlenet,1.7166649916781331
734272c01926d19690e5ec308bab64ef97950b75b1c7582283e0783fce1751d8,313c03f53a0d31f70aec25f62efb33e7dd779725ca4af579018452d1204beaad,49440.11572289467,0.126,6239.989722894672,3,6239.989722894672,googlenet,1.7333304785818533
17c37a0fdd5d1932b755c0e6447137bc08fd524f455e14fdac414f584de08dc5,c9f8e30e36d1aef62c10b3cfca6e289a93848a148d876dd514753040314f4817,755041.1975929737,0.016,6241.181592973764,52,6241.181592973764,resnet50,1.7336615536038233
734272c01926d19690e5ec308bab64ef97950b75b1c7582283e0783fce1751d8,313c03f53a0d31f70aec25f62efb33e7dd779725ca4af579018452d1204beaad,49500.13350200653,0.129,6300.00450200653,3,6300.00450200653,googlenet,1.7500012505573694
85479ef37b5dc75dd5aeca3bab499129b97a134dac5d740d2c68941de9d63031,cd9f7f333d59aede8088772edac3bff78c45e2dad8eb498b450b9af511452a36,856031.9139349461,131.906,6300.007934946101,59,6300.007934946101,efficientnet,1.7500022041516947
85479ef37b5dc75dd5aeca3bab499129b97a134dac5d740d2c68941de9d63031,1f33077bb2db73fd76a51e40e43f20173e3f038dd3f3705551751cf7724c3c40,855915.7869539261,15.779,6300.007953926106,59,6300.007953926106,alexnet,1.7500022094239183
734272c01926d19690e5ec308bab64ef97950b75b1c7582283e0783fce1751d8,313c03f53a0d31f70aec25f62efb33e7dd779725ca4af579018452d1204beaad,49560.20928907394,0.201,6360.008289073936,3,6360.008289073936,googlenet,1.7666689691872044
17c37a0fdd5d1932b755c0e6447137bc08fd524f455e14fdac414f584de08dc5,c9f8e30e36d1aef62c10b3cfca6e289a93848a148d876dd514753040314f4817,755161.5763940811,0.019,6361.557394081145,52,6361.557394081145,resnet50,1.7670992761336513
341a2b2b3affc84b61502aa373df22557db55c7c304014b3ac84499247374f43,762835950e81a11cd04cedcb05275dc111c651625d575077fce49f82170e0986,755177.2339749336,2.676,6374.557974933647,52,6374.557974933647,distilgpt2,1.7707105485926795
341a2b2b3affc84b61502aa373df22557db55c7c304014b3ac84499247374f43,762835950e81a11cd04cedcb05275dc111c651625d575077fce49f82170e0986,755177.7580010891,0.191,6377.567001089104,52,6377.567001089104,distilgpt2,1.7715463891914178
341a2b2b3affc84b61502aa373df22557db55c7c304014b3ac84499247374f43,762835950e81a11cd04cedcb05275dc111c651625d575077fce49f82170e0986,755181.4100699425,0.206,6381.204069942469,52,6381.204069942469,distilgpt2,1.7725566860951303
341a2b2b3affc84b61502aa373df22557db55c7c304014b3ac84499247374f43,762835950e81a11cd04cedcb05275dc111c651625d575077fce49f82170e0986,755182.6659309864,0.256,6382.409930986352,52,6382.409930986352,distilgpt2,1.7728916474962089
341a2b2b3affc84b61502aa373df22557db55c7c304014b3ac84499247374f43,762835950e81a11cd04cedcb05275dc111c651625d575077fce49f82170e0986,755182.8694589138,0.169,6382.700458913809,52,6382.700458913809,distilgpt2,1.77297234969828
341a2b2b3affc84b61502aa373df22557db55c7c304014b3ac84499247374f43,762835950e81a11cd04cedcb05275dc111c651625d575077fce49f82170e0986,755187.6428160667,0.353,6387.289816066739,52,6387.289816066739,distilgpt2,1.7742471711296497
734272c01926d19690e5ec308bab64ef97950b75b1c7582283e0783fce1751d8,313c03f53a0d31f70aec25f62efb33e7dd779725ca4af579018452d1204beaad,49620.136332035065,0.125,6420.011332035065,3,6420.011332035065,googlenet,1.7833364811208514
734272c01926d19690e5ec308bab64ef97950b75b1c7582283e0783fce1751d8,313c03f53a0d31f70aec25f62efb33e7dd779725ca4af579018452d1204beaad,49680.27413010597,0.276,6479.998130105974,3,6479.998130105974,googlenet,1.7999994805849928
17c37a0fdd5d1932b755c0e6447137bc08fd524f455e14fdac414f584de08dc5,c9f8e30e36d1aef62c10b3cfca6e289a93848a148d876dd514753040314f4817,755281.2513170242,0.016,6481.235317024286,52,6481.235317024286,resnet50,1.8003431436178572
734272c01926d19690e5ec308bab64ef97950b75b1c7582283e0783fce1751d8,313c03f53a0d31f70aec25f62efb33e7dd779725ca4af579018452d1204beaad,49740.14992809296,0.138,6540.0119280929575,3,6540.0119280929575,googlenet,1.8166699800258215
734272c01926d19690e5ec308bab64ef97950b75b1c7582283e0783fce1751d8,313c03f53a0d31f70aec25f62efb33e7dd779725ca4af579018452d1204beaad,49800.13426399231,0.126,6600.008263992313,3,6600.008263992313,googlenet,1.8333356288867537
85479ef37b5dc75dd5aeca3bab499129b97a134dac5d740d2c68941de9d63031,1f33077bb2db73fd76a51e40e43f20173e3f038dd3f3705551751cf7724c3c40,856214.2757120132,14.266,6600.0097120133,59,6600.0097120133,alexnet,1.8333360311148055
85479ef37b5dc75dd5aeca3bab499129b97a134dac5d740d2c68941de9d63031,cd9f7f333d59aede8088772edac3bff78c45e2dad8eb498b450b9af511452a36,856227.3413059711,27.331,6600.01030597114,59,6600.01030597114,efficientnet,1.8333361961030945
17c37a0fdd5d1932b755c0e6447137bc08fd524f455e14fdac414f584de08dc5,c9f8e30e36d1aef62c10b3cfca6e289a93848a148d876dd514753040314f4817,755401.411468029,0.017,6601.39446802903,52,6601.39446802903,resnet50,1.8337206855636194
734272c01926d19690e5ec308bab64ef97950b75b1c7582283e0783fce1751d8,9b61fd55aa093a2d172db1a68a60af5cf6cbfa7f5ea1fbc71846027a5954616d,755413.5401310921,4.526,6609.014131092117,52,6609.014131092117,bert,1.835837258636699
734272c01926d19690e5ec308bab64ef97950b75b1c7582283e0783fce1751d8,9b61fd55aa093a2d172db1a68a60af5cf6cbfa7f5ea1fbc71846027a5954616d,755413.620675087,4.581,6609.0396750869695,52,6609.0396750869695,bert,1.835844354190825
734272c01926d19690e5ec308bab64ef97950b75b1c7582283e0783fce1751d8,9b61fd55aa093a2d172db1a68a60af5cf6cbfa7f5ea1fbc71846027a5954616d,755413.6282520294,4.588,6609.04025202943,52,6609.04025202943,bert,1.8358445144526194
734272c01926d19690e5ec308bab64ef97950b75b1c7582283e0783fce1751d8,9b61fd55aa093a2d172db1a68a60af5cf6cbfa7f5ea1fbc71846027a5954616d,755413.5614790916,4.521,6609.040479091695,52,6609.040479091695,bert,1.8358445775254708
734272c01926d19690e5ec308bab64ef97950b75b1c7582283e0783fce1751d8,9b61fd55aa093a2d172db1a68a60af5cf6cbfa7f5ea1fbc71846027a5954616d,755413.492470026,4.451,6609.041470026015,52,6609.041470026015,bert,1.8358448527850042
734272c01926d19690e5ec308bab64ef97950b75b1c7582283e0783fce1751d8,9b61fd55aa093a2d172db1a68a60af5cf6cbfa7f5ea1fbc71846027a5954616d,755413.6300070286,4.588,6609.042007028591,52,6609.042007028591,bert,1.8358450019523864
734272c01926d19690e5ec308bab64ef97950b75b1c7582283e0783fce1751d8,9b61fd55aa093a2d172db1a68a60af5cf6cbfa7f5ea1fbc71846027a5954616d,755413.5333669186,4.491,6609.042366918526,52,6609.042366918526,bert,1.8358451019218127
734272c01926d19690e5ec308bab64ef97950b75b1c7582283e0783fce1751d8,9b61fd55aa093a2d172db1a68a60af5cf6cbfa7f5ea1fbc71846027a5954616d,755413.6194760799,4.577,6609.042476079892,52,6609.042476079892,bert,1.8358451322444145
734272c01926d19690e5ec308bab64ef97950b75b1c7582283e0783fce1751d8,9b61fd55aa093a2d172db1a68a60af5cf6cbfa7f5ea1fbc71846027a5954616d,755413.6094660759,4.566,6609.043466075906,52,6609.043466075906,bert,1.835845407243307
734272c01926d19690e5ec308bab64ef97950b75b1c7582283e0783fce1751d8,9b61fd55aa093a2d172db1a68a60af5cf6cbfa7f5ea1fbc71846027a5954616d,755413.6106069088,4.567,6609.043606908759,52,6609.043606908759,bert,1.8358454463635443
734272c01926d19690e5ec308bab64ef97950b75b1c7582283e0783fce1751d8,9b61fd55aa093a2d172db1a68a60af5cf6cbfa7f5ea1fbc71846027a5954616d,755413.6218240261,4.578,6609.043824026128,52,6609.043824026128,bert,1.8358455066739245
734272c01926d19690e5ec308bab64ef97950b75b1c7582283e0783fce1751d8,9b61fd55aa093a2d172db1a68a60af5cf6cbfa7f5ea1fbc71846027a5954616d,755413.6994359493,4.655,6609.044435949298,52,6609.044435949298,bert,1.8358456766525826
734272c01926d19690e5ec308bab64ef97950b75b1c7582283e0783fce1751d8,9b61fd55aa093a2d172db1a68a60af5cf6cbfa7f5ea1fbc71846027a5954616d,755413.611850977,4.563,6609.048850976978,52,6609.048850976978,bert,1.8358469030491606
734272c01926d19690e5ec308bab64ef97950b75b1c7582283e0783fce1751d8,9b61fd55aa093a2d172db1a68a60af5cf6cbfa7f5ea1fbc71846027a5954616d,755413.6130371094,4.564,6609.049037109362,52,6609.049037109362,bert,1.8358469547526006
734272c01926d19690e5ec308bab64ef97950b75b1c7582283e0783fce1751d8,9b61fd55aa093a2d172db1a68a60af5cf6cbfa7f5ea1fbc71846027a5954616d,755413.6230459213,4.573,6609.050045921351,52,6609.050045921351,bert,1.835847234978153
734272c01926d19690e5ec308bab64ef97950b75b1c7582283e0783fce1751d8,9b61fd55aa093a2d172db1a68a60af5cf6cbfa7f5ea1fbc71846027a5954616d,755413.6182379723,4.568,6609.050237972289,52,6609.050237972289,bert,1.8358472883256358
734272c01926d19690e5ec308bab64ef97950b75b1c7582283e0783fce1751d8,9b61fd55aa093a2d172db1a68a60af5cf6cbfa7f5ea1fbc71846027a5954616d,755413.8694300652,0.115,6613.754430065164,52,6613.754430065164,bert,1.8371540083514346
734272c01926d19690e5ec308bab64ef97950b75b1c7582283e0783fce1751d8,9b61fd55aa093a2d172db1a68a60af5cf6cbfa7f5ea1fbc71846027a5954616d,755413.8852090836,0.13,6613.7552090835525,52,6613.7552090835525,bert,1.8371542247454313
734272c01926d19690e5ec308bab64ef97950b75b1c7582283e0783fce1751d8,9b61fd55aa093a2d172db1a68a60af5cf6cbfa7f5ea1fbc71846027a5954616d,755413.8998138905,0.144,6613.755813890486,52,6613.755813890486,bert,1.8371543927473573
734272c01926d19690e5ec308bab64ef97950b75b1c7582283e0783fce1751d8,9b61fd55aa093a2d172db1a68a60af5cf6cbfa7f5ea1fbc71846027a5954616d,755413.8738729954,0.118,6613.75587299536,52,6613.75587299536,bert,1.8371544091653778
734272c01926d19690e5ec308bab64ef97950b75b1c7582283e0783fce1751d8,9b61fd55aa093a2d172db1a68a60af5cf6cbfa7f5ea1fbc71846027a5954616d,755413.8601109982,0.104,6613.756110998103,52,6613.756110998103,bert,1.8371544752772508
734272c01926d19690e5ec308bab64ef97950b75b1c7582283e0783fce1751d8,313c03f53a0d31f70aec25f62efb33e7dd779725ca4af579018452d1204beaad,49860.12943911552,0.125,6660.004439115517,3,6660.004439115517,googlenet,1.8500012330876436
734272c01926d19690e5ec308bab64ef97950b75b1c7582283e0783fce1751d8,313c03f53a0d31f70aec25f62efb33e7dd779725ca4af579018452d1204beaad,49920.15187597275,0.13,6720.02187597275,3,6720.02187597275,googlenet,1.866672743325764
17c37a0fdd5d1932b755c0e6447137bc08fd524f455e14fdac414f584de08dc5,c9f8e30e36d1aef62c10b3cfca6e289a93848a148d876dd514753040314f4817,755521.9369120598,0.018,6721.918912059744,52,6721.918912059744,resnet50,1.8671996977943732
734272c01926d19690e5ec308bab64ef97950b75b1c7582283e0783fce1751d8,313c03f53a0d31f70aec25f62efb33e7dd779725ca4af579018452d1204beaad,49980.13209795952,0.12,6780.012097959516,3,6780.012097959516,googlenet,1.8833366938776432
734272c01926d19690e5ec308bab64ef97950b75b1c7582283e0783fce1751d8,313c03f53a0d31f70aec25f62efb33e7dd779725ca4af579018452d1204beaad,50040.15081906319,0.14,6840.010819063187,3,6840.010819063187,googlenet,1.9000030052953298
17c37a0fdd5d1932b755c0e6447137bc08fd524f455e14fdac414f584de08dc5,c9f8e30e36d1aef62c10b3cfca6e289a93848a148d876dd514753040314f4817,755641.3135309219,0.017,6841.2965309219435,52,6841.2965309219435,resnet50,1.9003601474783176
734272c01926d19690e5ec308bab64ef97950b75b1c7582283e0783fce1751d8,313c03f53a0d31f70aec25f62efb33e7dd779725ca4af579018452d1204beaad,50100.13176703453,0.125,6900.006767034531,3,6900.006767034531,googlenet,1.9166685463984807
85479ef37b5dc75dd5aeca3bab499129b97a134dac5d740d2c68941de9d63031,cd9f7f333d59aede8088772edac3bff78c45e2dad8eb498b450b9af511452a36,856630.7402720451,130.715,6900.025272045168,59,6900.025272045168,efficientnet,1.9166736866792133
85479ef37b5dc75dd5aeca3bab499129b97a134dac5d740d2c68941de9d63031,1f33077bb2db73fd76a51e40e43f20173e3f038dd3f3705551751cf7724c3c40,856515.3079481125,15.282,6900.025948112481,59,6900.025948112481,alexnet,1.9166738744756893
341a2b2b3affc84b61502aa373df22557db55c7c304014b3ac84499247374f43,762835950e81a11cd04cedcb05275dc111c651625d575077fce49f82170e0986,755706.4162900448,2.034,6904.382290044799,52,6904.382290044799,distilgpt2,1.9178839694568888
341a2b2b3affc84b61502aa373df22557db55c7c304014b3ac84499247374f43,762835950e81a11cd04cedcb05275dc111c651625d575077fce49f82170e0986,755708.5076880455,0.21,6908.297688045539,52,6908.297688045539,distilgpt2,1.9189715800126497
341a2b2b3affc84b61502aa373df22557db55c7c304014b3ac84499247374f43,762835950e81a11cd04cedcb05275dc111c651625d575077fce49f82170e0986,755716.8142030239,0.265,6916.549203023897,52,6916.549203023897,distilgpt2,1.921263667506638
341a2b2b3affc84b61502aa373df22557db55c7c304014b3ac84499247374f43,762835950e81a11cd04cedcb05275dc111c651625d575077fce49f82170e0986,755719.5290129185,0.263,6919.266012918437,52,6919.266012918437,distilgpt2,1.922018336921788
341a2b2b3affc84b61502aa373df22557db55c7c304014b3ac84499247374f43,762835950e81a11cd04cedcb05275dc111c651625d575077fce49f82170e0986,755720.9276390076,0.241,6920.68663900753,52,6920.68663900753,distilgpt2,1.9224129552798694
341a2b2b3affc84b61502aa373df22557db55c7c304014b3ac84499247374f43,762835950e81a11cd04cedcb05275dc111c651625d575077fce49f82170e0986,755721.2424640656,0.216,6921.026464065537,52,6921.026464065537,distilgpt2,1.9225073511293158
341a2b2b3affc84b61502aa373df22557db55c7c304014b3ac84499247374f43,762835950e81a11cd04cedcb05275dc111c651625d575077fce49f82170e0986,755734.6449561119,0.27,6934.374956111889,52,6934.374956111889,distilgpt2,1.926215265586636
341a2b2b3affc84b61502aa373df22557db55c7c304014b3ac84499247374f43,762835950e81a11cd04cedcb05275dc111c651625d575077fce49f82170e0986,755735.1639490128,0.253,6934.91094901273,52,6934.91094901273,distilgpt2,1.9263641525035362
341a2b2b3affc84b61502aa373df22557db55c7c304014b3ac84499247374f43,762835950e81a11cd04cedcb05275dc111c651625d575077fce49f82170e0986,755736.0380270481,0.36,6935.678027048125,52,6935.678027048125,distilgpt2,1.9265772297355903
341a2b2b3affc84b61502aa373df22557db55c7c304014b3ac84499247374f43,762835950e81a11cd04cedcb05275dc111c651625d575077fce49f82170e0986,755737.4912040234,0.247,6937.244204023387,52,6937.244204023387,distilgpt2,1.9270122788953854
341a2b2b3affc84b61502aa373df22557db55c7c304014b3ac84499247374f43,762835950e81a11cd04cedcb05275dc111c651625d575077fce49f82170e0986,755740.4363279343,0.089,6940.347327934229,52,6940.347327934229,distilgpt2,1.927874257759508
341a2b2b3affc84b61502aa373df22557db55c7c304014b3ac84499247374f43,762835950e81a11cd04cedcb05275dc111c651625d575077fce49f82170e0986,755747.7362949848,0.244,6947.49229498487,52,6947.49229498487,distilgpt2,1.9298589708291305
341a2b2b3affc84b61502aa373df22557db55c7c304014b3ac84499247374f43,762835950e81a11cd04cedcb05275dc111c651625d575077fce49f82170e0986,755748.7249660492,0.223,6948.501966049196,52,6948.501966049196,distilgpt2,1.9301394350136656
341a2b2b3affc84b61502aa373df22557db55c7c304014b3ac84499247374f43,762835950e81a11cd04cedcb05275dc111c651625d575077fce49f82170e0986,755751.0414741039,0.347,6950.694474103977,52,6950.694474103977,distilgpt2,1.9307484650288824
734272c01926d19690e5ec308bab64ef97950b75b1c7582283e0783fce1751d8,313c03f53a0d31f70aec25f62efb33e7dd779725ca4af579018452d1204beaad,50160.165225982666,0.152,6960.013225982664,3,6960.013225982664,googlenet,1.9333370072174068
17c37a0fdd5d1932b755c0e6447137bc08fd524f455e14fdac414f584de08dc5,c9f8e30e36d1aef62c10b3cfca6e289a93848a148d876dd514753040314f4817,755761.2943599224,0.015,6961.279359922395,52,6961.279359922395,resnet50,1.9336887110895542
341a2b2b3affc84b61502aa373df22557db55c7c304014b3ac84499247374f43,762835950e81a11cd04cedcb05275dc111c651625d575077fce49f82170e0986,755764.4344780445,0.608,6963.826478044502,52,6963.826478044502,distilgpt2,1.9343962439012508
341a2b2b3affc84b61502aa373df22557db55c7c304014b3ac84499247374f43,762835950e81a11cd04cedcb05275dc111c651625d575077fce49f82170e0986,755780.3961799145,0.235,6980.1611799144885,52,6980.1611799144885,distilgpt2,1.938933661087358
341a2b2b3affc84b61502aa373df22557db55c7c304014b3ac84499247374f43,762835950e81a11cd04cedcb05275dc111c651625d575077fce49f82170e0986,755800.7203299999,0.254,7000.466329999967,52,7000.466329999967,distilgpt2,1.9445739805555462
341a2b2b3affc84b61502aa373df22557db55c7c304014b3ac84499247374f43,762835950e81a11cd04cedcb05275dc111c651625d575077fce49f82170e0986,755801.2670609951,0.203,7001.064060995122,52,7001.064060995122,distilgpt2,1.9447400169430895
341a2b2b3affc84b61502aa373df22557db55c7c304014b3ac84499247374f43,762835950e81a11cd04cedcb05275dc111c651625d575077fce49f82170e0986,755802.48346591,0.284,7002.199465909973,52,7002.199465909973,distilgpt2,1.9450554071972146
341a2b2b3affc84b61502aa373df22557db55c7c304014b3ac84499247374f43,762835950e81a11cd04cedcb05275dc111c651625d575077fce49f82170e0986,755807.7176759243,0.17,7007.547675924259,52,7007.547675924259,distilgpt2,1.946541021090072
341a2b2b3affc84b61502aa373df22557db55c7c304014b3ac84499247374f43,762835950e81a11cd04cedcb05275dc111c651625d575077fce49f82170e0986,755807.9571049213,0.202,7007.7551049212925,52,7007.7551049212925,distilgpt2,1.9465986402559146
734272c01926d19690e5ec308bab64ef97950b75b1c7582283e0783fce1751d8,313c03f53a0d31f70aec25f62efb33e7dd779725ca4af579018452d1204beaad,50220.14099597931,0.125,7020.015995979309,3,7020.015995979309,googlenet,1.9500044433275858
341a2b2b3affc84b61502aa373df22557db55c7c304014b3ac84499247374f43,762835950e81a11cd04cedcb05275dc111c651625d575077fce49f82170e0986,755829.3564240932,0.323,7029.033424093272,52,7029.033424093272,distilgpt2,1.9525092844703533
341a2b2b3affc84b61502aa373df22557db55c7c304014b3ac84499247374f43,762835950e81a11cd04cedcb05275dc111c651625d575077fce49f82170e0986,755829.9964079857,0.217,7029.779407985741,52,7029.779407985741,distilgpt2,1.9527165022182615
341a2b2b3affc84b61502aa373df22557db55c7c304014b3ac84499247374f43,762835950e81a11cd04cedcb05275dc111c651625d575077fce49f82170e0986,755831.695458889,0.191,7031.504458889016,52,7031.504458889016,distilgpt2,1.9531956830247266
341a2b2b3affc84b61502aa373df22557db55c7c304014b3ac84499247374f43,762835950e81a11cd04cedcb05275dc111c651625d575077fce49f82170e0986,755833.7135179043,0.232,7033.481517904322,52,7033.481517904322,distilgpt2,1.9537448660845338
341a2b2b3affc84b61502aa373df22557db55c7c304014b3ac84499247374f43,762835950e81a11cd04cedcb05275dc111c651625d575077fce49f82170e0986,755834.6043519974,0.242,7034.362351997406,52,7034.362351997406,distilgpt2,1.9539895422215017
341a2b2b3affc84b61502aa373df22557db55c7c304014b3ac84499247374f43,762835950e81a11cd04cedcb05275dc111c651625d575077fce49f82170e0986,755836.6098370552,0.196,7036.41383705521,52,7036.41383705521,distilgpt2,1.9545593991820027
341a2b2b3affc84b61502aa373df22557db55c7c304014b3ac84499247374f43,762835950e81a11cd04cedcb05275dc111c651625d575077fce49f82170e0986,755838.2308139801,0.299,7037.9318139801035,52,7037.9318139801035,distilgpt2,1.9549810594389176
341a2b2b3affc84b61502aa373df22557db55c7c304014b3ac84499247374f43,762835950e81a11cd04cedcb05275dc111c651625d575077fce49f82170e0986,755838.8480501175,0.215,7038.633050117525,52,7038.633050117525,distilgpt2,1.9551758472548681
341a2b2b3affc84b61502aa373df22557db55c7c304014b3ac84499247374f43,762835950e81a11cd04cedcb05275dc111c651625d575077fce49f82170e0986,755839.4847559929,0.208,7039.276755992905,52,7039.276755992905,distilgpt2,1.9553546544424736
341a2b2b3affc84b61502aa373df22557db55c7c304014b3ac84499247374f43,762835950e81a11cd04cedcb05275dc111c651625d575077fce49f82170e0986,755852.0918869972,0.217,7051.874886997277,52,7051.874886997277,distilgpt2,1.9588541352770215
341a2b2b3affc84b61502aa373df22557db55c7c304014b3ac84499247374f43,762835950e81a11cd04cedcb05275dc111c651625d575077fce49f82170e0986,755854.3609359264,0.192,7054.168935926398,52,7054.168935926398,distilgpt2,1.9594913710906663
341a2b2b3affc84b61502aa373df22557db55c7c304014b3ac84499247374f43,762835950e81a11cd04cedcb05275dc111c651625d575077fce49f82170e0986,755859.5552039146,0.058,7059.497203914681,52,7059.497203914681,distilgpt2,1.9609714455318559
341a2b2b3affc84b61502aa373df22557db55c7c304014b3ac84499247374f43,762835950e81a11cd04cedcb05275dc111c651625d575077fce49f82170e0986,755875.70490098,0.216,7075.488900979981,52,7075.488900979981,distilgpt2,1.9654135836055502
734272c01926d19690e5ec308bab64ef97950b75b1c7582283e0783fce1751d8,313c03f53a0d31f70aec25f62efb33e7dd779725ca4af579018452d1204beaad,50280.25258207321,0.238,7080.014582073214,3,7080.014582073214,googlenet,1.9666707172425595
17c37a0fdd5d1932b755c0e6447137bc08fd524f455e14fdac414f584de08dc5,c9f8e30e36d1aef62c10b3cfca6e289a93848a148d876dd514753040314f4817,755881.5658700466,0.013,7081.55287004658,52,7081.55287004658,resnet50,1.9670980194573835
341a2b2b3affc84b61502aa373df22557db55c7c304014b3ac84499247374f43,762835950e81a11cd04cedcb05275dc111c651625d575077fce49f82170e0986,755889.4536590576,0.71,7088.743659057654,52,7088.743659057654,distilgpt2,1.9690954608493485
341a2b2b3affc84b61502aa373df22557db55c7c304014b3ac84499247374f43,762835950e81a11cd04cedcb05275dc111c651625d575077fce49f82170e0986,755890.1255879402,0.091,7090.034587940201,52,7090.034587940201,distilgpt2,1.9694540522056114
734272c01926d19690e5ec308bab64ef97950b75b1c7582283e0783fce1751d8,313c03f53a0d31f70aec25f62efb33e7dd779725ca4af579018452d1204beaad,50340.14297199249,0.131,7140.011971992491,3,7140.011971992491,googlenet,1.983336658886803
341a2b2b3affc84b61502aa373df22557db55c7c304014b3ac84499247374f43,762835950e81a11cd04cedcb05275dc111c651625d575077fce49f82170e0986,755942.1460030079,0.291,7141.8550030079205,52,7141.8550030079205,distilgpt2,1.9838486119466445
341a2b2b3affc84b61502aa373df22557db55c7c304014b3ac84499247374f43,762835950e81a11cd04cedcb05275dc111c651625d575077fce49f82170e0986,755942.4462099075,0.289,7142.157209907542,52,7142.157209907542,distilgpt2,1.9839325583076506
341a2b2b3affc84b61502aa373df22557db55c7c304014b3ac84499247374f43,762835950e81a11cd04cedcb05275dc111c651625d575077fce49f82170e0986,755947.087692976,0.372,7146.715692976024,52,7146.715692976024,distilgpt2,1.985198803604451
734272c01926d19690e5ec308bab64ef97950b75b1c7582283e0783fce1751d8,313c03f53a0d31f70aec25f62efb33e7dd779725ca4af579018452d1204beaad,50408.2369658947,8.219,7200.017965894702,3,7200.017965894702,googlenet,2.000004990526306
85479ef37b5dc75dd5aeca3bab499129b97a134dac5d740d2c68941de9d63031,1f33077bb2db73fd76a51e40e43f20173e3f038dd3f3705551751cf7724c3c40,856810.9883339405,10.948,7200.040333940531,59,7200.040333940531,alexnet,2.00001120387237
85479ef37b5dc75dd5aeca3bab499129b97a134dac5d740d2c68941de9d63031,cd9f7f333d59aede8088772edac3bff78c45e2dad8eb498b450b9af511452a36,856973.6766738892,173.636,7200.040673889103,59,7200.040673889103,efficientnet,2.0000112983025287
17c37a0fdd5d1932b755c0e6447137bc08fd524f455e14fdac414f584de08dc5,c9f8e30e36d1aef62c10b3cfca6e289a93848a148d876dd514753040314f4817,756001.2644131184,0.014,7201.250413118396,52,7201.250413118396,resnet50,2.0003473369773324
734272c01926d19690e5ec308bab64ef97950b75b1c7582283e0783fce1751d8,556ccf8758c8c2a20082c161e955405e950439f0503522fe129e709a5dc0e58f,50957.6669960022,540.415,7217.251996002196,3,7217.251996002196,inception,2.004792221111721
734272c01926d19690e5ec308bab64ef97950b75b1c7582283e0783fce1751d8,556ccf8758c8c2a20082c161e955405e950439f0503522fe129e709a5dc0e58f,50556.88788795471,139.635,7217.25288795471,3,7217.25288795471,inception,2.004792468876308
734272c01926d19690e5ec308bab64ef97950b75b1c7582283e0783fce1751d8,556ccf8758c8c2a20082c161e955405e950439f0503522fe129e709a5dc0e58f,50728.57029604912,311.317,7217.253296049115,3,7217.253296049115,inception,2.0047925822358654
734272c01926d19690e5ec308bab64ef97950b75b1c7582283e0783fce1751d8,556ccf8758c8c2a20082c161e955405e950439f0503522fe129e709a5dc0e58f,50443.1433069706,25.89,7217.253306970604,3,7217.253306970604,inception,2.0047925852696125
734272c01926d19690e5ec308bab64ef97950b75b1c7582283e0783fce1751d8,556ccf8758c8c2a20082c161e955405e950439f0503522fe129e709a5dc0e58f,50576.38910603523,159.135,7217.2541060352305,3,7217.2541060352305,inception,2.0047928072320085
734272c01926d19690e5ec308bab64ef97950b75b1c7582283e0783fce1751d8,556ccf8758c8c2a20082c161e955405e950439f0503522fe129e709a5dc0e58f,50607.04327392578,189.789,7217.254273925784,3,7217.254273925784,inception,2.0047928538682735
734272c01926d19690e5ec308bab64ef97950b75b1c7582283e0783fce1751d8,556ccf8758c8c2a20082c161e955405e950439f0503522fe129e709a5dc0e58f,50887.50698590279,470.252,7217.254985902793,3,7217.254985902793,inception,2.004793051639665
734272c01926d19690e5ec308bab64ef97950b75b1c7582283e0783fce1751d8,556ccf8758c8c2a20082c161e955405e950439f0503522fe129e709a5dc0e58f,50899.88655304909,482.631,7217.255553049086,3,7217.255553049086,inception,2.004793209180302
734272c01926d19690e5ec308bab64ef97950b75b1c7582283e0783fce1751d8,556ccf8758c8c2a20082c161e955405e950439f0503522fe129e709a5dc0e58f,50637.890264987946,220.634,7217.256264987947,3,7217.256264987947,inception,2.0047934069410966
734272c01926d19690e5ec308bab64ef97950b75b1c7582283e0783fce1751d8,556ccf8758c8c2a20082c161e955405e950439f0503522fe129e709a5dc0e58f,50780.286819934845,363.03,7217.256819934846,3,7217.256819934846,inception,2.0047935610930128
734272c01926d19690e5ec308bab64ef97950b75b1c7582283e0783fce1751d8,556ccf8758c8c2a20082c161e955405e950439f0503522fe129e709a5dc0e58f,50926.80483007431,509.548,7217.256830074308,3,7217.256830074308,inception,2.00479356390953
734272c01926d19690e5ec308bab64ef97950b75b1c7582283e0783fce1751d8,556ccf8758c8c2a20082c161e955405e950439f0503522fe129e709a5dc0e58f,50781.57631397247,364.319,7217.25731397247,3,7217.25731397247,inception,2.004793698325686
734272c01926d19690e5ec308bab64ef97950b75b1c7582283e0783fce1751d8,556ccf8758c8c2a20082c161e955405e950439f0503522fe129e709a5dc0e58f,50722.762926101685,305.505,7217.257926101687,3,7217.257926101687,inception,2.00479386836158
734272c01926d19690e5ec308bab64ef97950b75b1c7582283e0783fce1751d8,556ccf8758c8c2a20082c161e955405e950439f0503522fe129e709a5dc0e58f,50900.78532409668,483.526,7217.259324096682,3,7217.259324096682,inception,2.004794256693523
734272c01926d19690e5ec308bab64ef97950b75b1c7582283e0783fce1751d8,556ccf8758c8c2a20082c161e955405e950439f0503522fe129e709a5dc0e58f,50900.703697919846,483.444,7217.259697919842,3,7217.259697919842,inception,2.0047943605332894
734272c01926d19690e5ec308bab64ef97950b75b1c7582283e0783fce1751d8,556ccf8758c8c2a20082c161e955405e950439f0503522fe129e709a5dc0e58f,50669.03769803047,251.778,7217.259698030473,3,7217.259698030473,inception,2.0047943605640204
734272c01926d19690e5ec308bab64ef97950b75b1c7582283e0783fce1751d8,313c03f53a0d31f70aec25f62efb33e7dd779725ca4af579018452d1204beaad,50460.15729999542,0.146,7260.011299995422,3,7260.011299995422,googlenet,2.016669805554284
734272c01926d19690e5ec308bab64ef97950b75b1c7582283e0783fce1751d8,313c03f53a0d31f70aec25f62efb33e7dd779725ca4af579018452d1204beaad,50520.20077610016,0.148,7320.052776100158,3,7320.052776100158,googlenet,2.0333479933611547
17c37a0fdd5d1932b755c0e6447137bc08fd524f455e14fdac414f584de08dc5,c9f8e30e36d1aef62c10b3cfca6e289a93848a148d876dd514753040314f4817,756121.452516079,0.013,7321.439516078914,52,7321.439516078914,resnet50,2.0337331989108094
85479ef37b5dc75dd5aeca3bab499129b97a134dac5d740d2c68941de9d63031,cd9f7f333d59aede8088772edac3bff78c45e2dad8eb498b450b9af511452a36,856960.8017780781,32.148,7328.6537780780345,59,7328.6537780780345,efficientnet,2.0357371605772316
734272c01926d19690e5ec308bab64ef97950b75b1c7582283e0783fce1751d8,313c03f53a0d31f70aec25f62efb33e7dd779725ca4af579018452d1204beaad,50580.14962410927,0.152,7379.997624109266,3,7379.997624109266,googlenet,2.0499993400303516
341a2b2b3affc84b61502aa373df22557db55c7c304014b3ac84499247374f43,762835950e81a11cd04cedcb05275dc111c651625d575077fce49f82170e0986,756202.2606949806,2.451,7399.80969498062,52,7399.80969498062,distilgpt2,2.0555026930501725
734272c01926d19690e5ec308bab64ef97950b75b1c7582283e0783fce1751d8,313c03f53a0d31f70aec25f62efb33e7dd779725ca4af579018452d1204beaad,50640.14166903496,0.136,7440.005669034959,3,7440.005669034959,googlenet,2.0666682413985997
341a2b2b3affc84b61502aa373df22557db55c7c304014b3ac84499247374f43,762835950e81a11cd04cedcb05275dc111c651625d575077fce49f82170e0986,756243.196794033,1.944,7441.252794033033,52,7441.252794033033,distilgpt2,2.0670146650091756
17c37a0fdd5d1932b755c0e6447137bc08fd524f455e14fdac414f584de08dc5,c9f8e30e36d1aef62c10b3cfca6e289a93848a148d876dd514753040314f4817,756241.3646440506,0.017,7441.347644050606,52,7441.347644050606,resnet50,2.0670410122362792
341a2b2b3affc84b61502aa373df22557db55c7c304014b3ac84499247374f43,762835950e81a11cd04cedcb05275dc111c651625d575077fce49f82170e0986,756244.0365300179,0.311,7443.725530017866,52,7443.725530017866,distilgpt2,2.0677015361160738
734272c01926d19690e5ec308bab64ef97950b75b1c7582283e0783fce1751d8,313c03f53a0d31f70aec25f62efb33e7dd779725ca4af579018452d1204beaad,50700.1359128952,0.138,7499.997912895204,3,7499.997912895204,googlenet,2.083332753582001
85479ef37b5dc75dd5aeca3bab499129b97a134dac5d740d2c68941de9d63031,1f33077bb2db73fd76a51e40e43f20173e3f038dd3f3705551751cf7724c3c40,857120.8117229939,20.616,7500.1957229938125,59,7500.1957229938125,alexnet,2.0833877008316146
85479ef37b5dc75dd5aeca3bab499129b97a134dac5d740d2c68941de9d63031,cd9f7f333d59aede8088772edac3bff78c45e2dad8eb498b450b9af511452a36,857177.1479570866,76.952,7500.195957086515,59,7500.195957086515,efficientnet,2.083387765857365
734272c01926d19690e5ec308bab64ef97950b75b1c7582283e0783fce1751d8,313c03f53a0d31f70aec25f62efb33e7dd779725ca4af579018452d1204beaad,50760.142208099365,0.137,7560.005208099363,3,7560.005208099363,googlenet,2.1000014466942676
17c37a0fdd5d1932b755c0e6447137bc08fd524f455e14fdac414f584de08dc5,c9f8e30e36d1aef62c10b3cfca6e289a93848a148d876dd514753040314f4817,756361.6820960045,0.018,7561.664096004446,52,7561.664096004446,resnet50,2.100462248890124
734272c01926d19690e5ec308bab64ef97950b75b1c7582283e0783fce1751d8,313c03f53a0d31f70aec25f62efb33e7dd779725ca4af579018452d1204beaad,50820.13964700699,0.127,7620.012647006988,3,7620.012647006988,googlenet,2.116670179724163
734272c01926d19690e5ec308bab64ef97950b75b1c7582283e0783fce1751d8,313c03f53a0d31f70aec25f62efb33e7dd779725ca4af579018452d1204beaad,50880.26886510849,0.254,7680.014865108489,3,7680.014865108489,googlenet,2.133337462530136
17c37a0fdd5d1932b755c0e6447137bc08fd524f455e14fdac414f584de08dc5,c9f8e30e36d1aef62c10b3cfca6e289a93848a148d876dd514753040314f4817,756481.459813118,0.017,7681.442813117988,52,7681.442813117988,resnet50,2.1337341147549966
734272c01926d19690e5ec308bab64ef97950b75b1c7582283e0783fce1751d8,313c03f53a0d31f70aec25f62efb33e7dd779725ca4af579018452d1204beaad,50940.13032388687,0.135,7739.995323886869,3,7739.995323886869,googlenet,2.149998701079686
341a2b2b3affc84b61502aa373df22557db55c7c304014b3ac84499247374f43,762835950e81a11cd04cedcb05275dc111c651625d575077fce49f82170e0986,756600.5594859123,60.331,7740.228485912317,52,7740.228485912317,distilgpt2,2.150063468308977
734272c01926d19690e5ec308bab64ef97950b75b1c7582283e0783fce1751d8,313c03f53a0d31f70aec25f62efb33e7dd779725ca4af579018452d1204beaad,51000.14573311806,0.137,7800.008733118055,3,7800.008733118055,googlenet,2.166669092532793
85479ef37b5dc75dd5aeca3bab499129b97a134dac5d740d2c68941de9d63031,cd9f7f333d59aede8088772edac3bff78c45e2dad8eb498b450b9af511452a36,857467.2303440571,67.209,7800.0213440570515,59,7800.0213440570515,efficientnet,2.166672595571403
85479ef37b5dc75dd5aeca3bab499129b97a134dac5d740d2c68941de9d63031,1f33077bb2db73fd76a51e40e43f20173e3f038dd3f3705551751cf7724c3c40,857417.7086849213,17.687,7800.02168492123,59,7800.02168492123,alexnet,2.1666726902558975
17c37a0fdd5d1932b755c0e6447137bc08fd524f455e14fdac414f584de08dc5,c9f8e30e36d1aef62c10b3cfca6e289a93848a148d876dd514753040314f4817,756601.4877490997,0.015,7801.4727490997175,52,7801.4727490997175,resnet50,2.1670757636388105
341a2b2b3affc84b61502aa373df22557db55c7c304014b3ac84499247374f43,762835950e81a11cd04cedcb05275dc111c651625d575077fce49f82170e0986,756604.641078949,0.302,7804.3390789489495,52,7804.3390789489495,distilgpt2,2.167871966374708
341a2b2b3affc84b61502aa373df22557db55c7c304014b3ac84499247374f43,762835950e81a11cd04cedcb05275dc111c651625d575077fce49f82170e0986,756611.5064649582,0.18,7811.32646495814,52,7811.32646495814,distilgpt2,2.1698129069328167
341a2b2b3affc84b61502aa373df22557db55c7c304014b3ac84499247374f43,762835950e81a11cd04cedcb05275dc111c651625d575077fce49f82170e0986,756617.1824200153,0.207,7816.975420015282,52,7816.975420015282,distilgpt2,2.1713820611153563
341a2b2b3affc84b61502aa373df22557db55c7c304014b3ac84499247374f43,762835950e81a11cd04cedcb05275dc111c651625d575077fce49f82170e0986,756650.6935079098,0.207,7850.486507909722,52,7850.486507909722,distilgpt2,2.1806906966415895
341a2b2b3affc84b61502aa373df22557db55c7c304014b3ac84499247374f43,762835950e81a11cd04cedcb05275dc111c651625d575077fce49f82170e0986,756652.9782550335,0.158,7852.820255033439,52,7852.820255033439,distilgpt2,2.181338959731511
734272c01926d19690e5ec308bab64ef97950b75b1c7582283e0783fce1751d8,313c03f53a0d31f70aec25f62efb33e7dd779725ca4af579018452d1204beaad,51060.12319397926,0.123,7860.000193979264,3,7860.000193979264,googlenet,2.183333387216462
341a2b2b3affc84b61502aa373df22557db55c7c304014b3ac84499247374f43,762835950e81a11cd04cedcb05275dc111c651625d575077fce49f82170e0986,756680.9319610596,1.758,7879.17396105954,52,7879.17396105954,distilgpt2,2.1886594336276497
734272c01926d19690e5ec308bab64ef97950b75b1c7582283e0783fce1751d8,313c03f53a0d31f70aec25f62efb33e7dd779725ca4af579018452d1204beaad,51120.18734788895,0.191,7919.996347888948,3,7919.996347888948,googlenet,2.1999989855247075
17c37a0fdd5d1932b755c0e6447137bc08fd524f455e14fdac414f584de08dc5,c9f8e30e36d1aef62c10b3cfca6e289a93848a148d876dd514753040314f4817,756721.3191919327,0.018,7921.301191932638,52,7921.301191932638,resnet50,2.2003614422035107
341a2b2b3affc84b61502aa373df22557db55c7c304014b3ac84499247374f43,762835950e81a11cd04cedcb05275dc111c651625d575077fce49f82170e0986,756750.0613179207,0.24,7949.821317920694,52,7949.821317920694,distilgpt2,2.208283699422415
341a2b2b3affc84b61502aa373df22557db55c7c304014b3ac84499247374f43,762835950e81a11cd04cedcb05275dc111c651625d575077fce49f82170e0986,756751.5503270626,0.182,7951.368327062577,52,7951.368327062577,distilgpt2,2.208713424184049
734272c01926d19690e5ec308bab64ef97950b75b1c7582283e0783fce1751d8,313c03f53a0d31f70aec25f62efb33e7dd779725ca4af579018452d1204beaad,51180.15065789223,0.135,7980.015657892225,3,7980.015657892225,googlenet,2.2166710160811736
341a2b2b3affc84b61502aa373df22557db55c7c304014b3ac84499247374f43,762835950e81a11cd04cedcb05275dc111c651625d575077fce49f82170e0986,756785.7088170052,0.069,7985.63981700514,52,7985.63981700514,distilgpt2,2.2182332825014277
341a2b2b3affc84b61502aa373df22557db55c7c304014b3ac84499247374f43,762835950e81a11cd04cedcb05275dc111c651625d575077fce49f82170e0986,756796.4990320206,0.175,7996.324032020522,52,7996.324032020522,distilgpt2,2.2212011200057007
341a2b2b3affc84b61502aa373df22557db55c7c304014b3ac84499247374f43,762835950e81a11cd04cedcb05275dc111c651625d575077fce49f82170e0986,756796.6953589916,0.166,7996.529358991655,52,7996.529358991655,distilgpt2,2.22125815527546
341a2b2b3affc84b61502aa373df22557db55c7c304014b3ac84499247374f43,762835950e81a11cd04cedcb05275dc111c651625d575077fce49f82170e0986,756814.8558459282,0.176,8014.6798459282145,52,8014.6798459282145,distilgpt2,2.226299957202282
341a2b2b3affc84b61502aa373df22557db55c7c304014b3ac84499247374f43,762835950e81a11cd04cedcb05275dc111c651625d575077fce49f82170e0986,756816.7859940529,0.188,8016.597994052921,52,8016.597994052921,distilgpt2,2.2268327761258115
341a2b2b3affc84b61502aa373df22557db55c7c304014b3ac84499247374f43,762835950e81a11cd04cedcb05275dc111c651625d575077fce49f82170e0986,756821.8585290909,0.233,8021.625529090874,52,8021.625529090874,distilgpt2,2.228229313636354
341a2b2b3affc84b61502aa373df22557db55c7c304014b3ac84499247374f43,762835950e81a11cd04cedcb05275dc111c651625d575077fce49f82170e0986,756825.2043399811,0.248,8024.956339981058,52,8024.956339981058,distilgpt2,2.229154538883627
341a2b2b3affc84b61502aa373df22557db55c7c304014b3ac84499247374f43,762835950e81a11cd04cedcb05275dc111c651625d575077fce49f82170e0986,756833.7107210159,0.157,8033.553721015924,52,8033.553721015924,distilgpt2,2.231542700282201
341a2b2b3affc84b61502aa373df22557db55c7c304014b3ac84499247374f43,762835950e81a11cd04cedcb05275dc111c651625d575077fce49f82170e0986,756836.5749599934,0.162,8036.412959993351,52,8036.412959993351,distilgpt2,2.2323369333314864
734272c01926d19690e5ec308bab64ef97950b75b1c7582283e0783fce1751d8,313c03f53a0d31f70aec25f62efb33e7dd779725ca4af579018452d1204beaad,51240.146956920624,0.131,8040.015956920623,3,8040.015956920623,googlenet,2.233337765811284
17c37a0fdd5d1932b755c0e6447137bc08fd524f455e14fdac414f584de08dc5,c9f8e30e36d1aef62c10b3cfca6e289a93848a148d876dd514753040314f4817,756842.204873085,0.017,8042.187873085029,52,8042.187873085029,resnet50,2.2339410758569525
341a2b2b3affc84b61502aa373df22557db55c7c304014b3ac84499247374f43,762835950e81a11cd04cedcb05275dc111c651625d575077fce49f82170e0986,756845.342468977,0.167,8045.175468976959,52,8045.175468976959,distilgpt2,2.234770963604711
341a2b2b3affc84b61502aa373df22557db55c7c304014b3ac84499247374f43,762835950e81a11cd04cedcb05275dc111c651625d575077fce49f82170e0986,756846.7548959255,0.381,8046.37389592547,52,8046.37389592547,distilgpt2,2.235103859979297
341a2b2b3affc84b61502aa373df22557db55c7c304014b3ac84499247374f43,762835950e81a11cd04cedcb05275dc111c651625d575077fce49f82170e0986,756847.3993320465,0.15,8047.2493320464855,52,8047.2493320464855,distilgpt2,2.2353470366795793
341a2b2b3affc84b61502aa373df22557db55c7c304014b3ac84499247374f43,762835950e81a11cd04cedcb05275dc111c651625d575077fce49f82170e0986,756851.747838974,0.158,8051.589838973945,52,8051.589838973945,distilgpt2,2.236552733048318
341a2b2b3affc84b61502aa373df22557db55c7c304014b3ac84499247374f43,762835950e81a11cd04cedcb05275dc111c651625d575077fce49f82170e0986,756853.9469978809,0.814,8053.132997880923,52,8053.132997880923,distilgpt2,2.2369813883002565
341a2b2b3affc84b61502aa373df22557db55c7c304014b3ac84499247374f43,762835950e81a11cd04cedcb05275dc111c651625d575077fce49f82170e0986,756916.0911641121,60.368,8055.723164112074,52,8055.723164112074,distilgpt2,2.2377008789200206
734272c01926d19690e5ec308bab64ef97950b75b1c7582283e0783fce1751d8,313c03f53a0d31f70aec25f62efb33e7dd779725ca4af579018452d1204beaad,51300.135399103165,0.132,8100.003399103167,3,8100.003399103167,googlenet,2.250000944195324
85479ef37b5dc75dd5aeca3bab499129b97a134dac5d740d2c68941de9d63031,cd9f7f333d59aede8088772edac3bff78c45e2dad8eb498b450b9af511452a36,857765.6194651127,65.603,8100.016465112683,59,8100.016465112683,efficientnet,2.250004573642412
85479ef37b5dc75dd5aeca3bab499129b97a134dac5d740d2c68941de9d63031,1f33077bb2db73fd76a51e40e43f20173e3f038dd3f3705551751cf7724c3c40,857717.6698260307,17.653,8100.016826030682,59,8100.016826030682,alexnet,2.2500046738974118
341a2b2b3affc84b61502aa373df22557db55c7c304014b3ac84499247374f43,762835950e81a11cd04cedcb05275dc111c651625d575077fce49f82170e0986,756921.7027618885,0.16,8121.542761888471,52,8121.542761888471,distilgpt2,2.2559841005245755
341a2b2b3affc84b61502aa373df22557db55c7c304014b3ac84499247374f43,762835950e81a11cd04cedcb05275dc111c651625d575077fce49f82170e0986,756929.7506420612,0.168,8129.582642061287,52,8129.582642061287,distilgpt2,2.2582174005725797
341a2b2b3affc84b61502aa373df22557db55c7c304014b3ac84499247374f43,762835950e81a11cd04cedcb05275dc111c651625d575077fce49f82170e0986,756930.4647660255,0.256,8130.208766025491,52,8130.208766025491,distilgpt2,2.2583913238959696
734272c01926d19690e5ec308bab64ef97950b75b1c7582283e0783fce1751d8,313c03f53a0d31f70aec25f62efb33e7dd779725ca4af579018452d1204beaad,51360.212460041046,0.201,8160.011460041045,3,8160.011460041045,googlenet,2.2666698500114015
17c37a0fdd5d1932b755c0e6447137bc08fd524f455e14fdac414f584de08dc5,c9f8e30e36d1aef62c10b3cfca6e289a93848a148d876dd514753040314f4817,756961.292030096,0.018,8161.274030096014,52,8161.274030096014,resnet50,2.2670205639155596
734272c01926d19690e5ec308bab64ef97950b75b1c7582283e0783fce1751d8,313c03f53a0d31f70aec25f62efb33e7dd779725ca4af579018452d1204beaad,51420.14262509346,0.128,8220.014625093463,3,8220.014625093463,googlenet,2.2833373958592955
341a2b2b3affc84b61502aa373df22557db55c7c304014b3ac84499247374f43,762835950e81a11cd04cedcb05275dc111c651625d575077fce49f82170e0986,757057.2676889896,2.1,8255.167688989663,52,8255.167688989663,distilgpt2,2.2931021358304617
734272c01926d19690e5ec308bab64ef97950b75b1c7582283e0783fce1751d8,313c03f53a0d31f70aec25f62efb33e7dd779725ca4af579018452d1204beaad,51480.14441895485,0.125,8280.01941895485,3,8280.01941895485,googlenet,2.300005394154125
17c37a0fdd5d1932b755c0e6447137bc08fd524f455e14fdac414f584de08dc5,c9f8e30e36d1aef62c10b3cfca6e289a93848a148d876dd514753040314f4817,757081.280944109,0.018,8281.262944108923,52,8281.262944108923,resnet50,2.300350817808034
341a2b2b3affc84b61502aa373df22557db55c7c304014b3ac84499247374f43,762835950e81a11cd04cedcb05275dc111c651625d575077fce49f82170e0986,757188.1212201118,60.377,8327.744220111868,52,8327.744220111868,distilgpt2,2.313262283364408
734272c01926d19690e5ec308bab64ef97950b75b1c7582283e0783fce1751d8,313c03f53a0d31f70aec25f62efb33e7dd779725ca4af579018452d1204beaad,51540.21351194382,0.206,8340.007511943819,3,8340.007511943819,googlenet,2.3166687533177273
734272c01926d19690e5ec308bab64ef97950b75b1c7582283e0783fce1751d8,313c03f53a0d31f70aec25f62efb33e7dd779725ca4af579018452d1204beaad,51600.13343405724,0.136,8399.997434057244,3,8399.997434057244,googlenet,2.333332620571457
85479ef37b5dc75dd5aeca3bab499129b97a134dac5d740d2c68941de9d63031,cd9f7f333d59aede8088772edac3bff78c45e2dad8eb498b450b9af511452a36,858072.210860014,72.181,8400.02986001398,59,8400.02986001398,efficientnet,2.3333416277816608
85479ef37b5dc75dd5aeca3bab499129b97a134dac5d740d2c68941de9d63031,1f33077bb2db73fd76a51e40e43f20173e3f038dd3f3705551751cf7724c3c40,858019.2983880043,19.268,8400.030388004263,59,8400.030388004263,alexnet,2.3333417744456284
17c37a0fdd5d1932b755c0e6447137bc08fd524f455e14fdac414f584de08dc5,c9f8e30e36d1aef62c10b3cfca6e289a93848a148d876dd514753040314f4817,757201.7223660946,0.014,8401.708366094623,52,8401.708366094623,resnet50,2.3338078794707284
341a2b2b3affc84b61502aa373df22557db55c7c304014b3ac84499247374f43,762835950e81a11cd04cedcb05275dc111c651625d575077fce49f82170e0986,757227.5900850296,0.237,8427.353085029637,52,8427.353085029637,distilgpt2,2.340931412508233
341a2b2b3affc84b61502aa373df22557db55c7c304014b3ac84499247374f43,762835950e81a11cd04cedcb05275dc111c651625d575077fce49f82170e0986,757229.6741859913,0.626,8429.04818599124,52,8429.04818599124,distilgpt2,2.3414022738864553
341a2b2b3affc84b61502aa373df22557db55c7c304014b3ac84499247374f43,762835950e81a11cd04cedcb05275dc111c651625d575077fce49f82170e0986,757242.9395349026,0.524,8442.415534902597,52,8442.415534902597,distilgpt2,2.3451154263618323
734272c01926d19690e5ec308bab64ef97950b75b1c7582283e0783fce1751d8,313c03f53a0d31f70aec25f62efb33e7dd779725ca4af579018452d1204beaad,51660.13326096535,0.139,8459.994260965344,3,8459.994260965344,googlenet,2.349998405823707
341a2b2b3affc84b61502aa373df22557db55c7c304014b3ac84499247374f43,762835950e81a11cd04cedcb05275dc111c651625d575077fce49f82170e0986,757269.565128088,2.131,8467.434128087945,52,8467.434128087945,distilgpt2,2.352065035579985
341a2b2b3affc84b61502aa373df22557db55c7c304014b3ac84499247374f43,762835950e81a11cd04cedcb05275dc111c651625d575077fce49f82170e0986,757276.0142900944,0.238,8475.776290094364,52,8475.776290094364,distilgpt2,2.35438230280399
341a2b2b3affc84b61502aa373df22557db55c7c304014b3ac84499247374f43,762835950e81a11cd04cedcb05275dc111c651625d575077fce49f82170e0986,757283.2882668972,0.206,8483.082266897196,52,8483.082266897196,distilgpt2,2.3564117408047767
341a2b2b3affc84b61502aa373df22557db55c7c304014b3ac84499247374f43,762835950e81a11cd04cedcb05275dc111c651625d575077fce49f82170e0986,757284.2829239368,0.266,8484.016923936899,52,8484.016923936899,distilgpt2,2.3566713677602498
341a2b2b3affc84b61502aa373df22557db55c7c304014b3ac84499247374f43,762835950e81a11cd04cedcb05275dc111c651625d575077fce49f82170e0986,757289.9534890652,0.39,8489.563489065156,52,8489.563489065156,distilgpt2,2.3582120802958766
341a2b2b3affc84b61502aa373df22557db55c7c304014b3ac84499247374f43,762835950e81a11cd04cedcb05275dc111c651625d575077fce49f82170e0986,757292.6547589302,0.218,8492.436758930213,52,8492.436758930213,distilgpt2,2.359010210813948
341a2b2b3affc84b61502aa373df22557db55c7c304014b3ac84499247374f43,762835950e81a11cd04cedcb05275dc111c651625d575077fce49f82170e0986,757294.320430994,0.226,8494.09443099401,52,8494.09443099401,distilgpt2,2.3594706752761136
341a2b2b3affc84b61502aa373df22557db55c7c304014b3ac84499247374f43,762835950e81a11cd04cedcb05275dc111c651625d575077fce49f82170e0986,757296.9916820526,0.212,8496.779682052555,52,8496.779682052555,distilgpt2,2.3602165783479316
341a2b2b3affc84b61502aa373df22557db55c7c304014b3ac84499247374f43,762835950e81a11cd04cedcb05275dc111c651625d575077fce49f82170e0986,757316.6887359619,0.189,8516.499735961901,52,8516.499735961901,distilgpt2,2.365694371100528
341a2b2b3affc84b61502aa373df22557db55c7c304014b3ac84499247374f43,762835950e81a11cd04cedcb05275dc111c651625d575077fce49f82170e0986,757317.9148430824,0.252,8517.66284308245,52,8517.66284308245,distilgpt2,2.3660174564117913
734272c01926d19690e5ec308bab64ef97950b75b1c7582283e0783fce1751d8,313c03f53a0d31f70aec25f62efb33e7dd779725ca4af579018452d1204beaad,51720.22835588455,0.221,8520.007355884554,3,8520.007355884554,googlenet,2.3666687099679318
17c37a0fdd5d1932b755c0e6447137bc08fd524f455e14fdac414f584de08dc5,c9f8e30e36d1aef62c10b3cfca6e289a93848a148d876dd514753040314f4817,757321.3190910816,0.019,8521.300091081648,52,8521.300091081648,resnet50,2.3670278030782357
341a2b2b3affc84b61502aa373df22557db55c7c304014b3ac84499247374f43,762835950e81a11cd04cedcb05275dc111c651625d575077fce49f82170e0986,757323.3522388935,0.913,8522.439238893567,52,8522.439238893567,distilgpt2,2.3673442330259906
341a2b2b3affc84b61502aa373df22557db55c7c304014b3ac84499247374f43,762835950e81a11cd04cedcb05275dc111c651625d575077fce49f82170e0986,757324.2235910892,0.222,8524.001591089298,52,8524.001591089298,distilgpt2,2.367778219747027
341a2b2b3affc84b61502aa373df22557db55c7c304014b3ac84499247374f43,762835950e81a11cd04cedcb05275dc111c651625d575077fce49f82170e0986,757335.9321229458,0.198,8535.73412294581,52,8535.73412294581,distilgpt2,2.371037256373836
341a2b2b3affc84b61502aa373df22557db55c7c304014b3ac84499247374f43,762835950e81a11cd04cedcb05275dc111c651625d575077fce49f82170e0986,757336.3141829967,0.169,8536.145182996755,52,8536.145182996755,distilgpt2,2.371151439721321
341a2b2b3affc84b61502aa373df22557db55c7c304014b3ac84499247374f43,762835950e81a11cd04cedcb05275dc111c651625d575077fce49f82170e0986,757338.0480060577,0.254,8537.794006057782,52,8537.794006057782,distilgpt2,2.3716094461271617
341a2b2b3affc84b61502aa373df22557db55c7c304014b3ac84499247374f43,762835950e81a11cd04cedcb05275dc111c651625d575077fce49f82170e0986,757339.5447850227,0.251,8539.293785022688,52,8539.293785022688,distilgpt2,2.372026051395191
341a2b2b3affc84b61502aa373df22557db55c7c304014b3ac84499247374f43,762835950e81a11cd04cedcb05275dc111c651625d575077fce49f82170e0986,757340.394288063,0.235,8540.159288063063,52,8540.159288063063,distilgpt2,2.3722664689064064
341a2b2b3affc84b61502aa373df22557db55c7c304014b3ac84499247374f43,762835950e81a11cd04cedcb05275dc111c651625d575077fce49f82170e0986,757345.1672720909,0.249,8544.91827209096,52,8544.91827209096,distilgpt2,2.3735884089141552
341a2b2b3affc84b61502aa373df22557db55c7c304014b3ac84499247374f43,762835950e81a11cd04cedcb05275dc111c651625d575077fce49f82170e0986,757345.8333859444,0.077,8545.756385944318,52,8545.756385944318,distilgpt2,2.373821218317866
341a2b2b3affc84b61502aa373df22557db55c7c304014b3ac84499247374f43,762835950e81a11cd04cedcb05275dc111c651625d575077fce49f82170e0986,757347.8937129974,0.166,8547.727712997468,52,8547.727712997468,distilgpt2,2.3743688091659636
341a2b2b3affc84b61502aa373df22557db55c7c304014b3ac84499247374f43,762835950e81a11cd04cedcb05275dc111c651625d575077fce49f82170e0986,757356.3560900688,0.058,8556.298090068856,52,8556.298090068856,distilgpt2,2.3767494694635714
341a2b2b3affc84b61502aa373df22557db55c7c304014b3ac84499247374f43,762835950e81a11cd04cedcb05275dc111c651625d575077fce49f82170e0986,757357.3749029636,0.157,8557.217902963632,52,8557.217902963632,distilgpt2,2.3770049730454534
341a2b2b3affc84b61502aa373df22557db55c7c304014b3ac84499247374f43,762835950e81a11cd04cedcb05275dc111c651625d575077fce49f82170e0986,757370.995568037,0.184,8570.811568037025,52,8570.811568037025,distilgpt2,2.3807809911213957
341a2b2b3affc84b61502aa373df22557db55c7c304014b3ac84499247374f43,762835950e81a11cd04cedcb05275dc111c651625d575077fce49f82170e0986,757372.1501660347,0.205,8571.94516603474,52,8571.94516603474,distilgpt2,2.3810958794540946
734272c01926d19690e5ec308bab64ef97950b75b1c7582283e0783fce1751d8,313c03f53a0d31f70aec25f62efb33e7dd779725ca4af579018452d1204beaad,51780.133982896805,0.14,8579.993982896805,3,8579.993982896805,googlenet,2.383331661915779
341a2b2b3affc84b61502aa373df22557db55c7c304014b3ac84499247374f43,762835950e81a11cd04cedcb05275dc111c651625d575077fce49f82170e0986,757402.5485019684,0.189,8602.35950196837,52,8602.35950196837,distilgpt2,2.389544306102325
341a2b2b3affc84b61502aa373df22557db55c7c304014b3ac84499247374f43,762835950e81a11cd04cedcb05275dc111c651625d575077fce49f82170e0986,757402.9102950096,0.217,8602.693295009667,52,8602.693295009667,distilgpt2,2.3896370263915743
341a2b2b3affc84b61502aa373df22557db55c7c304014b3ac84499247374f43,762835950e81a11cd04cedcb05275dc111c651625d575077fce49f82170e0986,757406.4181549549,0.178,8606.240154954954,52,8606.240154954954,distilgpt2,2.390622265265265
734272c01926d19690e5ec308bab64ef97950b75b1c7582283e0783fce1751d8,313c03f53a0d31f70aec25f62efb33e7dd779725ca4af579018452d1204beaad,51840.14725589752,0.143,8640.004255897526,3,8640.004255897526,googlenet,2.400001182193757
17c37a0fdd5d1932b755c0e6447137bc08fd524f455e14fdac414f584de08dc5,c9f8e30e36d1aef62c10b3cfca6e289a93848a148d876dd514753040314f4817,757441.3236920834,0.013,8641.310692083323,52,8641.310692083323,resnet50,2.4003640811342564
341a2b2b3affc84b61502aa373df22557db55c7c304014b3ac84499247374f43,762835950e81a11cd04cedcb05275dc111c651625d575077fce49f82170e0986,757491.2387468815,0.26,8690.978746881476,52,8690.978746881476,distilgpt2,2.414160763022632
341a2b2b3affc84b61502aa373df22557db55c7c304014b3ac84499247374f43,762835950e81a11cd04cedcb05275dc111c651625d575077fce49f82170e0986,757492.0162270069,0.188,8691.828227006947,52,8691.828227006947,distilgpt2,2.4143967297241518
734272c01926d19690e5ec308bab64ef97950b75b1c7582283e0783fce1751d8,313c03f53a0d31f70aec25f62efb33e7dd779725ca4af579018452d1204beaad,51900.211179971695,0.199,8700.012179971694,3,8700.012179971694,googlenet,2.4166700499921374
85479ef37b5dc75dd5aeca3bab499129b97a134dac5d740d2c68941de9d63031,cd9f7f333d59aede8088772edac3bff78c45e2dad8eb498b450b9af511452a36,858382.2378089428,82.221,8700.016808942775,59,8700.016808942775,efficientnet,2.4166713358174374
85479ef37b5dc75dd5aeca3bab499129b97a134dac5d740d2c68941de9d63031,1f33077bb2db73fd76a51e40e43f20173e3f038dd3f3705551751cf7724c3c40,858318.0052120686,17.988,8700.017212068546,59,8700.017212068546,alexnet,2.4166714477968183
734272c01926d19690e5ec308bab64ef97950b75b1c7582283e0783fce1751d8,313c03f53a0d31f70aec25f62efb33e7dd779725ca4af579018452d1204beaad,51960.14977002144,0.134,8760.01577002144,3,8760.01577002144,googlenet,2.4333377138948444
17c37a0fdd5d1932b755c0e6447137bc08fd524f455e14fdac414f584de08dc5,c9f8e30e36d1aef62c10b3cfca6e289a93848a148d876dd514753040314f4817,757561.4575920105,0.016,8761.441592010553,52,8761.441592010553,resnet50,2.433733775558487
341a2b2b3affc84b61502aa373df22557db55c7c304014b3ac84499247374f43,762835950e81a11cd04cedcb05275dc111c651625d575077fce49f82170e0986,757563.8351159096,0.24,8763.595115909586,52,8763.595115909586,distilgpt2,2.4343319766415514
341a2b2b3affc84b61502aa373df22557db55c7c304014b3ac84499247374f43,762835950e81a11cd04cedcb05275dc111c651625d575077fce49f82170e0986,757571.7064299583,0.528,8771.178429958294,52,8771.178429958294,distilgpt2,2.436438452766193
341a2b2b3affc84b61502aa373df22557db55c7c304014b3ac84499247374f43,762835950e81a11cd04cedcb05275dc111c651625d575077fce49f82170e0986,757576.586190939,0.392,8776.194190938957,52,8776.194190938957,distilgpt2,2.4378317197052657
341a2b2b3affc84b61502aa373df22557db55c7c304014b3ac84499247374f43,762835950e81a11cd04cedcb05275dc111c651625d575077fce49f82170e0986,757580.1435260773,0.205,8779.938526077312,52,8779.938526077312,distilgpt2,2.4388718127992535
341a2b2b3affc84b61502aa373df22557db55c7c304014b3ac84499247374f43,762835950e81a11cd04cedcb05275dc111c651625d575077fce49f82170e0986,757582.9724431038,0.204,8782.768443103763,52,8782.768443103763,distilgpt2,2.4396579008621564
341a2b2b3affc84b61502aa373df22557db55c7c304014b3ac84499247374f43,762835950e81a11cd04cedcb05275dc111c651625d575077fce49f82170e0986,757584.800246954,0.255,8784.54524695396,52,8784.54524695396,distilgpt2,2.440151457487211
341a2b2b3affc84b61502aa373df22557db55c7c304014b3ac84499247374f43,762835950e81a11cd04cedcb05275dc111c651625d575077fce49f82170e0986,757589.5666100979,0.227,8789.33961009793,52,8789.33961009793,distilgpt2,2.441483225027203
734272c01926d19690e5ec308bab64ef97950b75b1c7582283e0783fce1751d8,313c03f53a0d31f70aec25f62efb33e7dd779725ca4af579018452d1204beaad,52020.1542069912,0.13,8820.024206991206,3,8820.024206991206,googlenet,2.450006724164224
341a2b2b3affc84b61502aa373df22557db55c7c304014b3ac84499247374f43,762835950e81a11cd04cedcb05275dc111c651625d575077fce49f82170e0986,757638.9541339874,0.178,8838.77613398747,52,8838.77613398747,distilgpt2,2.4552155927742976
341a2b2b3affc84b61502aa373df22557db55c7c304014b3ac84499247374f43,762835950e81a11cd04cedcb05275dc111c651625d575077fce49f82170e0986,757640.0849928856,0.202,8839.882992885541,52,8839.882992885541,distilgpt2,2.455523053579317
341a2b2b3affc84b61502aa373df22557db55c7c304014b3ac84499247374f43,762835950e81a11cd04cedcb05275dc111c651625d575077fce49f82170e0986,757640.4108250141,0.241,8840.169825014076,52,8840.169825014076,distilgpt2,2.4556027291705766
341a2b2b3affc84b61502aa373df22557db55c7c304014b3ac84499247374f43,762835950e81a11cd04cedcb05275dc111c651625d575077fce49f82170e0986,757645.5994999409,0.242,8845.357499940903,52,8845.357499940903,distilgpt2,2.457043749983584
341a2b2b3affc84b61502aa373df22557db55c7c304014b3ac84499247374f43,762835950e81a11cd04cedcb05275dc111c651625d575077fce49f82170e0986,757646.0261080265,0.175,8845.851108026458,52,8845.851108026458,distilgpt2,2.4571808633406826
341a2b2b3affc84b61502aa373df22557db55c7c304014b3ac84499247374f43,762835950e81a11cd04cedcb05275dc111c651625d575077fce49f82170e0986,757646.3890841007,0.163,8846.226084100781,52,8846.226084100781,distilgpt2,2.457285023361328
341a2b2b3affc84b61502aa373df22557db55c7c304014b3ac84499247374f43,762835950e81a11cd04cedcb05275dc111c651625d575077fce49f82170e0986,757650.1984379292,0.244,8849.954437929206,52,8849.954437929206,distilgpt2,2.458320677202557
341a2b2b3affc84b61502aa373df22557db55c7c304014b3ac84499247374f43,762835950e81a11cd04cedcb05275dc111c651625d575077fce49f82170e0986,757672.9167180061,0.134,8872.782718006172,52,8872.782718006172,distilgpt2,2.4646618661128255
341a2b2b3affc84b61502aa373df22557db55c7c304014b3ac84499247374f43,762835950e81a11cd04cedcb05275dc111c651625d575077fce49f82170e0986,757677.9982221127,0.306,8877.692222112673,52,8877.692222112673,distilgpt2,2.4660256172535204
341a2b2b3affc84b61502aa373df22557db55c7c304014b3ac84499247374f43,762835950e81a11cd04cedcb05275dc111c651625d575077fce49f82170e0986,757678.4479498863,0.241,8878.206949886284,52,8878.206949886284,distilgpt2,2.4661685971906344
734272c01926d19690e5ec308bab64ef97950b75b1c7582283e0783fce1751d8,313c03f53a0d31f70aec25f62efb33e7dd779725ca4af579018452d1204beaad,52080.22974205017,0.211,8880.018742050168,3,8880.018742050168,googlenet,2.4666718727917134
17c37a0fdd5d1932b755c0e6447137bc08fd524f455e14fdac414f584de08dc5,c9f8e30e36d1aef62c10b3cfca6e289a93848a148d876dd514753040314f4817,757681.2527120113,0.018,8881.234712011297,52,8881.234712011297,resnet50,2.4670096422253605
341a2b2b3affc84b61502aa373df22557db55c7c304014b3ac84499247374f43,762835950e81a11cd04cedcb05275dc111c651625d575077fce49f82170e0986,757682.0145978928,0.181,8881.833597892779,52,8881.833597892779,distilgpt2,2.467175999414661
341a2b2b3affc84b61502aa373df22557db55c7c304014b3ac84499247374f43,762835950e81a11cd04cedcb05275dc111c651625d575077fce49f82170e0986,757684.6252119541,0.243,8884.3822119541,52,8884.3822119541,distilgpt2,2.467883947765028
341a2b2b3affc84b61502aa373df22557db55c7c304014b3ac84499247374f43,762835950e81a11cd04cedcb05275dc111c651625d575077fce49f82170e0986,757694.3056890965,0.202,8894.103689096402,52,8894.103689096402,distilgpt2,2.470584358082334
341a2b2b3affc84b61502aa373df22557db55c7c304014b3ac84499247374f43,762835950e81a11cd04cedcb05275dc111c651625d575077fce49f82170e0986,757710.5758740902,0.198,8910.37787409022,52,8910.37787409022,distilgpt2,2.475104965025061
341a2b2b3affc84b61502aa373df22557db55c7c304014b3ac84499247374f43,762835950e81a11cd04cedcb05275dc111c651625d575077fce49f82170e0986,757731.9107029438,0.239,8931.671702943859,52,8931.671702943859,distilgpt2,2.481019917484405
734272c01926d19690e5ec308bab64ef97950b75b1c7582283e0783fce1751d8,313c03f53a0d31f70aec25f62efb33e7dd779725ca4af579018452d1204beaad,52140.16058301926,0.154,8940.006583019254,3,8940.006583019254,googlenet,2.483335161949793
341a2b2b3affc84b61502aa373df22557db55c7c304014b3ac84499247374f43,762835950e81a11cd04cedcb05275dc111c651625d575077fce49f82170e0986,757818.8714489937,60.345,8958.52644899371,52,8958.52644899371,distilgpt2,2.4884795691649195
734272c01926d19690e5ec308bab64ef97950b75b1c7582283e0783fce1751d8,313c03f53a0d31f70aec25f62efb33e7dd779725ca4af579018452d1204beaad,52200.150008916855,0.137,9000.013008916852,3,9000.013008916852,googlenet,2.5000036135880146
85479ef37b5dc75dd5aeca3bab499129b97a134dac5d740d2c68941de9d63031,cd9f7f333d59aede8088772edac3bff78c45e2dad8eb498b450b9af511452a36,858670.6530249119,70.636,9000.017024911824,59,9000.017024911824,efficientnet,2.5000047291421734
85479ef37b5dc75dd5aeca3bab499129b97a134dac5d740d2c68941de9d63031,1f33077bb2db73fd76a51e40e43f20173e3f038dd3f3705551751cf7724c3c40,858618.3361001015,18.319,9000.017100101453,59,9000.017100101453,alexnet,2.5000047500281815
17c37a0fdd5d1932b755c0e6447137bc08fd524f455e14fdac414f584de08dc5,c9f8e30e36d1aef62c10b3cfca6e289a93848a148d876dd514753040314f4817,757801.2952439785,0.017,9001.278243978508,52,9001.278243978508,resnet50,2.5003550677718076
341a2b2b3affc84b61502aa373df22557db55c7c304014b3ac84499247374f43,762835950e81a11cd04cedcb05275dc111c651625d575077fce49f82170e0986,757822.1476340294,0.195,9021.95263402944,52,9021.95263402944,distilgpt2,2.5060979538970667
341a2b2b3affc84b61502aa373df22557db55c7c304014b3ac84499247374f43,762835950e81a11cd04cedcb05275dc111c651625d575077fce49f82170e0986,757832.9062070847,0.206,9032.70020708465,52,9032.70020708465,distilgpt2,2.5090833908568473
341a2b2b3affc84b61502aa373df22557db55c7c304014b3ac84499247374f43,762835950e81a11cd04cedcb05275dc111c651625d575077fce49f82170e0986,757841.2459599972,0.262,9040.98395999719,52,9040.98395999719,distilgpt2,2.5113844333325526
734272c01926d19690e5ec308bab64ef97950b75b1c7582283e0783fce1751d8,313c03f53a0d31f70aec25f62efb33e7dd779725ca4af579018452d1204beaad,52260.22923898697,0.22,9060.009238986968,3,9060.009238986968,googlenet,2.5166692330519354
341a2b2b3affc84b61502aa373df22557db55c7c304014b3ac84499247374f43,762835950e81a11cd04cedcb05275dc111c651625d575077fce49f82170e0986,757911.8430140018,0.449,9111.394014001824,52,9111.394014001824,distilgpt2,2.5309427816671732
734272c01926d19690e5ec308bab64ef97950b75b1c7582283e0783fce1751d8,313c03f53a0d31f70aec25f62efb33e7dd779725ca4af579018452d1204beaad,52320.15404200554,0.148,9120.006042005538,3,9120.006042005538,googlenet,2.533335011668205
17c37a0fdd5d1932b755c0e6447137bc08fd524f455e14fdac414f584de08dc5,c9f8e30e36d1aef62c10b3cfca6e289a93848a148d876dd514753040314f4817,757921.3269739151,0.013,9121.313973915065,52,9121.313973915065,resnet50,2.533698326087518
734272c01926d19690e5ec308bab64ef97950b75b1c7582283e0783fce1751d8,313c03f53a0d31f70aec25f62efb33e7dd779725ca4af579018452d1204beaad,52380.1636300087,0.144,9180.019630008697,3,9180.019630008697,googlenet,2.550005452780194
734272c01926d19690e5ec308bab64ef97950b75b1c7582283e0783fce1751d8,313c03f53a0d31f70aec25f62efb33e7dd779725ca4af579018452d1204beaad,52440.14329099655,0.13,9240.013290996554,3,9240.013290996554,googlenet,2.566670358610154
17c37a0fdd5d1932b755c0e6447137bc08fd524f455e14fdac414f584de08dc5,c9f8e30e36d1aef62c10b3cfca6e289a93848a148d876dd514753040314f4817,758041.3418159485,0.015,9241.326815948472,52,9241.326815948472,resnet50,2.5670352266523535
734272c01926d19690e5ec308bab64ef97950b75b1c7582283e0783fce1751d8,313c03f53a0d31f70aec25f62efb33e7dd779725ca4af579018452d1204beaad,52500.13442707062,0.121,9300.013427070618,3,9300.013427070618,googlenet,2.583337063075172
85479ef37b5dc75dd5aeca3bab499129b97a134dac5d740d2c68941de9d63031,1f33077bb2db73fd76a51e40e43f20173e3f038dd3f3705551751cf7724c3c40,858916.376791954,16.36,9300.016791954054,59,9300.016791954054,alexnet,2.5833379977650153
85479ef37b5dc75dd5aeca3bab499129b97a134dac5d740d2c68941de9d63031,cd9f7f333d59aede8088772edac3bff78c45e2dad8eb498b450b9af511452a36,858964.8430540562,64.826,9300.017054056167,59,9300.017054056167,efficientnet,2.5833380705711573
734272c01926d19690e5ec308bab64ef97950b75b1c7582283e0783fce1751d8,313c03f53a0d31f70aec25f62efb33e7dd779725ca4af579018452d1204beaad,52560.20915007591,0.203,9360.006150075911,3,9360.006150075911,googlenet,2.60000170835442
17c37a0fdd5d1932b755c0e6447137bc08fd524f455e14fdac414f584de08dc5,c9f8e30e36d1aef62c10b3cfca6e289a93848a148d876dd514753040314f4817,758161.3388900757,0.014,9361.324890075717,52,9361.324890075717,resnet50,2.6003680250210324
734272c01926d19690e5ec308bab64ef97950b75b1c7582283e0783fce1751d8,313c03f53a0d31f70aec25f62efb33e7dd779725ca4af579018452d1204beaad,52620.13874006271,0.131,9420.007740062712,3,9420.007740062712,googlenet,2.616668816684087
734272c01926d19690e5ec308bab64ef97950b75b1c7582283e0783fce1751d8,313c03f53a0d31f70aec25f62efb33e7dd779725ca4af579018452d1204beaad,52680.20827293396,0.206,9480.002272933962,3,9480.002272933962,googlenet,2.633333964703878
17c37a0fdd5d1932b755c0e6447137bc08fd524f455e14fdac414f584de08dc5,c9f8e30e36d1aef62c10b3cfca6e289a93848a148d876dd514753040314f4817,758281.3001270294,0.016,9481.284127029474,52,9481.284127029474,resnet50,2.633690035285965
734272c01926d19690e5ec308bab64ef97950b75b1c7582283e0783fce1751d8,313c03f53a0d31f70aec25f62efb33e7dd779725ca4af579018452d1204beaad,52740.15000605583,0.138,9540.012006055833,3,9540.012006055833,googlenet,2.650003335015509
85479ef37b5dc75dd5aeca3bab499129b97a134dac5d740d2c68941de9d63031,1f33077bb2db73fd76a51e40e43f20173e3f038dd3f3705551751cf7724c3c40,859217.6237130165,17.613,9600.010713016498,59,9600.010713016498,alexnet,2.6666696425045826
85479ef37b5dc75dd5aeca3bab499129b97a134dac5d740d2c68941de9d63031,cd9f7f333d59aede8088772edac3bff78c45e2dad8eb498b450b9af511452a36,859275.5977261066,75.587,9600.010726106586,59,9600.010726106586,efficientnet,2.6666696461407184
734272c01926d19690e5ec308bab64ef97950b75b1c7582283e0783fce1751d8,313c03f53a0d31f70aec25f62efb33e7dd779725ca4af579018452d1204beaad,52800.17576098442,0.161,9600.01476098442,3,9600.01476098442,googlenet,2.666670766940117
17c37a0fdd5d1932b755c0e6447137bc08fd524f455e14fdac414f584de08dc5,c9f8e30e36d1aef62c10b3cfca6e289a93848a148d876dd514753040314f4817,758401.3416690826,0.018,9601.323669082602,52,9601.323669082602,resnet50,2.6670343525229447
734272c01926d19690e5ec308bab64ef97950b75b1c7582283e0783fce1751d8,313c03f53a0d31f70aec25f62efb33e7dd779725ca4af579018452d1204beaad,52860.16840195656,0.167,9660.001401956557,3,9660.001401956557,googlenet,2.68333372276571
734272c01926d19690e5ec308bab64ef97950b75b1c7582283e0783fce1751d8,313c03f53a0d31f70aec25f62efb33e7dd779725ca4af579018452d1204beaad,52920.144610881805,0.137,9720.007610881803,3,9720.007610881803,googlenet,2.700002114133834
17c37a0fdd5d1932b755c0e6447137bc08fd524f455e14fdac414f584de08dc5,c9f8e30e36d1aef62c10b3cfca6e289a93848a148d876dd514753040314f4817,758521.3421759605,0.012,9721.330175960553,52,9721.330175960553,resnet50,2.7003694933223756
734272c01926d19690e5ec308bab64ef97950b75b1c7582283e0783fce1751d8,313c03f53a0d31f70aec25f62efb33e7dd779725ca4af579018452d1204beaad,52980.15289902687,0.138,9780.014899026872,3,9780.014899026872,googlenet,2.716670805285242
341a2b2b3affc84b61502aa373df22557db55c7c304014b3ac84499247374f43,762835950e81a11cd04cedcb05275dc111c651625d575077fce49f82170e0986,758594.4852669239,0.484,9794.00126692385,52,9794.00126692385,distilgpt2,2.7205559074788472
341a2b2b3affc84b61502aa373df22557db55c7c304014b3ac84499247374f43,762835950e81a11cd04cedcb05275dc111c651625d575077fce49f82170e0986,758605.7291069031,0.451,9805.278106903075,52,9805.278106903075,distilgpt2,2.723688363028632
341a2b2b3affc84b61502aa373df22557db55c7c304014b3ac84499247374f43,762835950e81a11cd04cedcb05275dc111c651625d575077fce49f82170e0986,758619.9948909283,0.548,9819.446890928317,52,9819.446890928317,distilgpt2,2.727624136368977
734272c01926d19690e5ec308bab64ef97950b75b1c7582283e0783fce1751d8,313c03f53a0d31f70aec25f62efb33e7dd779725ca4af579018452d1204beaad,53040.17215490341,0.16,9840.012154903408,3,9840.012154903408,googlenet,2.7333367096953913
17c37a0fdd5d1932b755c0e6447137bc08fd524f455e14fdac414f584de08dc5,c9f8e30e36d1aef62c10b3cfca6e289a93848a148d876dd514753040314f4817,758641.7500579357,0.014,9841.736057935748,52,9841.736057935748,resnet50,2.733815571648819
341a2b2b3affc84b61502aa373df22557db55c7c304014b3ac84499247374f43,762835950e81a11cd04cedcb05275dc111c651625d575077fce49f82170e0986,758657.5408449173,0.578,9856.962844917318,52,9856.962844917318,distilgpt2,2.7380452346992548
341a2b2b3affc84b61502aa373df22557db55c7c304014b3ac84499247374f43,762835950e81a11cd04cedcb05275dc111c651625d575077fce49f82170e0986,758660.3127160072,0.372,9859.940716007259,52,9859.940716007259,distilgpt2,2.7388724211131272
341a2b2b3affc84b61502aa373df22557db55c7c304014b3ac84499247374f43,762835950e81a11cd04cedcb05275dc111c651625d575077fce49f82170e0986,758666.9020609856,0.415,9866.487060985528,52,9866.487060985528,distilgpt2,2.740690850273758
341a2b2b3affc84b61502aa373df22557db55c7c304014b3ac84499247374f43,762835950e81a11cd04cedcb05275dc111c651625d575077fce49f82170e0986,758695.3862719536,0.618,9894.768271953566,52,9894.768271953566,distilgpt2,2.748546742209324
341a2b2b3affc84b61502aa373df22557db55c7c304014b3ac84499247374f43,762835950e81a11cd04cedcb05275dc111c651625d575077fce49f82170e0986,758697.9180319309,0.809,9897.109031930915,52,9897.109031930915,distilgpt2,2.749196953314143
734272c01926d19690e5ec308bab64ef97950b75b1c7582283e0783fce1751d8,313c03f53a0d31f70aec25f62efb33e7dd779725ca4af579018452d1204beaad,53100.14378499985,0.142,9900.001784999848,3,9900.001784999848,googlenet,2.750000495833291
85479ef37b5dc75dd5aeca3bab499129b97a134dac5d740d2c68941de9d63031,1f33077bb2db73fd76a51e40e43f20173e3f038dd3f3705551751cf7724c3c40,859519.9193589687,19.896,9900.023358968785,59,9900.023358968785,alexnet,2.7500064886024402
85479ef37b5dc75dd5aeca3bab499129b97a134dac5d740d2c68941de9d63031,cd9f7f333d59aede8088772edac3bff78c45e2dad8eb498b450b9af511452a36,859566.0777549744,66.054,9900.023754974362,59,9900.023754974362,efficientnet,2.7500065986039894
341a2b2b3affc84b61502aa373df22557db55c7c304014b3ac84499247374f43,762835950e81a11cd04cedcb05275dc111c651625d575077fce49f82170e0986,758719.2200291157,0.275,9918.945029115654,52,9918.945029115654,distilgpt2,2.7552625080876814
341a2b2b3affc84b61502aa373df22557db55c7c304014b3ac84499247374f43,762835950e81a11cd04cedcb05275dc111c651625d575077fce49f82170e0986,758736.4074521065,0.322,9936.085452106432,52,9936.085452106432,distilgpt2,2.760023736696231
734272c01926d19690e5ec308bab64ef97950b75b1c7582283e0783fce1751d8,313c03f53a0d31f70aec25f62efb33e7dd779725ca4af579018452d1204beaad,53160.19490599632,0.195,9959.999905996323,3,9959.999905996323,googlenet,2.766666640554534
17c37a0fdd5d1932b755c0e6447137bc08fd524f455e14fdac414f584de08dc5,c9f8e30e36d1aef62c10b3cfca6e289a93848a148d876dd514753040314f4817,758761.374325037,0.013,9961.361325036967,52,9961.361325036967,resnet50,2.7670448125102687
734272c01926d19690e5ec308bab64ef97950b75b1c7582283e0783fce1751d8,313c03f53a0d31f70aec25f62efb33e7dd779725ca4af579018452d1204beaad,53220.155066013336,0.138,10020.017066013337,3,10020.017066013337,googlenet,2.7833380738925935
734272c01926d19690e5ec308bab64ef97950b75b1c7582283e0783fce1751d8,313c03f53a0d31f70aec25f62efb33e7dd779725ca4af579018452d1204beaad,53280.19900107384,0.194,10080.005001073834,3,10080.005001073834,googlenet,2.8000013891871762
17c37a0fdd5d1932b755c0e6447137bc08fd524f455e14fdac414f584de08dc5,c9f8e30e36d1aef62c10b3cfca6e289a93848a148d876dd514753040314f4817,758881.3108639717,0.017,10081.293863971718,52,10081.293863971718,resnet50,2.8003594066588104
734272c01926d19690e5ec308bab64ef97950b75b1c7582283e0783fce1751d8,313c03f53a0d31f70aec25f62efb33e7dd779725ca4af579018452d1204beaad,53340.14962100983,0.138,10140.011621009828,3,10140.011621009828,googlenet,2.816669894724952
734272c01926d19690e5ec308bab64ef97950b75b1c7582283e0783fce1751d8,313c03f53a0d31f70aec25f62efb33e7dd779725ca4af579018452d1204beaad,53400.56372308731,0.555,10200.00872308731,3,10200.00872308731,googlenet,2.833335756413142
85479ef37b5dc75dd5aeca3bab499129b97a134dac5d740d2c68941de9d63031,cd9f7f333d59aede8088772edac3bff78c45e2dad8eb498b450b9af511452a36,859860.2658779621,60.242,10200.023877962143,59,10200.023877962143,efficientnet,2.833339966100595
85479ef37b5dc75dd5aeca3bab499129b97a134dac5d740d2c68941de9d63031,1f33077bb2db73fd76a51e40e43f20173e3f038dd3f3705551751cf7724c3c40,859815.3529570103,15.329,10200.023957010242,59,10200.023957010242,alexnet,2.8333399880584005
17c37a0fdd5d1932b755c0e6447137bc08fd524f455e14fdac414f584de08dc5,c9f8e30e36d1aef62c10b3cfca6e289a93848a148d876dd514753040314f4817,759001.3409280777,0.017,10201.323928077705,52,10201.323928077705,resnet50,2.833701091132696
734272c01926d19690e5ec308bab64ef97950b75b1c7582283e0783fce1751d8,313c03f53a0d31f70aec25f62efb33e7dd779725ca4af579018452d1204beaad,53460.19433808327,0.188,10260.006338083265,3,10260.006338083265,googlenet,2.8500017605786847
734272c01926d19690e5ec308bab64ef97950b75b1c7582283e0783fce1751d8,313c03f53a0d31f70aec25f62efb33e7dd779725ca4af579018452d1204beaad,53520.13167095184,0.129,10320.002670951842,3,10320.002670951842,googlenet,2.866667408597734
17c37a0fdd5d1932b755c0e6447137bc08fd524f455e14fdac414f584de08dc5,c9f8e30e36d1aef62c10b3cfca6e289a93848a148d876dd514753040314f4817,759121.1742210388,0.019,10321.155221038847,52,10321.155221038847,resnet50,2.8669875613996796
734272c01926d19690e5ec308bab64ef97950b75b1c7582283e0783fce1751d8,313c03f53a0d31f70aec25f62efb33e7dd779725ca4af579018452d1204beaad,53580.13055992127,0.126,10380.004559921275,3,10380.004559921275,googlenet,2.883334599978132
734272c01926d19690e5ec308bab64ef97950b75b1c7582283e0783fce1751d8,313c03f53a0d31f70aec25f62efb33e7dd779725ca4af579018452d1204beaad,53640.18686199188,0.185,10440.001861991885,3,10440.001861991885,googlenet,2.900000517219968
17c37a0fdd5d1932b755c0e6447137bc08fd524f455e14fdac414f584de08dc5,c9f8e30e36d1aef62c10b3cfca6e289a93848a148d876dd514753040314f4817,759241.2759718895,0.012,10441.263971889508,52,10441.263971889508,resnet50,2.9003511033026412
734272c01926d19690e5ec308bab64ef97950b75b1c7582283e0783fce1751d8,313c03f53a0d31f70aec25f62efb33e7dd779725ca4af579018452d1204beaad,53700.12863898277,0.117,10500.011638982774,3,10500.011638982774,googlenet,2.916669899717437
85479ef37b5dc75dd5aeca3bab499129b97a134dac5d740d2c68941de9d63031,1f33077bb2db73fd76a51e40e43f20173e3f038dd3f3705551751cf7724c3c40,860115.2798779011,15.261,10500.01887790102,59,10500.01887790102,alexnet,2.9166719105280614
85479ef37b5dc75dd5aeca3bab499129b97a134dac5d740d2c68941de9d63031,cd9f7f333d59aede8088772edac3bff78c45e2dad8eb498b450b9af511452a36,860169.0418109894,69.022,10500.019810989383,59,10500.019810989383,efficientnet,2.916672169719273
734272c01926d19690e5ec308bab64ef97950b75b1c7582283e0783fce1751d8,313c03f53a0d31f70aec25f62efb33e7dd779725ca4af579018452d1204beaad,53760.147408008575,0.131,10560.016408008574,3,10560.016408008574,googlenet,2.9333378911134926
17c37a0fdd5d1932b755c0e6447137bc08fd524f455e14fdac414f584de08dc5,c9f8e30e36d1aef62c10b3cfca6e289a93848a148d876dd514753040314f4817,759361.12104702,0.013,10561.108047019923,52,10561.108047019923,resnet50,2.9336411241722007
734272c01926d19690e5ec308bab64ef97950b75b1c7582283e0783fce1751d8,313c03f53a0d31f70aec25f62efb33e7dd779725ca4af579018452d1204beaad,53820.119525909424,0.112,10620.007525909423,3,10620.007525909423,googlenet,2.950002090530395
734272c01926d19690e5ec308bab64ef97950b75b1c7582283e0783fce1751d8,313c03f53a0d31f70aec25f62efb33e7dd779725ca4af579018452d1204beaad,53880.19551110268,0.191,10680.004511102677,3,10680.004511102677,googlenet,2.9666679197507437
17c37a0fdd5d1932b755c0e6447137bc08fd524f455e14fdac414f584de08dc5,c9f8e30e36d1aef62c10b3cfca6e289a93848a148d876dd514753040314f4817,759481.2094988823,0.016,10681.193498882349,52,10681.193498882349,resnet50,2.9669981941339856
734272c01926d19690e5ec308bab64ef97950b75b1c7582283e0783fce1751d8,313c03f53a0d31f70aec25f62efb33e7dd779725ca4af579018452d1204beaad,53940.13371300697,0.122,10740.01171300697,3,10740.01171300697,googlenet,2.983336586946381
734272c01926d19690e5ec308bab64ef97950b75b1c7582283e0783fce1751d8,313c03f53a0d31f70aec25f62efb33e7dd779725ca4af579018452d1204beaad,54009.13386297226,9.125,10800.00886297226,3,10800.00886297226,googlenet,3.000002461936739
85479ef37b5dc75dd5aeca3bab499129b97a134dac5d740d2c68941de9d63031,1f33077bb2db73fd76a51e40e43f20173e3f038dd3f3705551751cf7724c3c40,860414.7020220757,14.677,10800.025022075628,59,10800.025022075628,alexnet,3.000006950576563
85479ef37b5dc75dd5aeca3bab499129b97a134dac5d740d2c68941de9d63031,cd9f7f333d59aede8088772edac3bff78c45e2dad8eb498b450b9af511452a36,860459.5341210365,59.509,10800.025121036568,59,10800.025121036568,efficientnet,3.0000069780657133
17c37a0fdd5d1932b755c0e6447137bc08fd524f455e14fdac414f584de08dc5,c9f8e30e36d1aef62c10b3cfca6e289a93848a148d876dd514753040314f4817,759601.1842119694,0.016,10801.16821196943,52,10801.16821196943,resnet50,3.000324503324842
734272c01926d19690e5ec308bab64ef97950b75b1c7582283e0783fce1751d8,9b61fd55aa093a2d172db1a68a60af5cf6cbfa7f5ea1fbc71846027a5954616d,759624.3352880478,15.219,10809.11628804775,52,10809.11628804775,bert,3.002532302235486
734272c01926d19690e5ec308bab64ef97950b75b1c7582283e0783fce1751d8,9b61fd55aa093a2d172db1a68a60af5cf6cbfa7f5ea1fbc71846027a5954616d,759624.3244040012,15.069,10809.255404001218,52,10809.255404001218,bert,3.002570945555894
734272c01926d19690e5ec308bab64ef97950b75b1c7582283e0783fce1751d8,9b61fd55aa093a2d172db1a68a60af5cf6cbfa7f5ea1fbc71846027a5954616d,759624.2656619549,15.008,10809.257661954849,52,10809.257661954849,bert,3.002571572765236
734272c01926d19690e5ec308bab64ef97950b75b1c7582283e0783fce1751d8,9b61fd55aa093a2d172db1a68a60af5cf6cbfa7f5ea1fbc71846027a5954616d,759624.2726650238,15.015,10809.25766502379,52,10809.25766502379,bert,3.002571573617719
734272c01926d19690e5ec308bab64ef97950b75b1c7582283e0783fce1751d8,9b61fd55aa093a2d172db1a68a60af5cf6cbfa7f5ea1fbc71846027a5954616d,759624.2758619785,15.014,10809.261861978564,52,10809.261861978564,bert,3.0025727394384902
734272c01926d19690e5ec308bab64ef97950b75b1c7582283e0783fce1751d8,9b61fd55aa093a2d172db1a68a60af5cf6cbfa7f5ea1fbc71846027a5954616d,759624.3233170509,15.06,10809.263317050878,52,10809.263317050878,bert,3.002573143625244
734272c01926d19690e5ec308bab64ef97950b75b1c7582283e0783fce1751d8,9b61fd55aa093a2d172db1a68a60af5cf6cbfa7f5ea1fbc71846027a5954616d,759624.3706328869,15.107,10809.263632886927,52,10809.263632886927,bert,3.0025732313574798
734272c01926d19690e5ec308bab64ef97950b75b1c7582283e0783fce1751d8,9b61fd55aa093a2d172db1a68a60af5cf6cbfa7f5ea1fbc71846027a5954616d,759624.3217010498,15.058,10809.263701049844,52,10809.263701049844,bert,3.0025732502916234
734272c01926d19690e5ec308bab64ef97950b75b1c7582283e0783fce1751d8,9b61fd55aa093a2d172db1a68a60af5cf6cbfa7f5ea1fbc71846027a5954616d,759624.325551033,15.061,10809.264551033033,52,10809.264551033033,bert,3.002573486398065
734272c01926d19690e5ec308bab64ef97950b75b1c7582283e0783fce1751d8,9b61fd55aa093a2d172db1a68a60af5cf6cbfa7f5ea1fbc71846027a5954616d,759624.2522161007,14.987,10809.265216100728,52,10809.265216100728,bert,3.0025736711390913
734272c01926d19690e5ec308bab64ef97950b75b1c7582283e0783fce1751d8,9b61fd55aa093a2d172db1a68a60af5cf6cbfa7f5ea1fbc71846027a5954616d,759624.3339409828,15.068,10809.265940982848,52,10809.265940982848,bert,3.0025738724952356
734272c01926d19690e5ec308bab64ef97950b75b1c7582283e0783fce1751d8,9b61fd55aa093a2d172db1a68a60af5cf6cbfa7f5ea1fbc71846027a5954616d,759624.3317539692,15.065,10809.266753969248,52,10809.266753969248,bert,3.002574098324791
734272c01926d19690e5ec308bab64ef97950b75b1c7582283e0783fce1751d8,9b61fd55aa093a2d172db1a68a60af5cf6cbfa7f5ea1fbc71846027a5954616d,759624.3208079338,15.054,10809.266807933804,52,10809.266807933804,bert,3.0025741133149455
734272c01926d19690e5ec308bab64ef97950b75b1c7582283e0783fce1751d8,9b61fd55aa093a2d172db1a68a60af5cf6cbfa7f5ea1fbc71846027a5954616d,759624.3328700066,15.066,10809.26687000657,52,10809.26687000657,bert,3.0025741305573805
734272c01926d19690e5ec308bab64ef97950b75b1c7582283e0783fce1751d8,9b61fd55aa093a2d172db1a68a60af5cf6cbfa7f5ea1fbc71846027a5954616d,759624.3266379833,15.059,10809.267637983314,52,10809.267637983314,bert,3.002574343884254
734272c01926d19690e5ec308bab64ef97950b75b1c7582283e0783fce1751d8,9b61fd55aa093a2d172db1a68a60af5cf6cbfa7f5ea1fbc71846027a5954616d,759624.1854128838,14.899,10809.286412883783,52,10809.286412883783,bert,3.002579559134384
734272c01926d19690e5ec308bab64ef97950b75b1c7582283e0783fce1751d8,556ccf8758c8c2a20082c161e955405e950439f0503522fe129e709a5dc0e58f,54479.38006591797,455.118,10824.262065917967,3,10824.262065917967,inception,3.006739462754991
734272c01926d19690e5ec308bab64ef97950b75b1c7582283e0783fce1751d8,556ccf8758c8c2a20082c161e955405e950439f0503522fe129e709a5dc0e58f,54242.46147298813,218.199,10824.262472988128,3,10824.262472988128,inception,3.0067395758300357
734272c01926d19690e5ec308bab64ef97950b75b1c7582283e0783fce1751d8,556ccf8758c8c2a20082c161e955405e950439f0503522fe129e709a5dc0e58f,54170.916352033615,146.653,10824.263352033617,3,10824.263352033617,inception,3.006739820009338
734272c01926d19690e5ec308bab64ef97950b75b1c7582283e0783fce1751d8,556ccf8758c8c2a20082c161e955405e950439f0503522fe129e709a5dc0e58f,54277.571517944336,253.308,10824.263517944339,3,10824.263517944339,inception,3.0067398660956495
734272c01926d19690e5ec308bab64ef97950b75b1c7582283e0783fce1751d8,556ccf8758c8c2a20082c161e955405e950439f0503522fe129e709a5dc0e58f,54152.99090194702,128.726,10824.26490194702,3,10824.26490194702,inception,3.0067402505408385
734272c01926d19690e5ec308bab64ef97950b75b1c7582283e0783fce1751d8,556ccf8758c8c2a20082c161e955405e950439f0503522fe129e709a5dc0e58f,54187.65196990967,163.387,10824.264969909666,3,10824.264969909666,inception,3.0067402694193515
734272c01926d19690e5ec308bab64ef97950b75b1c7582283e0783fce1751d8,556ccf8758c8c2a20082c161e955405e950439f0503522fe129e709a5dc0e58f,54405.38360404968,381.118,10824.26560404968,3,10824.26560404968,inception,3.006740445569356
734272c01926d19690e5ec308bab64ef97950b75b1c7582283e0783fce1751d8,556ccf8758c8c2a20082c161e955405e950439f0503522fe129e709a5dc0e58f,54260.27912211418,236.013,10824.266122114183,3,10824.266122114183,inception,3.006740589476162
734272c01926d19690e5ec308bab64ef97950b75b1c7582283e0783fce1751d8,556ccf8758c8c2a20082c161e955405e950439f0503522fe129e709a5dc0e58f,54463.92621207237,439.66,10824.266212072369,3,10824.266212072369,inception,3.006740614464547
734272c01926d19690e5ec308bab64ef97950b75b1c7582283e0783fce1751d8,556ccf8758c8c2a20082c161e955405e950439f0503522fe129e709a5dc0e58f,54404.34875106812,380.082,10824.26675106812,3,10824.26675106812,inception,3.0067407641855888
734272c01926d19690e5ec308bab64ef97950b75b1c7582283e0783fce1751d8,556ccf8758c8c2a20082c161e955405e950439f0503522fe129e709a5dc0e58f,54456.809138059616,432.542,10824.267138059615,3,10824.267138059615,inception,3.0067408716832262
734272c01926d19690e5ec308bab64ef97950b75b1c7582283e0783fce1751d8,556ccf8758c8c2a20082c161e955405e950439f0503522fe129e709a5dc0e58f,54251.51398897171,227.246,10824.267988971711,3,10824.267988971711,inception,3.0067411080476973
734272c01926d19690e5ec308bab64ef97950b75b1c7582283e0783fce1751d8,556ccf8758c8c2a20082c161e955405e950439f0503522fe129e709a5dc0e58f,54458.01232910156,433.744,10824.268329101564,3,10824.268329101564,inception,3.0067412025282123
734272c01926d19690e5ec308bab64ef97950b75b1c7582283e0783fce1751d8,556ccf8758c8c2a20082c161e955405e950439f0503522fe129e709a5dc0e58f,54422.31074905396,398.042,10824.268749053961,3,10824.268749053961,inception,3.0067413191816557
734272c01926d19690e5ec308bab64ef97950b75b1c7582283e0783fce1751d8,556ccf8758c8c2a20082c161e955405e950439f0503522fe129e709a5dc0e58f,54437.61827707291,413.349,10824.269277072905,3,10824.269277072905,inception,3.0067414658535845
734272c01926d19690e5ec308bab64ef97950b75b1c7582283e0783fce1751d8,556ccf8758c8c2a20082c161e955405e950439f0503522fe129e709a5dc0e58f,54463.68754410744,439.418,10824.26954410744,3,10824.26954410744,inception,3.0067415400298443
734272c01926d19690e5ec308bab64ef97950b75b1c7582283e0783fce1751d8,9b61fd55aa093a2d172db1a68a60af5cf6cbfa7f5ea1fbc71846027a5954616d,759625.0137569904,0.431,10824.58275699045,52,10824.58275699045,bert,3.0068285436084583
734272c01926d19690e5ec308bab64ef97950b75b1c7582283e0783fce1751d8,9b61fd55aa093a2d172db1a68a60af5cf6cbfa7f5ea1fbc71846027a5954616d,759624.6563959122,0.073,10824.583395912196,52,10824.583395912196,bert,3.006828721086721
734272c01926d19690e5ec308bab64ef97950b75b1c7582283e0783fce1751d8,9b61fd55aa093a2d172db1a68a60af5cf6cbfa7f5ea1fbc71846027a5954616d,759624.6595671177,0.076,10824.58356711769,52,10824.58356711769,bert,3.006828768643803
734272c01926d19690e5ec308bab64ef97950b75b1c7582283e0783fce1751d8,9b61fd55aa093a2d172db1a68a60af5cf6cbfa7f5ea1fbc71846027a5954616d,759624.6615190506,0.077,10824.58451905055,52,10824.58451905055,bert,3.006829033069597
734272c01926d19690e5ec308bab64ef97950b75b1c7582283e0783fce1751d8,9b61fd55aa093a2d172db1a68a60af5cf6cbfa7f5ea1fbc71846027a5954616d,759624.7411949635,0.156,10824.585194963496,52,10824.585194963496,bert,3.0068292208231933
734272c01926d19690e5ec308bab64ef97950b75b1c7582283e0783fce1751d8,556ccf8758c8c2a20082c161e955405e950439f0503522fe129e709a5dc0e58f,54455.99716711044,411.231,10844.766167110443,3,10844.766167110443,inception,3.0124350464195677
734272c01926d19690e5ec308bab64ef97950b75b1c7582283e0783fce1751d8,556ccf8758c8c2a20082c161e955405e950439f0503522fe129e709a5dc0e58f,54443.85492706299,398.858,10844.996927062988,3,10844.996927062988,inception,3.0124991464063857
734272c01926d19690e5ec308bab64ef97950b75b1c7582283e0783fce1751d8,556ccf8758c8c2a20082c161e955405e950439f0503522fe129e709a5dc0e58f,54463.440251111984,418.437,10845.003251111986,3,10845.003251111986,inception,3.012500903086663
734272c01926d19690e5ec308bab64ef97950b75b1c7582283e0783fce1751d8,556ccf8758c8c2a20082c161e955405e950439f0503522fe129e709a5dc0e58f,54457.33973193169,412.336,10845.003731931683,3,10845.003731931683,inception,3.0125010366476896
734272c01926d19690e5ec308bab64ef97950b75b1c7582283e0783fce1751d8,556ccf8758c8c2a20082c161e955405e950439f0503522fe129e709a5dc0e58f,54466.06334495544,421.059,10845.004344955436,3,10845.004344955436,inception,3.0125012069320656
734272c01926d19690e5ec308bab64ef97950b75b1c7582283e0783fce1751d8,556ccf8758c8c2a20082c161e955405e950439f0503522fe129e709a5dc0e58f,54445.87674307823,400.872,10845.004743078229,3,10845.004743078229,inception,3.01250131752173
734272c01926d19690e5ec308bab64ef97950b75b1c7582283e0783fce1751d8,556ccf8758c8c2a20082c161e955405e950439f0503522fe129e709a5dc0e58f,54464.29909396172,419.294,10845.005093961721,3,10845.005093961721,inception,3.012501414989367
734272c01926d19690e5ec308bab64ef97950b75b1c7582283e0783fce1751d8,556ccf8758c8c2a20082c161e955405e950439f0503522fe129e709a5dc0e58f,54414.53866004944,369.533,10845.005660049435,3,10845.005660049435,inception,3.0125015722359545
734272c01926d19690e5ec308bab64ef97950b75b1c7582283e0783fce1751d8,556ccf8758c8c2a20082c161e955405e950439f0503522fe129e709a5dc0e58f,54453.75481510162,408.748,10845.006815101624,3,10845.006815101624,inception,3.0125018930837846
734272c01926d19690e5ec308bab64ef97950b75b1c7582283e0783fce1751d8,556ccf8758c8c2a20082c161e955405e950439f0503522fe129e709a5dc0e58f,54457.86084294319,412.854,10845.006842943192,3,10845.006842943192,inception,3.0125019008175533
734272c01926d19690e5ec308bab64ef97950b75b1c7582283e0783fce1751d8,556ccf8758c8c2a20082c161e955405e950439f0503522fe129e709a5dc0e58f,54421.56844902039,376.561,10845.007449020392,3,10845.007449020392,inception,3.012502069172331
734272c01926d19690e5ec308bab64ef97950b75b1c7582283e0783fce1751d8,556ccf8758c8c2a20082c161e955405e950439f0503522fe129e709a5dc0e58f,54450.3478410244,405.335,10845.0128410244,3,10845.0128410244,inception,3.012503566951222
734272c01926d19690e5ec308bab64ef97950b75b1c7582283e0783fce1751d8,556ccf8758c8c2a20082c161e955405e950439f0503522fe129e709a5dc0e58f,54426.99302601814,381.98,10845.01302601814,3,10845.01302601814,inception,3.012503618338372
734272c01926d19690e5ec308bab64ef97950b75b1c7582283e0783fce1751d8,556ccf8758c8c2a20082c161e955405e950439f0503522fe129e709a5dc0e58f,54428.98900699616,383.975,10845.014006996164,3,10845.014006996164,inception,3.0125038908322677
734272c01926d19690e5ec308bab64ef97950b75b1c7582283e0783fce1751d8,556ccf8758c8c2a20082c161e955405e950439f0503522fe129e709a5dc0e58f,54435.10020899773,390.085,10845.015208997727,3,10845.015208997727,inception,3.012504224721591
734272c01926d19690e5ec308bab64ef97950b75b1c7582283e0783fce1751d8,556ccf8758c8c2a20082c161e955405e950439f0503522fe129e709a5dc0e58f,54413.578926086426,368.537,10845.04192608643,3,10845.04192608643,inception,3.012511646135119
734272c01926d19690e5ec308bab64ef97950b75b1c7582283e0783fce1751d8,556ccf8758c8c2a20082c161e955405e950439f0503522fe129e709a5dc0e58f,54426.24395108223,372.174,10854.06995108223,3,10854.06995108223,inception,3.0150194308561753
734272c01926d19690e5ec308bab64ef97950b75b1c7582283e0783fce1751d8,556ccf8758c8c2a20082c161e955405e950439f0503522fe129e709a5dc0e58f,54405.21341395378,350.807,10854.40641395378,3,10854.40641395378,inception,3.015112892764939
734272c01926d19690e5ec308bab64ef97950b75b1c7582283e0783fce1751d8,556ccf8758c8c2a20082c161e955405e950439f0503522fe129e709a5dc0e58f,54403.81509900093,349.408,10854.407099000928,3,10854.407099000928,inception,3.0151130830558133
734272c01926d19690e5ec308bab64ef97950b75b1c7582283e0783fce1751d8,556ccf8758c8c2a20082c161e955405e950439f0503522fe129e709a5dc0e58f,54413.20711803436,358.799,10854.408118034364,3,10854.408118034364,inception,3.0151133661206564
734272c01926d19690e5ec308bab64ef97950b75b1c7582283e0783fce1751d8,556ccf8758c8c2a20082c161e955405e950439f0503522fe129e709a5dc0e58f,54386.31423306465,331.906,10854.408233064649,3,10854.408233064649,inception,3.0151133980735136
734272c01926d19690e5ec308bab64ef97950b75b1c7582283e0783fce1751d8,556ccf8758c8c2a20082c161e955405e950439f0503522fe129e709a5dc0e58f,54259.54048299789,205.131,10854.409482997886,3,10854.409482997886,inception,3.0151137452771906
734272c01926d19690e5ec308bab64ef97950b75b1c7582283e0783fce1751d8,556ccf8758c8c2a20082c161e955405e950439f0503522fe129e709a5dc0e58f,54253.79479503632,199.381,10854.413795036322,3,10854.413795036322,inception,3.015114943065645
734272c01926d19690e5ec308bab64ef97950b75b1c7582283e0783fce1751d8,556ccf8758c8c2a20082c161e955405e950439f0503522fe129e709a5dc0e58f,54255.94016599655,201.526,10854.414165996553,3,10854.414165996553,inception,3.0151150461101537
734272c01926d19690e5ec308bab64ef97950b75b1c7582283e0783fce1751d8,556ccf8758c8c2a20082c161e955405e950439f0503522fe129e709a5dc0e58f,54262.369795084,207.955,10854.414795083998,3,10854.414795083998,inception,3.015115220856666
734272c01926d19690e5ec308bab64ef97950b75b1c7582283e0783fce1751d8,556ccf8758c8c2a20082c161e955405e950439f0503522fe129e709a5dc0e58f,54391.420326948166,337.005,10854.415326948169,3,10854.415326948169,inception,3.0151153685967134
734272c01926d19690e5ec308bab64ef97950b75b1c7582283e0783fce1751d8,556ccf8758c8c2a20082c161e955405e950439f0503522fe129e709a5dc0e58f,54397.104749917984,342.689,10854.415749917986,3,10854.415749917986,inception,3.0151154860883294
734272c01926d19690e5ec308bab64ef97950b75b1c7582283e0783fce1751d8,556ccf8758c8c2a20082c161e955405e950439f0503522fe129e709a5dc0e58f,54392.17726898193,337.761,10854.416268981935,3,10854.416268981935,inception,3.0151156302727595
734272c01926d19690e5ec308bab64ef97950b75b1c7582283e0783fce1751d8,556ccf8758c8c2a20082c161e955405e950439f0503522fe129e709a5dc0e58f,54453.68552994728,399.268,10854.417529947284,3,10854.417529947284,inception,3.0151159805409122
734272c01926d19690e5ec308bab64ef97950b75b1c7582283e0783fce1751d8,556ccf8758c8c2a20082c161e955405e950439f0503522fe129e709a5dc0e58f,54251.42171597481,197.004,10854.417715974807,3,10854.417715974807,inception,3.015116032215224
734272c01926d19690e5ec308bab64ef97950b75b1c7582283e0783fce1751d8,556ccf8758c8c2a20082c161e955405e950439f0503522fe129e709a5dc0e58f,54401.1632039547,346.745,10854.418203954694,3,10854.418203954694,inception,3.0151161677651928
734272c01926d19690e5ec308bab64ef97950b75b1c7582283e0783fce1751d8,556ccf8758c8c2a20082c161e955405e950439f0503522fe129e709a5dc0e58f,54244.207840919495,189.772,10854.435840919497,3,10854.435840919497,inception,3.0151210669220827
734272c01926d19690e5ec308bab64ef97950b75b1c7582283e0783fce1751d8,313c03f53a0d31f70aec25f62efb33e7dd779725ca4af579018452d1204beaad,54060.22715806961,0.211,10860.016158069608,3,10860.016158069608,googlenet,3.0166711550193352
734272c01926d19690e5ec308bab64ef97950b75b1c7582283e0783fce1751d8,556ccf8758c8c2a20082c161e955405e950439f0503522fe129e709a5dc0e58f,54396.85102105141,335.692,10861.159021051404,3,10861.159021051404,inception,3.0169886169587232
734272c01926d19690e5ec308bab64ef97950b75b1c7582283e0783fce1751d8,556ccf8758c8c2a20082c161e955405e950439f0503522fe129e709a5dc0e58f,54398.02004504204,336.854,10861.166045042039,3,10861.166045042039,inception,3.016990568067233
734272c01926d19690e5ec308bab64ef97950b75b1c7582283e0783fce1751d8,556ccf8758c8c2a20082c161e955405e950439f0503522fe129e709a5dc0e58f,54398.22218298912,337.055,10861.16718298912,3,10861.16718298912,inception,3.0169908841636444
734272c01926d19690e5ec308bab64ef97950b75b1c7582283e0783fce1751d8,556ccf8758c8c2a20082c161e955405e950439f0503522fe129e709a5dc0e58f,54409.84971499443,348.682,10861.16771499443,3,10861.16771499443,inception,3.016991031942897
734272c01926d19690e5ec308bab64ef97950b75b1c7582283e0783fce1751d8,556ccf8758c8c2a20082c161e955405e950439f0503522fe129e709a5dc0e58f,54457.82114195824,396.637,10861.184141958234,3,10861.184141958234,inception,3.016995594988398
734272c01926d19690e5ec308bab64ef97950b75b1c7582283e0783fce1751d8,556ccf8758c8c2a20082c161e955405e950439f0503522fe129e709a5dc0e58f,54409.20286488533,348.018,10861.184864885334,3,10861.184864885334,inception,3.0169957958014817
734272c01926d19690e5ec308bab64ef97950b75b1c7582283e0783fce1751d8,556ccf8758c8c2a20082c161e955405e950439f0503522fe129e709a5dc0e58f,54383.31923604012,322.134,10861.185236040124,3,10861.185236040124,inception,3.0169958989000345
734272c01926d19690e5ec308bab64ef97950b75b1c7582283e0783fce1751d8,556ccf8758c8c2a20082c161e955405e950439f0503522fe129e709a5dc0e58f,54460.29270505905,399.106,10861.186705059052,3,10861.186705059052,inception,3.0169963069608476
734272c01926d19690e5ec308bab64ef97950b75b1c7582283e0783fce1751d8,556ccf8758c8c2a20082c161e955405e950439f0503522fe129e709a5dc0e58f,54386.11889004707,324.932,10861.186890047073,3,10861.186890047073,inception,3.0169963583464092
734272c01926d19690e5ec308bab64ef97950b75b1c7582283e0783fce1751d8,556ccf8758c8c2a20082c161e955405e950439f0503522fe129e709a5dc0e58f,54455.7943520546,394.607,10861.1873520546,3,10861.1873520546,inception,3.0169964866818333
734272c01926d19690e5ec308bab64ef97950b75b1c7582283e0783fce1751d8,556ccf8758c8c2a20082c161e955405e950439f0503522fe129e709a5dc0e58f,54380.8345990181,319.647,10861.1875990181,3,10861.1875990181,inception,3.0169965552828053
734272c01926d19690e5ec308bab64ef97950b75b1c7582283e0783fce1751d8,556ccf8758c8c2a20082c161e955405e950439f0503522fe129e709a5dc0e58f,54426.12329697609,364.935,10861.188296976092,3,10861.188296976092,inception,3.0169967491600254
734272c01926d19690e5ec308bab64ef97950b75b1c7582283e0783fce1751d8,556ccf8758c8c2a20082c161e955405e950439f0503522fe129e709a5dc0e58f,54409.164268016815,347.975,10861.189268016817,3,10861.189268016817,inception,3.01699701889356
734272c01926d19690e5ec308bab64ef97950b75b1c7582283e0783fce1751d8,556ccf8758c8c2a20082c161e955405e950439f0503522fe129e709a5dc0e58f,54404.9312479496,343.741,10861.190247949598,3,10861.190247949598,inception,3.016997291097111
734272c01926d19690e5ec308bab64ef97950b75b1c7582283e0783fce1751d8,556ccf8758c8c2a20082c161e955405e950439f0503522fe129e709a5dc0e58f,54452.354274988174,391.164,10861.190274988177,3,10861.190274988177,inception,3.016997298607827
734272c01926d19690e5ec308bab64ef97950b75b1c7582283e0783fce1751d8,556ccf8758c8c2a20082c161e955405e950439f0503522fe129e709a5dc0e58f,54140.57420897484,79.38,10861.19420897484,3,10861.19420897484,inception,3.0169983913819003
734272c01926d19690e5ec308bab64ef97950b75b1c7582283e0783fce1751d8,313c03f53a0d31f70aec25f62efb33e7dd779725ca4af579018452d1204beaad,54120.138322114944,0.132,10920.006322114947,3,10920.006322114947,googlenet,3.033335089476374
17c37a0fdd5d1932b755c0e6447137bc08fd524f455e14fdac414f584de08dc5,c9f8e30e36d1aef62c10b3cfca6e289a93848a148d876dd514753040314f4817,759721.4454410076,0.057,10921.388441007584,52,10921.388441007584,resnet50,3.0337190113909958
734272c01926d19690e5ec308bab64ef97950b75b1c7582283e0783fce1751d8,313c03f53a0d31f70aec25f62efb33e7dd779725ca4af579018452d1204beaad,54180.13495707512,0.136,10979.99895707512,3,10979.99895707512,googlenet,3.0499997102986445
734272c01926d19690e5ec308bab64ef97950b75b1c7582283e0783fce1751d8,313c03f53a0d31f70aec25f62efb33e7dd779725ca4af579018452d1204beaad,54240.15809988976,0.151,11040.007099889765,3,11040.007099889765,googlenet,3.066668638858268
17c37a0fdd5d1932b755c0e6447137bc08fd524f455e14fdac414f584de08dc5,c9f8e30e36d1aef62c10b3cfca6e289a93848a148d876dd514753040314f4817,759841.1885969639,0.015,11041.173596963868,52,11041.173596963868,resnet50,3.066992665823297
734272c01926d19690e5ec308bab64ef97950b75b1c7582283e0783fce1751d8,313c03f53a0d31f70aec25f62efb33e7dd779725ca4af579018452d1204beaad,54300.13700795174,0.128,11100.00900795174,3,11100.00900795174,googlenet,3.08333583554215
85479ef37b5dc75dd5aeca3bab499129b97a134dac5d740d2c68941de9d63031,1f33077bb2db73fd76a51e40e43f20173e3f038dd3f3705551751cf7724c3c40,860715.6987309456,15.689,11100.009730945574,59,11100.009730945574,alexnet,3.0833360363737707
85479ef37b5dc75dd5aeca3bab499129b97a134dac5d740d2c68941de9d63031,cd9f7f333d59aede8088772edac3bff78c45e2dad8eb498b450b9af511452a36,860769.7357718945,69.726,11100.00977189443,59,11100.00977189443,efficientnet,3.083336047748453
734272c01926d19690e5ec308bab64ef97950b75b1c7582283e0783fce1751d8,313c03f53a0d31f70aec25f62efb33e7dd779725ca4af579018452d1204beaad,54360.14594197273,0.141,11160.00494197273,3,11160.00494197273,googlenet,3.1000013727702025
17c37a0fdd5d1932b755c0e6447137bc08fd524f455e14fdac414f584de08dc5,c9f8e30e36d1aef62c10b3cfca6e289a93848a148d876dd514753040314f4817,759961.2744290829,0.018,11161.25642908283,52,11161.25642908283,resnet50,3.100349008078564
734272c01926d19690e5ec308bab64ef97950b75b1c7582283e0783fce1751d8,313c03f53a0d31f70aec25f62efb33e7dd779725ca4af579018452d1204beaad,54420.12876391411,0.132,11219.99676391411,3,11219.99676391411,googlenet,3.11666576775392
734272c01926d19690e5ec308bab64ef97950b75b1c7582283e0783fce1751d8,313c03f53a0d31f70aec25f62efb33e7dd779725ca4af579018452d1204beaad,54480.143906116486,0.13,11280.013906116488,3,11280.013906116488,googlenet,3.133337196143469
17c37a0fdd5d1932b755c0e6447137bc08fd524f455e14fdac414f584de08dc5,c9f8e30e36d1aef62c10b3cfca6e289a93848a148d876dd514753040314f4817,760081.2848100662,0.013,11281.271810066188,52,11281.271810066188,resnet50,3.1336866139072743
734272c01926d19690e5ec308bab64ef97950b75b1c7582283e0783fce1751d8,313c03f53a0d31f70aec25f62efb33e7dd779725ca4af579018452d1204beaad,54540.14895796776,0.142,11340.006957967758,3,11340.006957967758,googlenet,3.150001932768822
734272c01926d19690e5ec308bab64ef97950b75b1c7582283e0783fce1751d8,313c03f53a0d31f70aec25f62efb33e7dd779725ca4af579018452d1204beaad,54600.20632505417,0.208,11399.99832505417,3,11399.99832505417,googlenet,3.166666201403936
85479ef37b5dc75dd5aeca3bab499129b97a134dac5d740d2c68941de9d63031,1f33077bb2db73fd76a51e40e43f20173e3f038dd3f3705551751cf7724c3c40,861020.4005849361,20.203,11400.197584936162,59,11400.197584936162,alexnet,3.166721551371156
85479ef37b5dc75dd5aeca3bab499129b97a134dac5d740d2c68941de9d63031,cd9f7f333d59aede8088772edac3bff78c45e2dad8eb498b450b9af511452a36,861088.2918550968,88.094,11400.197855096776,59,11400.197855096776,efficientnet,3.166721626415771
17c37a0fdd5d1932b755c0e6447137bc08fd524f455e14fdac414f584de08dc5,c9f8e30e36d1aef62c10b3cfca6e289a93848a148d876dd514753040314f4817,760201.2900459766,0.013,11401.277045976603,52,11401.277045976603,resnet50,3.1670214016601674
734272c01926d19690e5ec308bab64ef97950b75b1c7582283e0783fce1751d8,9b61fd55aa093a2d172db1a68a60af5cf6cbfa7f5ea1fbc71846027a5954616d,760209.8895599842,0.035,11409.854559984175,52,11409.854559984175,bert,3.1694040444400486
734272c01926d19690e5ec308bab64ef97950b75b1c7582283e0783fce1751d8,9b61fd55aa093a2d172db1a68a60af5cf6cbfa7f5ea1fbc71846027a5954616d,760209.9165670872,0.061,11409.855567087187,52,11409.855567087187,bert,3.1694043241908854
734272c01926d19690e5ec308bab64ef97950b75b1c7582283e0783fce1751d8,9b61fd55aa093a2d172db1a68a60af5cf6cbfa7f5ea1fbc71846027a5954616d,760209.935806036,0.08,11409.855806036037,52,11409.855806036037,bert,3.1694043905655658
734272c01926d19690e5ec308bab64ef97950b75b1c7582283e0783fce1751d8,9b61fd55aa093a2d172db1a68a60af5cf6cbfa7f5ea1fbc71846027a5954616d,760209.987760067,0.131,11409.856760066934,52,11409.856760066934,bert,3.1694046555741484
734272c01926d19690e5ec308bab64ef97950b75b1c7582283e0783fce1751d8,9b61fd55aa093a2d172db1a68a60af5cf6cbfa7f5ea1fbc71846027a5954616d,760210.3577029705,0.5,11409.857702970505,52,11409.857702970505,bert,3.169404917491807
734272c01926d19690e5ec308bab64ef97950b75b1c7582283e0783fce1751d8,9b61fd55aa093a2d172db1a68a60af5cf6cbfa7f5ea1fbc71846027a5954616d,760209.9662899971,0.108,11409.858289997093,52,11409.858289997093,bert,3.169405080554748
734272c01926d19690e5ec308bab64ef97950b75b1c7582283e0783fce1751d8,9b61fd55aa093a2d172db1a68a60af5cf6cbfa7f5ea1fbc71846027a5954616d,760210.2637848854,0.405,11409.858784885379,52,11409.858784885379,bert,3.169405218023716
734272c01926d19690e5ec308bab64ef97950b75b1c7582283e0783fce1751d8,9b61fd55aa093a2d172db1a68a60af5cf6cbfa7f5ea1fbc71846027a5954616d,760210.2741289139,0.414,11409.86012891389,52,11409.86012891389,bert,3.1694055913649692
734272c01926d19690e5ec308bab64ef97950b75b1c7582283e0783fce1751d8,9b61fd55aa093a2d172db1a68a60af5cf6cbfa7f5ea1fbc71846027a5954616d,760209.9811398983,0.121,11409.860139898257,52,11409.860139898257,bert,3.1694055944161827
734272c01926d19690e5ec308bab64ef97950b75b1c7582283e0783fce1751d8,9b61fd55aa093a2d172db1a68a60af5cf6cbfa7f5ea1fbc71846027a5954616d,760209.9556930065,0.095,11409.860693006543,52,11409.860693006543,bert,3.169405748057373
734272c01926d19690e5ec308bab64ef97950b75b1c7582283e0783fce1751d8,9b61fd55aa093a2d172db1a68a60af5cf6cbfa7f5ea1fbc71846027a5954616d,760210.2686829567,0.404,11409.864682956715,52,11409.864682956715,bert,3.1694068563768654
734272c01926d19690e5ec308bab64ef97950b75b1c7582283e0783fce1751d8,9b61fd55aa093a2d172db1a68a60af5cf6cbfa7f5ea1fbc71846027a5954616d,760210.0000119209,0.134,11409.866011920967,52,11409.866011920967,bert,3.169407225533602
734272c01926d19690e5ec308bab64ef97950b75b1c7582283e0783fce1751d8,9b61fd55aa093a2d172db1a68a60af5cf6cbfa7f5ea1fbc71846027a5954616d,760210.0093660355,0.143,11409.866366035421,52,11409.866366035421,bert,3.1694073238987284
734272c01926d19690e5ec308bab64ef97950b75b1c7582283e0783fce1751d8,9b61fd55aa093a2d172db1a68a60af5cf6cbfa7f5ea1fbc71846027a5954616d,760210.0194129944,0.152,11409.867412994383,52,11409.867412994383,bert,3.169407614720662
734272c01926d19690e5ec308bab64ef97950b75b1c7582283e0783fce1751d8,9b61fd55aa093a2d172db1a68a60af5cf6cbfa7f5ea1fbc71846027a5954616d,760210.0289559364,0.161,11409.867955936468,52,11409.867955936468,bert,3.169407765537908
734272c01926d19690e5ec308bab64ef97950b75b1c7582283e0783fce1751d8,9b61fd55aa093a2d172db1a68a60af5cf6cbfa7f5ea1fbc71846027a5954616d,760210.0395751,0.171,11409.868575099972,52,11409.868575099972,bert,3.16940793752777
734272c01926d19690e5ec308bab64ef97950b75b1c7582283e0783fce1751d8,9b61fd55aa093a2d172db1a68a60af5cf6cbfa7f5ea1fbc71846027a5954616d,760210.0488069057,0.032,11410.01680690574,52,11410.01680690574,bert,3.1694491130293723
734272c01926d19690e5ec308bab64ef97950b75b1c7582283e0783fce1751d8,9b61fd55aa093a2d172db1a68a60af5cf6cbfa7f5ea1fbc71846027a5954616d,760210.0645480156,0.047,11410.017548015574,52,11410.017548015574,bert,3.169449318893215
734272c01926d19690e5ec308bab64ef97950b75b1c7582283e0783fce1751d8,9b61fd55aa093a2d172db1a68a60af5cf6cbfa7f5ea1fbc71846027a5954616d,760210.0577759743,0.04,11410.017775974236,52,11410.017775974236,bert,3.1694493822150656
734272c01926d19690e5ec308bab64ef97950b75b1c7582283e0783fce1751d8,9b61fd55aa093a2d172db1a68a60af5cf6cbfa7f5ea1fbc71846027a5954616d,760210.0837090015,0.065,11410.018709001597,52,11410.018709001597,bert,3.1694496413893325
734272c01926d19690e5ec308bab64ef97950b75b1c7582283e0783fce1751d8,9b61fd55aa093a2d172db1a68a60af5cf6cbfa7f5ea1fbc71846027a5954616d,760210.078783989,0.06,11410.018783988897,52,11410.018783988897,bert,3.169449662219138
734272c01926d19690e5ec308bab64ef97950b75b1c7582283e0783fce1751d8,556ccf8758c8c2a20082c161e955405e950439f0503522fe129e709a5dc0e58f,54799.06007909775,165.621,11433.439079097749,3,11433.439079097749,inception,3.1759552997493747
734272c01926d19690e5ec308bab64ef97950b75b1c7582283e0783fce1751d8,556ccf8758c8c2a20082c161e955405e950439f0503522fe129e709a5dc0e58f,54801.77478098869,168.335,11433.439780988694,3,11433.439780988694,inception,3.175955494719082
734272c01926d19690e5ec308bab64ef97950b75b1c7582283e0783fce1751d8,556ccf8758c8c2a20082c161e955405e950439f0503522fe129e709a5dc0e58f,54793.85323596001,160.413,11433.440235960006,3,11433.440235960006,inception,3.1759556211000017
734272c01926d19690e5ec308bab64ef97950b75b1c7582283e0783fce1751d8,556ccf8758c8c2a20082c161e955405e950439f0503522fe129e709a5dc0e58f,54761.91952896118,128.478,11433.441528961179,3,11433.441528961179,inception,3.1759559802669943
734272c01926d19690e5ec308bab64ef97950b75b1c7582283e0783fce1751d8,556ccf8758c8c2a20082c161e955405e950439f0503522fe129e709a5dc0e58f,54755.755803108215,122.314,11433.441803108217,3,11433.441803108217,inception,3.1759560564189493
734272c01926d19690e5ec308bab64ef97950b75b1c7582283e0783fce1751d8,556ccf8758c8c2a20082c161e955405e950439f0503522fe129e709a5dc0e58f,54772.80538105965,139.363,11433.442381059649,3,11433.442381059649,inception,3.175956216961014
734272c01926d19690e5ec308bab64ef97950b75b1c7582283e0783fce1751d8,556ccf8758c8c2a20082c161e955405e950439f0503522fe129e709a5dc0e58f,54779.62548708916,146.183,11433.44248708916,3,11433.44248708916,inception,3.1759562464136555
734272c01926d19690e5ec308bab64ef97950b75b1c7582283e0783fce1751d8,556ccf8758c8c2a20082c161e955405e950439f0503522fe129e709a5dc0e58f,54754.25067400932,120.808,11433.442674009326,3,11433.442674009326,inception,3.1759562983359237
734272c01926d19690e5ec308bab64ef97950b75b1c7582283e0783fce1751d8,556ccf8758c8c2a20082c161e955405e950439f0503522fe129e709a5dc0e58f,54794.34663391113,160.903,11433.443633911134,3,11433.443633911134,inception,3.175956564975315
734272c01926d19690e5ec308bab64ef97950b75b1c7582283e0783fce1751d8,556ccf8758c8c2a20082c161e955405e950439f0503522fe129e709a5dc0e58f,54783.98488903046,150.541,11433.44388903046,3,11433.44388903046,inception,3.175956635841794
734272c01926d19690e5ec308bab64ef97950b75b1c7582283e0783fce1751d8,556ccf8758c8c2a20082c161e955405e950439f0503522fe129e709a5dc0e58f,54794.27611398697,160.832,11433.444113986967,3,11433.444113986967,inception,3.175956698329713
734272c01926d19690e5ec308bab64ef97950b75b1c7582283e0783fce1751d8,556ccf8758c8c2a20082c161e955405e950439f0503522fe129e709a5dc0e58f,54799.57433605194,166.129,11433.44533605194,3,11433.44533605194,inception,3.1759570377922057
734272c01926d19690e5ec308bab64ef97950b75b1c7582283e0783fce1751d8,556ccf8758c8c2a20082c161e955405e950439f0503522fe129e709a5dc0e58f,54779.75880789757,146.313,11433.445807897566,3,11433.445807897566,inception,3.175957168860435
734272c01926d19690e5ec308bab64ef97950b75b1c7582283e0783fce1751d8,556ccf8758c8c2a20082c161e955405e950439f0503522fe129e709a5dc0e58f,54771.72032094002,138.254,11433.466320940017,3,11433.466320940017,inception,3.1759628669277826
734272c01926d19690e5ec308bab64ef97950b75b1c7582283e0783fce1751d8,556ccf8758c8c2a20082c161e955405e950439f0503522fe129e709a5dc0e58f,54794.47583889961,161.009,11433.466838899614,3,11433.466838899614,inception,3.1759630108054484
734272c01926d19690e5ec308bab64ef97950b75b1c7582283e0783fce1751d8,556ccf8758c8c2a20082c161e955405e950439f0503522fe129e709a5dc0e58f,54783.91367506981,150.442,11433.471675069806,3,11433.471675069806,inception,3.1759643541860574
734272c01926d19690e5ec308bab64ef97950b75b1c7582283e0783fce1751d8,313c03f53a0d31f70aec25f62efb33e7dd779725ca4af579018452d1204beaad,54660.31572198868,0.161,11460.154721988678,3,11460.154721988678,googlenet,3.1833763116635216
734272c01926d19690e5ec308bab64ef97950b75b1c7582283e0783fce1751d8,313c03f53a0d31f70aec25f62efb33e7dd779725ca4af579018452d1204beaad,54720.13458395004,0.122,11520.01258395004,3,11520.01258395004,googlenet,3.2000034955416776
17c37a0fdd5d1932b755c0e6447137bc08fd524f455e14fdac414f584de08dc5,c9f8e30e36d1aef62c10b3cfca6e289a93848a148d876dd514753040314f4817,760321.17070508,0.012,11521.158705080044,52,11521.158705080044,resnet50,3.2003218625222347
734272c01926d19690e5ec308bab64ef97950b75b1c7582283e0783fce1751d8,313c03f53a0d31f70aec25f62efb33e7dd779725ca4af579018452d1204beaad,54780.22165298462,0.216,11580.005652984619,3,11580.005652984619,googlenet,3.216668236940172
734272c01926d19690e5ec308bab64ef97950b75b1c7582283e0783fce1751d8,313c03f53a0d31f70aec25f62efb33e7dd779725ca4af579018452d1204beaad,54840.170097112656,0.17,11640.000097112657,3,11640.000097112657,googlenet,3.2333333603090715
17c37a0fdd5d1932b755c0e6447137bc08fd524f455e14fdac414f584de08dc5,c9f8e30e36d1aef62c10b3cfca6e289a93848a148d876dd514753040314f4817,760441.385158062,0.018,11641.367158061941,52,11641.367158061941,resnet50,3.2337130994616503
734272c01926d19690e5ec308bab64ef97950b75b1c7582283e0783fce1751d8,313c03f53a0d31f70aec25f62efb33e7dd779725ca4af579018452d1204beaad,54900.35727596283,0.358,11699.99927596283,3,11699.99927596283,googlenet,3.2499997988785636
85479ef37b5dc75dd5aeca3bab499129b97a134dac5d740d2c68941de9d63031,cd9f7f333d59aede8088772edac3bff78c45e2dad8eb498b450b9af511452a36,861392.3106160164,92.284,11700.026616016403,59,11700.026616016403,efficientnet,3.2500073933378895
85479ef37b5dc75dd5aeca3bab499129b97a134dac5d740d2c68941de9d63031,1f33077bb2db73fd76a51e40e43f20173e3f038dd3f3705551751cf7724c3c40,861318.9186439514,18.892,11700.026643951423,59,11700.026643951423,alexnet,3.2500074010976174
734272c01926d19690e5ec308bab64ef97950b75b1c7582283e0783fce1751d8,313c03f53a0d31f70aec25f62efb33e7dd779725ca4af579018452d1204beaad,54960.1332449913,0.128,11760.005244991306,3,11760.005244991306,googlenet,3.266668123608696
17c37a0fdd5d1932b755c0e6447137bc08fd524f455e14fdac414f584de08dc5,c9f8e30e36d1aef62c10b3cfca6e289a93848a148d876dd514753040314f4817,760561.2451488972,0.016,11761.229148897226,52,11761.229148897226,resnet50,3.267008096915896
734272c01926d19690e5ec308bab64ef97950b75b1c7582283e0783fce1751d8,313c03f53a0d31f70aec25f62efb33e7dd779725ca4af579018452d1204beaad,55020.16361498833,0.167,11819.996614988326,3,11819.996614988326,googlenet,3.2833323930523126
734272c01926d19690e5ec308bab64ef97950b75b1c7582283e0783fce1751d8,313c03f53a0d31f70aec25f62efb33e7dd779725ca4af579018452d1204beaad,55080.299010038376,0.295,11880.004010038378,3,11880.004010038378,googlenet,3.3000011138995493
17c37a0fdd5d1932b755c0e6447137bc08fd524f455e14fdac414f584de08dc5,c9f8e30e36d1aef62c10b3cfca6e289a93848a148d876dd514753040314f4817,760681.2732639313,0.012,11881.261263931287,52,11881.261263931287,resnet50,3.3003503510920242
734272c01926d19690e5ec308bab64ef97950b75b1c7582283e0783fce1751d8,313c03f53a0d31f70aec25f62efb33e7dd779725ca4af579018452d1204beaad,55140.1692070961,0.163,11940.0062070961,3,11940.0062070961,googlenet,3.3166683908600274
734272c01926d19690e5ec308bab64ef97950b75b1c7582283e0783fce1751d8,313c03f53a0d31f70aec25f62efb33e7dd779725ca4af579018452d1204beaad,55200.15177989006,0.136,12000.015779890062,3,12000.015779890062,googlenet,3.3333377166361284
85479ef37b5dc75dd5aeca3bab499129b97a134dac5d740d2c68941de9d63031,1f33077bb2db73fd76a51e40e43f20173e3f038dd3f3705551751cf7724c3c40,861616.5142591,16.493,12000.021259099944,59,12000.021259099944,alexnet,3.333339238638873
85479ef37b5dc75dd5aeca3bab499129b97a134dac5d740d2c68941de9d63031,cd9f7f333d59aede8088772edac3bff78c45e2dad8eb498b450b9af511452a36,861660.3446600437,60.323,12000.021660043742,59,12000.021660043742,efficientnet,3.3333393500121504
17c37a0fdd5d1932b755c0e6447137bc08fd524f455e14fdac414f584de08dc5,c9f8e30e36d1aef62c10b3cfca6e289a93848a148d876dd514753040314f4817,760801.261029005,0.064,12001.197029005038,52,12001.197029005038,resnet50,3.3336658413902884
734272c01926d19690e5ec308bab64ef97950b75b1c7582283e0783fce1751d8,9b61fd55aa093a2d172db1a68a60af5cf6cbfa7f5ea1fbc71846027a5954616d,760818.1396920681,15.257,12002.882692068117,52,12002.882692068117,bert,3.3341340811300326
734272c01926d19690e5ec308bab64ef97950b75b1c7582283e0783fce1751d8,9b61fd55aa093a2d172db1a68a60af5cf6cbfa7f5ea1fbc71846027a5954616d,760817.9908409119,14.971,12003.019840911846,52,12003.019840911846,bert,3.3341721780310682
734272c01926d19690e5ec308bab64ef97950b75b1c7582283e0783fce1751d8,9b61fd55aa093a2d172db1a68a60af5cf6cbfa7f5ea1fbc71846027a5954616d,760818.1601819992,15.139,12003.02118199924,52,12003.02118199924,bert,3.3341725505553446
734272c01926d19690e5ec308bab64ef97950b75b1c7582283e0783fce1751d8,9b61fd55aa093a2d172db1a68a60af5cf6cbfa7f5ea1fbc71846027a5954616d,760818.1583840847,15.137,12003.021384084714,52,12003.021384084714,bert,3.334172606690198
734272c01926d19690e5ec308bab64ef97950b75b1c7582283e0783fce1751d8,9b61fd55aa093a2d172db1a68a60af5cf6cbfa7f5ea1fbc71846027a5954616d,760818.1209900379,15.099,12003.021990037872,52,12003.021990037872,bert,3.3341727750105203
734272c01926d19690e5ec308bab64ef97950b75b1c7582283e0783fce1751d8,9b61fd55aa093a2d172db1a68a60af5cf6cbfa7f5ea1fbc71846027a5954616d,760817.9970850945,14.974,12003.023085094406,52,12003.023085094406,bert,3.3341730791928907
734272c01926d19690e5ec308bab64ef97950b75b1c7582283e0783fce1751d8,9b61fd55aa093a2d172db1a68a60af5cf6cbfa7f5ea1fbc71846027a5954616d,760818.1386470795,15.115,12003.023647079477,52,12003.023647079477,bert,3.3341732352998545
734272c01926d19690e5ec308bab64ef97950b75b1c7582283e0783fce1751d8,9b61fd55aa093a2d172db1a68a60af5cf6cbfa7f5ea1fbc71846027a5954616d,760817.9893848896,14.965,12003.024384889635,52,12003.024384889635,bert,3.334173440247121
734272c01926d19690e5ec308bab64ef97950b75b1c7582283e0783fce1751d8,9b61fd55aa093a2d172db1a68a60af5cf6cbfa7f5ea1fbc71846027a5954616d,760817.9662189484,14.939,12003.027218948351,52,12003.027218948351,bert,3.334174227485653
734272c01926d19690e5ec308bab64ef97950b75b1c7582283e0783fce1751d8,9b61fd55aa093a2d172db1a68a60af5cf6cbfa7f5ea1fbc71846027a5954616d,760817.9694809914,14.94,12003.02948099142,52,12003.02948099142,bert,3.3341748558309496
734272c01926d19690e5ec308bab64ef97950b75b1c7582283e0783fce1751d8,9b61fd55aa093a2d172db1a68a60af5cf6cbfa7f5ea1fbc71846027a5954616d,760817.9986560345,14.969,12003.029656034429,52,12003.029656034429,bert,3.334174904454008
734272c01926d19690e5ec308bab64ef97950b75b1c7582283e0783fce1751d8,9b61fd55aa093a2d172db1a68a60af5cf6cbfa7f5ea1fbc71846027a5954616d,760817.9999821186,14.969,12003.030982118566,52,12003.030982118566,bert,3.334175272810713
734272c01926d19690e5ec308bab64ef97950b75b1c7582283e0783fce1751d8,9b61fd55aa093a2d172db1a68a60af5cf6cbfa7f5ea1fbc71846027a5954616d,760818.0012469292,14.97,12003.031246929197,52,12003.031246929197,bert,3.3341753463692214
734272c01926d19690e5ec308bab64ef97950b75b1c7582283e0783fce1751d8,9b61fd55aa093a2d172db1a68a60af5cf6cbfa7f5ea1fbc71846027a5954616d,760817.9675610065,14.935,12003.03256100649,52,12003.03256100649,bert,3.334175711390692
734272c01926d19690e5ec308bab64ef97950b75b1c7582283e0783fce1751d8,9b61fd55aa093a2d172db1a68a60af5cf6cbfa7f5ea1fbc71846027a5954616d,760818.015750885,14.982,12003.03375088505,52,12003.03375088505,bert,3.3341760419125137
734272c01926d19690e5ec308bab64ef97950b75b1c7582283e0783fce1751d8,9b61fd55aa093a2d172db1a68a60af5cf6cbfa7f5ea1fbc71846027a5954616d,760817.823941946,14.766,12003.057941946085,52,12003.057941946085,bert,3.3341827616516904
734272c01926d19690e5ec308bab64ef97950b75b1c7582283e0783fce1751d8,9b61fd55aa093a2d172db1a68a60af5cf6cbfa7f5ea1fbc71846027a5954616d,760818.5364151001,0.139,12018.397415100131,52,12018.397415100131,bert,3.338443726416703
734272c01926d19690e5ec308bab64ef97950b75b1c7582283e0783fce1751d8,9b61fd55aa093a2d172db1a68a60af5cf6cbfa7f5ea1fbc71846027a5954616d,760818.4771060944,0.078,12018.39910609438,52,12018.39910609438,bert,3.338444196137328
734272c01926d19690e5ec308bab64ef97950b75b1c7582283e0783fce1751d8,9b61fd55aa093a2d172db1a68a60af5cf6cbfa7f5ea1fbc71846027a5954616d,760818.5492269993,0.15,12018.39922699926,52,12018.39922699926,bert,3.3384442297220165
734272c01926d19690e5ec308bab64ef97950b75b1c7582283e0783fce1751d8,9b61fd55aa093a2d172db1a68a60af5cf6cbfa7f5ea1fbc71846027a5954616d,760818.8671689034,0.467,12018.400168903405,52,12018.400168903405,bert,3.338444491362057
734272c01926d19690e5ec308bab64ef97950b75b1c7582283e0783fce1751d8,9b61fd55aa093a2d172db1a68a60af5cf6cbfa7f5ea1fbc71846027a5954616d,760818.7955920696,0.394,12018.401592069655,52,12018.401592069655,bert,3.3384448866860152
734272c01926d19690e5ec308bab64ef97950b75b1c7582283e0783fce1751d8,313c03f53a0d31f70aec25f62efb33e7dd779725ca4af579018452d1204beaad,55260.14342999458,0.132,12060.011429994585,3,12060.011429994585,googlenet,3.3500031749984958
734272c01926d19690e5ec308bab64ef97950b75b1c7582283e0783fce1751d8,313c03f53a0d31f70aec25f62efb33e7dd779725ca4af579018452d1204beaad,55320.12617301941,0.118,12120.008173019407,3,12120.008173019407,googlenet,3.3666689369498353
17c37a0fdd5d1932b755c0e6447137bc08fd524f455e14fdac414f584de08dc5,c9f8e30e36d1aef62c10b3cfca6e289a93848a148d876dd514753040314f4817,760921.2491850853,0.017,12121.232185085304,52,12121.232185085304,resnet50,3.3670089403014734
734272c01926d19690e5ec308bab64ef97950b75b1c7582283e0783fce1751d8,313c03f53a0d31f70aec25f62efb33e7dd779725ca4af579018452d1204beaad,55380.20811009407,0.187,12180.021110094072,3,12180.021110094072,googlenet,3.3833391972483535
734272c01926d19690e5ec308bab64ef97950b75b1c7582283e0783fce1751d8,313c03f53a0d31f70aec25f62efb33e7dd779725ca4af579018452d1204beaad,55440.28974103928,0.289,12240.000741039286,3,12240.000741039286,googlenet,3.400000205844246
17c37a0fdd5d1932b755c0e6447137bc08fd524f455e14fdac414f584de08dc5,c9f8e30e36d1aef62c10b3cfca6e289a93848a148d876dd514753040314f4817,761041.1938591003,0.018,12241.175859100302,52,12241.175859100302,resnet50,3.4003266275278614
734272c01926d19690e5ec308bab64ef97950b75b1c7582283e0783fce1751d8,313c03f53a0d31f70aec25f62efb33e7dd779725ca4af579018452d1204beaad,55500.1487801075,0.143,12300.005780107502,3,12300.005780107502,googlenet,3.416668272252084
85479ef37b5dc75dd5aeca3bab499129b97a134dac5d740d2c68941de9d63031,cd9f7f333d59aede8088772edac3bff78c45e2dad8eb498b450b9af511452a36,861961.7558710575,61.739,12300.016871057567,59,12300.016871057567,efficientnet,3.4166713530715462
85479ef37b5dc75dd5aeca3bab499129b97a134dac5d740d2c68941de9d63031,1f33077bb2db73fd76a51e40e43f20173e3f038dd3f3705551751cf7724c3c40,861919.3000080585,19.283,12300.017008058494,59,12300.017008058494,alexnet,3.4166713911273594
734272c01926d19690e5ec308bab64ef97950b75b1c7582283e0783fce1751d8,313c03f53a0d31f70aec25f62efb33e7dd779725ca4af579018452d1204beaad,55560.13761901856,0.126,12360.011619018565,3,12360.011619018565,googlenet,3.4333365608384905
17c37a0fdd5d1932b755c0e6447137bc08fd524f455e14fdac414f584de08dc5,c9f8e30e36d1aef62c10b3cfca6e289a93848a148d876dd514753040314f4817,761161.3444490433,0.013,12361.331449043239,52,12361.331449043239,resnet50,3.4337031802897884
734272c01926d19690e5ec308bab64ef97950b75b1c7582283e0783fce1751d8,313c03f53a0d31f70aec25f62efb33e7dd779725ca4af579018452d1204beaad,55620.13388395309,0.137,12419.996883953085,3,12419.996883953085,googlenet,3.4499991344314123
734272c01926d19690e5ec308bab64ef97950b75b1c7582283e0783fce1751d8,313c03f53a0d31f70aec25f62efb33e7dd779725ca4af579018452d1204beaad,55680.16656398773,0.117,12480.049563987734,3,12480.049563987734,googlenet,3.466680434441037
17c37a0fdd5d1932b755c0e6447137bc08fd524f455e14fdac414f584de08dc5,c9f8e30e36d1aef62c10b3cfca6e289a93848a148d876dd514753040314f4817,761281.3020091057,0.021,12481.281009105733,52,12481.281009105733,resnet50,3.46702250252937
734272c01926d19690e5ec308bab64ef97950b75b1c7582283e0783fce1751d8,313c03f53a0d31f70aec25f62efb33e7dd779725ca4af579018452d1204beaad,55740.17245602608,0.134,12540.038456026079,3,12540.038456026079,googlenet,3.4833440155627997
734272c01926d19690e5ec308bab64ef97950b75b1c7582283e0783fce1751d8,313c03f53a0d31f70aec25f62efb33e7dd779725ca4af579018452d1204beaad,55800.19123792648,0.152,12600.039237926481,3,12600.039237926481,googlenet,3.5000108994240224
85479ef37b5dc75dd5aeca3bab499129b97a134dac5d740d2c68941de9d63031,1f33077bb2db73fd76a51e40e43f20173e3f038dd3f3705551751cf7724c3c40,862215.5523340702,15.488,12600.064334070194,59,12600.064334070194,alexnet,3.500017870575054
85479ef37b5dc75dd5aeca3bab499129b97a134dac5d740d2c68941de9d63031,cd9f7f333d59aede8088772edac3bff78c45e2dad8eb498b450b9af511452a36,862314.0025019646,113.938,12600.064501964604,59,12600.064501964604,efficientnet,3.5000179172123898
17c37a0fdd5d1932b755c0e6447137bc08fd524f455e14fdac414f584de08dc5,c9f8e30e36d1aef62c10b3cfca6e289a93848a148d876dd514753040314f4817,761401.3424499035,0.017,12601.325449903496,52,12601.325449903496,resnet50,3.5003681805287488
734272c01926d19690e5ec308bab64ef97950b75b1c7582283e0783fce1751d8,9b61fd55aa093a2d172db1a68a60af5cf6cbfa7f5ea1fbc71846027a5954616d,761404.1783230305,0.032,12604.146323030465,52,12604.146323030465,bert,3.5011517563973515
734272c01926d19690e5ec308bab64ef97950b75b1c7582283e0783fce1751d8,9b61fd55aa093a2d172db1a68a60af5cf6cbfa7f5ea1fbc71846027a5954616d,761404.1863648891,0.04,12604.146364889108,52,12604.146364889108,bert,3.501151768024752
734272c01926d19690e5ec308bab64ef97950b75b1c7582283e0783fce1751d8,9b61fd55aa093a2d172db1a68a60af5cf6cbfa7f5ea1fbc71846027a5954616d,761404.1961650848,0.049,12604.14716508484,52,12604.14716508484,bert,3.5011519903013446
734272c01926d19690e5ec308bab64ef97950b75b1c7582283e0783fce1751d8,9b61fd55aa093a2d172db1a68a60af5cf6cbfa7f5ea1fbc71846027a5954616d,761404.206346035,0.059,12604.147346034995,52,12604.147346034995,bert,3.5011520405652763
734272c01926d19690e5ec308bab64ef97950b75b1c7582283e0783fce1751d8,9b61fd55aa093a2d172db1a68a60af5cf6cbfa7f5ea1fbc71846027a5954616d,761404.215763092,0.067,12604.148763092002,52,12604.148763092002,bert,3.501152434192223
734272c01926d19690e5ec308bab64ef97950b75b1c7582283e0783fce1751d8,9b61fd55aa093a2d172db1a68a60af5cf6cbfa7f5ea1fbc71846027a5954616d,761404.2688269615,0.12,12604.148826961522,52,12604.148826961522,bert,3.501152451933756
734272c01926d19690e5ec308bab64ef97950b75b1c7582283e0783fce1751d8,9b61fd55aa093a2d172db1a68a60af5cf6cbfa7f5ea1fbc71846027a5954616d,761404.2297389507,0.076,12604.153738950728,52,12604.153738950728,bert,3.5011538163752025
734272c01926d19690e5ec308bab64ef97950b75b1c7582283e0783fce1751d8,9b61fd55aa093a2d172db1a68a60af5cf6cbfa7f5ea1fbc71846027a5954616d,761404.8367769718,0.683,12604.153776971856,52,12604.153776971856,bert,3.5011538269366267
734272c01926d19690e5ec308bab64ef97950b75b1c7582283e0783fce1751d8,9b61fd55aa093a2d172db1a68a60af5cf6cbfa7f5ea1fbc71846027a5954616d,761404.2490980625,0.095,12604.154098062543,52,12604.154098062543,bert,3.501153916128484
734272c01926d19690e5ec308bab64ef97950b75b1c7582283e0783fce1751d8,9b61fd55aa093a2d172db1a68a60af5cf6cbfa7f5ea1fbc71846027a5954616d,761404.8378989697,0.683,12604.15489896969,52,12604.15489896969,bert,3.5011541386026916
734272c01926d19690e5ec308bab64ef97950b75b1c7582283e0783fce1751d8,9b61fd55aa093a2d172db1a68a60af5cf6cbfa7f5ea1fbc71846027a5954616d,761404.8474149704,0.692,12604.155414970359,52,12604.155414970359,bert,3.501154281936211
734272c01926d19690e5ec308bab64ef97950b75b1c7582283e0783fce1751d8,9b61fd55aa093a2d172db1a68a60af5cf6cbfa7f5ea1fbc71846027a5954616d,761404.2774219513,0.119,12604.158421951346,52,12604.158421951346,bert,3.5011551172087074
734272c01926d19690e5ec308bab64ef97950b75b1c7582283e0783fce1751d8,9b61fd55aa093a2d172db1a68a60af5cf6cbfa7f5ea1fbc71846027a5954616d,761404.3075311184,0.148,12604.159531118348,52,12604.159531118348,bert,3.5011554253106523
734272c01926d19690e5ec308bab64ef97950b75b1c7582283e0783fce1751d8,9b61fd55aa093a2d172db1a68a60af5cf6cbfa7f5ea1fbc71846027a5954616d,761404.2979269028,0.138,12604.159926902736,52,12604.159926902736,bert,3.50115553525076
734272c01926d19690e5ec308bab64ef97950b75b1c7582283e0783fce1751d8,9b61fd55aa093a2d172db1a68a60af5cf6cbfa7f5ea1fbc71846027a5954616d,761404.839936018,0.679,12604.160936017986,52,12604.160936017986,bert,3.5011558155605518
734272c01926d19690e5ec308bab64ef97950b75b1c7582283e0783fce1751d8,9b61fd55aa093a2d172db1a68a60af5cf6cbfa7f5ea1fbc71846027a5954616d,761404.3222711086,0.161,12604.161271108664,52,12604.161271108664,bert,3.5011559086412953
734272c01926d19690e5ec308bab64ef97950b75b1c7582283e0783fce1751d8,9b61fd55aa093a2d172db1a68a60af5cf6cbfa7f5ea1fbc71846027a5954616d,761404.4756169319,0.156,12604.319616931956,52,12604.319616931956,bert,3.50119989359221
734272c01926d19690e5ec308bab64ef97950b75b1c7582283e0783fce1751d8,9b61fd55aa093a2d172db1a68a60af5cf6cbfa7f5ea1fbc71846027a5954616d,761404.4333069324,0.113,12604.320306932437,52,12604.320306932437,bert,3.5012000852590104
734272c01926d19690e5ec308bab64ef97950b75b1c7582283e0783fce1751d8,9b61fd55aa093a2d172db1a68a60af5cf6cbfa7f5ea1fbc71846027a5954616d,761404.8388419151,0.518,12604.32084191509,52,12604.32084191509,bert,3.501200233865303
734272c01926d19690e5ec308bab64ef97950b75b1c7582283e0783fce1751d8,9b61fd55aa093a2d172db1a68a60af5cf6cbfa7f5ea1fbc71846027a5954616d,761404.8448688984,0.523,12604.321868898347,52,12604.321868898347,bert,3.50120051913843
734272c01926d19690e5ec308bab64ef97950b75b1c7582283e0783fce1751d8,9b61fd55aa093a2d172db1a68a60af5cf6cbfa7f5ea1fbc71846027a5954616d,761404.8459579945,0.524,12604.321957994485,52,12604.321957994485,bert,3.5012005438873572
734272c01926d19690e5ec308bab64ef97950b75b1c7582283e0783fce1751d8,313c03f53a0d31f70aec25f62efb33e7dd779725ca4af579018452d1204beaad,55860.17890095711,0.139,12660.039900957105,3,12660.039900957105,googlenet,3.5166777502658624
734272c01926d19690e5ec308bab64ef97950b75b1c7582283e0783fce1751d8,313c03f53a0d31f70aec25f62efb33e7dd779725ca4af579018452d1204beaad,55920.13678789139,0.121,12720.015787891389,3,12720.015787891389,googlenet,3.533337718858719
17c37a0fdd5d1932b755c0e6447137bc08fd524f455e14fdac414f584de08dc5,c9f8e30e36d1aef62c10b3cfca6e289a93848a148d876dd514753040314f4817,761521.3112690449,0.021,12721.290269044926,52,12721.290269044926,resnet50,3.5336917414013684
734272c01926d19690e5ec308bab64ef97950b75b1c7582283e0783fce1751d8,313c03f53a0d31f70aec25f62efb33e7dd779725ca4af579018452d1204beaad,55980.1495320797,0.135,12780.014532079695,3,12780.014532079695,googlenet,3.550004036688804
734272c01926d19690e5ec308bab64ef97950b75b1c7582283e0783fce1751d8,313c03f53a0d31f70aec25f62efb33e7dd779725ca4af579018452d1204beaad,56040.12508201599,0.119,12840.006082015992,3,12840.006082015992,googlenet,3.5666683561155534
17c37a0fdd5d1932b755c0e6447137bc08fd524f455e14fdac414f584de08dc5,c9f8e30e36d1aef62c10b3cfca6e289a93848a148d876dd514753040314f4817,761642.6596729755,0.016,12842.643672975595,52,12842.643672975595,resnet50,3.5674010202709985
734272c01926d19690e5ec308bab64ef97950b75b1c7582283e0783fce1751d8,313c03f53a0d31f70aec25f62efb33e7dd779725ca4af579018452d1204beaad,56100.15325593949,0.129,12900.02425593949,3,12900.02425593949,googlenet,3.5833400710943026
85479ef37b5dc75dd5aeca3bab499129b97a134dac5d740d2c68941de9d63031,cd9f7f333d59aede8088772edac3bff78c45e2dad8eb498b450b9af511452a36,862582.1949019432,82.135,12900.059901943197,59,12900.059901943197,efficientnet,3.5833499727619995
85479ef37b5dc75dd5aeca3bab499129b97a134dac5d740d2c68941de9d63031,1f33077bb2db73fd76a51e40e43f20173e3f038dd3f3705551751cf7724c3c40,862516.1102190018,16.05,12900.060219001723,59,12900.060219001723,alexnet,3.583350060833812
734272c01926d19690e5ec308bab64ef97950b75b1c7582283e0783fce1751d8,313c03f53a0d31f70aec25f62efb33e7dd779725ca4af579018452d1204beaad,56160.13553595543,0.124,12960.011535955426,3,12960.011535955426,googlenet,3.600003204432063
17c37a0fdd5d1932b755c0e6447137bc08fd524f455e14fdac414f584de08dc5,c9f8e30e36d1aef62c10b3cfca6e289a93848a148d876dd514753040314f4817,761761.2343940735,0.019,12961.215394073515,52,12961.215394073515,resnet50,3.6003376094648654
734272c01926d19690e5ec308bab64ef97950b75b1c7582283e0783fce1751d8,313c03f53a0d31f70aec25f62efb33e7dd779725ca4af579018452d1204beaad,56220.18992304802,0.187,13020.002923048021,3,13020.002923048021,googlenet,3.6166674786244504
734272c01926d19690e5ec308bab64ef97950b75b1c7582283e0783fce1751d8,313c03f53a0d31f70aec25f62efb33e7dd779725ca4af579018452d1204beaad,56280.13624501228,0.121,13080.015245012284,3,13080.015245012284,googlenet,3.633337568058968
17c37a0fdd5d1932b755c0e6447137bc08fd524f455e14fdac414f584de08dc5,c9f8e30e36d1aef62c10b3cfca6e289a93848a148d876dd514753040314f4817,761881.2828629017,0.012,13081.2708629017,52,13081.2708629017,resnet50,3.6336863508060278
734272c01926d19690e5ec308bab64ef97950b75b1c7582283e0783fce1751d8,313c03f53a0d31f70aec25f62efb33e7dd779725ca4af579018452d1204beaad,56340.31248688698,0.296,13140.016486886976,3,13140.016486886976,googlenet,3.6500045796908265
734272c01926d19690e5ec308bab64ef97950b75b1c7582283e0783fce1751d8,313c03f53a0d31f70aec25f62efb33e7dd779725ca4af579018452d1204beaad,56400.149034023285,0.151,13199.998034023287,3,13199.998034023287,googlenet,3.666666120562024
85479ef37b5dc75dd5aeca3bab499129b97a134dac5d740d2c68941de9d63031,cd9f7f333d59aede8088772edac3bff78c45e2dad8eb498b450b9af511452a36,862861.6201729774,61.602,13200.018172977492,59,13200.018172977492,efficientnet,3.66667171471597
85479ef37b5dc75dd5aeca3bab499129b97a134dac5d740d2c68941de9d63031,1f33077bb2db73fd76a51e40e43f20173e3f038dd3f3705551751cf7724c3c40,862816.2007060051,16.182,13200.018706005067,59,13200.018706005067,alexnet,3.666671862779185
17c37a0fdd5d1932b755c0e6447137bc08fd524f455e14fdac414f584de08dc5,c9f8e30e36d1aef62c10b3cfca6e289a93848a148d876dd514753040314f4817,762001.2040290833,0.017,13201.18702908326,52,13201.18702908326,resnet50,3.666996396967572
734272c01926d19690e5ec308bab64ef97950b75b1c7582283e0783fce1751d8,9b61fd55aa093a2d172db1a68a60af5cf6cbfa7f5ea1fbc71846027a5954616d,762002.3118989468,1.082,13201.229898946709,52,13201.229898946709,bert,3.667008305262975
734272c01926d19690e5ec308bab64ef97950b75b1c7582283e0783fce1751d8,9b61fd55aa093a2d172db1a68a60af5cf6cbfa7f5ea1fbc71846027a5954616d,762002.3106911182,1.08,13201.230691118282,52,13201.230691118282,bert,3.667008525310634
734272c01926d19690e5ec308bab64ef97950b75b1c7582283e0783fce1751d8,9b61fd55aa093a2d172db1a68a60af5cf6cbfa7f5ea1fbc71846027a5954616d,762002.3234770298,1.092,13201.231477029854,52,13201.231477029854,bert,3.667008743619404
734272c01926d19690e5ec308bab64ef97950b75b1c7582283e0783fce1751d8,9b61fd55aa093a2d172db1a68a60af5cf6cbfa7f5ea1fbc71846027a5954616d,762002.3306219578,1.099,13201.231621957733,52,13201.231621957733,bert,3.667008783877148
734272c01926d19690e5ec308bab64ef97950b75b1c7582283e0783fce1751d8,9b61fd55aa093a2d172db1a68a60af5cf6cbfa7f5ea1fbc71846027a5954616d,762002.3147289753,1.082,13201.232728975243,52,13201.232728975243,bert,3.667009091382012
734272c01926d19690e5ec308bab64ef97950b75b1c7582283e0783fce1751d8,9b61fd55aa093a2d172db1a68a60af5cf6cbfa7f5ea1fbc71846027a5954616d,762002.4103460312,1.177,13201.233346031164,52,13201.233346031164,bert,3.6670092627864346
734272c01926d19690e5ec308bab64ef97950b75b1c7582283e0783fce1751d8,9b61fd55aa093a2d172db1a68a60af5cf6cbfa7f5ea1fbc71846027a5954616d,762002.3133919239,1.08,13201.233391923946,52,13201.233391923946,bert,3.6670092755344297
734272c01926d19690e5ec308bab64ef97950b75b1c7582283e0783fce1751d8,9b61fd55aa093a2d172db1a68a60af5cf6cbfa7f5ea1fbc71846027a5954616d,762002.6338601112,1.4,13201.233860111213,52,13201.233860111213,bert,3.667009405586448
734272c01926d19690e5ec308bab64ef97950b75b1c7582283e0783fce1751d8,9b61fd55aa093a2d172db1a68a60af5cf6cbfa7f5ea1fbc71846027a5954616d,762002.6389300823,1.405,13201.233930082293,52,13201.233930082293,bert,3.6670094250228593
734272c01926d19690e5ec308bab64ef97950b75b1c7582283e0783fce1751d8,9b61fd55aa093a2d172db1a68a60af5cf6cbfa7f5ea1fbc71846027a5954616d,762002.7017569542,1.467,13201.234756954247,52,13201.234756954247,bert,3.667009654709513
734272c01926d19690e5ec308bab64ef97950b75b1c7582283e0783fce1751d8,9b61fd55aa093a2d172db1a68a60af5cf6cbfa7f5ea1fbc71846027a5954616d,762002.3205480576,1.085,13201.235548057593,52,13201.235548057593,bert,3.6670098744604425
734272c01926d19690e5ec308bab64ef97950b75b1c7582283e0783fce1751d8,9b61fd55aa093a2d172db1a68a60af5cf6cbfa7f5ea1fbc71846027a5954616d,762002.3218379021,1.086,13201.235837902059,52,13201.235837902059,bert,3.667009954972794
734272c01926d19690e5ec308bab64ef97950b75b1c7582283e0783fce1751d8,9b61fd55aa093a2d172db1a68a60af5cf6cbfa7f5ea1fbc71846027a5954616d,762002.3336060047,1.097,13201.236606004764,52,13201.236606004764,bert,3.6670101683346568
734272c01926d19690e5ec308bab64ef97950b75b1c7582283e0783fce1751d8,9b61fd55aa093a2d172db1a68a60af5cf6cbfa7f5ea1fbc71846027a5954616d,762002.3320660591,1.091,13201.241066059098,52,13201.241066059098,bert,3.6670114072386384
734272c01926d19690e5ec308bab64ef97950b75b1c7582283e0783fce1751d8,9b61fd55aa093a2d172db1a68a60af5cf6cbfa7f5ea1fbc71846027a5954616d,762002.3345749378,1.093,13201.241574937827,52,13201.241574937827,bert,3.667011548593841
734272c01926d19690e5ec308bab64ef97950b75b1c7582283e0783fce1751d8,9b61fd55aa093a2d172db1a68a60af5cf6cbfa7f5ea1fbc71846027a5954616d,762002.3292438984,1.087,13201.242243898334,52,13201.242243898334,bert,3.667011734416204
734272c01926d19690e5ec308bab64ef97950b75b1c7582283e0783fce1751d8,9b61fd55aa093a2d172db1a68a60af5cf6cbfa7f5ea1fbc71846027a5954616d,762002.7027420998,0.107,13202.595742099802,52,13202.595742099802,bert,3.667387706138834
734272c01926d19690e5ec308bab64ef97950b75b1c7582283e0783fce1751d8,9b61fd55aa093a2d172db1a68a60af5cf6cbfa7f5ea1fbc71846027a5954616d,762002.6797881126,0.083,13202.596788112656,52,13202.596788112656,bert,3.66738799669796
734272c01926d19690e5ec308bab64ef97950b75b1c7582283e0783fce1751d8,9b61fd55aa093a2d172db1a68a60af5cf6cbfa7f5ea1fbc71846027a5954616d,762002.7001450062,0.103,13202.597145006177,52,13202.597145006177,bert,3.667388095835049
734272c01926d19690e5ec308bab64ef97950b75b1c7582283e0783fce1751d8,9b61fd55aa093a2d172db1a68a60af5cf6cbfa7f5ea1fbc71846027a5954616d,762002.7830159664,0.185,13202.59801596636,52,13202.59801596636,bert,3.667388337768433
734272c01926d19690e5ec308bab64ef97950b75b1c7582283e0783fce1751d8,9b61fd55aa093a2d172db1a68a60af5cf6cbfa7f5ea1fbc71846027a5954616d,762002.7633140087,0.165,13202.598314008676,52,13202.598314008676,bert,3.667388420557965
734272c01926d19690e5ec308bab64ef97950b75b1c7582283e0783fce1751d8,313c03f53a0d31f70aec25f62efb33e7dd779725ca4af579018452d1204beaad,56460.11821389198,0.117,13260.001213891985,3,13260.001213891985,googlenet,3.6833336705255513
734272c01926d19690e5ec308bab64ef97950b75b1c7582283e0783fce1751d8,313c03f53a0d31f70aec25f62efb33e7dd779725ca4af579018452d1204beaad,56520.13603591919,0.123,13320.01303591919,3,13320.01303591919,googlenet,3.7000036210886638
17c37a0fdd5d1932b755c0e6447137bc08fd524f455e14fdac414f584de08dc5,c9f8e30e36d1aef62c10b3cfca6e289a93848a148d876dd514753040314f4817,762121.2649281025,0.018,13321.246928102453,52,13321.246928102453,resnet50,3.700346368917348
734272c01926d19690e5ec308bab64ef97950b75b1c7582283e0783fce1751d8,313c03f53a0d31f70aec25f62efb33e7dd779725ca4af579018452d1204beaad,56580.13713097572,0.127,13380.010130975723,3,13380.010130975723,googlenet,3.7166694808265897
734272c01926d19690e5ec308bab64ef97950b75b1c7582283e0783fce1751d8,313c03f53a0d31f70aec25f62efb33e7dd779725ca4af579018452d1204beaad,56640.12086391449,0.124,13439.996863914486,3,13439.996863914486,googlenet,3.7333324621984683
17c37a0fdd5d1932b755c0e6447137bc08fd524f455e14fdac414f584de08dc5,c9f8e30e36d1aef62c10b3cfca6e289a93848a148d876dd514753040314f4817,762241.2336289883,0.016,13441.217628988321,52,13441.217628988321,resnet50,3.733671563607867
734272c01926d19690e5ec308bab64ef97950b75b1c7582283e0783fce1751d8,313c03f53a0d31f70aec25f62efb33e7dd779725ca4af579018452d1204beaad,56700.14034795761,0.129,13500.01134795761,3,13500.01134795761,googlenet,3.7500031522104473
85479ef37b5dc75dd5aeca3bab499129b97a134dac5d740d2c68941de9d63031,cd9f7f333d59aede8088772edac3bff78c45e2dad8eb498b450b9af511452a36,863167.0289208889,67.005,13500.023920888896,59,13500.023920888896,efficientnet,3.7500066446913602
85479ef37b5dc75dd5aeca3bab499129b97a134dac5d740d2c68941de9d63031,1f33077bb2db73fd76a51e40e43f20173e3f038dd3f3705551751cf7724c3c40,863119.697740078,19.673,13500.02474007802,59,13500.02474007802,alexnet,3.750006872243895
734272c01926d19690e5ec308bab64ef97950b75b1c7582283e0783fce1751d8,313c03f53a0d31f70aec25f62efb33e7dd779725ca4af579018452d1204beaad,56760.12598109245,0.125,13560.000981092453,3,13560.000981092453,googlenet,3.766666939192348
17c37a0fdd5d1932b755c0e6447137bc08fd524f455e14fdac414f584de08dc5,c9f8e30e36d1aef62c10b3cfca6e289a93848a148d876dd514753040314f4817,762361.2328929901,0.013,13561.219892990077,52,13561.219892990077,resnet50,3.767005525830577
734272c01926d19690e5ec308bab64ef97950b75b1c7582283e0783fce1751d8,313c03f53a0d31f70aec25f62efb33e7dd779725ca4af579018452d1204beaad,56820.20846605301,0.211,13619.997466053006,3,13619.997466053006,googlenet,3.7833326294591685
734272c01926d19690e5ec308bab64ef97950b75b1c7582283e0783fce1751d8,313c03f53a0d31f70aec25f62efb33e7dd779725ca4af579018452d1204beaad,56880.13357710838,0.129,13680.004577108382,3,13680.004577108382,googlenet,3.8000012714189952
17c37a0fdd5d1932b755c0e6447137bc08fd524f455e14fdac414f584de08dc5,c9f8e30e36d1aef62c10b3cfca6e289a93848a148d876dd514753040314f4817,762481.4044559002,0.014,13681.390455900226,52,13681.390455900226,resnet50,3.800386237750063
734272c01926d19690e5ec308bab64ef97950b75b1c7582283e0783fce1751d8,313c03f53a0d31f70aec25f62efb33e7dd779725ca4af579018452d1204beaad,56940.29901599884,0.281,13740.018015998838,3,13740.018015998838,googlenet,3.816671671110788
734272c01926d19690e5ec308bab64ef97950b75b1c7582283e0783fce1751d8,313c03f53a0d31f70aec25f62efb33e7dd779725ca4af579018452d1204beaad,57000.130955934525,0.127,13800.003955934524,3,13800.003955934524,googlenet,3.8333344322040346
85479ef37b5dc75dd5aeca3bab499129b97a134dac5d740d2c68941de9d63031,cd9f7f333d59aede8088772edac3bff78c45e2dad8eb498b450b9af511452a36,863459.8455491066,59.817,13800.028549106559,59,13800.028549106559,efficientnet,3.833341263640711
85479ef37b5dc75dd5aeca3bab499129b97a134dac5d740d2c68941de9d63031,1f33077bb2db73fd76a51e40e43f20173e3f038dd3f3705551751cf7724c3c40,863414.5309889317,14.502,13800.028988931677,59,13800.028988931677,alexnet,3.833341385814355
17c37a0fdd5d1932b755c0e6447137bc08fd524f455e14fdac414f584de08dc5,c9f8e30e36d1aef62c10b3cfca6e289a93848a148d876dd514753040314f4817,762601.2803249359,0.014,13801.266324935947,52,13801.266324935947,resnet50,3.8336850902599853
734272c01926d19690e5ec308bab64ef97950b75b1c7582283e0783fce1751d8,313c03f53a0d31f70aec25f62efb33e7dd779725ca4af579018452d1204beaad,57060.29756903648,0.297,13860.000569036478,3,13860.000569036478,googlenet,3.850000158065688
734272c01926d19690e5ec308bab64ef97950b75b1c7582283e0783fce1751d8,313c03f53a0d31f70aec25f62efb33e7dd779725ca4af579018452d1204beaad,57120.12450909615,0.122,13920.00250909615,3,13920.00250909615,googlenet,3.8666673636378195
17c37a0fdd5d1932b755c0e6447137bc08fd524f455e14fdac414f584de08dc5,c9f8e30e36d1aef62c10b3cfca6e289a93848a148d876dd514753040314f4817,762721.2535219193,0.019,13921.23452191928,52,13921.23452191928,resnet50,3.867009589422022
734272c01926d19690e5ec308bab64ef97950b75b1c7582283e0783fce1751d8,313c03f53a0d31f70aec25f62efb33e7dd779725ca4af579018452d1204beaad,57180.1526389122,0.152,13980.000638912199,3,13980.000638912199,googlenet,3.8833335108089444
734272c01926d19690e5ec308bab64ef97950b75b1c7582283e0783fce1751d8,313c03f53a0d31f70aec25f62efb33e7dd779725ca4af579018452d1204beaad,57240.20356392861,0.201,14040.00256392861,3,14040.00256392861,googlenet,3.9000007122023916
17c37a0fdd5d1932b755c0e6447137bc08fd524f455e14fdac414f584de08dc5,c9f8e30e36d1aef62c10b3cfca6e289a93848a148d876dd514753040314f4817,762841.2791569233,0.018,14041.261156923254,52,14041.261156923254,resnet50,3.9003503213675708
734272c01926d19690e5ec308bab64ef97950b75b1c7582283e0783fce1751d8,313c03f53a0d31f70aec25f62efb33e7dd779725ca4af579018452d1204beaad,57300.22758388519,0.222,14100.005583885191,3,14100.005583885191,googlenet,3.9166682177458867
85479ef37b5dc75dd5aeca3bab499129b97a134dac5d740d2c68941de9d63031,1f33077bb2db73fd76a51e40e43f20173e3f038dd3f3705551751cf7724c3c40,863714.113642931,14.1,14100.013642931008,59,14100.013642931008,alexnet,3.9166704563697246
85479ef37b5dc75dd5aeca3bab499129b97a134dac5d740d2c68941de9d63031,cd9f7f333d59aede8088772edac3bff78c45e2dad8eb498b450b9af511452a36,863766.812652111,66.799,14100.013652111054,59,14100.013652111054,efficientnet,3.916670458919737
734272c01926d19690e5ec308bab64ef97950b75b1c7582283e0783fce1751d8,313c03f53a0d31f70aec25f62efb33e7dd779725ca4af579018452d1204beaad,57360.16012597084,0.152,14160.008125970839,3,14160.008125970839,googlenet,3.933335590547455
17c37a0fdd5d1932b755c0e6447137bc08fd524f455e14fdac414f584de08dc5,c9f8e30e36d1aef62c10b3cfca6e289a93848a148d876dd514753040314f4817,762961.3255500793,0.017,14161.308550079353,52,14161.308550079353,resnet50,3.933696819466487
734272c01926d19690e5ec308bab64ef97950b75b1c7582283e0783fce1751d8,313c03f53a0d31f70aec25f62efb33e7dd779725ca4af579018452d1204beaad,57420.15164899826,0.154,14219.997648998258,3,14219.997648998258,googlenet,3.9499993469439607
734272c01926d19690e5ec308bab64ef97950b75b1c7582283e0783fce1751d8,313c03f53a0d31f70aec25f62efb33e7dd779725ca4af579018452d1204beaad,57480.15257406235,0.152,14280.000574062346,3,14280.000574062346,googlenet,3.9666668261284292
17c37a0fdd5d1932b755c0e6447137bc08fd524f455e14fdac414f584de08dc5,c9f8e30e36d1aef62c10b3cfca6e289a93848a148d876dd514753040314f4817,763081.3518280983,0.018,14281.333828098257,52,14281.333828098257,resnet50,3.967037174471738
734272c01926d19690e5ec308bab64ef97950b75b1c7582283e0783fce1751d8,313c03f53a0d31f70aec25f62efb33e7dd779725ca4af579018452d1204beaad,57540.14155292511,0.129,14340.012552925109,3,14340.012552925109,googlenet,3.9833368202569748
