app,func,end_timestamp,duration,arrival_time,arrival_time_fix,trace_id,minute_bin
37a025445321ed431e18bd48a4770a00e4adce4bd3a7a3c43b3238f69a5b148b,ce872156aeace3e8141b278f60c55f3eb344bf25cc612eca0d400e3c38d3b753,331221.6127951145,6.087,15.525795114517678,331215.52430421446,23,5520
37a025445321ed431e18bd48a4770a00e4adce4bd3a7a3c43b3238f69a5b148b,ce872156aeace3e8141b278f60c55f3eb344bf25cc612eca0d400e3c38d3b753,331221.4742729664,5.706,15.7682729663793,331215.7667820663,23,5520
37a025445321ed431e18bd48a4770a00e4adce4bd3a7a3c43b3238f69a5b148b,ce872156aeace3e8141b278f60c55f3eb344bf25cc612eca0d400e3c38d3b753,331235.92354393005,14.242,21.681543930026237,331221.68005302997,23,5520
37a025445321ed431e18bd48a4770a00e4adce4bd3a7a3c43b3238f69a5b148b,ce872156aeace3e8141b278f60c55f3eb344bf25cc612eca0d400e3c38d3b753,331241.3649199009,5.372,35.99291990092024,331235.99142900086,23,5520
37a025445321ed431e18bd48a4770a00e4adce4bd3a7a3c43b3238f69a5b148b,ce872156aeace3e8141b278f60c55f3eb344bf25cc612eca0d400e3c38d3b753,331243.97381806374,7.86,36.11381806374993,331236.1123271637,23,5520
37a025445321ed431e18bd48a4770a00e4adce4bd3a7a3c43b3238f69a5b148b,ce872156aeace3e8141b278f60c55f3eb344bf25cc612eca0d400e3c38d3b753,331244.02543592453,2.581,41.44443592452444,331241.44294502446,23,5520
37a025445321ed431e18bd48a4770a00e4adce4bd3a7a3c43b3238f69a5b148b,ce872156aeace3e8141b278f60c55f3eb344bf25cc612eca0d400e3c38d3b753,331260.0706830025,16.036,44.03468300245004,331244.0331921024,23,5520
37a025445321ed431e18bd48a4770a00e4adce4bd3a7a3c43b3238f69a5b148b,ce872156aeace3e8141b278f60c55f3eb344bf25cc612eca0d400e3c38d3b753,331260.1223599911,16.054,44.06835999106988,331244.066869091,23,5520
37a025445321ed431e18bd48a4770a00e4adce4bd3a7a3c43b3238f69a5b148b,ce872156aeace3e8141b278f60c55f3eb344bf25cc612eca0d400e3c38d3b753,331264.1222579479,4.002,60.12025794794317,331260.1187670479,23,5521
37a025445321ed431e18bd48a4770a00e4adce4bd3a7a3c43b3238f69a5b148b,ce872156aeace3e8141b278f60c55f3eb344bf25cc612eca0d400e3c38d3b753,331264.13381910324,3.968,60.165819103247486,331260.1643282032,23,5521
37a025445321ed431e18bd48a4770a00e4adce4bd3a7a3c43b3238f69a5b148b,ce872156aeace3e8141b278f60c55f3eb344bf25cc612eca0d400e3c38d3b753,331267.1164391041,2.952,64.16443910408998,331264.16294820403,23,5521
37a025445321ed431e18bd48a4770a00e4adce4bd3a7a3c43b3238f69a5b148b,ce872156aeace3e8141b278f60c55f3eb344bf25cc612eca0d400e3c38d3b753,331267.68262791634,3.512,64.17062791634817,331264.1691370163,23,5521
37a025445321ed431e18bd48a4770a00e4adce4bd3a7a3c43b3238f69a5b148b,ce872156aeace3e8141b278f60c55f3eb344bf25cc612eca0d400e3c38d3b753,331291.32473802567,17.961,73.36373802565504,331273.3622471256,23,5521
37a025445321ed431e18bd48a4770a00e4adce4bd3a7a3c43b3238f69a5b148b,ce872156aeace3e8141b278f60c55f3eb344bf25cc612eca0d400e3c38d3b753,331293.85239195824,17.984,75.86839195823995,331275.8669010582,23,5521
37a025445321ed431e18bd48a4770a00e4adce4bd3a7a3c43b3238f69a5b148b,ce872156aeace3e8141b278f60c55f3eb344bf25cc612eca0d400e3c38d3b753,331361.3922379017,2.795,158.59723790170392,331358.59574700164,23,5522
37a025445321ed431e18bd48a4770a00e4adce4bd3a7a3c43b3238f69a5b148b,ce872156aeace3e8141b278f60c55f3eb344bf25cc612eca0d400e3c38d3b753,331393.780659914,9.984,183.79665991401998,331383.79516901396,23,5523
37a025445321ed431e18bd48a4770a00e4adce4bd3a7a3c43b3238f69a5b148b,ce872156aeace3e8141b278f60c55f3eb344bf25cc612eca0d400e3c38d3b753,331387.3748960495,2.075,185.29989604948787,331385.2984051494,23,5523
37a025445321ed431e18bd48a4770a00e4adce4bd3a7a3c43b3238f69a5b148b,ce872156aeace3e8141b278f60c55f3eb344bf25cc612eca0d400e3c38d3b753,331396.43534493446,2.449,193.98634493444115,331393.9848540344,23,5523
37a025445321ed431e18bd48a4770a00e4adce4bd3a7a3c43b3238f69a5b148b,ce872156aeace3e8141b278f60c55f3eb344bf25cc612eca0d400e3c38d3b753,331397.39594197273,0.909,196.48694197274745,331396.4854510727,23,5523
37a025445321ed431e18bd48a4770a00e4adce4bd3a7a3c43b3238f69a5b148b,ce872156aeace3e8141b278f60c55f3eb344bf25cc612eca0d400e3c38d3b753,331400.33596396446,3.027,197.30896396446042,331397.3074730644,23,5523
37a025445321ed431e18bd48a4770a00e4adce4bd3a7a3c43b3238f69a5b148b,ce872156aeace3e8141b278f60c55f3eb344bf25cc612eca0d400e3c38d3b753,331401.8166561127,4.371,197.44565611268627,331397.4441652126,23,5523
37a025445321ed431e18bd48a4770a00e4adce4bd3a7a3c43b3238f69a5b148b,ce872156aeace3e8141b278f60c55f3eb344bf25cc612eca0d400e3c38d3b753,331403.2484369278,2.868,200.38043692777865,331400.3789460277,23,5523
37a025445321ed431e18bd48a4770a00e4adce4bd3a7a3c43b3238f69a5b148b,ce872156aeace3e8141b278f60c55f3eb344bf25cc612eca0d400e3c38d3b753,331405.30096793175,3.428,201.872967931733,331401.8714770317,23,5523
37a025445321ed431e18bd48a4770a00e4adce4bd3a7a3c43b3238f69a5b148b,ce872156aeace3e8141b278f60c55f3eb344bf25cc612eca0d400e3c38d3b753,331416.6224451065,13.306,203.31644510652404,331403.31495420646,23,5523
37a025445321ed431e18bd48a4770a00e4adce4bd3a7a3c43b3238f69a5b148b,ce872156aeace3e8141b278f60c55f3eb344bf25cc612eca0d400e3c38d3b753,331416.6287798881,11.289,205.3397798881051,331405.33828898804,23,5523
37a025445321ed431e18bd48a4770a00e4adce4bd3a7a3c43b3238f69a5b148b,ce872156aeace3e8141b278f60c55f3eb344bf25cc612eca0d400e3c38d3b753,331437.745513916,16.442,221.30351391603472,331421.302023016,23,5523
37a025445321ed431e18bd48a4770a00e4adce4bd3a7a3c43b3238f69a5b148b,ce872156aeace3e8141b278f60c55f3eb344bf25cc612eca0d400e3c38d3b753,331437.75606799126,12.113,225.6430679912446,331425.6415770912,23,5523
37a025445321ed431e18bd48a4770a00e4adce4bd3a7a3c43b3238f69a5b148b,ce872156aeace3e8141b278f60c55f3eb344bf25cc612eca0d400e3c38d3b753,331443.2604520321,5.471,237.78945203206968,331437.787961132,23,5523
37a025445321ed431e18bd48a4770a00e4adce4bd3a7a3c43b3238f69a5b148b,ce872156aeace3e8141b278f60c55f3eb344bf25cc612eca0d400e3c38d3b753,331441.3724761009,3.547,237.82547610090114,331437.82398520084,23,5523
37a025445321ed431e18bd48a4770a00e4adce4bd3a7a3c43b3238f69a5b148b,ce872156aeace3e8141b278f60c55f3eb344bf25cc612eca0d400e3c38d3b753,331538.5391418934,9.434,329.10514189337846,331529.1036509933,23,5525
37a025445321ed431e18bd48a4770a00e4adce4bd3a7a3c43b3238f69a5b148b,ce872156aeace3e8141b278f60c55f3eb344bf25cc612eca0d400e3c38d3b753,331553.80036211014,15.214,338.5863621101598,331538.5848712101,23,5525
37a025445321ed431e18bd48a4770a00e4adce4bd3a7a3c43b3238f69a5b148b,ce872156aeace3e8141b278f60c55f3eb344bf25cc612eca0d400e3c38d3b753,331559.4551670552,5.609,353.8461670551915,331553.84467615513,23,5525
37a025445321ed431e18bd48a4770a00e4adce4bd3a7a3c43b3238f69a5b148b,ce872156aeace3e8141b278f60c55f3eb344bf25cc612eca0d400e3c38d3b753,331564.8803920746,5.249,359.63139207457425,331559.6299011745,23,5525
37a025445321ed431e18bd48a4770a00e4adce4bd3a7a3c43b3238f69a5b148b,ce872156aeace3e8141b278f60c55f3eb344bf25cc612eca0d400e3c38d3b753,331597.8545238972,4.6,393.2545238971943,331593.25303299713,23,5526
37a025445321ed431e18bd48a4770a00e4adce4bd3a7a3c43b3238f69a5b148b,ce872156aeace3e8141b278f60c55f3eb344bf25cc612eca0d400e3c38d3b753,331625.19375801086,28.607,396.5867580108461,331596.5852671108,23,5526
37a025445321ed431e18bd48a4770a00e4adce4bd3a7a3c43b3238f69a5b148b,ce872156aeace3e8141b278f60c55f3eb344bf25cc612eca0d400e3c38d3b753,331625.139731884,27.242,397.8977318839752,331597.8962409839,23,5526
37a025445321ed431e18bd48a4770a00e4adce4bd3a7a3c43b3238f69a5b148b,ce872156aeace3e8141b278f60c55f3eb344bf25cc612eca0d400e3c38d3b753,331625.1665201187,23.918,401.24852011870826,331601.24702921865,23,5526
37a025445321ed431e18bd48a4770a00e4adce4bd3a7a3c43b3238f69a5b148b,ce872156aeace3e8141b278f60c55f3eb344bf25cc612eca0d400e3c38d3b753,331631.8323659897,6.643,425.1893659897032,331625.18787508964,23,5527
37a025445321ed431e18bd48a4770a00e4adce4bd3a7a3c43b3238f69a5b148b,ce872156aeace3e8141b278f60c55f3eb344bf25cc612eca0d400e3c38d3b753,331632.32464003563,7.099,425.22564003564185,331625.2241491356,23,5527
37a025445321ed431e18bd48a4770a00e4adce4bd3a7a3c43b3238f69a5b148b,ce872156aeace3e8141b278f60c55f3eb344bf25cc612eca0d400e3c38d3b753,331631.70578598976,6.468,425.2377859897679,331625.2362950897,23,5527
37a025445321ed431e18bd48a4770a00e4adce4bd3a7a3c43b3238f69a5b148b,ce872156aeace3e8141b278f60c55f3eb344bf25cc612eca0d400e3c38d3b753,331648.92559695244,17.168,431.75759695243323,331631.7561060524,23,5527
37a025445321ed431e18bd48a4770a00e4adce4bd3a7a3c43b3238f69a5b148b,ce872156aeace3e8141b278f60c55f3eb344bf25cc612eca0d400e3c38d3b753,331643.1772749424,11.301,431.8762749424204,331631.87478404236,23,5527
37a025445321ed431e18bd48a4770a00e4adce4bd3a7a3c43b3238f69a5b148b,ce872156aeace3e8141b278f60c55f3eb344bf25cc612eca0d400e3c38d3b753,331656.320661068,7.352,448.96866106800735,331648.96717016795,23,5527
37a025445321ed431e18bd48a4770a00e4adce4bd3a7a3c43b3238f69a5b148b,ce872156aeace3e8141b278f60c55f3eb344bf25cc612eca0d400e3c38d3b753,331656.34029102325,4.615,451.7252910232637,331651.7238001232,23,5527
37a025445321ed431e18bd48a4770a00e4adce4bd3a7a3c43b3238f69a5b148b,ce872156aeace3e8141b278f60c55f3eb344bf25cc612eca0d400e3c38d3b753,331670.4181330204,14.046,456.372133020428,331656.37064212037,23,5527
37a025445321ed431e18bd48a4770a00e4adce4bd3a7a3c43b3238f69a5b148b,ce872156aeace3e8141b278f60c55f3eb344bf25cc612eca0d400e3c38d3b753,331670.34886693954,13.96,456.3888669395237,331656.38737603946,23,5527
37a025445321ed431e18bd48a4770a00e4adce4bd3a7a3c43b3238f69a5b148b,ce872156aeace3e8141b278f60c55f3eb344bf25cc612eca0d400e3c38d3b753,331672.1736769676,15.679,456.4946769676171,331656.49318606756,23,5527
37a025445321ed431e18bd48a4770a00e4adce4bd3a7a3c43b3238f69a5b148b,ce872156aeace3e8141b278f60c55f3eb344bf25cc612eca0d400e3c38d3b753,331701.3767960072,12.759,488.61779600719456,331688.61630510713,23,5528
37a025445321ed431e18bd48a4770a00e4adce4bd3a7a3c43b3238f69a5b148b,ce872156aeace3e8141b278f60c55f3eb344bf25cc612eca0d400e3c38d3b753,331691.4301459789,2.785,488.6451459789532,331688.6436550789,23,5528
37a025445321ed431e18bd48a4770a00e4adce4bd3a7a3c43b3238f69a5b148b,ce872156aeace3e8141b278f60c55f3eb344bf25cc612eca0d400e3c38d3b753,331712.76842808723,17.797,494.971428087214,331694.96993718715,23,5528
37a025445321ed431e18bd48a4770a00e4adce4bd3a7a3c43b3238f69a5b148b,ce872156aeace3e8141b278f60c55f3eb344bf25cc612eca0d400e3c38d3b753,331714.8543050289,13.428,501.42630502890097,331701.42481412884,23,5528
37a025445321ed431e18bd48a4770a00e4adce4bd3a7a3c43b3238f69a5b148b,ce872156aeace3e8141b278f60c55f3eb344bf25cc612eca0d400e3c38d3b753,331727.2687339783,18.139,509.1297339782468,331709.1282430782,23,5528
37a025445321ed431e18bd48a4770a00e4adce4bd3a7a3c43b3238f69a5b148b,ce872156aeace3e8141b278f60c55f3eb344bf25cc612eca0d400e3c38d3b753,331728.34381604195,15.48,512.863816041965,331712.8623251419,23,5528
37a025445321ed431e18bd48a4770a00e4adce4bd3a7a3c43b3238f69a5b148b,ce872156aeace3e8141b278f60c55f3eb344bf25cc612eca0d400e3c38d3b753,331731.89553809166,3.506,528.3895380916656,331728.3880471916,23,5528
37a025445321ed431e18bd48a4770a00e4adce4bd3a7a3c43b3238f69a5b148b,ce872156aeace3e8141b278f60c55f3eb344bf25cc612eca0d400e3c38d3b753,331739.86876511574,7.969,531.8997651157551,331731.8982742157,23,5528
37a025445321ed431e18bd48a4770a00e4adce4bd3a7a3c43b3238f69a5b148b,ce872156aeace3e8141b278f60c55f3eb344bf25cc612eca0d400e3c38d3b753,331739.4488399029,7.497,531.9518399029039,331731.95034900284,23,5528
37a025445321ed431e18bd48a4770a00e4adce4bd3a7a3c43b3238f69a5b148b,ce872156aeace3e8141b278f60c55f3eb344bf25cc612eca0d400e3c38d3b753,331763.2170529365,21.364,541.8530529364944,331741.85156203643,23,5529
37a025445321ed431e18bd48a4770a00e4adce4bd3a7a3c43b3238f69a5b148b,ce872156aeace3e8141b278f60c55f3eb344bf25cc612eca0d400e3c38d3b753,331762.2617959976,20.022,542.2397959976224,331742.23830509756,23,5529
37a025445321ed431e18bd48a4770a00e4adce4bd3a7a3c43b3238f69a5b148b,ce872156aeace3e8141b278f60c55f3eb344bf25cc612eca0d400e3c38d3b753,331767.49025797844,5.186,562.3042579784524,331762.3027670784,23,5529
37a025445321ed431e18bd48a4770a00e4adce4bd3a7a3c43b3238f69a5b148b,ce872156aeace3e8141b278f60c55f3eb344bf25cc612eca0d400e3c38d3b753,331788.4225668907,22.069,566.3535668906989,331766.35207599064,23,5529
37a025445321ed431e18bd48a4770a00e4adce4bd3a7a3c43b3238f69a5b148b,ce872156aeace3e8141b278f60c55f3eb344bf25cc612eca0d400e3c38d3b753,331843.03186798096,9.584,633.4478679809836,331833.4463770809,23,5530
37a025445321ed431e18bd48a4770a00e4adce4bd3a7a3c43b3238f69a5b148b,ce872156aeace3e8141b278f60c55f3eb344bf25cc612eca0d400e3c38d3b753,331848.02492809296,4.937,643.0879280929803,331843.0864371929,23,5530
37a025445321ed431e18bd48a4770a00e4adce4bd3a7a3c43b3238f69a5b148b,ce872156aeace3e8141b278f60c55f3eb344bf25cc612eca0d400e3c38d3b753,331845.8677420616,2.589,643.2787420616369,331843.2772511616,23,5530
37a025445321ed431e18bd48a4770a00e4adce4bd3a7a3c43b3238f69a5b148b,ce872156aeace3e8141b278f60c55f3eb344bf25cc612eca0d400e3c38d3b753,331857.90635609627,11.997,645.9093560962938,331845.90786519623,23,5530
37a025445321ed431e18bd48a4770a00e4adce4bd3a7a3c43b3238f69a5b148b,ce872156aeace3e8141b278f60c55f3eb344bf25cc612eca0d400e3c38d3b753,331856.9931390285,10.442,646.5511390285101,331846.54964812845,23,5530
37a025445321ed431e18bd48a4770a00e4adce4bd3a7a3c43b3238f69a5b148b,ce872156aeace3e8141b278f60c55f3eb344bf25cc612eca0d400e3c38d3b753,331856.9874250889,8.914,648.0734250888927,331848.07193418883,23,5530
37a025445321ed431e18bd48a4770a00e4adce4bd3a7a3c43b3238f69a5b148b,ce872156aeace3e8141b278f60c55f3eb344bf25cc612eca0d400e3c38d3b753,331860.81169104576,3.775,657.0366910457378,331857.0352001457,23,5530
37a025445321ed431e18bd48a4770a00e4adce4bd3a7a3c43b3238f69a5b148b,ce872156aeace3e8141b278f60c55f3eb344bf25cc612eca0d400e3c38d3b753,331866.4356119633,9.396,657.0396119632642,331857.0381210632,23,5530
37a025445321ed431e18bd48a4770a00e4adce4bd3a7a3c43b3238f69a5b148b,ce872156aeace3e8141b278f60c55f3eb344bf25cc612eca0d400e3c38d3b753,331860.8906080723,2.945,657.9456080722739,331857.9441171722,23,5530
37a025445321ed431e18bd48a4770a00e4adce4bd3a7a3c43b3238f69a5b148b,ce872156aeace3e8141b278f60c55f3eb344bf25cc612eca0d400e3c38d3b753,331866.35605597496,5.489,660.8670559749589,331860.8655650749,23,5531
37a025445321ed431e18bd48a4770a00e4adce4bd3a7a3c43b3238f69a5b148b,ce872156aeace3e8141b278f60c55f3eb344bf25cc612eca0d400e3c38d3b753,331875.1022539139,14.17,660.9322539138957,331860.93076301384,23,5531
37a025445321ed431e18bd48a4770a00e4adce4bd3a7a3c43b3238f69a5b148b,ce872156aeace3e8141b278f60c55f3eb344bf25cc612eca0d400e3c38d3b753,331880.4356060028,14.022,666.4136060028104,331866.41211510275,23,5531
37a025445321ed431e18bd48a4770a00e4adce4bd3a7a3c43b3238f69a5b148b,ce872156aeace3e8141b278f60c55f3eb344bf25cc612eca0d400e3c38d3b753,331926.4347000122,17.075,709.3597000121954,331909.35820911214,23,5531
37a025445321ed431e18bd48a4770a00e4adce4bd3a7a3c43b3238f69a5b148b,ce872156aeace3e8141b278f60c55f3eb344bf25cc612eca0d400e3c38d3b753,331926.6374630928,15.754,710.8834630927886,331910.8819721927,23,5531
37a025445321ed431e18bd48a4770a00e4adce4bd3a7a3c43b3238f69a5b148b,ce872156aeace3e8141b278f60c55f3eb344bf25cc612eca0d400e3c38d3b753,331932.60315299034,6.107,726.496152990323,331926.49466209026,23,5532
37a025445321ed431e18bd48a4770a00e4adce4bd3a7a3c43b3238f69a5b148b,ce872156aeace3e8141b278f60c55f3eb344bf25cc612eca0d400e3c38d3b753,331935.47908210754,8.795,726.6840821075602,331926.6825912075,23,5532
37a025445321ed431e18bd48a4770a00e4adce4bd3a7a3c43b3238f69a5b148b,ce872156aeace3e8141b278f60c55f3eb344bf25cc612eca0d400e3c38d3b753,331946.1809139252,13.529,732.6519139251905,331932.65042302513,23,5532
37a025445321ed431e18bd48a4770a00e4adce4bd3a7a3c43b3238f69a5b148b,ce872156aeace3e8141b278f60c55f3eb344bf25cc612eca0d400e3c38d3b753,331952.35392189026,16.83,735.5239218902425,331935.5224309902,23,5532
37a025445321ed431e18bd48a4770a00e4adce4bd3a7a3c43b3238f69a5b148b,ce872156aeace3e8141b278f60c55f3eb344bf25cc612eca0d400e3c38d3b753,331948.5996398926,12.215,736.3846398925525,331936.3831489925,23,5532
37a025445321ed431e18bd48a4770a00e4adce4bd3a7a3c43b3238f69a5b148b,ce872156aeace3e8141b278f60c55f3eb344bf25cc612eca0d400e3c38d3b753,331964.28692507744,18.052,746.2349250774132,331946.23343417735,23,5532
37a025445321ed431e18bd48a4770a00e4adce4bd3a7a3c43b3238f69a5b148b,ce872156aeace3e8141b278f60c55f3eb344bf25cc612eca0d400e3c38d3b753,332024.0345919132,40.33,783.704591913207,331983.70310101315,23,5533
37a025445321ed431e18bd48a4770a00e4adce4bd3a7a3c43b3238f69a5b148b,ce872156aeace3e8141b278f60c55f3eb344bf25cc612eca0d400e3c38d3b753,332050.1032180786,25.991,824.1122180786333,332024.1107271786,23,5533
bb0034ea3bcbe04517b985e341b60423898b2b91d605453e46c7711d21f597b0,e40593c3e6576988521de38142553e9f894d32374d11a03979fe3ef18d848eff,1181684.396394968,1.269,883.1273949679453,1181683.125904068,82,19694
37a025445321ed431e18bd48a4770a00e4adce4bd3a7a3c43b3238f69a5b148b,ce872156aeace3e8141b278f60c55f3eb344bf25cc612eca0d400e3c38d3b753,332091.80555295944,6.223,885.582552959444,332085.5810620594,23,5534
37a025445321ed431e18bd48a4770a00e4adce4bd3a7a3c43b3238f69a5b148b,ce872156aeace3e8141b278f60c55f3eb344bf25cc612eca0d400e3c38d3b753,332091.8652689457,4.909,886.9562689457089,332086.95477804565,23,5534
bb0034ea3bcbe04517b985e341b60423898b2b91d605453e46c7711d21f597b0,e40593c3e6576988521de38142553e9f894d32374d11a03979fe3ef18d848eff,1181688.0458340645,0.994,887.0518340645358,1181687.0503431645,82,19694
37a025445321ed431e18bd48a4770a00e4adce4bd3a7a3c43b3238f69a5b148b,ce872156aeace3e8141b278f60c55f3eb344bf25cc612eca0d400e3c38d3b753,332109.37971806526,6.206,903.1737180652563,332103.1722271652,23,5535
37a025445321ed431e18bd48a4770a00e4adce4bd3a7a3c43b3238f69a5b148b,ce872156aeace3e8141b278f60c55f3eb344bf25cc612eca0d400e3c38d3b753,332109.9499208927,6.064,903.8859208927024,332103.88442999264,23,5535
37a025445321ed431e18bd48a4770a00e4adce4bd3a7a3c43b3238f69a5b148b,ce872156aeace3e8141b278f60c55f3eb344bf25cc612eca0d400e3c38d3b753,332109.043610096,4.683,904.3606100959587,332104.3591191959,23,5535
bb0034ea3bcbe04517b985e341b60423898b2b91d605453e46c7711d21f597b0,e40593c3e6576988521de38142553e9f894d32374d11a03979fe3ef18d848eff,1181728.4581570623,1.625,926.8331570622977,1181726.8316661622,82,19695
bb0034ea3bcbe04517b985e341b60423898b2b91d605453e46c7711d21f597b0,e40593c3e6576988521de38142553e9f894d32374d11a03979fe3ef18d848eff,1181729.0468940735,1.086,927.9608940735925,1181727.9594031735,82,19695
37a025445321ed431e18bd48a4770a00e4adce4bd3a7a3c43b3238f69a5b148b,ce872156aeace3e8141b278f60c55f3eb344bf25cc612eca0d400e3c38d3b753,332154.5776360035,5.096,949.4816360034747,332149.4801451034,23,5535
bb0034ea3bcbe04517b985e341b60423898b2b91d605453e46c7711d21f597b0,e40593c3e6576988521de38142553e9f894d32374d11a03979fe3ef18d848eff,1181765.324352026,1.305,964.0193520260509,1181764.017861126,82,19696
bb0034ea3bcbe04517b985e341b60423898b2b91d605453e46c7711d21f597b0,e40593c3e6576988521de38142553e9f894d32374d11a03979fe3ef18d848eff,1181765.2929420471,1.089,964.2039420471992,1181764.2024511471,82,19696
bb0034ea3bcbe04517b985e341b60423898b2b91d605453e46c7711d21f597b0,e40593c3e6576988521de38142553e9f894d32374d11a03979fe3ef18d848eff,1181809.9068140984,0.724,1009.1828140984289,1181809.1813231984,82,19696
bb0034ea3bcbe04517b985e341b60423898b2b91d605453e46c7711d21f597b0,e40593c3e6576988521de38142553e9f894d32374d11a03979fe3ef18d848eff,1181810.8726038933,0.878,1009.994603893254,1181809.9931129932,82,19696
37a025445321ed431e18bd48a4770a00e4adce4bd3a7a3c43b3238f69a5b148b,ce872156aeace3e8141b278f60c55f3eb344bf25cc612eca0d400e3c38d3b753,332218.1450870037,3.513,1014.6320870037307,332214.63059610367,23,5536
37a025445321ed431e18bd48a4770a00e4adce4bd3a7a3c43b3238f69a5b148b,ce872156aeace3e8141b278f60c55f3eb344bf25cc612eca0d400e3c38d3b753,332222.79435300827,4.61,1018.1843530082842,332218.1828621082,23,5536
37a025445321ed431e18bd48a4770a00e4adce4bd3a7a3c43b3238f69a5b148b,ce872156aeace3e8141b278f60c55f3eb344bf25cc612eca0d400e3c38d3b753,332237.84589099884,15.0,1022.8458909988403,332222.8444000988,23,5537
7958f89676bf3653f72cda8f38f6b3c0574dcae5169824a571b6996732dd1425,cc5bb2108cc7daf53f9728ad21f661a8ef9c8b36284bacfcb712e2be87eef842,73078.97844791412,48.591,1030.3874479141232,73030.38595701408,5,1217
37a025445321ed431e18bd48a4770a00e4adce4bd3a7a3c43b3238f69a5b148b,ce872156aeace3e8141b278f60c55f3eb344bf25cc612eca0d400e3c38d3b753,332263.440431118,25.543,1037.8974311180064,332237.89594021795,23,5537
bb0034ea3bcbe04517b985e341b60423898b2b91d605453e46c7711d21f597b0,e40593c3e6576988521de38142553e9f894d32374d11a03979fe3ef18d848eff,1181855.928221941,0.663,1055.265221941052,1181855.263731041,82,19697
bb0034ea3bcbe04517b985e341b60423898b2b91d605453e46c7711d21f597b0,e40593c3e6576988521de38142553e9f894d32374d11a03979fe3ef18d848eff,1181860.3736629486,0.723,1059.6506629486103,1181859.6491720486,82,19697
7958f89676bf3653f72cda8f38f6b3c0574dcae5169824a571b6996732dd1425,cc5bb2108cc7daf53f9728ad21f661a8ef9c8b36284bacfcb712e2be87eef842,73079.58546710014,0.498,1079.0874671001366,73079.08597620009,5,1217
37a025445321ed431e18bd48a4770a00e4adce4bd3a7a3c43b3238f69a5b148b,ce872156aeace3e8141b278f60c55f3eb344bf25cc612eca0d400e3c38d3b753,332303.3393149376,2.196,1101.1433149375953,332301.14182403754,23,5538
37a025445321ed431e18bd48a4770a00e4adce4bd3a7a3c43b3238f69a5b148b,ce872156aeace3e8141b278f60c55f3eb344bf25cc612eca0d400e3c38d3b753,332305.16929101944,1.788,1103.3812910194392,332303.3798001194,23,5538
7958f89676bf3653f72cda8f38f6b3c0574dcae5169824a571b6996732dd1425,cc5bb2108cc7daf53f9728ad21f661a8ef9c8b36284bacfcb712e2be87eef842,73104.6980009079,0.403,1104.2950009078922,73104.29351000785,5,1218
37a025445321ed431e18bd48a4770a00e4adce4bd3a7a3c43b3238f69a5b148b,ce872156aeace3e8141b278f60c55f3eb344bf25cc612eca0d400e3c38d3b753,332319.3068010807,14.098,1105.2088010807056,332305.20731018065,23,5538
37a025445321ed431e18bd48a4770a00e4adce4bd3a7a3c43b3238f69a5b148b,ce872156aeace3e8141b278f60c55f3eb344bf25cc612eca0d400e3c38d3b753,332320.9945070744,10.373,1110.6215070743929,332310.62001617433,23,5538
bb0034ea3bcbe04517b985e341b60423898b2b91d605453e46c7711d21f597b0,e40593c3e6576988521de38142553e9f894d32374d11a03979fe3ef18d848eff,1181913.3448779583,0.759,1112.5858779582195,1181912.5843870582,82,19698
bb0034ea3bcbe04517b985e341b60423898b2b91d605453e46c7711d21f597b0,e40593c3e6576988521de38142553e9f894d32374d11a03979fe3ef18d848eff,1181918.4167370796,2.223,1116.1937370796222,1181916.1922461796,82,19698
37a025445321ed431e18bd48a4770a00e4adce4bd3a7a3c43b3238f69a5b148b,ce872156aeace3e8141b278f60c55f3eb344bf25cc612eca0d400e3c38d3b753,332324.7386190891,1.947,1122.791619089141,332322.7901281891,23,5538
37a025445321ed431e18bd48a4770a00e4adce4bd3a7a3c43b3238f69a5b148b,ce872156aeace3e8141b278f60c55f3eb344bf25cc612eca0d400e3c38d3b753,332337.77430295944,12.996,1124.7783029594575,332324.7768120594,23,5538
37a025445321ed431e18bd48a4770a00e4adce4bd3a7a3c43b3238f69a5b148b,ce872156aeace3e8141b278f60c55f3eb344bf25cc612eca0d400e3c38d3b753,332336.4799590111,8.219,1128.260959011095,332328.25946811103,23,5538
7958f89676bf3653f72cda8f38f6b3c0574dcae5169824a571b6996732dd1425,cc5bb2108cc7daf53f9728ad21f661a8ef9c8b36284bacfcb712e2be87eef842,73137.35797810555,0.415,1136.9429781055514,73136.9414872055,5,1218
7958f89676bf3653f72cda8f38f6b3c0574dcae5169824a571b6996732dd1425,cc5bb2108cc7daf53f9728ad21f661a8ef9c8b36284bacfcb712e2be87eef842,73147.37984895706,0.383,1146.9968489570601,73146.99535805701,5,1219
7958f89676bf3653f72cda8f38f6b3c0574dcae5169824a571b6996732dd1425,cc5bb2108cc7daf53f9728ad21f661a8ef9c8b36284bacfcb712e2be87eef842,73156.56081390381,0.37,1156.1908139038133,73156.18932300377,5,1219
bb0034ea3bcbe04517b985e341b60423898b2b91d605453e46c7711d21f597b0,e40593c3e6576988521de38142553e9f894d32374d11a03979fe3ef18d848eff,1181970.119241953,2.377,1167.7422419528011,1181967.7407510527,82,19699
bb0034ea3bcbe04517b985e341b60423898b2b91d605453e46c7711d21f597b0,e40593c3e6576988521de38142553e9f894d32374d11a03979fe3ef18d848eff,1181973.0496459007,2.535,1170.5146459008101,1181970.5131550007,82,19699
7958f89676bf3653f72cda8f38f6b3c0574dcae5169824a571b6996732dd1425,cc5bb2108cc7daf53f9728ad21f661a8ef9c8b36284bacfcb712e2be87eef842,73188.40993499756,0.374,1188.0359349975624,73188.03444409752,5,1219
7958f89676bf3653f72cda8f38f6b3c0574dcae5169824a571b6996732dd1425,cc5bb2108cc7daf53f9728ad21f661a8ef9c8b36284bacfcb712e2be87eef842,73198.17431211472,0.375,1197.7993121147156,73197.79782121467,5,1219
7958f89676bf3653f72cda8f38f6b3c0574dcae5169824a571b6996732dd1425,cc5bb2108cc7daf53f9728ad21f661a8ef9c8b36284bacfcb712e2be87eef842,73203.25073099136,0.39,1202.860730991364,73202.85924009132,5,1220
bb0034ea3bcbe04517b985e341b60423898b2b91d605453e46c7711d21f597b0,e40593c3e6576988521de38142553e9f894d32374d11a03979fe3ef18d848eff,1182021.2019910812,0.722,1220.4799910811707,1182020.478500181,82,19700
37a025445321ed431e18bd48a4770a00e4adce4bd3a7a3c43b3238f69a5b148b,ce872156aeace3e8141b278f60c55f3eb344bf25cc612eca0d400e3c38d3b753,332423.5169830322,2.045,1221.4719830322429,332421.4704921322,23,5540
bb0034ea3bcbe04517b985e341b60423898b2b91d605453e46c7711d21f597b0,e40593c3e6576988521de38142553e9f894d32374d11a03979fe3ef18d848eff,1182023.4626739025,0.697,1222.7656739025842,1182022.7641830025,82,19700
37a025445321ed431e18bd48a4770a00e4adce4bd3a7a3c43b3238f69a5b148b,ce872156aeace3e8141b278f60c55f3eb344bf25cc612eca0d400e3c38d3b753,332446.4549689293,2.779,1243.6759689293103,332443.67447802925,23,5540
37a025445321ed431e18bd48a4770a00e4adce4bd3a7a3c43b3238f69a5b148b,ce872156aeace3e8141b278f60c55f3eb344bf25cc612eca0d400e3c38d3b753,332462.4061079025,15.913,1246.4931079025264,332446.49161700247,23,5540
7958f89676bf3653f72cda8f38f6b3c0574dcae5169824a571b6996732dd1425,cc5bb2108cc7daf53f9728ad21f661a8ef9c8b36284bacfcb712e2be87eef842,73269.80974507332,0.437,1269.3727450733131,73269.37125417327,5,1221
bb0034ea3bcbe04517b985e341b60423898b2b91d605453e46c7711d21f597b0,e40593c3e6576988521de38142553e9f894d32374d11a03979fe3ef18d848eff,1182082.4202990532,0.688,1281.7322990531102,1182081.730808153,82,19701
bb0034ea3bcbe04517b985e341b60423898b2b91d605453e46c7711d21f597b0,e40593c3e6576988521de38142553e9f894d32374d11a03979fe3ef18d848eff,1182085.081975937,0.956,1284.125975936884,1182084.1244850368,82,19701
7958f89676bf3653f72cda8f38f6b3c0574dcae5169824a571b6996732dd1425,cc5bb2108cc7daf53f9728ad21f661a8ef9c8b36284bacfcb712e2be87eef842,73286.08678603172,0.398,1285.688786031722,73285.68729513168,5,1221
37a025445321ed431e18bd48a4770a00e4adce4bd3a7a3c43b3238f69a5b148b,ce872156aeace3e8141b278f60c55f3eb344bf25cc612eca0d400e3c38d3b753,332501.00429701805,6.407,1294.5972970180446,332494.595806118,23,5541
37a025445321ed431e18bd48a4770a00e4adce4bd3a7a3c43b3238f69a5b148b,ce872156aeace3e8141b278f60c55f3eb344bf25cc612eca0d400e3c38d3b753,332507.5113170147,7.695,1299.8163170146872,332499.8148261146,23,5541
37a025445321ed431e18bd48a4770a00e4adce4bd3a7a3c43b3238f69a5b148b,ce872156aeace3e8141b278f60c55f3eb344bf25cc612eca0d400e3c38d3b753,332509.96715807915,8.827,1301.1401580791571,332501.1386671791,23,5541
37a025445321ed431e18bd48a4770a00e4adce4bd3a7a3c43b3238f69a5b148b,ce872156aeace3e8141b278f60c55f3eb344bf25cc612eca0d400e3c38d3b753,332510.57517790794,3.013,1307.5621779079665,332507.5606870079,23,5541
7958f89676bf3653f72cda8f38f6b3c0574dcae5169824a571b6996732dd1425,cc5bb2108cc7daf53f9728ad21f661a8ef9c8b36284bacfcb712e2be87eef842,73331.87078499794,0.408,1331.4627849979443,73331.4612940979,5,1222
7958f89676bf3653f72cda8f38f6b3c0574dcae5169824a571b6996732dd1425,cc5bb2108cc7daf53f9728ad21f661a8ef9c8b36284bacfcb712e2be87eef842,73334.87882590294,0.442,1334.4368259029434,73334.4353350029,5,1222
bb0034ea3bcbe04517b985e341b60423898b2b91d605453e46c7711d21f597b0,e40593c3e6576988521de38142553e9f894d32374d11a03979fe3ef18d848eff,1182138.7900810242,0.752,1338.038081024075,1182138.036590124,82,19702
bb0034ea3bcbe04517b985e341b60423898b2b91d605453e46c7711d21f597b0,e40593c3e6576988521de38142553e9f894d32374d11a03979fe3ef18d848eff,1182141.7497439384,0.697,1341.0527439385187,1182141.0512530385,82,19702
7958f89676bf3653f72cda8f38f6b3c0574dcae5169824a571b6996732dd1425,cc5bb2108cc7daf53f9728ad21f661a8ef9c8b36284bacfcb712e2be87eef842,73372.65569996834,0.38,1372.2756999683334,73372.27420906829,5,1222
7958f89676bf3653f72cda8f38f6b3c0574dcae5169824a571b6996732dd1425,cc5bb2108cc7daf53f9728ad21f661a8ef9c8b36284bacfcb712e2be87eef842,73373.39910411835,0.378,1373.0211041183502,73373.0196132183,5,1222
7958f89676bf3653f72cda8f38f6b3c0574dcae5169824a571b6996732dd1425,cc5bb2108cc7daf53f9728ad21f661a8ef9c8b36284bacfcb712e2be87eef842,73381.54146003723,0.409,1381.1324600372318,73381.13096913719,5,1223
7958f89676bf3653f72cda8f38f6b3c0574dcae5169824a571b6996732dd1425,cc5bb2108cc7daf53f9728ad21f661a8ef9c8b36284bacfcb712e2be87eef842,73385.23236107826,0.379,1384.8533610782615,73384.85187017822,5,1223
7958f89676bf3653f72cda8f38f6b3c0574dcae5169824a571b6996732dd1425,cc5bb2108cc7daf53f9728ad21f661a8ef9c8b36284bacfcb712e2be87eef842,73386.42555499077,0.403,1386.0225549907627,73386.02106409072,5,1223
bb0034ea3bcbe04517b985e341b60423898b2b91d605453e46c7711d21f597b0,e40593c3e6576988521de38142553e9f894d32374d11a03979fe3ef18d848eff,1182191.795881033,0.664,1391.1318810328376,1182191.1303901328,82,19703
bb0034ea3bcbe04517b985e341b60423898b2b91d605453e46c7711d21f597b0,e40593c3e6576988521de38142553e9f894d32374d11a03979fe3ef18d848eff,1182193.6599531174,1.469,1392.1909531173296,1182192.1894622173,82,19703
7958f89676bf3653f72cda8f38f6b3c0574dcae5169824a571b6996732dd1425,cc5bb2108cc7daf53f9728ad21f661a8ef9c8b36284bacfcb712e2be87eef842,73408.05013298988,0.44,1407.610132989881,73407.60864208984,5,1223
7958f89676bf3653f72cda8f38f6b3c0574dcae5169824a571b6996732dd1425,cc5bb2108cc7daf53f9728ad21f661a8ef9c8b36284bacfcb712e2be87eef842,73441.39920306206,0.38,1441.0192030620528,73441.017712162,5,1224
7958f89676bf3653f72cda8f38f6b3c0574dcae5169824a571b6996732dd1425,cc5bb2108cc7daf53f9728ad21f661a8ef9c8b36284bacfcb712e2be87eef842,73443.54252409935,0.429,1443.1135240993463,73443.1120331993,5,1224
7958f89676bf3653f72cda8f38f6b3c0574dcae5169824a571b6996732dd1425,cc5bb2108cc7daf53f9728ad21f661a8ef9c8b36284bacfcb712e2be87eef842,73445.34929299355,0.368,1444.9812929935433,73444.9798020935,5,1224
bb0034ea3bcbe04517b985e341b60423898b2b91d605453e46c7711d21f597b0,e40593c3e6576988521de38142553e9f894d32374d11a03979fe3ef18d848eff,1182247.401143074,1.522,1445.879143073922,1182245.8776521739,82,19704
bb0034ea3bcbe04517b985e341b60423898b2b91d605453e46c7711d21f597b0,e40593c3e6576988521de38142553e9f894d32374d11a03979fe3ef18d848eff,1182251.105262041,0.697,1450.4082620411646,1182250.406771141,82,19704
7958f89676bf3653f72cda8f38f6b3c0574dcae5169824a571b6996732dd1425,cc5bb2108cc7daf53f9728ad21f661a8ef9c8b36284bacfcb712e2be87eef842,73483.18813896179,0.388,1482.8001389617857,73482.79864806174,5,1224
bb0034ea3bcbe04517b985e341b60423898b2b91d605453e46c7711d21f597b0,e40593c3e6576988521de38142553e9f894d32374d11a03979fe3ef18d848eff,1182299.9684050083,2.051,1497.9174050083384,1182297.9159141083,82,19704
bb0034ea3bcbe04517b985e341b60423898b2b91d605453e46c7711d21f597b0,e40593c3e6576988521de38142553e9f894d32374d11a03979fe3ef18d848eff,1182300.498514891,2.504,1497.9945148909464,1182297.993023991,82,19704
7958f89676bf3653f72cda8f38f6b3c0574dcae5169824a571b6996732dd1425,cc5bb2108cc7daf53f9728ad21f661a8ef9c8b36284bacfcb712e2be87eef842,73504.0722990036,0.497,1503.575299003598,73503.57380810355,5,1225
7958f89676bf3653f72cda8f38f6b3c0574dcae5169824a571b6996732dd1425,cc5bb2108cc7daf53f9728ad21f661a8ef9c8b36284bacfcb712e2be87eef842,73506.46922707558,0.395,1506.0742270755727,73506.07273617553,5,1225
7958f89676bf3653f72cda8f38f6b3c0574dcae5169824a571b6996732dd1425,cc5bb2108cc7daf53f9728ad21f661a8ef9c8b36284bacfcb712e2be87eef842,73538.40623307228,0.371,1538.0352330722817,73538.03374217224,5,1225
7958f89676bf3653f72cda8f38f6b3c0574dcae5169824a571b6996732dd1425,cc5bb2108cc7daf53f9728ad21f661a8ef9c8b36284bacfcb712e2be87eef842,73549.07155394554,0.399,1548.6725539455365,73548.67106304549,5,1225
bb0034ea3bcbe04517b985e341b60423898b2b91d605453e46c7711d21f597b0,e40593c3e6576988521de38142553e9f894d32374d11a03979fe3ef18d848eff,1182356.828193903,1.241,1555.5871939030476,1182355.585703003,82,19705
bb0034ea3bcbe04517b985e341b60423898b2b91d605453e46c7711d21f597b0,e40593c3e6576988521de38142553e9f894d32374d11a03979fe3ef18d848eff,1182361.4141249657,0.959,1560.455124965636,1182360.4536340656,82,19706
7958f89676bf3653f72cda8f38f6b3c0574dcae5169824a571b6996732dd1425,cc5bb2108cc7daf53f9728ad21f661a8ef9c8b36284bacfcb712e2be87eef842,73565.81125307083,0.377,1565.4342530708382,73565.43276217079,5,1226
7958f89676bf3653f72cda8f38f6b3c0574dcae5169824a571b6996732dd1425,cc5bb2108cc7daf53f9728ad21f661a8ef9c8b36284bacfcb712e2be87eef842,73570.3707690239,0.38,1569.9907690238906,73569.98927812384,5,1226
7958f89676bf3653f72cda8f38f6b3c0574dcae5169824a571b6996732dd1425,cc5bb2108cc7daf53f9728ad21f661a8ef9c8b36284bacfcb712e2be87eef842,73576.74389100075,0.392,1576.3518910007406,73576.3504001007,5,1226
7958f89676bf3653f72cda8f38f6b3c0574dcae5169824a571b6996732dd1425,cc5bb2108cc7daf53f9728ad21f661a8ef9c8b36284bacfcb712e2be87eef842,73602.96835803986,0.374,1602.5943580398598,73602.59286713981,5,1226
7958f89676bf3653f72cda8f38f6b3c0574dcae5169824a571b6996732dd1425,cc5bb2108cc7daf53f9728ad21f661a8ef9c8b36284bacfcb712e2be87eef842,73605.02887010574,0.375,1604.6538701057434,73604.6523792057,5,1226
7958f89676bf3653f72cda8f38f6b3c0574dcae5169824a571b6996732dd1425,cc5bb2108cc7daf53f9728ad21f661a8ef9c8b36284bacfcb712e2be87eef842,73606.929749012,0.37,1606.559749011998,73606.55825811195,5,1226
7958f89676bf3653f72cda8f38f6b3c0574dcae5169824a571b6996732dd1425,cc5bb2108cc7daf53f9728ad21f661a8ef9c8b36284bacfcb712e2be87eef842,73608.76409292221,0.403,1608.361092922205,73608.35960202216,5,1226
bb0034ea3bcbe04517b985e341b60423898b2b91d605453e46c7711d21f597b0,e40593c3e6576988521de38142553e9f894d32374d11a03979fe3ef18d848eff,1182418.5749518871,0.968,1617.6069518870208,1182417.605460987,82,19706
bb0034ea3bcbe04517b985e341b60423898b2b91d605453e46c7711d21f597b0,e40593c3e6576988521de38142553e9f894d32374d11a03979fe3ef18d848eff,1182420.5005249977,1.644,1618.8565249976236,1182418.8550340976,82,19706
7958f89676bf3653f72cda8f38f6b3c0574dcae5169824a571b6996732dd1425,cc5bb2108cc7daf53f9728ad21f661a8ef9c8b36284bacfcb712e2be87eef842,73633.86517906189,0.431,1633.4341790618928,73633.43268816185,5,1227
bb0034ea3bcbe04517b985e341b60423898b2b91d605453e46c7711d21f597b0,e40593c3e6576988521de38142553e9f894d32374d11a03979fe3ef18d848eff,1182476.3109118938,0.755,1675.5559118939564,1182475.554420994,82,19707
bb0034ea3bcbe04517b985e341b60423898b2b91d605453e46c7711d21f597b0,e40593c3e6576988521de38142553e9f894d32374d11a03979fe3ef18d848eff,1182480.3371889591,0.82,1679.5171889590565,1182479.515698059,82,19707
7958f89676bf3653f72cda8f38f6b3c0574dcae5169824a571b6996732dd1425,cc5bb2108cc7daf53f9728ad21f661a8ef9c8b36284bacfcb712e2be87eef842,73688.58111095428,0.388,1688.1931109542784,73688.19162005423,5,1228
7958f89676bf3653f72cda8f38f6b3c0574dcae5169824a571b6996732dd1425,cc5bb2108cc7daf53f9728ad21f661a8ef9c8b36284bacfcb712e2be87eef842,73717.68400192261,0.423,1717.2610019226122,73717.25951102257,5,1228
bb0034ea3bcbe04517b985e341b60423898b2b91d605453e46c7711d21f597b0,e40593c3e6576988521de38142553e9f894d32374d11a03979fe3ef18d848eff,1182527.4307899475,0.752,1726.6787899474148,1182526.6772990474,82,19708
7958f89676bf3653f72cda8f38f6b3c0574dcae5169824a571b6996732dd1425,cc5bb2108cc7daf53f9728ad21f661a8ef9c8b36284bacfcb712e2be87eef842,73730.0219271183,0.414,1729.607927118297,73729.60643621825,5,1228
bb0034ea3bcbe04517b985e341b60423898b2b91d605453e46c7711d21f597b0,e40593c3e6576988521de38142553e9f894d32374d11a03979fe3ef18d848eff,1182530.5032720566,0.792,1729.7112720566802,1182529.7097811566,82,19708
7958f89676bf3653f72cda8f38f6b3c0574dcae5169824a571b6996732dd1425,cc5bb2108cc7daf53f9728ad21f661a8ef9c8b36284bacfcb712e2be87eef842,73733.97620010376,0.361,1733.6152001037553,73733.61370920371,5,1228
7958f89676bf3653f72cda8f38f6b3c0574dcae5169824a571b6996732dd1425,cc5bb2108cc7daf53f9728ad21f661a8ef9c8b36284bacfcb712e2be87eef842,73738.4090731144,0.37,1738.0390731143998,73738.03758221435,5,1228
7958f89676bf3653f72cda8f38f6b3c0574dcae5169824a571b6996732dd1425,cc5bb2108cc7daf53f9728ad21f661a8ef9c8b36284bacfcb712e2be87eef842,73748.0482749939,0.432,1747.6162749938958,73747.61478409385,5,1229
7958f89676bf3653f72cda8f38f6b3c0574dcae5169824a571b6996732dd1425,cc5bb2108cc7daf53f9728ad21f661a8ef9c8b36284bacfcb712e2be87eef842,73749.99685192108,0.367,1749.6298519210832,73749.62836102104,5,1229
bb0034ea3bcbe04517b985e341b60423898b2b91d605453e46c7711d21f597b0,e40593c3e6576988521de38142553e9f894d32374d11a03979fe3ef18d848eff,1182577.8210439682,0.826,1776.9950439683162,1182576.9935530683,82,19709
bb0034ea3bcbe04517b985e341b60423898b2b91d605453e46c7711d21f597b0,e40593c3e6576988521de38142553e9f894d32374d11a03979fe3ef18d848eff,1182580.520665884,0.658,1779.862665883964,1182579.861174984,82,19709
7958f89676bf3653f72cda8f38f6b3c0574dcae5169824a571b6996732dd1425,cc5bb2108cc7daf53f9728ad21f661a8ef9c8b36284bacfcb712e2be87eef842,73785.45590806007,0.388,1785.0679080600676,73785.06641716002,5,1229
7958f89676bf3653f72cda8f38f6b3c0574dcae5169824a571b6996732dd1425,cc5bb2108cc7daf53f9728ad21f661a8ef9c8b36284bacfcb712e2be87eef842,73806.17358207703,0.415,1805.7585820770328,73805.75709117699,5,1230
7958f89676bf3653f72cda8f38f6b3c0574dcae5169824a571b6996732dd1425,cc5bb2108cc7daf53f9728ad21f661a8ef9c8b36284bacfcb712e2be87eef842,73806.25399208069,0.376,1805.8779920806846,73805.87650118064,5,1230
7958f89676bf3653f72cda8f38f6b3c0574dcae5169824a571b6996732dd1425,cc5bb2108cc7daf53f9728ad21f661a8ef9c8b36284bacfcb712e2be87eef842,73827.76531004906,0.379,1827.3863100490562,73827.38481914901,5,1230
bb0034ea3bcbe04517b985e341b60423898b2b91d605453e46c7711d21f597b0,e40593c3e6576988521de38142553e9f894d32374d11a03979fe3ef18d848eff,1182630.161631107,0.784,1829.3776311071124,1182629.376140207,82,19710
bb0034ea3bcbe04517b985e341b60423898b2b91d605453e46c7711d21f597b0,e40593c3e6576988521de38142553e9f894d32374d11a03979fe3ef18d848eff,1182634.018572092,0.798,1833.2205720921047,1182633.219081192,82,19710
7958f89676bf3653f72cda8f38f6b3c0574dcae5169824a571b6996732dd1425,cc5bb2108cc7daf53f9728ad21f661a8ef9c8b36284bacfcb712e2be87eef842,73836.88434410095,0.375,1836.5093441009521,73836.5078532009,5,1230
7958f89676bf3653f72cda8f38f6b3c0574dcae5169824a571b6996732dd1425,cc5bb2108cc7daf53f9728ad21f661a8ef9c8b36284bacfcb712e2be87eef842,73851.9304549694,0.421,1851.509454969404,73851.50796406936,5,1230
bb0034ea3bcbe04517b985e341b60423898b2b91d605453e46c7711d21f597b0,e40593c3e6576988521de38142553e9f894d32374d11a03979fe3ef18d848eff,1182700.310810089,1.394,1898.9168100890238,1182698.915319189,82,19711
bb0034ea3bcbe04517b985e341b60423898b2b91d605453e46c7711d21f597b0,e40593c3e6576988521de38142553e9f894d32374d11a03979fe3ef18d848eff,1182703.159528017,2.146,1901.0135280170944,1182701.012037117,82,19711
7958f89676bf3653f72cda8f38f6b3c0574dcae5169824a571b6996732dd1425,cc5bb2108cc7daf53f9728ad21f661a8ef9c8b36284bacfcb712e2be87eef842,73920.38351893425,0.416,1919.9675189342524,73919.9660280342,5,1231
7958f89676bf3653f72cda8f38f6b3c0574dcae5169824a571b6996732dd1425,cc5bb2108cc7daf53f9728ad21f661a8ef9c8b36284bacfcb712e2be87eef842,73925.17143893242,0.381,1924.7904389324249,73924.78894803238,5,1232
7958f89676bf3653f72cda8f38f6b3c0574dcae5169824a571b6996732dd1425,cc5bb2108cc7daf53f9728ad21f661a8ef9c8b36284bacfcb712e2be87eef842,73933.3671309948,0.375,1932.9921309947968,73932.99064009475,5,1232
bb0034ea3bcbe04517b985e341b60423898b2b91d605453e46c7711d21f597b0,e40593c3e6576988521de38142553e9f894d32374d11a03979fe3ef18d848eff,1182761.8026640415,0.77,1961.0326640415005,1182761.0311731414,82,19712
bb0034ea3bcbe04517b985e341b60423898b2b91d605453e46c7711d21f597b0,e40593c3e6576988521de38142553e9f894d32374d11a03979fe3ef18d848eff,1182765.3375749588,0.926,1964.4115749588236,1182764.4100840588,82,19712
7958f89676bf3653f72cda8f38f6b3c0574dcae5169824a571b6996732dd1425,cc5bb2108cc7daf53f9728ad21f661a8ef9c8b36284bacfcb712e2be87eef842,73978.30630207062,0.386,1977.920302070619,73977.91881117057,5,1232
7958f89676bf3653f72cda8f38f6b3c0574dcae5169824a571b6996732dd1425,cc5bb2108cc7daf53f9728ad21f661a8ef9c8b36284bacfcb712e2be87eef842,73992.87567806244,0.455,1992.4206780624372,73992.41918716239,5,1233
7958f89676bf3653f72cda8f38f6b3c0574dcae5169824a571b6996732dd1425,cc5bb2108cc7daf53f9728ad21f661a8ef9c8b36284bacfcb712e2be87eef842,73999.36737895012,0.364,1999.0033789501176,73999.00188805007,5,1233
7958f89676bf3653f72cda8f38f6b3c0574dcae5169824a571b6996732dd1425,cc5bb2108cc7daf53f9728ad21f661a8ef9c8b36284bacfcb712e2be87eef842,74002.83400893211,0.375,2002.4590089321136,74002.45751803207,5,1233
7958f89676bf3653f72cda8f38f6b3c0574dcae5169824a571b6996732dd1425,cc5bb2108cc7daf53f9728ad21f661a8ef9c8b36284bacfcb712e2be87eef842,74009.74028611183,0.37,2009.3702861118363,74009.36879521179,5,1233
7958f89676bf3653f72cda8f38f6b3c0574dcae5169824a571b6996732dd1425,cc5bb2108cc7daf53f9728ad21f661a8ef9c8b36284bacfcb712e2be87eef842,74018.12366890907,0.372,2017.7516689090698,74017.75017800902,5,1233
bb0034ea3bcbe04517b985e341b60423898b2b91d605453e46c7711d21f597b0,e40593c3e6576988521de38142553e9f894d32374d11a03979fe3ef18d848eff,1182820.285567999,1.256,2019.029567998834,1182819.0280770988,82,19713
bb0034ea3bcbe04517b985e341b60423898b2b91d605453e46c7711d21f597b0,e40593c3e6576988521de38142553e9f894d32374d11a03979fe3ef18d848eff,1182824.3601920605,2.055,2022.3051920605358,1182822.3037011605,82,19713
bb0034ea3bcbe04517b985e341b60423898b2b91d605453e46c7711d21f597b0,e40593c3e6576988521de38142553e9f894d32374d11a03979fe3ef18d848eff,1182875.9835379124,0.674,2075.3095379122533,1182875.3080470122,82,19714
bb0034ea3bcbe04517b985e341b60423898b2b91d605453e46c7711d21f597b0,e40593c3e6576988521de38142553e9f894d32374d11a03979fe3ef18d848eff,1182879.7708449364,0.738,2079.032844936475,1182879.0313540364,82,19714
7958f89676bf3653f72cda8f38f6b3c0574dcae5169824a571b6996732dd1425,cc5bb2108cc7daf53f9728ad21f661a8ef9c8b36284bacfcb712e2be87eef842,74088.8086900711,0.458,2088.3506900711072,74088.34919917106,5,1234
7958f89676bf3653f72cda8f38f6b3c0574dcae5169824a571b6996732dd1425,cc5bb2108cc7daf53f9728ad21f661a8ef9c8b36284bacfcb712e2be87eef842,74106.50279903412,0.421,2106.0817990341166,74106.08030813407,5,1235
7958f89676bf3653f72cda8f38f6b3c0574dcae5169824a571b6996732dd1425,cc5bb2108cc7daf53f9728ad21f661a8ef9c8b36284bacfcb712e2be87eef842,74113.66125488281,0.564,2113.097254882814,74113.09576398277,5,1235
7958f89676bf3653f72cda8f38f6b3c0574dcae5169824a571b6996732dd1425,cc5bb2108cc7daf53f9728ad21f661a8ef9c8b36284bacfcb712e2be87eef842,74115.7130959034,0.368,2115.3450959033944,74115.34360500335,5,1235
7958f89676bf3653f72cda8f38f6b3c0574dcae5169824a571b6996732dd1425,cc5bb2108cc7daf53f9728ad21f661a8ef9c8b36284bacfcb712e2be87eef842,74116.49687290192,0.38,2116.116872901912,74116.11538200187,5,1235
7958f89676bf3653f72cda8f38f6b3c0574dcae5169824a571b6996732dd1425,cc5bb2108cc7daf53f9728ad21f661a8ef9c8b36284bacfcb712e2be87eef842,74122.87703800201,0.375,2122.502038002014,74122.50054710197,5,1235
bb0034ea3bcbe04517b985e341b60423898b2b91d605453e46c7711d21f597b0,e40593c3e6576988521de38142553e9f894d32374d11a03979fe3ef18d848eff,1182928.825289965,0.648,2128.177289964864,1182928.1757990648,82,19715
bb0034ea3bcbe04517b985e341b60423898b2b91d605453e46c7711d21f597b0,e40593c3e6576988521de38142553e9f894d32374d11a03979fe3ef18d848eff,1182931.3791790009,0.753,2130.6261790008284,1182930.6246881008,82,19715
7958f89676bf3653f72cda8f38f6b3c0574dcae5169824a571b6996732dd1425,cc5bb2108cc7daf53f9728ad21f661a8ef9c8b36284bacfcb712e2be87eef842,74179.283659935,0.42,2178.8636599349993,74178.86216903495,5,1236
bb0034ea3bcbe04517b985e341b60423898b2b91d605453e46c7711d21f597b0,e40593c3e6576988521de38142553e9f894d32374d11a03979fe3ef18d848eff,1182988.4169139862,0.774,2187.6429139862303,1182987.6414230862,82,19716
bb0034ea3bcbe04517b985e341b60423898b2b91d605453e46c7711d21f597b0,e40593c3e6576988521de38142553e9f894d32374d11a03979fe3ef18d848eff,1182991.947318077,2.24,2189.7073180770967,1182989.705827177,82,19716
7958f89676bf3653f72cda8f38f6b3c0574dcae5169824a571b6996732dd1425,cc5bb2108cc7daf53f9728ad21f661a8ef9c8b36284bacfcb712e2be87eef842,74215.41885900497,0.405,2215.0138590049755,74215.01236810493,5,1236
bb0034ea3bcbe04517b985e341b60423898b2b91d605453e46c7711d21f597b0,e40593c3e6576988521de38142553e9f894d32374d11a03979fe3ef18d848eff,1183038.5444169044,0.746,2237.7984169044066,1183037.7969260043,82,19717
7958f89676bf3653f72cda8f38f6b3c0574dcae5169824a571b6996732dd1425,cc5bb2108cc7daf53f9728ad21f661a8ef9c8b36284bacfcb712e2be87eef842,74249.76957893372,0.467,2249.3025789337116,74249.30108803367,5,1237
7958f89676bf3653f72cda8f38f6b3c0574dcae5169824a571b6996732dd1425,cc5bb2108cc7daf53f9728ad21f661a8ef9c8b36284bacfcb712e2be87eef842,74263.85667896271,0.438,2263.418678962713,74263.41718806267,5,1237
7958f89676bf3653f72cda8f38f6b3c0574dcae5169824a571b6996732dd1425,cc5bb2108cc7daf53f9728ad21f661a8ef9c8b36284bacfcb712e2be87eef842,74266.76376700401,0.406,2266.3577670040104,74266.35627610396,5,1237
7958f89676bf3653f72cda8f38f6b3c0574dcae5169824a571b6996732dd1425,cc5bb2108cc7daf53f9728ad21f661a8ef9c8b36284bacfcb712e2be87eef842,74279.90489888191,0.542,2279.362898881911,74279.36140798187,5,1237
7958f89676bf3653f72cda8f38f6b3c0574dcae5169824a571b6996732dd1425,cc5bb2108cc7daf53f9728ad21f661a8ef9c8b36284bacfcb712e2be87eef842,74290.8039200306,0.37,2290.4339200305985,74290.43242913055,5,1238
7958f89676bf3653f72cda8f38f6b3c0574dcae5169824a571b6996732dd1425,cc5bb2108cc7daf53f9728ad21f661a8ef9c8b36284bacfcb712e2be87eef842,74298.34418606758,0.38,2297.9641860675765,74297.96269516753,5,1238
bb0034ea3bcbe04517b985e341b60423898b2b91d605453e46c7711d21f597b0,e40593c3e6576988521de38142553e9f894d32374d11a03979fe3ef18d848eff,1183100.457848072,0.994,2299.463848072104,1183099.462357172,82,19718
7958f89676bf3653f72cda8f38f6b3c0574dcae5169824a571b6996732dd1425,cc5bb2108cc7daf53f9728ad21f661a8ef9c8b36284bacfcb712e2be87eef842,74301.71705198288,0.418,2301.2990519828745,74301.29756108283,5,1238
7958f89676bf3653f72cda8f38f6b3c0574dcae5169824a571b6996732dd1425,cc5bb2108cc7daf53f9728ad21f661a8ef9c8b36284bacfcb712e2be87eef842,74307.60347390175,0.391,2307.2124739017454,74307.2109830017,5,1238
bb0034ea3bcbe04517b985e341b60423898b2b91d605453e46c7711d21f597b0,e40593c3e6576988521de38142553e9f894d32374d11a03979fe3ef18d848eff,1183130.5052280426,0.73,2329.775228042621,1183129.7737371426,82,19718
bb0034ea3bcbe04517b985e341b60423898b2b91d605453e46c7711d21f597b0,e40593c3e6576988521de38142553e9f894d32374d11a03979fe3ef18d848eff,1183157.289192915,0.756,2356.5331929149106,1183156.5317020149,82,19719
bb0034ea3bcbe04517b985e341b60423898b2b91d605453e46c7711d21f597b0,e40593c3e6576988521de38142553e9f894d32374d11a03979fe3ef18d848eff,1183186.4137721062,0.677,2385.736772106262,1183185.7352812062,82,19719
bb0034ea3bcbe04517b985e341b60423898b2b91d605453e46c7711d21f597b0,e40593c3e6576988521de38142553e9f894d32374d11a03979fe3ef18d848eff,1183187.0571808815,0.811,2386.2461808815133,1183186.2446899815,82,19719
bb0034ea3bcbe04517b985e341b60423898b2b91d605453e46c7711d21f597b0,e40593c3e6576988521de38142553e9f894d32374d11a03979fe3ef18d848eff,1183211.7747449875,0.792,2410.9827449875884,1183210.9812540875,82,19720
bb0034ea3bcbe04517b985e341b60423898b2b91d605453e46c7711d21f597b0,e40593c3e6576988521de38142553e9f894d32374d11a03979fe3ef18d848eff,1183213.3367700577,0.741,2412.5957700577565,1183212.5942791577,82,19720
bb0034ea3bcbe04517b985e341b60423898b2b91d605453e46c7711d21f597b0,e40593c3e6576988521de38142553e9f894d32374d11a03979fe3ef18d848eff,1183241.0124230385,0.774,2440.238423038507,1183240.2369321384,82,19720
bb0034ea3bcbe04517b985e341b60423898b2b91d605453e46c7711d21f597b0,e40593c3e6576988521de38142553e9f894d32374d11a03979fe3ef18d848eff,1183243.3547980783,1.736,2441.6187980782706,1183241.6173071782,82,19720
bb0034ea3bcbe04517b985e341b60423898b2b91d605453e46c7711d21f597b0,e40593c3e6576988521de38142553e9f894d32374d11a03979fe3ef18d848eff,1183292.9833230972,0.694,2492.2893230973277,1183292.2878321973,82,19721
bb0034ea3bcbe04517b985e341b60423898b2b91d605453e46c7711d21f597b0,e40593c3e6576988521de38142553e9f894d32374d11a03979fe3ef18d848eff,1183295.880108118,0.693,2495.187108118087,1183295.185617218,82,19721
bb0034ea3bcbe04517b985e341b60423898b2b91d605453e46c7711d21f597b0,e40593c3e6576988521de38142553e9f894d32374d11a03979fe3ef18d848eff,1183331.4415609837,0.733,2530.7085609836504,1183330.7070700836,82,19722
bb0034ea3bcbe04517b985e341b60423898b2b91d605453e46c7711d21f597b0,e40593c3e6576988521de38142553e9f894d32374d11a03979fe3ef18d848eff,1183334.530076027,0.777,2533.7530760269146,1183333.7515851269,82,19722
bb0034ea3bcbe04517b985e341b60423898b2b91d605453e46c7711d21f597b0,e40593c3e6576988521de38142553e9f894d32374d11a03979fe3ef18d848eff,1183366.1743850708,0.685,2565.489385070745,1183365.4878941707,82,19722
bb0034ea3bcbe04517b985e341b60423898b2b91d605453e46c7711d21f597b0,e40593c3e6576988521de38142553e9f894d32374d11a03979fe3ef18d848eff,1183368.6693599224,0.855,2567.8143599224277,1183367.8128690224,82,19722
bb0034ea3bcbe04517b985e341b60423898b2b91d605453e46c7711d21f597b0,e40593c3e6576988521de38142553e9f894d32374d11a03979fe3ef18d848eff,1183404.3978309631,0.71,2603.687830963172,1183403.686340063,82,19723
bb0034ea3bcbe04517b985e341b60423898b2b91d605453e46c7711d21f597b0,e40593c3e6576988521de38142553e9f894d32374d11a03979fe3ef18d848eff,1183406.7905158997,0.742,2606.0485158995725,1183406.0470249995,82,19723
bb0034ea3bcbe04517b985e341b60423898b2b91d605453e46c7711d21f597b0,e40593c3e6576988521de38142553e9f894d32374d11a03979fe3ef18d848eff,1183447.0801138878,1.608,2645.4721138877794,1183445.4706229877,82,19724
bb0034ea3bcbe04517b985e341b60423898b2b91d605453e46c7711d21f597b0,e40593c3e6576988521de38142553e9f894d32374d11a03979fe3ef18d848eff,1183449.087191105,0.712,2648.375191104831,1183448.3737002048,82,19724
bb0034ea3bcbe04517b985e341b60423898b2b91d605453e46c7711d21f597b0,e40593c3e6576988521de38142553e9f894d32374d11a03979fe3ef18d848eff,1183482.9181969166,2.333,2680.5851969164796,1183480.5837060164,82,19724
bb0034ea3bcbe04517b985e341b60423898b2b91d605453e46c7711d21f597b0,e40593c3e6576988521de38142553e9f894d32374d11a03979fe3ef18d848eff,1183484.08239007,2.621,2681.4613900699187,1183481.4598991699,82,19724
bb0034ea3bcbe04517b985e341b60423898b2b91d605453e46c7711d21f597b0,e40593c3e6576988521de38142553e9f894d32374d11a03979fe3ef18d848eff,1183515.83842206,1.422,2714.4164220599923,1183514.41493116,82,19725
bb0034ea3bcbe04517b985e341b60423898b2b91d605453e46c7711d21f597b0,e40593c3e6576988521de38142553e9f894d32374d11a03979fe3ef18d848eff,1183518.7276461124,2.217,2716.510646112496,1183516.5091552124,82,19725
bb0034ea3bcbe04517b985e341b60423898b2b91d605453e46c7711d21f597b0,e40593c3e6576988521de38142553e9f894d32374d11a03979fe3ef18d848eff,1183555.9347410202,1.202,2754.732741020154,1183554.73125012,82,19725
bb0034ea3bcbe04517b985e341b60423898b2b91d605453e46c7711d21f597b0,e40593c3e6576988521de38142553e9f894d32374d11a03979fe3ef18d848eff,1183556.8172659874,0.708,2756.1092659872957,1183556.1077750872,82,19725
bb0034ea3bcbe04517b985e341b60423898b2b91d605453e46c7711d21f597b0,e40593c3e6576988521de38142553e9f894d32374d11a03979fe3ef18d848eff,1183598.198719025,0.736,2797.4627190248575,1183597.4612281248,82,19726
bb0034ea3bcbe04517b985e341b60423898b2b91d605453e46c7711d21f597b0,e40593c3e6576988521de38142553e9f894d32374d11a03979fe3ef18d848eff,1183600.544745922,0.693,2799.8517459221184,1183599.850255022,82,19726
bb0034ea3bcbe04517b985e341b60423898b2b91d605453e46c7711d21f597b0,e40593c3e6576988521de38142553e9f894d32374d11a03979fe3ef18d848eff,1183637.2900960443,0.749,2836.5410960442387,1183636.5396051442,82,19727
bb0034ea3bcbe04517b985e341b60423898b2b91d605453e46c7711d21f597b0,e40593c3e6576988521de38142553e9f894d32374d11a03979fe3ef18d848eff,1183639.6158919334,0.777,2838.8388919334393,1183638.8374010334,82,19727
bb0034ea3bcbe04517b985e341b60423898b2b91d605453e46c7711d21f597b0,e40593c3e6576988521de38142553e9f894d32374d11a03979fe3ef18d848eff,1183669.0964529514,0.739,2868.3574529513717,1183668.3559620513,82,19727
bb0034ea3bcbe04517b985e341b60423898b2b91d605453e46c7711d21f597b0,e40593c3e6576988521de38142553e9f894d32374d11a03979fe3ef18d848eff,1183669.8963599205,0.67,2869.226359920576,1183669.2248690205,82,19727
bb0034ea3bcbe04517b985e341b60423898b2b91d605453e46c7711d21f597b0,e40593c3e6576988521de38142553e9f894d32374d11a03979fe3ef18d848eff,1183699.5613059998,0.782,2898.7793059998658,1183698.7778150998,82,19728
bb0034ea3bcbe04517b985e341b60423898b2b91d605453e46c7711d21f597b0,e40593c3e6576988521de38142553e9f894d32374d11a03979fe3ef18d848eff,1183702.0694990158,0.739,2901.3304990157485,1183701.3290081157,82,19728
bb0034ea3bcbe04517b985e341b60423898b2b91d605453e46c7711d21f597b0,e40593c3e6576988521de38142553e9f894d32374d11a03979fe3ef18d848eff,1183724.3308091164,0.992,2923.338809116278,1183723.3373182162,82,19728
bb0034ea3bcbe04517b985e341b60423898b2b91d605453e46c7711d21f597b0,e40593c3e6576988521de38142553e9f894d32374d11a03979fe3ef18d848eff,1183726.754091978,2.221,2924.53309197817,1183724.531601078,82,19728
bb0034ea3bcbe04517b985e341b60423898b2b91d605453e46c7711d21f597b0,e40593c3e6576988521de38142553e9f894d32374d11a03979fe3ef18d848eff,1183745.5894010067,2.305,2943.284401006764,1183743.2829101067,82,19729
bb0034ea3bcbe04517b985e341b60423898b2b91d605453e46c7711d21f597b0,e40593c3e6576988521de38142553e9f894d32374d11a03979fe3ef18d848eff,1183745.631921053,1.445,2944.1869210528675,1183744.1854301528,82,19729
bb0034ea3bcbe04517b985e341b60423898b2b91d605453e46c7711d21f597b0,e40593c3e6576988521de38142553e9f894d32374d11a03979fe3ef18d848eff,1183762.8253769877,0.695,2962.130376987625,1183762.1288860876,82,19729
bb0034ea3bcbe04517b985e341b60423898b2b91d605453e46c7711d21f597b0,e40593c3e6576988521de38142553e9f894d32374d11a03979fe3ef18d848eff,1183764.3639531136,1.558,2962.805953113595,1183762.8044622135,82,19729
bb0034ea3bcbe04517b985e341b60423898b2b91d605453e46c7711d21f597b0,e40593c3e6576988521de38142553e9f894d32374d11a03979fe3ef18d848eff,1183791.201745987,2.448,2988.753745986847,1183788.7522550868,82,19729
bb0034ea3bcbe04517b985e341b60423898b2b91d605453e46c7711d21f597b0,e40593c3e6576988521de38142553e9f894d32374d11a03979fe3ef18d848eff,1183793.600825071,2.392,2991.2088250711095,1183791.207334171,82,19729
bb0034ea3bcbe04517b985e341b60423898b2b91d605453e46c7711d21f597b0,e40593c3e6576988521de38142553e9f894d32374d11a03979fe3ef18d848eff,1183827.7146720886,2.402,3025.312672088621,1183825.3111811886,82,19730
bb0034ea3bcbe04517b985e341b60423898b2b91d605453e46c7711d21f597b0,e40593c3e6576988521de38142553e9f894d32374d11a03979fe3ef18d848eff,1183828.8452739716,2.389,3026.456273971591,1183826.4547830715,82,19730
bb0034ea3bcbe04517b985e341b60423898b2b91d605453e46c7711d21f597b0,e40593c3e6576988521de38142553e9f894d32374d11a03979fe3ef18d848eff,1183871.6725969317,2.094,3069.5785969316494,1183869.5771060316,82,19731
bb0034ea3bcbe04517b985e341b60423898b2b91d605453e46c7711d21f597b0,e40593c3e6576988521de38142553e9f894d32374d11a03979fe3ef18d848eff,1183874.666572094,2.208,3072.458572093863,1183872.4570811938,82,19731
bb0034ea3bcbe04517b985e341b60423898b2b91d605453e46c7711d21f597b0,e40593c3e6576988521de38142553e9f894d32374d11a03979fe3ef18d848eff,1183916.5045099258,1.014,3115.490509925876,1183915.4890190258,82,19731
bb0034ea3bcbe04517b985e341b60423898b2b91d605453e46c7711d21f597b0,e40593c3e6576988521de38142553e9f894d32374d11a03979fe3ef18d848eff,1183920.3705079556,0.911,3119.459507955471,1183919.4580170554,82,19731
bb0034ea3bcbe04517b985e341b60423898b2b91d605453e46c7711d21f597b0,e40593c3e6576988521de38142553e9f894d32374d11a03979fe3ef18d848eff,1183955.898459911,0.682,3155.216459911084,1183955.214969011,82,19732
bb0034ea3bcbe04517b985e341b60423898b2b91d605453e46c7711d21f597b0,e40593c3e6576988521de38142553e9f894d32374d11a03979fe3ef18d848eff,1183957.3478341105,0.916,3156.4318341105245,1183956.4303432105,82,19732
bb0034ea3bcbe04517b985e341b60423898b2b91d605453e46c7711d21f597b0,e40593c3e6576988521de38142553e9f894d32374d11a03979fe3ef18d848eff,1183997.2370688915,0.762,3196.475068891421,1183996.4735779914,82,19733
bb0034ea3bcbe04517b985e341b60423898b2b91d605453e46c7711d21f597b0,e40593c3e6576988521de38142553e9f894d32374d11a03979fe3ef18d848eff,1183999.66049695,0.739,3198.921496949857,1183998.9200060498,82,19733
bb0034ea3bcbe04517b985e341b60423898b2b91d605453e46c7711d21f597b0,e40593c3e6576988521de38142553e9f894d32374d11a03979fe3ef18d848eff,1184035.5495669842,0.721,3234.8285669842735,1184034.8270760842,82,19733
bb0034ea3bcbe04517b985e341b60423898b2b91d605453e46c7711d21f597b0,e40593c3e6576988521de38142553e9f894d32374d11a03979fe3ef18d848eff,1184038.2468049526,0.749,3237.4978049525525,1184037.4963140525,82,19733
bb0034ea3bcbe04517b985e341b60423898b2b91d605453e46c7711d21f597b0,e40593c3e6576988521de38142553e9f894d32374d11a03979fe3ef18d848eff,1184073.6037650108,0.704,3272.899765010923,1184072.8982741109,82,19734
bb0034ea3bcbe04517b985e341b60423898b2b91d605453e46c7711d21f597b0,e40593c3e6576988521de38142553e9f894d32374d11a03979fe3ef18d848eff,1184074.991441965,0.671,3274.3204419650137,1184074.318951065,82,19734
bb0034ea3bcbe04517b985e341b60423898b2b91d605453e46c7711d21f597b0,e40593c3e6576988521de38142553e9f894d32374d11a03979fe3ef18d848eff,1184116.2326099873,0.836,3315.396609987365,1184115.3951190873,82,19735
bb0034ea3bcbe04517b985e341b60423898b2b91d605453e46c7711d21f597b0,e40593c3e6576988521de38142553e9f894d32374d11a03979fe3ef18d848eff,1184117.9016919136,0.784,3317.1176919136196,1184117.1162010136,82,19735
bb0034ea3bcbe04517b985e341b60423898b2b91d605453e46c7711d21f597b0,e40593c3e6576988521de38142553e9f894d32374d11a03979fe3ef18d848eff,1184158.2134211063,0.705,3357.508421106264,1184157.5069302062,82,19735
bb0034ea3bcbe04517b985e341b60423898b2b91d605453e46c7711d21f597b0,e40593c3e6576988521de38142553e9f894d32374d11a03979fe3ef18d848eff,1184159.1642069817,0.662,3358.5022069816478,1184158.5007160816,82,19735
bb0034ea3bcbe04517b985e341b60423898b2b91d605453e46c7711d21f597b0,e40593c3e6576988521de38142553e9f894d32374d11a03979fe3ef18d848eff,1184201.9496159554,0.68,3401.269615955418,1184201.2681250554,82,19736
bb0034ea3bcbe04517b985e341b60423898b2b91d605453e46c7711d21f597b0,e40593c3e6576988521de38142553e9f894d32374d11a03979fe3ef18d848eff,1184204.760452032,0.774,3403.9864520321134,1184203.984961132,82,19736
bb0034ea3bcbe04517b985e341b60423898b2b91d605453e46c7711d21f597b0,e40593c3e6576988521de38142553e9f894d32374d11a03979fe3ef18d848eff,1184241.65922904,0.641,3441.0182290398516,1184241.0167381398,82,19737
bb0034ea3bcbe04517b985e341b60423898b2b91d605453e46c7711d21f597b0,e40593c3e6576988521de38142553e9f894d32374d11a03979fe3ef18d848eff,1184242.7362999916,0.878,3441.8582999915816,1184241.8568090915,82,19737
bb0034ea3bcbe04517b985e341b60423898b2b91d605453e46c7711d21f597b0,e40593c3e6576988521de38142553e9f894d32374d11a03979fe3ef18d848eff,1184283.653224945,1.246,3482.4072249450255,1184282.405734045,82,19738
bb0034ea3bcbe04517b985e341b60423898b2b91d605453e46c7711d21f597b0,e40593c3e6576988521de38142553e9f894d32374d11a03979fe3ef18d848eff,1184284.2420799732,1.073,3483.1690799731296,1184283.167589073,82,19738
bb0034ea3bcbe04517b985e341b60423898b2b91d605453e46c7711d21f597b0,e40593c3e6576988521de38142553e9f894d32374d11a03979fe3ef18d848eff,1184335.8068170547,0.741,3535.0658170548268,1184335.0643261548,82,19738
bb0034ea3bcbe04517b985e341b60423898b2b91d605453e46c7711d21f597b0,e40593c3e6576988521de38142553e9f894d32374d11a03979fe3ef18d848eff,1184369.23904109,0.94,3568.2990410900675,1184368.29755019,82,19739
bb0034ea3bcbe04517b985e341b60423898b2b91d605453e46c7711d21f597b0,e40593c3e6576988521de38142553e9f894d32374d11a03979fe3ef18d848eff,1184372.955336094,0.699,3572.2563360938802,1184372.2548451938,82,19739
bb0034ea3bcbe04517b985e341b60423898b2b91d605453e46c7711d21f597b0,e40593c3e6576988521de38142553e9f894d32374d11a03979fe3ef18d848eff,1184408.4081280231,0.697,3607.71112802322,1184407.7096371232,82,19740
bb0034ea3bcbe04517b985e341b60423898b2b91d605453e46c7711d21f597b0,e40593c3e6576988521de38142553e9f894d32374d11a03979fe3ef18d848eff,1184410.8657250404,0.741,3610.124725040514,1184410.1232341405,82,19740
bb0034ea3bcbe04517b985e341b60423898b2b91d605453e46c7711d21f597b0,e40593c3e6576988521de38142553e9f894d32374d11a03979fe3ef18d848eff,1184446.6987240314,0.767,3645.931724031456,1184445.9302331314,82,19740
bb0034ea3bcbe04517b985e341b60423898b2b91d605453e46c7711d21f597b0,e40593c3e6576988521de38142553e9f894d32374d11a03979fe3ef18d848eff,1184448.6671569347,0.703,3647.9641569347586,1184447.9626660347,82,19740
bb0034ea3bcbe04517b985e341b60423898b2b91d605453e46c7711d21f597b0,e40593c3e6576988521de38142553e9f894d32374d11a03979fe3ef18d848eff,1184487.7720999718,1.062,3686.710099971853,1184486.7086090718,82,19741
bb0034ea3bcbe04517b985e341b60423898b2b91d605453e46c7711d21f597b0,e40593c3e6576988521de38142553e9f894d32374d11a03979fe3ef18d848eff,1184489.3093988895,0.796,3688.513398889452,1184488.5119079894,82,19741
bb0034ea3bcbe04517b985e341b60423898b2b91d605453e46c7711d21f597b0,e40593c3e6576988521de38142553e9f894d32374d11a03979fe3ef18d848eff,1184521.4893829825,0.655,3720.834382982459,1184520.8328920824,82,19742
bb0034ea3bcbe04517b985e341b60423898b2b91d605453e46c7711d21f597b0,e40593c3e6576988521de38142553e9f894d32374d11a03979fe3ef18d848eff,1184523.5241639614,0.855,3722.669163961429,1184522.6676730614,82,19742
bb0034ea3bcbe04517b985e341b60423898b2b91d605453e46c7711d21f597b0,e40593c3e6576988521de38142553e9f894d32374d11a03979fe3ef18d848eff,1184554.951004982,0.709,3754.242004981963,1184554.240514082,82,19742
bb0034ea3bcbe04517b985e341b60423898b2b91d605453e46c7711d21f597b0,e40593c3e6576988521de38142553e9f894d32374d11a03979fe3ef18d848eff,1184557.064310074,0.909,3756.1553100741003,1184556.153819174,82,19742
bb0034ea3bcbe04517b985e341b60423898b2b91d605453e46c7711d21f597b0,e40593c3e6576988521de38142553e9f894d32374d11a03979fe3ef18d848eff,1184592.6123321056,0.754,3791.8583321056794,1184591.8568412056,82,19743
bb0034ea3bcbe04517b985e341b60423898b2b91d605453e46c7711d21f597b0,e40593c3e6576988521de38142553e9f894d32374d11a03979fe3ef18d848eff,1184593.5939779282,0.996,3792.597977928119,1184592.596487028,82,19743
bb0034ea3bcbe04517b985e341b60423898b2b91d605453e46c7711d21f597b0,e40593c3e6576988521de38142553e9f894d32374d11a03979fe3ef18d848eff,1184631.2531170845,2.386,3828.867117084563,1184628.8656261845,82,19743
bb0034ea3bcbe04517b985e341b60423898b2b91d605453e46c7711d21f597b0,e40593c3e6576988521de38142553e9f894d32374d11a03979fe3ef18d848eff,1184632.394397974,1.698,3830.696397973923,1184630.6949070739,82,19743
bb0034ea3bcbe04517b985e341b60423898b2b91d605453e46c7711d21f597b0,e40593c3e6576988521de38142553e9f894d32374d11a03979fe3ef18d848eff,1184666.2399129868,2.352,3863.8879129868,1184663.8864220867,82,19744
bb0034ea3bcbe04517b985e341b60423898b2b91d605453e46c7711d21f597b0,e40593c3e6576988521de38142553e9f894d32374d11a03979fe3ef18d848eff,1184668.7340259552,2.458,3866.2760259550996,1184666.274535055,82,19744
bb0034ea3bcbe04517b985e341b60423898b2b91d605453e46c7711d21f597b0,e40593c3e6576988521de38142553e9f894d32374d11a03979fe3ef18d848eff,1184701.676728964,0.698,3900.9787289639935,1184700.977238064,82,19745
bb0034ea3bcbe04517b985e341b60423898b2b91d605453e46c7711d21f597b0,e40593c3e6576988521de38142553e9f894d32374d11a03979fe3ef18d848eff,1184704.356272936,2.216,3902.1402729360852,1184702.138782036,82,19745
bb0034ea3bcbe04517b985e341b60423898b2b91d605453e46c7711d21f597b0,e40593c3e6576988521de38142553e9f894d32374d11a03979fe3ef18d848eff,1184752.6189939976,2.359,3950.2599939976353,1184750.2585030976,82,19745
bb0034ea3bcbe04517b985e341b60423898b2b91d605453e46c7711d21f597b0,e40593c3e6576988521de38142553e9f894d32374d11a03979fe3ef18d848eff,1184753.5669538977,1.802,3951.7649538978003,1184751.7634629977,82,19745
bb0034ea3bcbe04517b985e341b60423898b2b91d605453e46c7711d21f597b0,e40593c3e6576988521de38142553e9f894d32374d11a03979fe3ef18d848eff,1184778.17730093,0.732,3977.445300929947,1184777.44381003,82,19746
bb0034ea3bcbe04517b985e341b60423898b2b91d605453e46c7711d21f597b0,e40593c3e6576988521de38142553e9f894d32374d11a03979fe3ef18d848eff,1184782.139480114,0.704,3981.4354801140726,1184781.433989214,82,19746
bb0034ea3bcbe04517b985e341b60423898b2b91d605453e46c7711d21f597b0,e40593c3e6576988521de38142553e9f894d32374d11a03979fe3ef18d848eff,1184804.7016649246,0.685,4004.0166649245657,1184804.0151740245,82,19746
bb0034ea3bcbe04517b985e341b60423898b2b91d605453e46c7711d21f597b0,e40593c3e6576988521de38142553e9f894d32374d11a03979fe3ef18d848eff,1184806.702033043,2.096,4004.6060330430046,1184804.604542143,82,19746
bb0034ea3bcbe04517b985e341b60423898b2b91d605453e46c7711d21f597b0,e40593c3e6576988521de38142553e9f894d32374d11a03979fe3ef18d848eff,1184827.0797309875,0.676,4026.403730987571,1184826.4022400875,82,19747
bb0034ea3bcbe04517b985e341b60423898b2b91d605453e46c7711d21f597b0,e40593c3e6576988521de38142553e9f894d32374d11a03979fe3ef18d848eff,1184827.9321620464,0.916,4027.016162046464,1184827.0146711464,82,19747
bb0034ea3bcbe04517b985e341b60423898b2b91d605453e46c7711d21f597b0,e40593c3e6576988521de38142553e9f894d32374d11a03979fe3ef18d848eff,1184849.889471054,0.648,4049.2414710540324,1184849.239980154,82,19747
bb0034ea3bcbe04517b985e341b60423898b2b91d605453e46c7711d21f597b0,e40593c3e6576988521de38142553e9f894d32374d11a03979fe3ef18d848eff,1184851.7146639824,0.738,4050.9766639824957,1184850.9751730824,82,19747
bb0034ea3bcbe04517b985e341b60423898b2b91d605453e46c7711d21f597b0,e40593c3e6576988521de38142553e9f894d32374d11a03979fe3ef18d848eff,1184873.7822830677,0.773,4073.0092830676585,1184873.0077921676,82,19747
bb0034ea3bcbe04517b985e341b60423898b2b91d605453e46c7711d21f597b0,e40593c3e6576988521de38142553e9f894d32374d11a03979fe3ef18d848eff,1184874.4764249325,0.707,4073.769424932543,1184873.7679340325,82,19747
bb0034ea3bcbe04517b985e341b60423898b2b91d605453e46c7711d21f597b0,e40593c3e6576988521de38142553e9f894d32374d11a03979fe3ef18d848eff,1184898.6596999168,2.095,4096.5646999168675,1184896.5632090168,82,19748
bb0034ea3bcbe04517b985e341b60423898b2b91d605453e46c7711d21f597b0,e40593c3e6576988521de38142553e9f894d32374d11a03979fe3ef18d848eff,1184900.1993000507,2.394,4097.805300050648,1184897.8038091506,82,19748
bb0034ea3bcbe04517b985e341b60423898b2b91d605453e46c7711d21f597b0,e40593c3e6576988521de38142553e9f894d32374d11a03979fe3ef18d848eff,1184919.3761780262,0.713,4118.6631780262105,1184918.6616871262,82,19748
bb0034ea3bcbe04517b985e341b60423898b2b91d605453e46c7711d21f597b0,e40593c3e6576988521de38142553e9f894d32374d11a03979fe3ef18d848eff,1184920.5452449322,0.746,4119.799244932132,1184919.797754032,82,19748
bb0034ea3bcbe04517b985e341b60423898b2b91d605453e46c7711d21f597b0,e40593c3e6576988521de38142553e9f894d32374d11a03979fe3ef18d848eff,1184953.7808129787,0.738,4153.042812978849,1184953.0413220788,82,19749
bb0034ea3bcbe04517b985e341b60423898b2b91d605453e46c7711d21f597b0,e40593c3e6576988521de38142553e9f894d32374d11a03979fe3ef18d848eff,1184955.3144869804,0.819,4154.495486980537,1184954.4939960805,82,19749
bb0034ea3bcbe04517b985e341b60423898b2b91d605453e46c7711d21f597b0,e40593c3e6576988521de38142553e9f894d32374d11a03979fe3ef18d848eff,1185018.7690169811,2.298,4216.471016981173,1185016.469526081,82,19750
bb0034ea3bcbe04517b985e341b60423898b2b91d605453e46c7711d21f597b0,e40593c3e6576988521de38142553e9f894d32374d11a03979fe3ef18d848eff,1185019.4836928844,1.53,4217.953692884417,1185017.9522019844,82,19750
96149d3ed4f00afb92f12856101e693e93c4683f030ae6ca6ebfbb7ba5a2a345,1bfbf6e1f849d22a0ece669507eb055525edf6929f273b999d865d52ea086a82,205916.94126701355,0.852,4316.089267013536,205916.0877761135,14,3431
96149d3ed4f00afb92f12856101e693e93c4683f030ae6ca6ebfbb7ba5a2a345,1cf618f9ee318fecbc31aa059ded8328581b9a9b092f1069b9f7679b6f89e52e,205917.92856907845,0.187,4317.74156907844,205917.7400781784,14,3431
96149d3ed4f00afb92f12856101e693e93c4683f030ae6ca6ebfbb7ba5a2a345,1cf618f9ee318fecbc31aa059ded8328581b9a9b092f1069b9f7679b6f89e52e,205918.73907089236,0.038,4318.701070892363,205918.69957999233,14,3431
96149d3ed4f00afb92f12856101e693e93c4683f030ae6ca6ebfbb7ba5a2a345,1cf618f9ee318fecbc31aa059ded8328581b9a9b092f1069b9f7679b6f89e52e,206040.7121899128,0.014,4440.6981899128,206040.69669901277,14,3434
96149d3ed4f00afb92f12856101e693e93c4683f030ae6ca6ebfbb7ba5a2a345,1cf618f9ee318fecbc31aa059ded8328581b9a9b092f1069b9f7679b6f89e52e,206048.5626649857,0.012,4448.550664985698,206048.54917408567,14,3434
96149d3ed4f00afb92f12856101e693e93c4683f030ae6ca6ebfbb7ba5a2a345,1bfbf6e1f849d22a0ece669507eb055525edf6929f273b999d865d52ea086a82,206052.28212499616,0.916,4451.366124996159,206051.36463409613,14,3434
96149d3ed4f00afb92f12856101e693e93c4683f030ae6ca6ebfbb7ba5a2a345,1bfbf6e1f849d22a0ece669507eb055525edf6929f273b999d865d52ea086a82,206060.7570080757,0.595,4460.162008075713,206060.16051717568,14,3434
96149d3ed4f00afb92f12856101e693e93c4683f030ae6ca6ebfbb7ba5a2a345,1bfbf6e1f849d22a0ece669507eb055525edf6929f273b999d865d52ea086a82,206063.0539200306,0.781,4462.272920030606,206062.27142913057,14,3434
96149d3ed4f00afb92f12856101e693e93c4683f030ae6ca6ebfbb7ba5a2a345,1cf618f9ee318fecbc31aa059ded8328581b9a9b092f1069b9f7679b6f89e52e,206098.4145720005,0.03,4498.384572000505,206098.38308110047,14,3434
96149d3ed4f00afb92f12856101e693e93c4683f030ae6ca6ebfbb7ba5a2a345,1cf618f9ee318fecbc31aa059ded8328581b9a9b092f1069b9f7679b6f89e52e,206101.02633094788,0.01,4501.016330947867,206101.01484004784,14,3435
96149d3ed4f00afb92f12856101e693e93c4683f030ae6ca6ebfbb7ba5a2a345,1bfbf6e1f849d22a0ece669507eb055525edf6929f273b999d865d52ea086a82,206149.33610391617,1.298,4548.038103916158,206148.03661301613,14,3435
96149d3ed4f00afb92f12856101e693e93c4683f030ae6ca6ebfbb7ba5a2a345,1bfbf6e1f849d22a0ece669507eb055525edf6929f273b999d865d52ea086a82,206154.55320310596,0.895,4553.658203105966,206153.65671220594,14,3435
96149d3ed4f00afb92f12856101e693e93c4683f030ae6ca6ebfbb7ba5a2a345,1cf618f9ee318fecbc31aa059ded8328581b9a9b092f1069b9f7679b6f89e52e,206155.4638600349,0.02,4555.443860034924,206155.4423691349,14,3435
96149d3ed4f00afb92f12856101e693e93c4683f030ae6ca6ebfbb7ba5a2a345,1cf618f9ee318fecbc31aa059ded8328581b9a9b092f1069b9f7679b6f89e52e,206167.32672691345,0.01,4567.316726913443,206167.3152360134,14,3436
96149d3ed4f00afb92f12856101e693e93c4683f030ae6ca6ebfbb7ba5a2a345,1bfbf6e1f849d22a0ece669507eb055525edf6929f273b999d865d52ea086a82,206169.87285208705,1.021,4568.851852087042,206168.850361187,14,3436
96149d3ed4f00afb92f12856101e693e93c4683f030ae6ca6ebfbb7ba5a2a345,1bfbf6e1f849d22a0ece669507eb055525edf6929f273b999d865d52ea086a82,206179.66396403316,1.007,4578.656964033144,206178.6554731331,14,3436
96149d3ed4f00afb92f12856101e693e93c4683f030ae6ca6ebfbb7ba5a2a345,1bfbf6e1f849d22a0ece669507eb055525edf6929f273b999d865d52ea086a82,206355.5188128948,0.861,4754.657812894788,206354.65632199476,14,3439
96149d3ed4f00afb92f12856101e693e93c4683f030ae6ca6ebfbb7ba5a2a345,1bfbf6e1f849d22a0ece669507eb055525edf6929f273b999d865d52ea086a82,206357.15773797035,0.826,4756.331737970351,206356.33024707032,14,3439
96149d3ed4f00afb92f12856101e693e93c4683f030ae6ca6ebfbb7ba5a2a345,1cf618f9ee318fecbc31aa059ded8328581b9a9b092f1069b9f7679b6f89e52e,206509.55534791944,0.013,4909.542347919429,206509.5408570194,14,3441
96149d3ed4f00afb92f12856101e693e93c4683f030ae6ca6ebfbb7ba5a2a345,1cf618f9ee318fecbc31aa059ded8328581b9a9b092f1069b9f7679b6f89e52e,206522.19156003,0.014,4922.177560030017,206522.17606913,14,3442
96149d3ed4f00afb92f12856101e693e93c4683f030ae6ca6ebfbb7ba5a2a345,1cf618f9ee318fecbc31aa059ded8328581b9a9b092f1069b9f7679b6f89e52e,206546.5522840023,0.01,4946.542284002295,206546.54079310226,14,3442
96149d3ed4f00afb92f12856101e693e93c4683f030ae6ca6ebfbb7ba5a2a345,1cf618f9ee318fecbc31aa059ded8328581b9a9b092f1069b9f7679b6f89e52e,206548.72589707372,0.011,4948.714897073718,206548.7134061737,14,3442
96149d3ed4f00afb92f12856101e693e93c4683f030ae6ca6ebfbb7ba5a2a345,1cf618f9ee318fecbc31aa059ded8328581b9a9b092f1069b9f7679b6f89e52e,206564.38019394875,0.01,4964.370193948736,206564.3687030487,14,3442
96149d3ed4f00afb92f12856101e693e93c4683f030ae6ca6ebfbb7ba5a2a345,1cf618f9ee318fecbc31aa059ded8328581b9a9b092f1069b9f7679b6f89e52e,206597.5348689556,0.011,4997.523868955614,206597.52237805558,14,3443
96149d3ed4f00afb92f12856101e693e93c4683f030ae6ca6ebfbb7ba5a2a345,1cf618f9ee318fecbc31aa059ded8328581b9a9b092f1069b9f7679b6f89e52e,206607.70856499672,0.011,5007.697564996721,206607.6960740967,14,3443
96149d3ed4f00afb92f12856101e693e93c4683f030ae6ca6ebfbb7ba5a2a345,1bfbf6e1f849d22a0ece669507eb055525edf6929f273b999d865d52ea086a82,206631.7432599068,0.984,5030.759259906801,206630.75776900677,14,3443
96149d3ed4f00afb92f12856101e693e93c4683f030ae6ca6ebfbb7ba5a2a345,1cf618f9ee318fecbc31aa059ded8328581b9a9b092f1069b9f7679b6f89e52e,207216.24383091927,0.113,5616.130830919254,207216.12934001922,14,3453
96149d3ed4f00afb92f12856101e693e93c4683f030ae6ca6ebfbb7ba5a2a345,1cf618f9ee318fecbc31aa059ded8328581b9a9b092f1069b9f7679b6f89e52e,207315.875592947,0.048,5715.827592946996,207315.82610204697,14,3455
96149d3ed4f00afb92f12856101e693e93c4683f030ae6ca6ebfbb7ba5a2a345,1cf618f9ee318fecbc31aa059ded8328581b9a9b092f1069b9f7679b6f89e52e,207318.8960158825,0.043,5718.853015882487,207318.85152498246,14,3455
96149d3ed4f00afb92f12856101e693e93c4683f030ae6ca6ebfbb7ba5a2a345,1cf618f9ee318fecbc31aa059ded8328581b9a9b092f1069b9f7679b6f89e52e,207347.5905570984,0.047,5747.543557098397,207347.54206619837,14,3455
96149d3ed4f00afb92f12856101e693e93c4683f030ae6ca6ebfbb7ba5a2a345,1bfbf6e1f849d22a0ece669507eb055525edf6929f273b999d865d52ea086a82,207354.9916419983,1.215,5753.7766419982945,207353.77515109826,14,3455
96149d3ed4f00afb92f12856101e693e93c4683f030ae6ca6ebfbb7ba5a2a345,1bfbf6e1f849d22a0ece669507eb055525edf6929f273b999d865d52ea086a82,207374.47295594212,0.805,5773.667955942132,207373.6664650421,14,3456
96149d3ed4f00afb92f12856101e693e93c4683f030ae6ca6ebfbb7ba5a2a345,1bfbf6e1f849d22a0ece669507eb055525edf6929f273b999d865d52ea086a82,207402.47055506703,1.484,5800.9865550670365,207400.985064167,14,3456
96149d3ed4f00afb92f12856101e693e93c4683f030ae6ca6ebfbb7ba5a2a345,1bfbf6e1f849d22a0ece669507eb055525edf6929f273b999d865d52ea086a82,207413.7085020542,1.032,5812.676502054208,207412.67501115418,14,3456
96149d3ed4f00afb92f12856101e693e93c4683f030ae6ca6ebfbb7ba5a2a345,1cf618f9ee318fecbc31aa059ded8328581b9a9b092f1069b9f7679b6f89e52e,207435.06198501587,0.042,5835.019985015882,207435.01849411585,14,3457
96149d3ed4f00afb92f12856101e693e93c4683f030ae6ca6ebfbb7ba5a2a345,1bfbf6e1f849d22a0ece669507eb055525edf6929f273b999d865d52ea086a82,207461.398401022,1.91,5859.488401021983,207459.48691012195,14,3457
96149d3ed4f00afb92f12856101e693e93c4683f030ae6ca6ebfbb7ba5a2a345,1bfbf6e1f849d22a0ece669507eb055525edf6929f273b999d865d52ea086a82,207474.76506590843,1.369,5873.396065908426,207473.3945750084,14,3457
96149d3ed4f00afb92f12856101e693e93c4683f030ae6ca6ebfbb7ba5a2a345,1bfbf6e1f849d22a0ece669507eb055525edf6929f273b999d865d52ea086a82,207489.31497597691,1.092,5888.222975976911,207488.22148507688,14,3458
96149d3ed4f00afb92f12856101e693e93c4683f030ae6ca6ebfbb7ba5a2a345,1bfbf6e1f849d22a0ece669507eb055525edf6929f273b999d865d52ea086a82,207504.63151192665,1.662,5902.96951192664,207502.9680210266,14,3458
96149d3ed4f00afb92f12856101e693e93c4683f030ae6ca6ebfbb7ba5a2a345,1cf618f9ee318fecbc31aa059ded8328581b9a9b092f1069b9f7679b6f89e52e,207509.5467839241,0.043,5909.503783924098,207509.50229302407,14,3458
96149d3ed4f00afb92f12856101e693e93c4683f030ae6ca6ebfbb7ba5a2a345,1bfbf6e1f849d22a0ece669507eb055525edf6929f273b999d865d52ea086a82,207516.0437350273,1.211,5914.832735027303,207514.83124412727,14,3458
96149d3ed4f00afb92f12856101e693e93c4683f030ae6ca6ebfbb7ba5a2a345,1cf618f9ee318fecbc31aa059ded8328581b9a9b092f1069b9f7679b6f89e52e,207524.65307307243,0.044,5924.609073072439,207524.6075821724,14,3458
96149d3ed4f00afb92f12856101e693e93c4683f030ae6ca6ebfbb7ba5a2a345,1cf618f9ee318fecbc31aa059ded8328581b9a9b092f1069b9f7679b6f89e52e,207535.77102804184,0.044,5935.727028041845,207535.7255371418,14,3458
96149d3ed4f00afb92f12856101e693e93c4683f030ae6ca6ebfbb7ba5a2a345,1bfbf6e1f849d22a0ece669507eb055525edf6929f273b999d865d52ea086a82,207540.5808711052,0.973,5939.607871105196,207539.60638020516,14,3458
96149d3ed4f00afb92f12856101e693e93c4683f030ae6ca6ebfbb7ba5a2a345,1bfbf6e1f849d22a0ece669507eb055525edf6929f273b999d865d52ea086a82,207561.938505888,1.634,5960.304505888023,207560.303014988,14,3459
96149d3ed4f00afb92f12856101e693e93c4683f030ae6ca6ebfbb7ba5a2a345,1cf618f9ee318fecbc31aa059ded8328581b9a9b092f1069b9f7679b6f89e52e,207593.0205950737,0.043,5992.977595073695,207592.97610417366,14,3459
96149d3ed4f00afb92f12856101e693e93c4683f030ae6ca6ebfbb7ba5a2a345,1cf618f9ee318fecbc31aa059ded8328581b9a9b092f1069b9f7679b6f89e52e,207595.25879096985,0.042,5995.216790969862,207595.21530006983,14,3459
96149d3ed4f00afb92f12856101e693e93c4683f030ae6ca6ebfbb7ba5a2a345,1bfbf6e1f849d22a0ece669507eb055525edf6929f273b999d865d52ea086a82,207599.79458403587,1.802,5997.992584035877,207597.99109313585,14,3459
96149d3ed4f00afb92f12856101e693e93c4683f030ae6ca6ebfbb7ba5a2a345,1bfbf6e1f849d22a0ece669507eb055525edf6929f273b999d865d52ea086a82,207612.0474510193,1.59,6010.457451019291,207610.45596011926,14,3460
96149d3ed4f00afb92f12856101e693e93c4683f030ae6ca6ebfbb7ba5a2a345,1cf618f9ee318fecbc31aa059ded8328581b9a9b092f1069b9f7679b6f89e52e,207617.5923860073,0.046,6017.546386007307,207617.54489510728,14,3460
96149d3ed4f00afb92f12856101e693e93c4683f030ae6ca6ebfbb7ba5a2a345,1bfbf6e1f849d22a0ece669507eb055525edf6929f273b999d865d52ea086a82,207620.84528303143,0.756,6020.089283031441,207620.0877921314,14,3460
96149d3ed4f00afb92f12856101e693e93c4683f030ae6ca6ebfbb7ba5a2a345,1bfbf6e1f849d22a0ece669507eb055525edf6929f273b999d865d52ea086a82,207624.09871196747,0.746,6023.3527119674545,207623.35122106742,14,3460
96149d3ed4f00afb92f12856101e693e93c4683f030ae6ca6ebfbb7ba5a2a345,1cf618f9ee318fecbc31aa059ded8328581b9a9b092f1069b9f7679b6f89e52e,207629.08644795415,0.05,6029.03644795416,207629.03495705413,14,3460
96149d3ed4f00afb92f12856101e693e93c4683f030ae6ca6ebfbb7ba5a2a345,1bfbf6e1f849d22a0ece669507eb055525edf6929f273b999d865d52ea086a82,207637.50100398064,0.74,6036.761003980646,207636.75951308061,14,3460
96149d3ed4f00afb92f12856101e693e93c4683f030ae6ca6ebfbb7ba5a2a345,1bfbf6e1f849d22a0ece669507eb055525edf6929f273b999d865d52ea086a82,207654.90866303444,0.813,6054.095663034444,207654.0941721344,14,3460
96149d3ed4f00afb92f12856101e693e93c4683f030ae6ca6ebfbb7ba5a2a345,1cf618f9ee318fecbc31aa059ded8328581b9a9b092f1069b9f7679b6f89e52e,207657.1737339497,0.045,6057.128733949678,207657.12724304965,14,3460
96149d3ed4f00afb92f12856101e693e93c4683f030ae6ca6ebfbb7ba5a2a345,1bfbf6e1f849d22a0ece669507eb055525edf6929f273b999d865d52ea086a82,207659.7081990242,1.128,6058.5801990242035,207658.57870812417,14,3460
96149d3ed4f00afb92f12856101e693e93c4683f030ae6ca6ebfbb7ba5a2a345,1bfbf6e1f849d22a0ece669507eb055525edf6929f273b999d865d52ea086a82,207662.301058054,1.062,6061.239058053994,207661.23756715396,14,3461
96149d3ed4f00afb92f12856101e693e93c4683f030ae6ca6ebfbb7ba5a2a345,1cf618f9ee318fecbc31aa059ded8328581b9a9b092f1069b9f7679b6f89e52e,207710.17276906967,0.054,6110.118769069668,207710.11727816964,14,3461
96149d3ed4f00afb92f12856101e693e93c4683f030ae6ca6ebfbb7ba5a2a345,1bfbf6e1f849d22a0ece669507eb055525edf6929f273b999d865d52ea086a82,207711.35887098312,1.036,6110.322870983131,207710.3213800831,14,3461
96149d3ed4f00afb92f12856101e693e93c4683f030ae6ca6ebfbb7ba5a2a345,1bfbf6e1f849d22a0ece669507eb055525edf6929f273b999d865d52ea086a82,207713.68040895465,0.94,6112.740408954647,207712.73891805462,14,3461
96149d3ed4f00afb92f12856101e693e93c4683f030ae6ca6ebfbb7ba5a2a345,1cf618f9ee318fecbc31aa059ded8328581b9a9b092f1069b9f7679b6f89e52e,207717.9262568951,0.043,6117.883256895089,207717.88176599506,14,3461
96149d3ed4f00afb92f12856101e693e93c4683f030ae6ca6ebfbb7ba5a2a345,1bfbf6e1f849d22a0ece669507eb055525edf6929f273b999d865d52ea086a82,207730.6402900219,0.816,6129.824290021905,207729.82279912187,14,3462
96149d3ed4f00afb92f12856101e693e93c4683f030ae6ca6ebfbb7ba5a2a345,1bfbf6e1f849d22a0ece669507eb055525edf6929f273b999d865d52ea086a82,207739.62581396103,0.851,6138.774813961034,207738.773323061,14,3462
96149d3ed4f00afb92f12856101e693e93c4683f030ae6ca6ebfbb7ba5a2a345,1bfbf6e1f849d22a0ece669507eb055525edf6929f273b999d865d52ea086a82,207762.8392999172,0.866,6161.973299917183,207761.97180901715,14,3462
96149d3ed4f00afb92f12856101e693e93c4683f030ae6ca6ebfbb7ba5a2a345,1cf618f9ee318fecbc31aa059ded8328581b9a9b092f1069b9f7679b6f89e52e,207768.07241892812,0.051,6168.0214189281105,207768.01992802808,14,3462
96149d3ed4f00afb92f12856101e693e93c4683f030ae6ca6ebfbb7ba5a2a345,1bfbf6e1f849d22a0ece669507eb055525edf6929f273b999d865d52ea086a82,207770.0362799168,0.959,6169.07727991679,207769.07578901676,14,3462
96149d3ed4f00afb92f12856101e693e93c4683f030ae6ca6ebfbb7ba5a2a345,1cf618f9ee318fecbc31aa059ded8328581b9a9b092f1069b9f7679b6f89e52e,207824.90537905693,0.043,6224.862379056925,207824.8608881569,14,3463
96149d3ed4f00afb92f12856101e693e93c4683f030ae6ca6ebfbb7ba5a2a345,1bfbf6e1f849d22a0ece669507eb055525edf6929f273b999d865d52ea086a82,207827.24080705643,0.919,6226.321807056433,207826.3203161564,14,3463
96149d3ed4f00afb92f12856101e693e93c4683f030ae6ca6ebfbb7ba5a2a345,1bfbf6e1f849d22a0ece669507eb055525edf6929f273b999d865d52ea086a82,207830.93595790863,1.193,6229.742957908631,207829.7414670086,14,3463
96149d3ed4f00afb92f12856101e693e93c4683f030ae6ca6ebfbb7ba5a2a345,1bfbf6e1f849d22a0ece669507eb055525edf6929f273b999d865d52ea086a82,207842.0965909958,0.979,6241.1175909957965,207841.11610009577,14,3464
96149d3ed4f00afb92f12856101e693e93c4683f030ae6ca6ebfbb7ba5a2a345,1bfbf6e1f849d22a0ece669507eb055525edf6929f273b999d865d52ea086a82,207881.6349489689,1.172,6280.462948968896,207880.46145806886,14,3464
96149d3ed4f00afb92f12856101e693e93c4683f030ae6ca6ebfbb7ba5a2a345,1bfbf6e1f849d22a0ece669507eb055525edf6929f273b999d865d52ea086a82,207995.26758790016,0.878,6394.389587900165,207994.38809700013,14,3466
96149d3ed4f00afb92f12856101e693e93c4683f030ae6ca6ebfbb7ba5a2a345,1bfbf6e1f849d22a0ece669507eb055525edf6929f273b999d865d52ea086a82,207997.5004210472,0.964,6396.5364210472035,207996.53493014717,14,3466
96149d3ed4f00afb92f12856101e693e93c4683f030ae6ca6ebfbb7ba5a2a345,1bfbf6e1f849d22a0ece669507eb055525edf6929f273b999d865d52ea086a82,208002.98966789249,0.845,6402.144667892484,208002.14317699245,14,3466
96149d3ed4f00afb92f12856101e693e93c4683f030ae6ca6ebfbb7ba5a2a345,1bfbf6e1f849d22a0ece669507eb055525edf6929f273b999d865d52ea086a82,208004.92704606056,0.977,6403.950046060549,208003.94855516052,14,3466
96149d3ed4f00afb92f12856101e693e93c4683f030ae6ca6ebfbb7ba5a2a345,1cf618f9ee318fecbc31aa059ded8328581b9a9b092f1069b9f7679b6f89e52e,208007.7326619625,0.042,6407.690661962522,208007.6891710625,14,3466
96149d3ed4f00afb92f12856101e693e93c4683f030ae6ca6ebfbb7ba5a2a345,1bfbf6e1f849d22a0ece669507eb055525edf6929f273b999d865d52ea086a82,208011.7595939636,1.176,6410.583593963587,208010.58210306356,14,3466
96149d3ed4f00afb92f12856101e693e93c4683f030ae6ca6ebfbb7ba5a2a345,1cf618f9ee318fecbc31aa059ded8328581b9a9b092f1069b9f7679b6f89e52e,208047.91680788997,0.044,6447.872807889973,208047.87131698994,14,3467
96149d3ed4f00afb92f12856101e693e93c4683f030ae6ca6ebfbb7ba5a2a345,1bfbf6e1f849d22a0ece669507eb055525edf6929f273b999d865d52ea086a82,208054.6628460884,0.894,6453.768846088409,208053.76735518838,14,3467
96149d3ed4f00afb92f12856101e693e93c4683f030ae6ca6ebfbb7ba5a2a345,1bfbf6e1f849d22a0ece669507eb055525edf6929f273b999d865d52ea086a82,208139.93998503685,0.932,6539.007985036849,208139.00649413682,14,3468
96149d3ed4f00afb92f12856101e693e93c4683f030ae6ca6ebfbb7ba5a2a345,1bfbf6e1f849d22a0ece669507eb055525edf6929f273b999d865d52ea086a82,208143.93790197367,1.152,6542.785901973664,208142.78441107363,14,3469
96149d3ed4f00afb92f12856101e693e93c4683f030ae6ca6ebfbb7ba5a2a345,1cf618f9ee318fecbc31aa059ded8328581b9a9b092f1069b9f7679b6f89e52e,208202.7778520584,0.05,6602.727852058422,208202.7263611584,14,3470
96149d3ed4f00afb92f12856101e693e93c4683f030ae6ca6ebfbb7ba5a2a345,1bfbf6e1f849d22a0ece669507eb055525edf6929f273b999d865d52ea086a82,208204.76119089127,1.154,6603.607190891256,208203.60569999123,14,3470
96149d3ed4f00afb92f12856101e693e93c4683f030ae6ca6ebfbb7ba5a2a345,1bfbf6e1f849d22a0ece669507eb055525edf6929f273b999d865d52ea086a82,208208.32718992236,1.179,6607.148189922358,208207.14669902233,14,3470
96149d3ed4f00afb92f12856101e693e93c4683f030ae6ca6ebfbb7ba5a2a345,1cf618f9ee318fecbc31aa059ded8328581b9a9b092f1069b9f7679b6f89e52e,209040.80002999303,0.091,7440.709029993042,209040.707539093,14,3484
96149d3ed4f00afb92f12856101e693e93c4683f030ae6ca6ebfbb7ba5a2a345,1bfbf6e1f849d22a0ece669507eb055525edf6929f273b999d865d52ea086a82,209045.7124159336,1.473,7444.239415933611,209044.23792503358,14,3484
96149d3ed4f00afb92f12856101e693e93c4683f030ae6ca6ebfbb7ba5a2a345,1cf618f9ee318fecbc31aa059ded8328581b9a9b092f1069b9f7679b6f89e52e,209272.1735188961,0.01,7672.163518896094,209272.16202799606,14,3487
a4a3c0390fad6c1ab8f2dc77113af81781edc24961772adb9fe5219bd8b3f2af,bd34d747bf67247a686b958802ebe65c048d6d3af170f227d2c969be13c07ae8,1116771.1591858864,298.775,7672.384185886476,1116472.3826949864,77,18607
96149d3ed4f00afb92f12856101e693e93c4683f030ae6ca6ebfbb7ba5a2a345,1cf618f9ee318fecbc31aa059ded8328581b9a9b092f1069b9f7679b6f89e52e,209272.5733280182,0.01,7672.563328018179,209272.56183711815,14,3487
96149d3ed4f00afb92f12856101e693e93c4683f030ae6ca6ebfbb7ba5a2a345,1bfbf6e1f849d22a0ece669507eb055525edf6929f273b999d865d52ea086a82,209277.19632196423,1.082,7676.11432196424,209276.1128310642,14,3487
a4a3c0390fad6c1ab8f2dc77113af81781edc24961772adb9fe5219bd8b3f2af,bd34d747bf67247a686b958802ebe65c048d6d3af170f227d2c969be13c07ae8,1116522.035434961,43.234,7678.801434961148,1116478.799944061,77,18607
a4a3c0390fad6c1ab8f2dc77113af81781edc24961772adb9fe5219bd8b3f2af,bd34d747bf67247a686b958802ebe65c048d6d3af170f227d2c969be13c07ae8,1116625.8353800774,140.769,7685.0663800772745,1116485.0648891772,77,18608
a4a3c0390fad6c1ab8f2dc77113af81781edc24961772adb9fe5219bd8b3f2af,bd34d747bf67247a686b958802ebe65c048d6d3af170f227d2c969be13c07ae8,1116718.6273229122,232.037,7686.590322912205,1116486.5888320121,77,18608
a4a3c0390fad6c1ab8f2dc77113af81781edc24961772adb9fe5219bd8b3f2af,bd34d747bf67247a686b958802ebe65c048d6d3af170f227d2c969be13c07ae8,1116738.7649219036,252.05,7686.714921903564,1116486.7134310035,77,18608
a4a3c0390fad6c1ab8f2dc77113af81781edc24961772adb9fe5219bd8b3f2af,bd34d747bf67247a686b958802ebe65c048d6d3af170f227d2c969be13c07ae8,1116592.8051629066,85.648,7707.157162906602,1116507.1556720065,77,18608
a4a3c0390fad6c1ab8f2dc77113af81781edc24961772adb9fe5219bd8b3f2af,bd34d747bf67247a686b958802ebe65c048d6d3af170f227d2c969be13c07ae8,1116572.369282961,64.54,7707.8292829608545,1116507.8277920608,77,18608
a4a3c0390fad6c1ab8f2dc77113af81781edc24961772adb9fe5219bd8b3f2af,bd34d747bf67247a686b958802ebe65c048d6d3af170f227d2c969be13c07ae8,1116725.7678608894,217.455,7708.31286088936,1116508.3113699893,77,18608
a4a3c0390fad6c1ab8f2dc77113af81781edc24961772adb9fe5219bd8b3f2af,bd34d747bf67247a686b958802ebe65c048d6d3af170f227d2c969be13c07ae8,1116722.622864008,214.31,7708.312864007894,1116508.3113731078,77,18608
a4a3c0390fad6c1ab8f2dc77113af81781edc24961772adb9fe5219bd8b3f2af,bd34d747bf67247a686b958802ebe65c048d6d3af170f227d2c969be13c07ae8,1116701.3124380112,192.982,7708.330438011093,1116508.328947111,77,18608
a4a3c0390fad6c1ab8f2dc77113af81781edc24961772adb9fe5219bd8b3f2af,bd34d747bf67247a686b958802ebe65c048d6d3af170f227d2c969be13c07ae8,1116798.7020499706,283.925,7714.77704997058,1116514.7755590705,77,18608
a4a3c0390fad6c1ab8f2dc77113af81781edc24961772adb9fe5219bd8b3f2af,bd34d747bf67247a686b958802ebe65c048d6d3af170f227d2c969be13c07ae8,1116594.5708229542,78.368,7716.202822954161,1116516.201332054,77,18608
a4a3c0390fad6c1ab8f2dc77113af81781edc24961772adb9fe5219bd8b3f2af,bd34d747bf67247a686b958802ebe65c048d6d3af170f227d2c969be13c07ae8,1116620.6879210472,104.361,7716.326921047177,1116516.3254301471,77,18608
a4a3c0390fad6c1ab8f2dc77113af81781edc24961772adb9fe5219bd8b3f2af,bd34d747bf67247a686b958802ebe65c048d6d3af170f227d2c969be13c07ae8,1116818.6972088814,299.929,7718.768208881374,1116518.7667179813,77,18608
a4a3c0390fad6c1ab8f2dc77113af81781edc24961772adb9fe5219bd8b3f2af,bd34d747bf67247a686b958802ebe65c048d6d3af170f227d2c969be13c07ae8,1116566.7909340858,0.468,7766.322934085736,1116566.3214431857,77,18609
a4a3c0390fad6c1ab8f2dc77113af81781edc24961772adb9fe5219bd8b3f2af,bd34d747bf67247a686b958802ebe65c048d6d3af170f227d2c969be13c07ae8,1116733.5355279446,162.031,7771.504527944606,1116571.5030370445,77,18609
96149d3ed4f00afb92f12856101e693e93c4683f030ae6ca6ebfbb7ba5a2a345,1cf618f9ee318fecbc31aa059ded8328581b9a9b092f1069b9f7679b6f89e52e,209372.289206028,0.017,7772.272206028021,209372.270715128,14,3489
a4a3c0390fad6c1ab8f2dc77113af81781edc24961772adb9fe5219bd8b3f2af,bd34d747bf67247a686b958802ebe65c048d6d3af170f227d2c969be13c07ae8,1116813.5691549778,240.1,7773.469154977705,1116573.4676640776,77,18609
96149d3ed4f00afb92f12856101e693e93c4683f030ae6ca6ebfbb7ba5a2a345,1bfbf6e1f849d22a0ece669507eb055525edf6929f273b999d865d52ea086a82,209376.30527305603,0.687,7775.618273056025,209375.616782156,14,3489
a4a3c0390fad6c1ab8f2dc77113af81781edc24961772adb9fe5219bd8b3f2af,bd34d747bf67247a686b958802ebe65c048d6d3af170f227d2c969be13c07ae8,1116733.460639,140.434,7793.026639000047,1116593.0251481,77,18609
a4a3c0390fad6c1ab8f2dc77113af81781edc24961772adb9fe5219bd8b3f2af,bd34d747bf67247a686b958802ebe65c048d6d3af170f227d2c969be13c07ae8,1116833.270553112,238.508,7794.762553112116,1116594.761062212,77,18609
a4a3c0390fad6c1ab8f2dc77113af81781edc24961772adb9fe5219bd8b3f2af,bd34d747bf67247a686b958802ebe65c048d6d3af170f227d2c969be13c07ae8,1116728.5459160805,128.425,7800.120916080428,1116600.1194251804,77,18610
a4a3c0390fad6c1ab8f2dc77113af81781edc24961772adb9fe5219bd8b3f2af,bd34d747bf67247a686b958802ebe65c048d6d3af170f227d2c969be13c07ae8,1116680.5053470137,54.25,7826.255347013706,1116626.2538561136,77,18610
a4a3c0390fad6c1ab8f2dc77113af81781edc24961772adb9fe5219bd8b3f2af,bd34d747bf67247a686b958802ebe65c048d6d3af170f227d2c969be13c07ae8,1116885.6806719303,257.066,7828.614671930205,1116628.6131810301,77,18610
a4a3c0390fad6c1ab8f2dc77113af81781edc24961772adb9fe5219bd8b3f2af,bd34d747bf67247a686b958802ebe65c048d6d3af170f227d2c969be13c07ae8,1116703.0013010502,57.111,7845.890301050153,1116645.88881015,77,18610
a4a3c0390fad6c1ab8f2dc77113af81781edc24961772adb9fe5219bd8b3f2af,bd34d747bf67247a686b958802ebe65c048d6d3af170f227d2c969be13c07ae8,1116651.1116669178,4.376,7846.73566691787,1116646.7341760178,77,18610
a4a3c0390fad6c1ab8f2dc77113af81781edc24961772adb9fe5219bd8b3f2af,bd34d747bf67247a686b958802ebe65c048d6d3af170f227d2c969be13c07ae8,1116784.897106886,137.44,7847.457106885966,1116647.455615986,77,18610
a4a3c0390fad6c1ab8f2dc77113af81781edc24961772adb9fe5219bd8b3f2af,bd34d747bf67247a686b958802ebe65c048d6d3af170f227d2c969be13c07ae8,1116704.9259250164,51.145,7853.780925016385,1116653.7794341163,77,18610
a4a3c0390fad6c1ab8f2dc77113af81781edc24961772adb9fe5219bd8b3f2af,bd34d747bf67247a686b958802ebe65c048d6d3af170f227d2c969be13c07ae8,1116688.4381439686,3.073,7885.365143968491,1116685.3636530684,77,18611
a4a3c0390fad6c1ab8f2dc77113af81781edc24961772adb9fe5219bd8b3f2af,bd34d747bf67247a686b958802ebe65c048d6d3af170f227d2c969be13c07ae8,1116947.0432879925,261.381,7885.662287992425,1116685.6607970924,77,18611
a4a3c0390fad6c1ab8f2dc77113af81781edc24961772adb9fe5219bd8b3f2af,bd34d747bf67247a686b958802ebe65c048d6d3af170f227d2c969be13c07ae8,1116723.319268942,37.407,7885.912268942222,1116685.9107780422,77,18611
a4a3c0390fad6c1ab8f2dc77113af81781edc24961772adb9fe5219bd8b3f2af,bd34d747bf67247a686b958802ebe65c048d6d3af170f227d2c969be13c07ae8,1116746.3021640778,58.879,7887.423164077802,1116687.4216731777,77,18611
a4a3c0390fad6c1ab8f2dc77113af81781edc24961772adb9fe5219bd8b3f2af,bd34d747bf67247a686b958802ebe65c048d6d3af170f227d2c969be13c07ae8,1116747.9719529152,53.608,7894.363952915184,1116694.3624620151,77,18611
a4a3c0390fad6c1ab8f2dc77113af81781edc24961772adb9fe5219bd8b3f2af,bd34d747bf67247a686b958802ebe65c048d6d3af170f227d2c969be13c07ae8,1116708.2744090557,13.426,7894.848409055732,1116694.8469181557,77,18611
a4a3c0390fad6c1ab8f2dc77113af81781edc24961772adb9fe5219bd8b3f2af,bd34d747bf67247a686b958802ebe65c048d6d3af170f227d2c969be13c07ae8,1116745.735407114,39.944,7905.791407114128,1116705.789916214,77,18611
a4a3c0390fad6c1ab8f2dc77113af81781edc24961772adb9fe5219bd8b3f2af,bd34d747bf67247a686b958802ebe65c048d6d3af170f227d2c969be13c07ae8,1116910.2550001144,199.757,7910.498000114458,1116710.4965092144,77,18611
a4a3c0390fad6c1ab8f2dc77113af81781edc24961772adb9fe5219bd8b3f2af,bd34d747bf67247a686b958802ebe65c048d6d3af170f227d2c969be13c07ae8,1116718.006588936,7.194,7910.812588936184,1116710.8110980361,77,18611
a4a3c0390fad6c1ab8f2dc77113af81781edc24961772adb9fe5219bd8b3f2af,bd34d747bf67247a686b958802ebe65c048d6d3af170f227d2c969be13c07ae8,1116986.439629078,259.985,7926.454629077809,1116726.4531381777,77,18612
a4a3c0390fad6c1ab8f2dc77113af81781edc24961772adb9fe5219bd8b3f2af,bd34d747bf67247a686b958802ebe65c048d6d3af170f227d2c969be13c07ae8,1116737.493488073,0.39,7937.103488073219,1116737.1019971732,77,18612
a4a3c0390fad6c1ab8f2dc77113af81781edc24961772adb9fe5219bd8b3f2af,bd34d747bf67247a686b958802ebe65c048d6d3af170f227d2c969be13c07ae8,1116887.542721033,143.975,7943.567721033003,1116743.566230133,77,18612
a4a3c0390fad6c1ab8f2dc77113af81781edc24961772adb9fe5219bd8b3f2af,bd34d747bf67247a686b958802ebe65c048d6d3af170f227d2c969be13c07ae8,1116837.4634308815,91.802,7945.6614308815915,1116745.6599399815,77,18612
a4a3c0390fad6c1ab8f2dc77113af81781edc24961772adb9fe5219bd8b3f2af,bd34d747bf67247a686b958802ebe65c048d6d3af170f227d2c969be13c07ae8,1116899.1763460636,151.016,7948.160346063552,1116748.1588551635,77,18612
a4a3c0390fad6c1ab8f2dc77113af81781edc24961772adb9fe5219bd8b3f2af,bd34d747bf67247a686b958802ebe65c048d6d3af170f227d2c969be13c07ae8,1116879.9664039612,131.291,7948.675403961213,1116748.6739130612,77,18612
a4a3c0390fad6c1ab8f2dc77113af81781edc24961772adb9fe5219bd8b3f2af,bd34d747bf67247a686b958802ebe65c048d6d3af170f227d2c969be13c07ae8,1116889.339855909,130.38,7958.9598559092265,1116758.9583650092,77,18612
a4a3c0390fad6c1ab8f2dc77113af81781edc24961772adb9fe5219bd8b3f2af,bd34d747bf67247a686b958802ebe65c048d6d3af170f227d2c969be13c07ae8,1116892.3338160517,102.64,7989.693816051818,1116789.6923251518,77,18613
a4a3c0390fad6c1ab8f2dc77113af81781edc24961772adb9fe5219bd8b3f2af,bd34d747bf67247a686b958802ebe65c048d6d3af170f227d2c969be13c07ae8,1116846.7858359814,15.79,8030.995835981332,1116830.9943450813,77,18613
a4a3c0390fad6c1ab8f2dc77113af81781edc24961772adb9fe5219bd8b3f2af,bd34d747bf67247a686b958802ebe65c048d6d3af170f227d2c969be13c07ae8,1116849.3662769794,3.422,8045.944276979426,1116845.9427860794,77,18614
a4a3c0390fad6c1ab8f2dc77113af81781edc24961772adb9fe5219bd8b3f2af,bd34d747bf67247a686b958802ebe65c048d6d3af170f227d2c969be13c07ae8,1116859.2571270466,0.376,8058.881127046654,1116858.8796361466,77,18614
a4a3c0390fad6c1ab8f2dc77113af81781edc24961772adb9fe5219bd8b3f2af,bd34d747bf67247a686b958802ebe65c048d6d3af170f227d2c969be13c07ae8,1116869.7278819084,0.46,8069.267881908454,1116869.2663910084,77,18614
a4a3c0390fad6c1ab8f2dc77113af81781edc24961772adb9fe5219bd8b3f2af,bd34d747bf67247a686b958802ebe65c048d6d3af170f227d2c969be13c07ae8,1116874.1350181105,2.491,8071.644018110586,1116871.6425272105,77,18614
a4a3c0390fad6c1ab8f2dc77113af81781edc24961772adb9fe5219bd8b3f2af,bd34d747bf67247a686b958802ebe65c048d6d3af170f227d2c969be13c07ae8,1117045.983043909,159.382,8086.60104390909,1116886.599553009,77,18614
a4a3c0390fad6c1ab8f2dc77113af81781edc24961772adb9fe5219bd8b3f2af,bd34d747bf67247a686b958802ebe65c048d6d3af170f227d2c969be13c07ae8,1116942.9321949482,40.299,8102.633194948081,1116902.631704048,77,18615
a4a3c0390fad6c1ab8f2dc77113af81781edc24961772adb9fe5219bd8b3f2af,bd34d747bf67247a686b958802ebe65c048d6d3af170f227d2c969be13c07ae8,1117094.1131589413,190.928,8103.185158941196,1116903.1836680411,77,18615
a4a3c0390fad6c1ab8f2dc77113af81781edc24961772adb9fe5219bd8b3f2af,bd34d747bf67247a686b958802ebe65c048d6d3af170f227d2c969be13c07ae8,1117046.5723130703,134.856,8111.716313070385,1116911.7148221703,77,18615
a4a3c0390fad6c1ab8f2dc77113af81781edc24961772adb9fe5219bd8b3f2af,bd34d747bf67247a686b958802ebe65c048d6d3af170f227d2c969be13c07ae8,1116930.56218791,11.649,8118.913187910104,1116918.91169701,77,18615
a4a3c0390fad6c1ab8f2dc77113af81781edc24961772adb9fe5219bd8b3f2af,bd34d747bf67247a686b958802ebe65c048d6d3af170f227d2c969be13c07ae8,1116999.159667015,78.634,8120.525667014997,1116920.524176115,77,18615
a4a3c0390fad6c1ab8f2dc77113af81781edc24961772adb9fe5219bd8b3f2af,bd34d747bf67247a686b958802ebe65c048d6d3af170f227d2c969be13c07ae8,1117131.9269099236,210.401,8121.525909923483,1116921.5244190234,77,18615
a4a3c0390fad6c1ab8f2dc77113af81781edc24961772adb9fe5219bd8b3f2af,bd34d747bf67247a686b958802ebe65c048d6d3af170f227d2c969be13c07ae8,1116955.130037069,0.14,8154.99003706919,1116954.9885461691,77,18615
a4a3c0390fad6c1ab8f2dc77113af81781edc24961772adb9fe5219bd8b3f2af,bd34d747bf67247a686b958802ebe65c048d6d3af170f227d2c969be13c07ae8,1117087.659343958,116.092,8171.567343957955,1116971.565853058,77,18616
a4a3c0390fad6c1ab8f2dc77113af81781edc24961772adb9fe5219bd8b3f2af,bd34d747bf67247a686b958802ebe65c048d6d3af170f227d2c969be13c07ae8,1116992.8256299496,18.922,8173.903629949549,1116973.9021390495,77,18616
a4a3c0390fad6c1ab8f2dc77113af81781edc24961772adb9fe5219bd8b3f2af,bd34d747bf67247a686b958802ebe65c048d6d3af170f227d2c969be13c07ae8,1117060.770442009,83.042,8177.728442009073,1116977.726951109,77,18616
a4a3c0390fad6c1ab8f2dc77113af81781edc24961772adb9fe5219bd8b3f2af,bd34d747bf67247a686b958802ebe65c048d6d3af170f227d2c969be13c07ae8,1117038.280976057,57.561,8180.719976057066,1116980.718485157,77,18616
a4a3c0390fad6c1ab8f2dc77113af81781edc24961772adb9fe5219bd8b3f2af,bd34d747bf67247a686b958802ebe65c048d6d3af170f227d2c969be13c07ae8,1116995.8485519886,0.588,8195.260551988613,1116995.2590610886,77,18616
a4a3c0390fad6c1ab8f2dc77113af81781edc24961772adb9fe5219bd8b3f2af,bd34d747bf67247a686b958802ebe65c048d6d3af170f227d2c969be13c07ae8,1117100.9454898834,99.065,8201.880489883479,1117001.8789989834,77,18616
a4a3c0390fad6c1ab8f2dc77113af81781edc24961772adb9fe5219bd8b3f2af,bd34d747bf67247a686b958802ebe65c048d6d3af170f227d2c969be13c07ae8,1117121.9403278828,99.614,8222.326327882707,1117022.3248369826,77,18617
a4a3c0390fad6c1ab8f2dc77113af81781edc24961772adb9fe5219bd8b3f2af,bd34d747bf67247a686b958802ebe65c048d6d3af170f227d2c969be13c07ae8,1117096.3528869152,64.722,8231.63088691514,1117031.629396015,77,18617
a4a3c0390fad6c1ab8f2dc77113af81781edc24961772adb9fe5219bd8b3f2af,bd34d747bf67247a686b958802ebe65c048d6d3af170f227d2c969be13c07ae8,1117217.080135107,180.242,8236.838135106955,1117036.836644207,77,18617
a4a3c0390fad6c1ab8f2dc77113af81781edc24961772adb9fe5219bd8b3f2af,bd34d747bf67247a686b958802ebe65c048d6d3af170f227d2c969be13c07ae8,1117132.2576079369,81.082,8251.175607936922,1117051.1741170369,77,18617
a4a3c0390fad6c1ab8f2dc77113af81781edc24961772adb9fe5219bd8b3f2af,bd34d747bf67247a686b958802ebe65c048d6d3af170f227d2c969be13c07ae8,1117149.1660590172,94.003,8255.163059017155,1117055.161568117,77,18617
a4a3c0390fad6c1ab8f2dc77113af81781edc24961772adb9fe5219bd8b3f2af,bd34d747bf67247a686b958802ebe65c048d6d3af170f227d2c969be13c07ae8,1117104.903892994,28.891,8276.012892993866,1117076.0114020938,77,18617
a4a3c0390fad6c1ab8f2dc77113af81781edc24961772adb9fe5219bd8b3f2af,bd34d747bf67247a686b958802ebe65c048d6d3af170f227d2c969be13c07ae8,1117212.7216250896,110.828,8301.893625089666,1117101.8921341896,77,18618
a4a3c0390fad6c1ab8f2dc77113af81781edc24961772adb9fe5219bd8b3f2af,bd34d747bf67247a686b958802ebe65c048d6d3af170f227d2c969be13c07ae8,1117187.0724740028,82.543,8304.529474002775,1117104.5279831027,77,18618
96149d3ed4f00afb92f12856101e693e93c4683f030ae6ca6ebfbb7ba5a2a345,1bfbf6e1f849d22a0ece669507eb055525edf6929f273b999d865d52ea086a82,209947.94442105293,0.625,8347.319421052933,209947.3179301529,14,3499
a4a3c0390fad6c1ab8f2dc77113af81781edc24961772adb9fe5219bd8b3f2af,bd34d747bf67247a686b958802ebe65c048d6d3af170f227d2c969be13c07ae8,1117268.1613190174,100.599,8367.562319017481,1117167.5608281174,77,18619
a4a3c0390fad6c1ab8f2dc77113af81781edc24961772adb9fe5219bd8b3f2af,bd34d747bf67247a686b958802ebe65c048d6d3af170f227d2c969be13c07ae8,1117229.5822060108,39.973,8389.60920601082,1117189.6077151108,77,18619
96149d3ed4f00afb92f12856101e693e93c4683f030ae6ca6ebfbb7ba5a2a345,1bfbf6e1f849d22a0ece669507eb055525edf6929f273b999d865d52ea086a82,210002.9897449017,0.921,8402.068744901684,210002.06725400165,14,3500
a4a3c0390fad6c1ab8f2dc77113af81781edc24961772adb9fe5219bd8b3f2af,bd34d747bf67247a686b958802ebe65c048d6d3af170f227d2c969be13c07ae8,1117336.6547739506,118.858,8417.79677395057,1117217.7952830505,77,18620
a4a3c0390fad6c1ab8f2dc77113af81781edc24961772adb9fe5219bd8b3f2af,bd34d747bf67247a686b958802ebe65c048d6d3af170f227d2c969be13c07ae8,1117262.263489008,3.289,8458.974489007844,1117258.9729981078,77,18620
a4a3c0390fad6c1ab8f2dc77113af81781edc24961772adb9fe5219bd8b3f2af,bd34d747bf67247a686b958802ebe65c048d6d3af170f227d2c969be13c07ae8,1117298.781908989,38.391,8460.390908988891,1117260.3894180888,77,18621
a4a3c0390fad6c1ab8f2dc77113af81781edc24961772adb9fe5219bd8b3f2af,bd34d747bf67247a686b958802ebe65c048d6d3af170f227d2c969be13c07ae8,1117276.9452819824,8.264,8468.681281982455,1117268.6797910824,77,18621
96149d3ed4f00afb92f12856101e693e93c4683f030ae6ca6ebfbb7ba5a2a345,1bfbf6e1f849d22a0ece669507eb055525edf6929f273b999d865d52ea086a82,210126.603178978,0.756,8525.847178978001,210125.84568807797,14,3502
96149d3ed4f00afb92f12856101e693e93c4683f030ae6ca6ebfbb7ba5a2a345,1cf618f9ee318fecbc31aa059ded8328581b9a9b092f1069b9f7679b6f89e52e,210149.91611504555,0.099,8549.81711504556,210149.81562414553,14,3502
a4a3c0390fad6c1ab8f2dc77113af81781edc24961772adb9fe5219bd8b3f2af,bd34d747bf67247a686b958802ebe65c048d6d3af170f227d2c969be13c07ae8,1117424.129575014,65.609,8558.520575014176,1117358.519084114,77,18622
96149d3ed4f00afb92f12856101e693e93c4683f030ae6ca6ebfbb7ba5a2a345,1bfbf6e1f849d22a0ece669507eb055525edf6929f273b999d865d52ea086a82,210167.2538030148,1.051,8566.202803014807,210166.20131211478,14,3502
96149d3ed4f00afb92f12856101e693e93c4683f030ae6ca6ebfbb7ba5a2a345,1bfbf6e1f849d22a0ece669507eb055525edf6929f273b999d865d52ea086a82,210170.98860001564,0.88,8570.108600015636,210170.1071091156,14,3502
96149d3ed4f00afb92f12856101e693e93c4683f030ae6ca6ebfbb7ba5a2a345,1bfbf6e1f849d22a0ece669507eb055525edf6929f273b999d865d52ea086a82,210172.0532920361,0.971,8571.082292036095,210171.08080113606,14,3502
96149d3ed4f00afb92f12856101e693e93c4683f030ae6ca6ebfbb7ba5a2a345,1bfbf6e1f849d22a0ece669507eb055525edf6929f273b999d865d52ea086a82,210174.73243808743,0.725,8574.007438087428,210174.0059471874,14,3502
96149d3ed4f00afb92f12856101e693e93c4683f030ae6ca6ebfbb7ba5a2a345,1bfbf6e1f849d22a0ece669507eb055525edf6929f273b999d865d52ea086a82,210198.57853388783,0.898,8597.680533887848,210197.67904298782,14,3503
a4a3c0390fad6c1ab8f2dc77113af81781edc24961772adb9fe5219bd8b3f2af,bd34d747bf67247a686b958802ebe65c048d6d3af170f227d2c969be13c07ae8,1117448.575288057,41.724,8606.851288057165,1117406.849797157,77,18623
96149d3ed4f00afb92f12856101e693e93c4683f030ae6ca6ebfbb7ba5a2a345,1bfbf6e1f849d22a0ece669507eb055525edf6929f273b999d865d52ea086a82,210207.69822597504,0.746,8606.952225975023,210206.950735075,14,3503
a4a3c0390fad6c1ab8f2dc77113af81781edc24961772adb9fe5219bd8b3f2af,bd34d747bf67247a686b958802ebe65c048d6d3af170f227d2c969be13c07ae8,1117451.1644210815,42.816,8608.348421081435,1117408.3469301814,77,18623
a4a3c0390fad6c1ab8f2dc77113af81781edc24961772adb9fe5219bd8b3f2af,bd34d747bf67247a686b958802ebe65c048d6d3af170f227d2c969be13c07ae8,1117438.5394470692,30.037,8608.502447069157,1117408.500956169,77,18623
a4a3c0390fad6c1ab8f2dc77113af81781edc24961772adb9fe5219bd8b3f2af,bd34d747bf67247a686b958802ebe65c048d6d3af170f227d2c969be13c07ae8,1117448.9281539917,30.059,8618.869153991807,1117418.8676630917,77,18623
96149d3ed4f00afb92f12856101e693e93c4683f030ae6ca6ebfbb7ba5a2a345,1cf618f9ee318fecbc31aa059ded8328581b9a9b092f1069b9f7679b6f89e52e,210226.81649398804,0.01,8626.806493988028,210226.805003088,14,3503
a4a3c0390fad6c1ab8f2dc77113af81781edc24961772adb9fe5219bd8b3f2af,bd34d747bf67247a686b958802ebe65c048d6d3af170f227d2c969be13c07ae8,1117458.2317259312,30.038,8628.193725931225,1117428.1922350312,77,18623
96149d3ed4f00afb92f12856101e693e93c4683f030ae6ca6ebfbb7ba5a2a345,1bfbf6e1f849d22a0ece669507eb055525edf6929f273b999d865d52ea086a82,210230.8659980297,0.783,8630.082998029713,210230.08150712968,14,3503
96149d3ed4f00afb92f12856101e693e93c4683f030ae6ca6ebfbb7ba5a2a345,1cf618f9ee318fecbc31aa059ded8328581b9a9b092f1069b9f7679b6f89e52e,210231.60392189023,0.009,8631.594921890239,210231.5934309902,14,3503
96149d3ed4f00afb92f12856101e693e93c4683f030ae6ca6ebfbb7ba5a2a345,1bfbf6e1f849d22a0ece669507eb055525edf6929f273b999d865d52ea086a82,210233.97282099724,0.75,8633.222820997238,210233.2213300972,14,3503
a4a3c0390fad6c1ab8f2dc77113af81781edc24961772adb9fe5219bd8b3f2af,bd34d747bf67247a686b958802ebe65c048d6d3af170f227d2c969be13c07ae8,1117465.5847818851,30.04,8635.54478188511,1117435.543290985,77,18623
a4a3c0390fad6c1ab8f2dc77113af81781edc24961772adb9fe5219bd8b3f2af,bd34d747bf67247a686b958802ebe65c048d6d3af170f227d2c969be13c07ae8,1117469.850851059,30.24,8639.61085105897,1117439.609360159,77,18623
a4a3c0390fad6c1ab8f2dc77113af81781edc24961772adb9fe5219bd8b3f2af,bd34d747bf67247a686b958802ebe65c048d6d3af170f227d2c969be13c07ae8,1117477.843904972,30.03,8647.813904972048,1117447.812414072,77,18624
a4a3c0390fad6c1ab8f2dc77113af81781edc24961772adb9fe5219bd8b3f2af,bd34d747bf67247a686b958802ebe65c048d6d3af170f227d2c969be13c07ae8,1117501.5034329891,30.04,8671.463432989083,1117471.461942089,77,18624
a4a3c0390fad6c1ab8f2dc77113af81781edc24961772adb9fe5219bd8b3f2af,bd34d747bf67247a686b958802ebe65c048d6d3af170f227d2c969be13c07ae8,1117505.156718969,30.026,8675.130718969041,1117475.129228069,77,18624
a4a3c0390fad6c1ab8f2dc77113af81781edc24961772adb9fe5219bd8b3f2af,bd34d747bf67247a686b958802ebe65c048d6d3af170f227d2c969be13c07ae8,1117510.0537569523,30.031,8680.022756952327,1117480.0212660523,77,18624
a4a3c0390fad6c1ab8f2dc77113af81781edc24961772adb9fe5219bd8b3f2af,bd34d747bf67247a686b958802ebe65c048d6d3af170f227d2c969be13c07ae8,1117520.8887560368,30.033,8690.855756036704,1117490.8542651366,77,18624
96149d3ed4f00afb92f12856101e693e93c4683f030ae6ca6ebfbb7ba5a2a345,1bfbf6e1f849d22a0ece669507eb055525edf6929f273b999d865d52ea086a82,210293.59822392464,0.641,8692.957223924634,210292.9557330246,14,3504
a4a3c0390fad6c1ab8f2dc77113af81781edc24961772adb9fe5219bd8b3f2af,bd34d747bf67247a686b958802ebe65c048d6d3af170f227d2c969be13c07ae8,1117561.1013479233,37.146,8723.95534792333,1117523.9538570233,77,18625
96149d3ed4f00afb92f12856101e693e93c4683f030ae6ca6ebfbb7ba5a2a345,1cf618f9ee318fecbc31aa059ded8328581b9a9b092f1069b9f7679b6f89e52e,210334.77747893333,0.01,8734.767478933325,210334.7659880333,14,3505
96149d3ed4f00afb92f12856101e693e93c4683f030ae6ca6ebfbb7ba5a2a345,1bfbf6e1f849d22a0ece669507eb055525edf6929f273b999d865d52ea086a82,210338.22100901604,0.622,8737.599009016034,210337.597518116,14,3505
a4a3c0390fad6c1ab8f2dc77113af81781edc24961772adb9fe5219bd8b3f2af,bd34d747bf67247a686b958802ebe65c048d6d3af170f227d2c969be13c07ae8,1117578.075503111,30.031,8748.044503110927,1117548.0430122109,77,18625
a4a3c0390fad6c1ab8f2dc77113af81781edc24961772adb9fe5219bd8b3f2af,bd34d747bf67247a686b958802ebe65c048d6d3af170f227d2c969be13c07ae8,1117591.3160130978,30.027,8761.289013097761,1117561.2875221977,77,18626
a4a3c0390fad6c1ab8f2dc77113af81781edc24961772adb9fe5219bd8b3f2af,bd34d747bf67247a686b958802ebe65c048d6d3af170f227d2c969be13c07ae8,1117615.1601200104,30.034,8785.12612001039,1117585.1246291103,77,18626
a4a3c0390fad6c1ab8f2dc77113af81781edc24961772adb9fe5219bd8b3f2af,bd34d747bf67247a686b958802ebe65c048d6d3af170f227d2c969be13c07ae8,1117636.2648921013,30.059,8806.205892101396,1117606.2044012013,77,18626
a4a3c0390fad6c1ab8f2dc77113af81781edc24961772adb9fe5219bd8b3f2af,bd34d747bf67247a686b958802ebe65c048d6d3af170f227d2c969be13c07ae8,1117685.0578069687,30.019,8855.038806968601,1117655.0373160685,77,18627
a4a3c0390fad6c1ab8f2dc77113af81781edc24961772adb9fe5219bd8b3f2af,bd34d747bf67247a686b958802ebe65c048d6d3af170f227d2c969be13c07ae8,1117738.9102039337,30.033,8908.877203933662,1117708.8757130336,77,18628
a4a3c0390fad6c1ab8f2dc77113af81781edc24961772adb9fe5219bd8b3f2af,bd34d747bf67247a686b958802ebe65c048d6d3af170f227d2c969be13c07ae8,1117762.540297985,46.191,8916.349297984969,1117716.347807085,77,18628
a4a3c0390fad6c1ab8f2dc77113af81781edc24961772adb9fe5219bd8b3f2af,bd34d747bf67247a686b958802ebe65c048d6d3af170f227d2c969be13c07ae8,1117773.7917089462,30.044,8943.747708946234,1117743.7462180462,77,18629
a4a3c0390fad6c1ab8f2dc77113af81781edc24961772adb9fe5219bd8b3f2af,bd34d747bf67247a686b958802ebe65c048d6d3af170f227d2c969be13c07ae8,1117830.7770440578,30.054,9000.723044057842,1117800.7215531578,77,18630
a4a3c0390fad6c1ab8f2dc77113af81781edc24961772adb9fe5219bd8b3f2af,bd34d747bf67247a686b958802ebe65c048d6d3af170f227d2c969be13c07ae8,1117838.8939929008,30.048,9008.845992900897,1117808.8445020008,77,18630
a4a3c0390fad6c1ab8f2dc77113af81781edc24961772adb9fe5219bd8b3f2af,bd34d747bf67247a686b958802ebe65c048d6d3af170f227d2c969be13c07ae8,1117852.786855936,30.049,9022.737855935935,1117822.7363650359,77,18630
a4a3c0390fad6c1ab8f2dc77113af81781edc24961772adb9fe5219bd8b3f2af,bd34d747bf67247a686b958802ebe65c048d6d3af170f227d2c969be13c07ae8,1117885.2747340202,30.042,9055.232734020334,1117855.2312431203,77,18630
a4a3c0390fad6c1ab8f2dc77113af81781edc24961772adb9fe5219bd8b3f2af,bd34d747bf67247a686b958802ebe65c048d6d3af170f227d2c969be13c07ae8,1117889.3006010056,30.042,9059.258601005655,1117859.2571101056,77,18630
a4a3c0390fad6c1ab8f2dc77113af81781edc24961772adb9fe5219bd8b3f2af,bd34d747bf67247a686b958802ebe65c048d6d3af170f227d2c969be13c07ae8,1117918.9523119926,30.037,9088.915311992634,1117888.9138210926,77,18631
a4a3c0390fad6c1ab8f2dc77113af81781edc24961772adb9fe5219bd8b3f2af,bd34d747bf67247a686b958802ebe65c048d6d3af170f227d2c969be13c07ae8,1117923.472273111,30.016,9093.456273111049,1117893.454782211,77,18631
a4a3c0390fad6c1ab8f2dc77113af81781edc24961772adb9fe5219bd8b3f2af,bd34d747bf67247a686b958802ebe65c048d6d3af170f227d2c969be13c07ae8,1117945.7633690834,30.035,9115.728369083488,1117915.7268781834,77,18631
a4a3c0390fad6c1ab8f2dc77113af81781edc24961772adb9fe5219bd8b3f2af,bd34d747bf67247a686b958802ebe65c048d6d3af170f227d2c969be13c07ae8,1118026.767151117,30.064,9196.703151117079,1117996.701660217,77,18633
a4a3c0390fad6c1ab8f2dc77113af81781edc24961772adb9fe5219bd8b3f2af,bd34d747bf67247a686b958802ebe65c048d6d3af170f227d2c969be13c07ae8,1118054.3753991127,30.026,9224.34939911263,1118024.3479082126,77,18633
a4a3c0390fad6c1ab8f2dc77113af81781edc24961772adb9fe5219bd8b3f2af,bd34d747bf67247a686b958802ebe65c048d6d3af170f227d2c969be13c07ae8,1118082.292500019,30.047,9252.245500019053,1118052.244009119,77,18634
a4a3c0390fad6c1ab8f2dc77113af81781edc24961772adb9fe5219bd8b3f2af,bd34d747bf67247a686b958802ebe65c048d6d3af170f227d2c969be13c07ae8,1118086.9299910069,30.046,9256.883991006762,1118056.8825001067,77,18634
a4a3c0390fad6c1ab8f2dc77113af81781edc24961772adb9fe5219bd8b3f2af,bd34d747bf67247a686b958802ebe65c048d6d3af170f227d2c969be13c07ae8,1118167.9526779652,30.023,9337.92967796512,1118137.928187065,77,18635
a4a3c0390fad6c1ab8f2dc77113af81781edc24961772adb9fe5219bd8b3f2af,bd34d747bf67247a686b958802ebe65c048d6d3af170f227d2c969be13c07ae8,1118234.6364529133,30.033,9404.60345291323,1118204.6019620132,77,18636
a4a3c0390fad6c1ab8f2dc77113af81781edc24961772adb9fe5219bd8b3f2af,bd34d747bf67247a686b958802ebe65c048d6d3af170f227d2c969be13c07ae8,1118252.9808909893,30.035,9422.945890989387,1118222.9444000893,77,18637
a4a3c0390fad6c1ab8f2dc77113af81781edc24961772adb9fe5219bd8b3f2af,bd34d747bf67247a686b958802ebe65c048d6d3af170f227d2c969be13c07ae8,1118283.4841320517,30.074,9453.410132051678,1118253.4086411516,77,18637
a4a3c0390fad6c1ab8f2dc77113af81781edc24961772adb9fe5219bd8b3f2af,bd34d747bf67247a686b958802ebe65c048d6d3af170f227d2c969be13c07ae8,1118301.6250109673,30.032,9471.593010967365,1118271.5915200673,77,18637
a4a3c0390fad6c1ab8f2dc77113af81781edc24961772adb9fe5219bd8b3f2af,bd34d747bf67247a686b958802ebe65c048d6d3af170f227d2c969be13c07ae8,1118303.6061339378,30.042,9473.564133937936,1118273.5626430379,77,18637
a4a3c0390fad6c1ab8f2dc77113af81781edc24961772adb9fe5219bd8b3f2af,bd34d747bf67247a686b958802ebe65c048d6d3af170f227d2c969be13c07ae8,1118329.8215539455,30.042,9499.779553945642,1118299.7780630456,77,18638
a4a3c0390fad6c1ab8f2dc77113af81781edc24961772adb9fe5219bd8b3f2af,bd34d747bf67247a686b958802ebe65c048d6d3af170f227d2c969be13c07ae8,1118330.7419269085,30.042,9500.699926908594,1118300.6984360085,77,18638
a4a3c0390fad6c1ab8f2dc77113af81781edc24961772adb9fe5219bd8b3f2af,bd34d747bf67247a686b958802ebe65c048d6d3af170f227d2c969be13c07ae8,1118337.5000998974,30.084,9507.416099897353,1118307.4146089973,77,18638
a4a3c0390fad6c1ab8f2dc77113af81781edc24961772adb9fe5219bd8b3f2af,bd34d747bf67247a686b958802ebe65c048d6d3af170f227d2c969be13c07ae8,1118383.5861020088,30.032,9553.55410200893,1118353.5526111089,77,18639
a4a3c0390fad6c1ab8f2dc77113af81781edc24961772adb9fe5219bd8b3f2af,bd34d747bf67247a686b958802ebe65c048d6d3af170f227d2c969be13c07ae8,1118393.541946888,30.041,9563.500946888002,1118363.499455988,77,18639
a4a3c0390fad6c1ab8f2dc77113af81781edc24961772adb9fe5219bd8b3f2af,bd34d747bf67247a686b958802ebe65c048d6d3af170f227d2c969be13c07ae8,1118404.363008976,30.06,9574.303008975927,1118374.3015180759,77,18639
a4a3c0390fad6c1ab8f2dc77113af81781edc24961772adb9fe5219bd8b3f2af,bd34d747bf67247a686b958802ebe65c048d6d3af170f227d2c969be13c07ae8,1118408.6704599855,30.052,9578.618459985591,1118378.6169690855,77,18639
a4a3c0390fad6c1ab8f2dc77113af81781edc24961772adb9fe5219bd8b3f2af,bd34d747bf67247a686b958802ebe65c048d6d3af170f227d2c969be13c07ae8,1118418.1016819477,30.037,9588.064681947697,1118388.0631910476,77,18639
a4a3c0390fad6c1ab8f2dc77113af81781edc24961772adb9fe5219bd8b3f2af,bd34d747bf67247a686b958802ebe65c048d6d3af170f227d2c969be13c07ae8,1118432.0613200665,30.057,9602.004320066422,1118402.0028291664,77,18640
a4a3c0390fad6c1ab8f2dc77113af81781edc24961772adb9fe5219bd8b3f2af,bd34d747bf67247a686b958802ebe65c048d6d3af170f227d2c969be13c07ae8,1118457.4998118875,30.035,9627.464811887592,1118427.4633209875,77,18640
a4a3c0390fad6c1ab8f2dc77113af81781edc24961772adb9fe5219bd8b3f2af,bd34d747bf67247a686b958802ebe65c048d6d3af170f227d2c969be13c07ae8,1118462.533262968,30.037,9632.496262968052,1118432.494772068,77,18640
a4a3c0390fad6c1ab8f2dc77113af81781edc24961772adb9fe5219bd8b3f2af,bd34d747bf67247a686b958802ebe65c048d6d3af170f227d2c969be13c07ae8,1118468.5543038845,30.047,9638.507303884486,1118438.5058129844,77,18640
a4a3c0390fad6c1ab8f2dc77113af81781edc24961772adb9fe5219bd8b3f2af,bd34d747bf67247a686b958802ebe65c048d6d3af170f227d2c969be13c07ae8,1118521.587667942,30.025,9691.56266794214,1118491.561177042,77,18641
a4a3c0390fad6c1ab8f2dc77113af81781edc24961772adb9fe5219bd8b3f2af,bd34d747bf67247a686b958802ebe65c048d6d3af170f227d2c969be13c07ae8,1118522.8559219835,30.026,9692.829921983415,1118492.8284310834,77,18641
a4a3c0390fad6c1ab8f2dc77113af81781edc24961772adb9fe5219bd8b3f2af,bd34d747bf67247a686b958802ebe65c048d6d3af170f227d2c969be13c07ae8,1118548.941131115,30.041,9718.900131114991,1118518.898640215,77,18641
a4a3c0390fad6c1ab8f2dc77113af81781edc24961772adb9fe5219bd8b3f2af,bd34d747bf67247a686b958802ebe65c048d6d3af170f227d2c969be13c07ae8,1118555.2077589035,30.04,9725.167758903466,1118525.1662680034,77,18642
a4a3c0390fad6c1ab8f2dc77113af81781edc24961772adb9fe5219bd8b3f2af,bd34d747bf67247a686b958802ebe65c048d6d3af170f227d2c969be13c07ae8,1118600.5502660277,30.033,9770.51726602763,1118570.5157751276,77,18642
a4a3c0390fad6c1ab8f2dc77113af81781edc24961772adb9fe5219bd8b3f2af,bd34d747bf67247a686b958802ebe65c048d6d3af170f227d2c969be13c07ae8,1118657.851874113,30.071,9827.780874113087,1118627.779383213,77,18643
a4a3c0390fad6c1ab8f2dc77113af81781edc24961772adb9fe5219bd8b3f2af,bd34d747bf67247a686b958802ebe65c048d6d3af170f227d2c969be13c07ae8,1118692.2252070904,30.11,9862.115207090275,1118662.1137161902,77,18644
a4a3c0390fad6c1ab8f2dc77113af81781edc24961772adb9fe5219bd8b3f2af,bd34d747bf67247a686b958802ebe65c048d6d3af170f227d2c969be13c07ae8,1118748.531028986,30.026,9918.505028985906,1118718.5035380858,77,18645
a4a3c0390fad6c1ab8f2dc77113af81781edc24961772adb9fe5219bd8b3f2af,bd34d747bf67247a686b958802ebe65c048d6d3af170f227d2c969be13c07ae8,1118763.3482940197,30.027,9933.321294019697,1118733.3198031196,77,18645
a4a3c0390fad6c1ab8f2dc77113af81781edc24961772adb9fe5219bd8b3f2af,bd34d747bf67247a686b958802ebe65c048d6d3af170f227d2c969be13c07ae8,1118769.830229044,30.03,9939.800229043933,1118739.7987381439,77,18645
a4a3c0390fad6c1ab8f2dc77113af81781edc24961772adb9fe5219bd8b3f2af,bd34d747bf67247a686b958802ebe65c048d6d3af170f227d2c969be13c07ae8,1118834.8774969578,30.03,10004.847496957751,1118804.8460060577,77,18646
a4a3c0390fad6c1ab8f2dc77113af81781edc24961772adb9fe5219bd8b3f2af,bd34d747bf67247a686b958802ebe65c048d6d3af170f227d2c969be13c07ae8,1118870.680617094,30.03,10040.650617094012,1118840.649126194,77,18647
a4a3c0390fad6c1ab8f2dc77113af81781edc24961772adb9fe5219bd8b3f2af,bd34d747bf67247a686b958802ebe65c048d6d3af170f227d2c969be13c07ae8,1118905.0452349186,30.027,10075.018234918592,1118875.0167440185,77,18647
a4a3c0390fad6c1ab8f2dc77113af81781edc24961772adb9fe5219bd8b3f2af,bd34d747bf67247a686b958802ebe65c048d6d3af170f227d2c969be13c07ae8,1118934.13666296,30.036,10104.100662959972,1118904.09917206,77,18648
a4a3c0390fad6c1ab8f2dc77113af81781edc24961772adb9fe5219bd8b3f2af,bd34d747bf67247a686b958802ebe65c048d6d3af170f227d2c969be13c07ae8,1118955.3047440052,30.021,10125.283744005254,1118925.2822531052,77,18648
a4a3c0390fad6c1ab8f2dc77113af81781edc24961772adb9fe5219bd8b3f2af,bd34d747bf67247a686b958802ebe65c048d6d3af170f227d2c969be13c07ae8,1118956.22803998,30.03,10126.198039979907,1118926.1965490798,77,18648
a4a3c0390fad6c1ab8f2dc77113af81781edc24961772adb9fe5219bd8b3f2af,bd34d747bf67247a686b958802ebe65c048d6d3af170f227d2c969be13c07ae8,1118981.9384639263,30.024,10151.91446392634,1118951.9129730263,77,18649
a4a3c0390fad6c1ab8f2dc77113af81781edc24961772adb9fe5219bd8b3f2af,bd34d747bf67247a686b958802ebe65c048d6d3af170f227d2c969be13c07ae8,1119013.765239954,30.047,10183.718239953974,1118983.716749054,77,18649
a4a3c0390fad6c1ab8f2dc77113af81781edc24961772adb9fe5219bd8b3f2af,bd34d747bf67247a686b958802ebe65c048d6d3af170f227d2c969be13c07ae8,1119075.352027893,30.046,10245.306027892977,1119045.304536993,77,18650
a4a3c0390fad6c1ab8f2dc77113af81781edc24961772adb9fe5219bd8b3f2af,bd34d747bf67247a686b958802ebe65c048d6d3af170f227d2c969be13c07ae8,1119115.36638093,30.04,10285.32638092991,1119085.3248900298,77,18651
a4a3c0390fad6c1ab8f2dc77113af81781edc24961772adb9fe5219bd8b3f2af,bd34d747bf67247a686b958802ebe65c048d6d3af170f227d2c969be13c07ae8,1119156.2039289474,30.025,10326.178928947542,1119126.1774380475,77,18652
a4a3c0390fad6c1ab8f2dc77113af81781edc24961772adb9fe5219bd8b3f2af,bd34d747bf67247a686b958802ebe65c048d6d3af170f227d2c969be13c07ae8,1119166.2291080952,30.042,10336.18710809527,1119136.1856171952,77,18652
a4a3c0390fad6c1ab8f2dc77113af81781edc24961772adb9fe5219bd8b3f2af,bd34d747bf67247a686b958802ebe65c048d6d3af170f227d2c969be13c07ae8,1119191.2177989483,30.041,10361.17679894832,1119161.1753080483,77,18652
a4a3c0390fad6c1ab8f2dc77113af81781edc24961772adb9fe5219bd8b3f2af,bd34d747bf67247a686b958802ebe65c048d6d3af170f227d2c969be13c07ae8,1119204.8944590092,30.033,10374.861459009117,1119174.859968109,77,18652
a4a3c0390fad6c1ab8f2dc77113af81781edc24961772adb9fe5219bd8b3f2af,bd34d747bf67247a686b958802ebe65c048d6d3af170f227d2c969be13c07ae8,1119323.125638008,30.07,10493.05563800782,1119293.0541471078,77,18654
a4a3c0390fad6c1ab8f2dc77113af81781edc24961772adb9fe5219bd8b3f2af,bd34d747bf67247a686b958802ebe65c048d6d3af170f227d2c969be13c07ae8,1119490.2956950665,30.038,10660.25769506651,1119460.2562041664,77,18657
a4a3c0390fad6c1ab8f2dc77113af81781edc24961772adb9fe5219bd8b3f2af,bd34d747bf67247a686b958802ebe65c048d6d3af170f227d2c969be13c07ae8,1119537.5828359127,30.047,10707.535835912684,1119507.5343450126,77,18658
96149d3ed4f00afb92f12856101e693e93c4683f030ae6ca6ebfbb7ba5a2a345,1cf618f9ee318fecbc31aa059ded8328581b9a9b092f1069b9f7679b6f89e52e,213374.93660092357,0.083,11774.853600923554,213374.85211002352,14,3556
96149d3ed4f00afb92f12856101e693e93c4683f030ae6ca6ebfbb7ba5a2a345,1cf618f9ee318fecbc31aa059ded8328581b9a9b092f1069b9f7679b6f89e52e,213375.32237410545,0.045,11775.27737410544,213375.2758832054,14,3556
a69fc53dccda50426d25798e7da838913103ed1009f513f6e1e47baed3b34ae0,ec5e0d5b0edaab92fc4bc2ae62461a9068673e155929f1409a413440f25f4a11,357782.67039489746,3.75,12178.920394897461,357778.9189039974,24,5962
a69fc53dccda50426d25798e7da838913103ed1009f513f6e1e47baed3b34ae0,ec5e0d5b0edaab92fc4bc2ae62461a9068673e155929f1409a413440f25f4a11,357783.4672720432,0.765,12182.702272043214,357782.70078114315,24,5963
a69fc53dccda50426d25798e7da838913103ed1009f513f6e1e47baed3b34ae0,ec5e0d5b0edaab92fc4bc2ae62461a9068673e155929f1409a413440f25f4a11,357828.1244599819,44.657,12183.467459981912,357783.46596908185,24,5963
a69fc53dccda50426d25798e7da838913103ed1009f513f6e1e47baed3b34ae0,ec5e0d5b0edaab92fc4bc2ae62461a9068673e155929f1409a413440f25f4a11,357833.27879691124,41.219,12192.059796911257,357792.0583060112,24,5963
a69fc53dccda50426d25798e7da838913103ed1009f513f6e1e47baed3b34ae0,ec5e0d5b0edaab92fc4bc2ae62461a9068673e155929f1409a413440f25f4a11,357856.98419094086,28.859,12228.12519094086,357828.1237000408,24,5963
a69fc53dccda50426d25798e7da838913103ed1009f513f6e1e47baed3b34ae0,ec5e0d5b0edaab92fc4bc2ae62461a9068673e155929f1409a413440f25f4a11,357854.1544508934,20.842,12233.312450893398,357833.31095999334,24,5963
a69fc53dccda50426d25798e7da838913103ed1009f513f6e1e47baed3b34ae0,ec5e0d5b0edaab92fc4bc2ae62461a9068673e155929f1409a413440f25f4a11,357850.29957294464,7.124,12243.17557294463,357843.17408204457,24,5964
a69fc53dccda50426d25798e7da838913103ed1009f513f6e1e47baed3b34ae0,ec5e0d5b0edaab92fc4bc2ae62461a9068673e155929f1409a413440f25f4a11,357872.605561018,22.293,12250.312561017985,357850.3110701179,24,5964
a69fc53dccda50426d25798e7da838913103ed1009f513f6e1e47baed3b34ae0,ec5e0d5b0edaab92fc4bc2ae62461a9068673e155929f1409a413440f25f4a11,357856.58386588097,2.351,12254.232865880942,357854.2313749809,24,5964
a69fc53dccda50426d25798e7da838913103ed1009f513f6e1e47baed3b34ae0,ec5e0d5b0edaab92fc4bc2ae62461a9068673e155929f1409a413440f25f4a11,357872.5358219147,15.951,12256.584821914672,357856.5833310146,24,5964
a69fc53dccda50426d25798e7da838913103ed1009f513f6e1e47baed3b34ae0,ec5e0d5b0edaab92fc4bc2ae62461a9068673e155929f1409a413440f25f4a11,357863.9573330879,6.957,12257.000333087926,357856.99884218787,24,5964
a69fc53dccda50426d25798e7da838913103ed1009f513f6e1e47baed3b34ae0,ec5e0d5b0edaab92fc4bc2ae62461a9068673e155929f1409a413440f25f4a11,357863.9729568958,0.015,12263.957956895814,357863.95646599575,24,5964
a69fc53dccda50426d25798e7da838913103ed1009f513f6e1e47baed3b34ae0,ec5e0d5b0edaab92fc4bc2ae62461a9068673e155929f1409a413440f25f4a11,357879.1655778885,15.176,12263.989577888511,357863.98808698845,24,5964
a69fc53dccda50426d25798e7da838913103ed1009f513f6e1e47baed3b34ae0,ec5e0d5b0edaab92fc4bc2ae62461a9068673e155929f1409a413440f25f4a11,357922.9991219044,50.4,12272.59912190435,357872.5976310043,24,5964
a69fc53dccda50426d25798e7da838913103ed1009f513f6e1e47baed3b34ae0,ec5e0d5b0edaab92fc4bc2ae62461a9068673e155929f1409a413440f25f4a11,357874.6681199074,2.031,12272.637119907362,357872.6356290073,24,5964
a69fc53dccda50426d25798e7da838913103ed1009f513f6e1e47baed3b34ae0,ec5e0d5b0edaab92fc4bc2ae62461a9068673e155929f1409a413440f25f4a11,357875.3556149006,0.687,12274.668614900613,357874.66712400055,24,5964
a69fc53dccda50426d25798e7da838913103ed1009f513f6e1e47baed3b34ae0,ec5e0d5b0edaab92fc4bc2ae62461a9068673e155929f1409a413440f25f4a11,357876.1681530476,0.812,12275.356153047644,357875.3546621476,24,5964
a69fc53dccda50426d25798e7da838913103ed1009f513f6e1e47baed3b34ae0,ec5e0d5b0edaab92fc4bc2ae62461a9068673e155929f1409a413440f25f4a11,357876.6994240284,0.531,12276.16842402838,357876.1669331283,24,5964
a69fc53dccda50426d25798e7da838913103ed1009f513f6e1e47baed3b34ae0,ec5e0d5b0edaab92fc4bc2ae62461a9068673e155929f1409a413440f25f4a11,357876.74630999565,0.031,12276.715309995634,357876.7138190956,24,5964
a69fc53dccda50426d25798e7da838913103ed1009f513f6e1e47baed3b34ae0,ec5e0d5b0edaab92fc4bc2ae62461a9068673e155929f1409a413440f25f4a11,357876.7775518894,0.031,12276.746551889402,357876.74506098934,24,5964
a69fc53dccda50426d25798e7da838913103ed1009f513f6e1e47baed3b34ae0,ec5e0d5b0edaab92fc4bc2ae62461a9068673e155929f1409a413440f25f4a11,357883.418391943,6.625,12276.793391942978,357876.7919010429,24,5964
a69fc53dccda50426d25798e7da838913103ed1009f513f6e1e47baed3b34ae0,ec5e0d5b0edaab92fc4bc2ae62461a9068673e155929f1409a413440f25f4a11,357881.763381958,2.597,12279.166381957999,357879.16489105794,24,5964
a69fc53dccda50426d25798e7da838913103ed1009f513f6e1e47baed3b34ae0,ec5e0d5b0edaab92fc4bc2ae62461a9068673e155929f1409a413440f25f4a11,357897.5908269882,15.827,12281.76382698823,357881.76233608817,24,5964
a69fc53dccda50426d25798e7da838913103ed1009f513f6e1e47baed3b34ae0,ec5e0d5b0edaab92fc4bc2ae62461a9068673e155929f1409a413440f25f4a11,357900.56054496765,17.142,12283.418544967659,357883.4170540676,24,5964
a69fc53dccda50426d25798e7da838913103ed1009f513f6e1e47baed3b34ae0,ec5e0d5b0edaab92fc4bc2ae62461a9068673e155929f1409a413440f25f4a11,357905.21221995354,7.621,12297.591219953552,357897.5897290535,24,5964
a69fc53dccda50426d25798e7da838913103ed1009f513f6e1e47baed3b34ae0,ec5e0d5b0edaab92fc4bc2ae62461a9068673e155929f1409a413440f25f4a11,357943.76770710945,43.191,12300.57670710946,357900.5752162094,24,5965
a69fc53dccda50426d25798e7da838913103ed1009f513f6e1e47baed3b34ae0,ec5e0d5b0edaab92fc4bc2ae62461a9068673e155929f1409a413440f25f4a11,357913.7182440758,8.492,12305.226244075748,357905.2247531757,24,5965
a69fc53dccda50426d25798e7da838913103ed1009f513f6e1e47baed3b34ae0,ec5e0d5b0edaab92fc4bc2ae62461a9068673e155929f1409a413440f25f4a11,357920.00226688385,6.284,12313.718266883865,357913.7167759838,24,5965
a69fc53dccda50426d25798e7da838913103ed1009f513f6e1e47baed3b34ae0,ec5e0d5b0edaab92fc4bc2ae62461a9068673e155929f1409a413440f25f4a11,357921.8460829258,1.843,12320.003082925803,357920.00159202574,24,5965
a69fc53dccda50426d25798e7da838913103ed1009f513f6e1e47baed3b34ae0,ec5e0d5b0edaab92fc4bc2ae62461a9068673e155929f1409a413440f25f4a11,357921.8617079258,0.0,12321.861707925797,357921.86021702574,24,5965
a69fc53dccda50426d25798e7da838913103ed1009f513f6e1e47baed3b34ae0,ec5e0d5b0edaab92fc4bc2ae62461a9068673e155929f1409a413440f25f4a11,357921.89298796654,0.015,12321.877987966524,357921.87649706646,24,5965
a69fc53dccda50426d25798e7da838913103ed1009f513f6e1e47baed3b34ae0,ec5e0d5b0edaab92fc4bc2ae62461a9068673e155929f1409a413440f25f4a11,357921.92421102524,0.031,12321.89321102522,357921.89172012516,24,5965
a69fc53dccda50426d25798e7da838913103ed1009f513f6e1e47baed3b34ae0,ec5e0d5b0edaab92fc4bc2ae62461a9068673e155929f1409a413440f25f4a11,357921.9554619789,0.015,12321.940461978898,357921.93897107884,24,5965
a69fc53dccda50426d25798e7da838913103ed1009f513f6e1e47baed3b34ae0,ec5e0d5b0edaab92fc4bc2ae62461a9068673e155929f1409a413440f25f4a11,357943.7713160515,21.8,12321.971316051495,357921.96982515143,24,5965
a69fc53dccda50426d25798e7da838913103ed1009f513f6e1e47baed3b34ae0,ec5e0d5b0edaab92fc4bc2ae62461a9068673e155929f1409a413440f25f4a11,357966.3658349514,43.366,12322.99983495142,357922.99834405136,24,5965
a69fc53dccda50426d25798e7da838913103ed1009f513f6e1e47baed3b34ae0,ec5e0d5b0edaab92fc4bc2ae62461a9068673e155929f1409a413440f25f4a11,357943.80004906654,0.032,12343.768049066537,357943.7665581665,24,5965
a69fc53dccda50426d25798e7da838913103ed1009f513f6e1e47baed3b34ae0,ec5e0d5b0edaab92fc4bc2ae62461a9068673e155929f1409a413440f25f4a11,357973.7629079819,29.991,12343.771907981893,357943.77041708183,24,5965
a69fc53dccda50426d25798e7da838913103ed1009f513f6e1e47baed3b34ae0,ec5e0d5b0edaab92fc4bc2ae62461a9068673e155929f1409a413440f25f4a11,357943.8302130699,0.03,12343.800213069888,357943.7987221698,24,5965
a69fc53dccda50426d25798e7da838913103ed1009f513f6e1e47baed3b34ae0,ec5e0d5b0edaab92fc4bc2ae62461a9068673e155929f1409a413440f25f4a11,357943.86146211624,0.031,12343.830462116224,357943.82897121616,24,5965
a69fc53dccda50426d25798e7da838913103ed1009f513f6e1e47baed3b34ae0,ec5e0d5b0edaab92fc4bc2ae62461a9068673e155929f1409a413440f25f4a11,357951.6930549145,7.831,12343.862054914469,357943.8605640144,24,5965
a69fc53dccda50426d25798e7da838913103ed1009f513f6e1e47baed3b34ae0,ec5e0d5b0edaab92fc4bc2ae62461a9068673e155929f1409a413440f25f4a11,357952.8726658821,1.179,12351.693665882107,357951.69217498205,24,5965
a69fc53dccda50426d25798e7da838913103ed1009f513f6e1e47baed3b34ae0,ec5e0d5b0edaab92fc4bc2ae62461a9068673e155929f1409a413440f25f4a11,357952.9039039612,0.015,12352.888903961168,357952.8874130611,24,5965
a69fc53dccda50426d25798e7da838913103ed1009f513f6e1e47baed3b34ae0,ec5e0d5b0edaab92fc4bc2ae62461a9068673e155929f1409a413440f25f4a11,358003.7594950199,50.855,12352.904495019931,357952.9030041199,24,5965
a69fc53dccda50426d25798e7da838913103ed1009f513f6e1e47baed3b34ae0,ec5e0d5b0edaab92fc4bc2ae62461a9068673e155929f1409a413440f25f4a11,357993.14672493935,26.749,12366.397724939336,357966.3962340393,24,5966
a69fc53dccda50426d25798e7da838913103ed1009f513f6e1e47baed3b34ae0,ec5e0d5b0edaab92fc4bc2ae62461a9068673e155929f1409a413440f25f4a11,357982.81930303574,9.056,12373.763303035754,357973.7618121357,24,5966
a69fc53dccda50426d25798e7da838913103ed1009f513f6e1e47baed3b34ae0,ec5e0d5b0edaab92fc4bc2ae62461a9068673e155929f1409a413440f25f4a11,357993.1489479542,10.314,12382.834947954165,357982.8334570541,24,5966
a69fc53dccda50426d25798e7da838913103ed1009f513f6e1e47baed3b34ae0,ec5e0d5b0edaab92fc4bc2ae62461a9068673e155929f1409a413440f25f4a11,358030.38347792625,37.236,12393.147477926279,357993.1459870262,24,5966
a69fc53dccda50426d25798e7da838913103ed1009f513f6e1e47baed3b34ae0,ec5e0d5b0edaab92fc4bc2ae62461a9068673e155929f1409a413440f25f4a11,358001.6895720959,8.54,12393.149572095892,357993.14808119583,24,5966
a69fc53dccda50426d25798e7da838913103ed1009f513f6e1e47baed3b34ae0,ec5e0d5b0edaab92fc4bc2ae62461a9068673e155929f1409a413440f25f4a11,358065.1242260933,63.434,12401.690226093284,358001.6887351932,24,5966
a69fc53dccda50426d25798e7da838913103ed1009f513f6e1e47baed3b34ae0,ec5e0d5b0edaab92fc4bc2ae62461a9068673e155929f1409a413440f25f4a11,358019.09076690674,15.315,12403.775766906736,358003.7742760067,24,5966
a69fc53dccda50426d25798e7da838913103ed1009f513f6e1e47baed3b34ae0,ec5e0d5b0edaab92fc4bc2ae62461a9068673e155929f1409a413440f25f4a11,358032.6324019432,13.522,12419.11040194321,358019.10891104315,24,5966
a69fc53dccda50426d25798e7da838913103ed1009f513f6e1e47baed3b34ae0,ec5e0d5b0edaab92fc4bc2ae62461a9068673e155929f1409a413440f25f4a11,358065.11826205254,34.672,12430.446262052516,358030.44477115246,24,5967
a69fc53dccda50426d25798e7da838913103ed1009f513f6e1e47baed3b34ae0,ec5e0d5b0edaab92fc4bc2ae62461a9068673e155929f1409a413440f25f4a11,358034.5608589649,1.897,12432.663858964923,358032.66236806486,24,5967
a69fc53dccda50426d25798e7da838913103ed1009f513f6e1e47baed3b34ae0,ec5e0d5b0edaab92fc4bc2ae62461a9068673e155929f1409a413440f25f4a11,358067.93235492706,33.371,12434.561354927078,358034.559864027,24,5967
a69fc53dccda50426d25798e7da838913103ed1009f513f6e1e47baed3b34ae0,ec5e0d5b0edaab92fc4bc2ae62461a9068673e155929f1409a413440f25f4a11,358102.03991007805,36.921,12465.118910078076,358065.117419178,24,5967
a69fc53dccda50426d25798e7da838913103ed1009f513f6e1e47baed3b34ae0,ec5e0d5b0edaab92fc4bc2ae62461a9068673e155929f1409a413440f25f4a11,358104.23045897484,39.106,12465.12445897481,358065.12296807475,24,5967
a69fc53dccda50426d25798e7da838913103ed1009f513f6e1e47baed3b34ae0,ec5e0d5b0edaab92fc4bc2ae62461a9068673e155929f1409a413440f25f4a11,358128.46100091934,60.513,12467.948000919365,358067.9465100193,24,5967
a69fc53dccda50426d25798e7da838913103ed1009f513f6e1e47baed3b34ae0,ec5e0d5b0edaab92fc4bc2ae62461a9068673e155929f1409a413440f25f4a11,358104.131980896,2.06,12502.071980895998,358102.07048999594,24,5968
a69fc53dccda50426d25798e7da838913103ed1009f513f6e1e47baed3b34ae0,ec5e0d5b0edaab92fc4bc2ae62461a9068673e155929f1409a413440f25f4a11,358107.1806468964,3.048,12504.13264689641,358104.13115599635,24,5968
a69fc53dccda50426d25798e7da838913103ed1009f513f6e1e47baed3b34ae0,ec5e0d5b0edaab92fc4bc2ae62461a9068673e155929f1409a413440f25f4a11,358143.08682107925,38.856,12504.230821079225,358104.22933017917,24,5968
a69fc53dccda50426d25798e7da838913103ed1009f513f6e1e47baed3b34ae0,ec5e0d5b0edaab92fc4bc2ae62461a9068673e155929f1409a413440f25f4a11,358175.2117869854,68.002,12507.209786985419,358107.20829608536,24,5968
a69fc53dccda50426d25798e7da838913103ed1009f513f6e1e47baed3b34ae0,ec5e0d5b0edaab92fc4bc2ae62461a9068673e155929f1409a413440f25f4a11,358128.47659111023,0.015,12528.461591110216,358128.46010021016,24,5968
a69fc53dccda50426d25798e7da838913103ed1009f513f6e1e47baed3b34ae0,ec5e0d5b0edaab92fc4bc2ae62461a9068673e155929f1409a413440f25f4a11,358147.76074004173,19.268,12528.492740041751,358128.4912491417,24,5968
a69fc53dccda50426d25798e7da838913103ed1009f513f6e1e47baed3b34ae0,ec5e0d5b0edaab92fc4bc2ae62461a9068673e155929f1409a413440f25f4a11,358153.38627910614,10.299,12543.087279106141,358143.0857882061,24,5969
a69fc53dccda50426d25798e7da838913103ed1009f513f6e1e47baed3b34ae0,ec5e0d5b0edaab92fc4bc2ae62461a9068673e155929f1409a413440f25f4a11,358161.512693882,13.751,12547.761693882,358147.76020298194,24,5969
a69fc53dccda50426d25798e7da838913103ed1009f513f6e1e47baed3b34ae0,ec5e0d5b0edaab92fc4bc2ae62461a9068673e155929f1409a413440f25f4a11,358181.82365107536,28.421,12553.40265107539,358153.40116017533,24,5969
a69fc53dccda50426d25798e7da838913103ed1009f513f6e1e47baed3b34ae0,ec5e0d5b0edaab92fc4bc2ae62461a9068673e155929f1409a413440f25f4a11,358164.8199670315,3.291,12561.528967031452,358161.5274761314,24,5969
a69fc53dccda50426d25798e7da838913103ed1009f513f6e1e47baed3b34ae0,ec5e0d5b0edaab92fc4bc2ae62461a9068673e155929f1409a413440f25f4a11,358164.8511900902,0.031,12564.820190090162,358164.8186991901,24,5969
a69fc53dccda50426d25798e7da838913103ed1009f513f6e1e47baed3b34ae0,ec5e0d5b0edaab92fc4bc2ae62461a9068673e155929f1409a413440f25f4a11,358166.02822709084,1.161,12564.867227090814,358164.86573619075,24,5969
a69fc53dccda50426d25798e7da838913103ed1009f513f6e1e47baed3b34ae0,ec5e0d5b0edaab92fc4bc2ae62461a9068673e155929f1409a413440f25f4a11,358167.6224639416,1.594,12566.028463941591,358166.02697304153,24,5969
a69fc53dccda50426d25798e7da838913103ed1009f513f6e1e47baed3b34ae0,ec5e0d5b0edaab92fc4bc2ae62461a9068673e155929f1409a413440f25f4a11,358226.2673549652,58.644,12567.623354965239,358167.6218640652,24,5969
a69fc53dccda50426d25798e7da838913103ed1009f513f6e1e47baed3b34ae0,ec5e0d5b0edaab92fc4bc2ae62461a9068673e155929f1409a413440f25f4a11,358178.0379939079,2.826,12575.211993907928,358175.21050300787,24,5969
a69fc53dccda50426d25798e7da838913103ed1009f513f6e1e47baed3b34ae0,ec5e0d5b0edaab92fc4bc2ae62461a9068673e155929f1409a413440f25f4a11,358181.77759695053,3.692,12578.08559695055,358178.0841060505,24,5969
a69fc53dccda50426d25798e7da838913103ed1009f513f6e1e47baed3b34ae0,ec5e0d5b0edaab92fc4bc2ae62461a9068673e155929f1409a413440f25f4a11,358226.2823479176,44.504,12581.7783479176,358181.77685701754,24,5969
a69fc53dccda50426d25798e7da838913103ed1009f513f6e1e47baed3b34ae0,ec5e0d5b0edaab92fc4bc2ae62461a9068673e155929f1409a413440f25f4a11,358190.7586569786,8.935,12581.82365697861,358181.82216607855,24,5969
a69fc53dccda50426d25798e7da838913103ed1009f513f6e1e47baed3b34ae0,ec5e0d5b0edaab92fc4bc2ae62461a9068673e155929f1409a413440f25f4a11,358192.7586901188,1.984,12590.774690118793,358190.77319921873,24,5969
a69fc53dccda50426d25798e7da838913103ed1009f513f6e1e47baed3b34ae0,ec5e0d5b0edaab92fc4bc2ae62461a9068673e155929f1409a413440f25f4a11,358203.3215498924,10.562,12592.75954989245,358192.7580589924,24,5969
a69fc53dccda50426d25798e7da838913103ed1009f513f6e1e47baed3b34ae0,ec5e0d5b0edaab92fc4bc2ae62461a9068673e155929f1409a413440f25f4a11,358208.32011294365,4.998,12603.322112943628,358203.32062204357,24,5970
a69fc53dccda50426d25798e7da838913103ed1009f513f6e1e47baed3b34ae0,ec5e0d5b0edaab92fc4bc2ae62461a9068673e155929f1409a413440f25f4a11,358229.18649196625,20.866,12608.320491966268,358208.3190010662,24,5970
a69fc53dccda50426d25798e7da838913103ed1009f513f6e1e47baed3b34ae0,ec5e0d5b0edaab92fc4bc2ae62461a9068673e155929f1409a413440f25f4a11,358226.2986009121,0.031,12626.267600912077,358226.266110012,24,5970
a69fc53dccda50426d25798e7da838913103ed1009f513f6e1e47baed3b34ae0,ec5e0d5b0edaab92fc4bc2ae62461a9068673e155929f1409a413440f25f4a11,358242.59995388985,16.301,12626.29895388987,358226.2974629898,24,5970
a69fc53dccda50426d25798e7da838913103ed1009f513f6e1e47baed3b34ae0,ec5e0d5b0edaab92fc4bc2ae62461a9068673e155929f1409a413440f25f4a11,358227.5742890835,1.245,12626.329289083485,358226.3277981834,24,5970
a69fc53dccda50426d25798e7da838913103ed1009f513f6e1e47baed3b34ae0,ec5e0d5b0edaab92fc4bc2ae62461a9068673e155929f1409a413440f25f4a11,358248.1750268936,20.6,12627.575026893639,358227.5735359936,24,5970
a69fc53dccda50426d25798e7da838913103ed1009f513f6e1e47baed3b34ae0,ec5e0d5b0edaab92fc4bc2ae62461a9068673e155929f1409a413440f25f4a11,358235.18473911285,5.998,12629.186739112833,358229.1852482128,24,5970
a69fc53dccda50426d25798e7da838913103ed1009f513f6e1e47baed3b34ae0,ec5e0d5b0edaab92fc4bc2ae62461a9068673e155929f1409a413440f25f4a11,358236.015750885,0.831,12635.184750885004,358235.18325998494,24,5970
a69fc53dccda50426d25798e7da838913103ed1009f513f6e1e47baed3b34ae0,ec5e0d5b0edaab92fc4bc2ae62461a9068673e155929f1409a413440f25f4a11,358242.64159297943,6.625,12636.016592979431,358236.0151020794,24,5970
a69fc53dccda50426d25798e7da838913103ed1009f513f6e1e47baed3b34ae0,ec5e0d5b0edaab92fc4bc2ae62461a9068673e155929f1409a413440f25f4a11,358260.35211491585,17.752,12642.60011491587,358242.5986240158,24,5970
a69fc53dccda50426d25798e7da838913103ed1009f513f6e1e47baed3b34ae0,ec5e0d5b0edaab92fc4bc2ae62461a9068673e155929f1409a413440f25f4a11,358254.6975309849,12.04,12642.6575309849,358242.65604008484,24,5970
a69fc53dccda50426d25798e7da838913103ed1009f513f6e1e47baed3b34ae0,ec5e0d5b0edaab92fc4bc2ae62461a9068673e155929f1409a413440f25f4a11,358250.1199390888,1.913,12648.206939088821,358248.20544818876,24,5970
a69fc53dccda50426d25798e7da838913103ed1009f513f6e1e47baed3b34ae0,ec5e0d5b0edaab92fc4bc2ae62461a9068673e155929f1409a413440f25f4a11,358254.731443882,4.611,12650.120443882013,358250.11895298195,24,5970
a69fc53dccda50426d25798e7da838913103ed1009f513f6e1e47baed3b34ae0,ec5e0d5b0edaab92fc4bc2ae62461a9068673e155929f1409a413440f25f4a11,358258.8887848854,4.175,12654.713784885418,358254.71229398536,24,5970
a69fc53dccda50426d25798e7da838913103ed1009f513f6e1e47baed3b34ae0,ec5e0d5b0edaab92fc4bc2ae62461a9068673e155929f1409a413440f25f4a11,358265.8647539616,11.102,12654.762753961608,358254.76126306155,24,5970
a69fc53dccda50426d25798e7da838913103ed1009f513f6e1e47baed3b34ae0,ec5e0d5b0edaab92fc4bc2ae62461a9068673e155929f1409a413440f25f4a11,358288.5739719868,29.685,12658.888971986831,358258.8874810868,24,5970
a69fc53dccda50426d25798e7da838913103ed1009f513f6e1e47baed3b34ae0,ec5e0d5b0edaab92fc4bc2ae62461a9068673e155929f1409a413440f25f4a11,358274.41998910904,14.067,12660.352989109058,358260.351498209,24,5971
a69fc53dccda50426d25798e7da838913103ed1009f513f6e1e47baed3b34ae0,ec5e0d5b0edaab92fc4bc2ae62461a9068673e155929f1409a413440f25f4a11,358267.98694491386,2.106,12665.880944913835,358265.8794540138,24,5971
a69fc53dccda50426d25798e7da838913103ed1009f513f6e1e47baed3b34ae0,ec5e0d5b0edaab92fc4bc2ae62461a9068673e155929f1409a413440f25f4a11,358269.7849290371,1.751,12668.033929037105,358268.03243813704,24,5971
a69fc53dccda50426d25798e7da838913103ed1009f513f6e1e47baed3b34ae0,ec5e0d5b0edaab92fc4bc2ae62461a9068673e155929f1409a413440f25f4a11,358303.91824793816,34.133,12669.785247938184,358269.7837570381,24,5971
a69fc53dccda50426d25798e7da838913103ed1009f513f6e1e47baed3b34ae0,ec5e0d5b0edaab92fc4bc2ae62461a9068673e155929f1409a413440f25f4a11,358303.81745004654,29.397,12674.420450046542,358274.4189591465,24,5971
a69fc53dccda50426d25798e7da838913103ed1009f513f6e1e47baed3b34ae0,ec5e0d5b0edaab92fc4bc2ae62461a9068673e155929f1409a413440f25f4a11,358311.2672319412,22.677,12688.590231941198,358288.58874104114,24,5971
a69fc53dccda50426d25798e7da838913103ed1009f513f6e1e47baed3b34ae0,ec5e0d5b0edaab92fc4bc2ae62461a9068673e155929f1409a413440f25f4a11,358309.2776799202,5.443,12703.834679920168,358303.8331890201,24,5971
a69fc53dccda50426d25798e7da838913103ed1009f513f6e1e47baed3b34ae0,ec5e0d5b0edaab92fc4bc2ae62461a9068673e155929f1409a413440f25f4a11,358398.6073269844,94.642,12703.965326984413,358303.96383608435,24,5971
a69fc53dccda50426d25798e7da838913103ed1009f513f6e1e47baed3b34ae0,ec5e0d5b0edaab92fc4bc2ae62461a9068673e155929f1409a413440f25f4a11,358321.03197288513,11.754,12709.277972885116,358309.27648198506,24,5971
a69fc53dccda50426d25798e7da838913103ed1009f513f6e1e47baed3b34ae0,ec5e0d5b0edaab92fc4bc2ae62461a9068673e155929f1409a413440f25f4a11,358311.29848098755,0.031,12711.267480987532,358311.2659900875,24,5971
a69fc53dccda50426d25798e7da838913103ed1009f513f6e1e47baed3b34ae0,ec5e0d5b0edaab92fc4bc2ae62461a9068673e155929f1409a413440f25f4a11,358335.41880202293,24.12,12711.298802022939,358311.2973111229,24,5971
a69fc53dccda50426d25798e7da838913103ed1009f513f6e1e47baed3b34ae0,ec5e0d5b0edaab92fc4bc2ae62461a9068673e155929f1409a413440f25f4a11,358327.3491280079,6.301,12721.048128007911,358321.04663710785,24,5972
a69fc53dccda50426d25798e7da838913103ed1009f513f6e1e47baed3b34ae0,ec5e0d5b0edaab92fc4bc2ae62461a9068673e155929f1409a413440f25f4a11,358359.50363206863,32.154,12727.349632068654,358327.3481411686,24,5972
a69fc53dccda50426d25798e7da838913103ed1009f513f6e1e47baed3b34ae0,ec5e0d5b0edaab92fc4bc2ae62461a9068673e155929f1409a413440f25f4a11,358362.4154400825,26.996,12735.419440082507,358335.41794918245,24,5972
a69fc53dccda50426d25798e7da838913103ed1009f513f6e1e47baed3b34ae0,ec5e0d5b0edaab92fc4bc2ae62461a9068673e155929f1409a413440f25f4a11,358355.0521929264,9.015,12746.037192926393,358346.03570202633,24,5972
a69fc53dccda50426d25798e7da838913103ed1009f513f6e1e47baed3b34ae0,ec5e0d5b0edaab92fc4bc2ae62461a9068673e155929f1409a413440f25f4a11,358362.39878201485,7.314,12755.084782014834,358355.0832911148,24,5972
a69fc53dccda50426d25798e7da838913103ed1009f513f6e1e47baed3b34ae0,ec5e0d5b0edaab92fc4bc2ae62461a9068673e155929f1409a413440f25f4a11,358362.4401359558,2.936,12759.504135955824,358359.50264505576,24,5972
a69fc53dccda50426d25798e7da838913103ed1009f513f6e1e47baed3b34ae0,ec5e0d5b0edaab92fc4bc2ae62461a9068673e155929f1409a413440f25f4a11,358384.6241760254,22.193,12762.431176025362,358362.4296851253,24,5972
a69fc53dccda50426d25798e7da838913103ed1009f513f6e1e47baed3b34ae0,ec5e0d5b0edaab92fc4bc2ae62461a9068673e155929f1409a413440f25f4a11,358374.3050599098,11.864,12762.44105990982,358362.43956900976,24,5972
a69fc53dccda50426d25798e7da838913103ed1009f513f6e1e47baed3b34ae0,ec5e0d5b0edaab92fc4bc2ae62461a9068673e155929f1409a413440f25f4a11,358394.53133392334,32.072,12762.459333923354,358362.4578430233,24,5972
a69fc53dccda50426d25798e7da838913103ed1009f513f6e1e47baed3b34ae0,ec5e0d5b0edaab92fc4bc2ae62461a9068673e155929f1409a413440f25f4a11,358398.55416703224,24.235,12774.319167032256,358374.3176761322,24,5972
a69fc53dccda50426d25798e7da838913103ed1009f513f6e1e47baed3b34ae0,ec5e0d5b0edaab92fc4bc2ae62461a9068673e155929f1409a413440f25f4a11,358386.3189339638,1.694,12784.624933963758,358384.6234430637,24,5973
a69fc53dccda50426d25798e7da838913103ed1009f513f6e1e47baed3b34ae0,ec5e0d5b0edaab92fc4bc2ae62461a9068673e155929f1409a413440f25f4a11,358386.3502280712,0.031,12786.319228071196,358386.31773717114,24,5973
a69fc53dccda50426d25798e7da838913103ed1009f513f6e1e47baed3b34ae0,ec5e0d5b0edaab92fc4bc2ae62461a9068673e155929f1409a413440f25f4a11,358412.9856159687,26.635,12786.350615968695,358386.34912506863,24,5973
a69fc53dccda50426d25798e7da838913103ed1009f513f6e1e47baed3b34ae0,ec5e0d5b0edaab92fc4bc2ae62461a9068673e155929f1409a413440f25f4a11,358403.70336699486,9.155,12794.54836699483,358394.54687609477,24,5973
a69fc53dccda50426d25798e7da838913103ed1009f513f6e1e47baed3b34ae0,ec5e0d5b0edaab92fc4bc2ae62461a9068673e155929f1409a413440f25f4a11,358400.35109710693,1.781,12798.570097106916,358398.56860620686,24,5973
a69fc53dccda50426d25798e7da838913103ed1009f513f6e1e47baed3b34ae0,ec5e0d5b0edaab92fc4bc2ae62461a9068673e155929f1409a413440f25f4a11,358430.9666750431,32.359,12798.60767504311,358398.60618414305,24,5973
a69fc53dccda50426d25798e7da838913103ed1009f513f6e1e47baed3b34ae0,ec5e0d5b0edaab92fc4bc2ae62461a9068673e155929f1409a413440f25f4a11,358400.9761059284,0.609,12800.367105928424,358400.36561502836,24,5973
a69fc53dccda50426d25798e7da838913103ed1009f513f6e1e47baed3b34ae0,ec5e0d5b0edaab92fc4bc2ae62461a9068673e155929f1409a413440f25f4a11,358405.2115008831,4.235,12800.976500883116,358400.97500998306,24,5973
a69fc53dccda50426d25798e7da838913103ed1009f513f6e1e47baed3b34ae0,ec5e0d5b0edaab92fc4bc2ae62461a9068673e155929f1409a413440f25f4a11,358444.2604150772,40.526,12803.734415077197,358403.73292417714,24,5973
a69fc53dccda50426d25798e7da838913103ed1009f513f6e1e47baed3b34ae0,ec5e0d5b0edaab92fc4bc2ae62461a9068673e155929f1409a413440f25f4a11,358405.3098618984,0.098,12805.211861898424,358405.21037099836,24,5973
a69fc53dccda50426d25798e7da838913103ed1009f513f6e1e47baed3b34ae0,ec5e0d5b0edaab92fc4bc2ae62461a9068673e155929f1409a413440f25f4a11,358449.46209692955,44.152,12805.310096929548,358405.3086060295,24,5973
a69fc53dccda50426d25798e7da838913103ed1009f513f6e1e47baed3b34ae0,ec5e0d5b0edaab92fc4bc2ae62461a9068673e155929f1409a413440f25f4a11,358451.3302369118,38.328,12813.002236911794,358413.00074601173,24,5973
96149d3ed4f00afb92f12856101e693e93c4683f030ae6ca6ebfbb7ba5a2a345,1bfbf6e1f849d22a0ece669507eb055525edf6929f273b999d865d52ea086a82,214415.16889595985,1.144,12814.024895959854,214414.02340505982,14,3573
96149d3ed4f00afb92f12856101e693e93c4683f030ae6ca6ebfbb7ba5a2a345,1bfbf6e1f849d22a0ece669507eb055525edf6929f273b999d865d52ea086a82,214419.43177700043,0.76,12818.671777000418,214418.6702861004,14,3573
a69fc53dccda50426d25798e7da838913103ed1009f513f6e1e47baed3b34ae0,ec5e0d5b0edaab92fc4bc2ae62461a9068673e155929f1409a413440f25f4a11,358498.07247400284,67.062,12831.010474002862,358431.0089831028,24,5973
a69fc53dccda50426d25798e7da838913103ed1009f513f6e1e47baed3b34ae0,ec5e0d5b0edaab92fc4bc2ae62461a9068673e155929f1409a413440f25f4a11,358455.62950205803,11.369,12844.260502058023,358444.25901115796,24,5974
a69fc53dccda50426d25798e7da838913103ed1009f513f6e1e47baed3b34ae0,ec5e0d5b0edaab92fc4bc2ae62461a9068673e155929f1409a413440f25f4a11,358459.64133906364,10.163,12849.478339063644,358449.4768481636,24,5974
a69fc53dccda50426d25798e7da838913103ed1009f513f6e1e47baed3b34ae0,ec5e0d5b0edaab92fc4bc2ae62461a9068673e155929f1409a413440f25f4a11,358451.3458650112,0.015,12851.330865011201,358451.32937411114,24,5974
a69fc53dccda50426d25798e7da838913103ed1009f513f6e1e47baed3b34ae0,ec5e0d5b0edaab92fc4bc2ae62461a9068673e155929f1409a413440f25f4a11,358498.6995680332,47.322,12851.377568033233,358451.3760771332,24,5974
a69fc53dccda50426d25798e7da838913103ed1009f513f6e1e47baed3b34ae0,ec5e0d5b0edaab92fc4bc2ae62461a9068673e155929f1409a413440f25f4a11,358479.1504499912,23.489,12855.661449991225,358455.65995909116,24,5974
a69fc53dccda50426d25798e7da838913103ed1009f513f6e1e47baed3b34ae0,ec5e0d5b0edaab92fc4bc2ae62461a9068673e155929f1409a413440f25f4a11,358464.2752070427,4.633,12859.642207042722,358459.64071614266,24,5974
a69fc53dccda50426d25798e7da838913103ed1009f513f6e1e47baed3b34ae0,ec5e0d5b0edaab92fc4bc2ae62461a9068673e155929f1409a413440f25f4a11,358464.8206169605,0.532,12864.288616960519,358464.28712606046,24,5974
a69fc53dccda50426d25798e7da838913103ed1009f513f6e1e47baed3b34ae0,ec5e0d5b0edaab92fc4bc2ae62461a9068673e155929f1409a413440f25f4a11,358485.1027610302,20.282,12864.82076103019,358464.81927013013,24,5974
a69fc53dccda50426d25798e7da838913103ed1009f513f6e1e47baed3b34ae0,ec5e0d5b0edaab92fc4bc2ae62461a9068673e155929f1409a413440f25f4a11,358485.1502189636,5.999,12879.151218963612,358479.14972806355,24,5974
96149d3ed4f00afb92f12856101e693e93c4683f030ae6ca6ebfbb7ba5a2a345,1bfbf6e1f849d22a0ece669507eb055525edf6929f273b999d865d52ea086a82,214490.81835889816,0.907,12889.911358898156,214489.90986799813,14,3574
a69fc53dccda50426d25798e7da838913103ed1009f513f6e1e47baed3b34ae0,ec5e0d5b0edaab92fc4bc2ae62461a9068673e155929f1409a413440f25f4a11,358503.18215990067,5.109,12898.073159900669,358498.0716690006,24,5974
a69fc53dccda50426d25798e7da838913103ed1009f513f6e1e47baed3b34ae0,ec5e0d5b0edaab92fc4bc2ae62461a9068673e155929f1409a413440f25f4a11,358501.3872830868,2.687,12898.7002830868,358498.69879218674,24,5974
96149d3ed4f00afb92f12856101e693e93c4683f030ae6ca6ebfbb7ba5a2a345,1cf618f9ee318fecbc31aa059ded8328581b9a9b092f1069b9f7679b6f89e52e,214505.6600010395,0.091,12905.56900103952,214505.5675101395,14,3575
96149d3ed4f00afb92f12856101e693e93c4683f030ae6ca6ebfbb7ba5a2a345,1bfbf6e1f849d22a0ece669507eb055525edf6929f273b999d865d52ea086a82,214520.5990269184,0.878,12919.721026918414,214519.71953601838,14,3575
96149d3ed4f00afb92f12856101e693e93c4683f030ae6ca6ebfbb7ba5a2a345,1bfbf6e1f849d22a0ece669507eb055525edf6929f273b999d865d52ea086a82,214585.8273949623,0.6,12985.227394962305,214585.22590406227,14,3576
96149d3ed4f00afb92f12856101e693e93c4683f030ae6ca6ebfbb7ba5a2a345,1bfbf6e1f849d22a0ece669507eb055525edf6929f273b999d865d52ea086a82,214597.5560810566,1.014,12996.5420810566,214596.54059015657,14,3576
96149d3ed4f00afb92f12856101e693e93c4683f030ae6ca6ebfbb7ba5a2a345,1bfbf6e1f849d22a0ece669507eb055525edf6929f273b999d865d52ea086a82,214603.93055796623,0.638,13003.292557966226,214603.2910670662,14,3576
96149d3ed4f00afb92f12856101e693e93c4683f030ae6ca6ebfbb7ba5a2a345,1bfbf6e1f849d22a0ece669507eb055525edf6929f273b999d865d52ea086a82,214622.9014570713,0.852,13022.04945707129,214622.04796617126,14,3577
96149d3ed4f00afb92f12856101e693e93c4683f030ae6ca6ebfbb7ba5a2a345,1bfbf6e1f849d22a0ece669507eb055525edf6929f273b999d865d52ea086a82,214639.0255680084,0.768,13038.257568008383,214638.25607710835,14,3577
a69fc53dccda50426d25798e7da838913103ed1009f513f6e1e47baed3b34ae0,ec5e0d5b0edaab92fc4bc2ae62461a9068673e155929f1409a413440f25f4a11,358650.6804180145,0.125,13050.555418014526,358650.55392711447,24,5977
a69fc53dccda50426d25798e7da838913103ed1009f513f6e1e47baed3b34ae0,ec5e0d5b0edaab92fc4bc2ae62461a9068673e155929f1409a413440f25f4a11,358651.59405303,0.14,13051.45405303,358651.45256212994,24,5977
96149d3ed4f00afb92f12856101e693e93c4683f030ae6ca6ebfbb7ba5a2a345,1cf618f9ee318fecbc31aa059ded8328581b9a9b092f1069b9f7679b6f89e52e,214660.85335588452,0.023,13060.830355884536,214660.8288649845,14,3577
a69fc53dccda50426d25798e7da838913103ed1009f513f6e1e47baed3b34ae0,ec5e0d5b0edaab92fc4bc2ae62461a9068673e155929f1409a413440f25f4a11,358663.9778339863,0.204,13063.773833986255,358663.7723430862,24,5977
a69fc53dccda50426d25798e7da838913103ed1009f513f6e1e47baed3b34ae0,ec5e0d5b0edaab92fc4bc2ae62461a9068673e155929f1409a413440f25f4a11,358665.32438898087,0.026,13065.298388980853,358665.2968980808,24,5977
96149d3ed4f00afb92f12856101e693e93c4683f030ae6ca6ebfbb7ba5a2a345,1bfbf6e1f849d22a0ece669507eb055525edf6929f273b999d865d52ea086a82,214666.67237901688,0.812,13065.86037901687,214665.85888811684,14,3577
96149d3ed4f00afb92f12856101e693e93c4683f030ae6ca6ebfbb7ba5a2a345,1bfbf6e1f849d22a0ece669507eb055525edf6929f273b999d865d52ea086a82,214681.80214309687,0.826,13080.976143096865,214680.97465219683,14,3578
a69fc53dccda50426d25798e7da838913103ed1009f513f6e1e47baed3b34ae0,ec5e0d5b0edaab92fc4bc2ae62461a9068673e155929f1409a413440f25f4a11,358681.7074210644,0.125,13081.582421064377,358681.5809301643,24,5978
a69fc53dccda50426d25798e7da838913103ed1009f513f6e1e47baed3b34ae0,ec5e0d5b0edaab92fc4bc2ae62461a9068673e155929f1409a413440f25f4a11,358681.9840760231,0.351,13081.633076023078,358681.631585123,24,5978
a69fc53dccda50426d25798e7da838913103ed1009f513f6e1e47baed3b34ae0,ec5e0d5b0edaab92fc4bc2ae62461a9068673e155929f1409a413440f25f4a11,358691.5795381069,3.348,13088.23153810692,358688.23004720686,24,5978
a69fc53dccda50426d25798e7da838913103ed1009f513f6e1e47baed3b34ae0,ec5e0d5b0edaab92fc4bc2ae62461a9068673e155929f1409a413440f25f4a11,358690.6658759117,0.312,13090.353875911736,358690.3523850117,24,5978
96149d3ed4f00afb92f12856101e693e93c4683f030ae6ca6ebfbb7ba5a2a345,1cf618f9ee318fecbc31aa059ded8328581b9a9b092f1069b9f7679b6f89e52e,214717.970359087,0.01,13117.960359086981,214717.95886818695,14,3578
96149d3ed4f00afb92f12856101e693e93c4683f030ae6ca6ebfbb7ba5a2a345,1bfbf6e1f849d22a0ece669507eb055525edf6929f273b999d865d52ea086a82,214724.0348060131,1.264,13122.770806013112,214722.76931511308,14,3578
96149d3ed4f00afb92f12856101e693e93c4683f030ae6ca6ebfbb7ba5a2a345,1bfbf6e1f849d22a0ece669507eb055525edf6929f273b999d865d52ea086a82,214782.4889140129,0.699,13181.789914012916,214781.78842311288,14,3579
96149d3ed4f00afb92f12856101e693e93c4683f030ae6ca6ebfbb7ba5a2a345,1cf618f9ee318fecbc31aa059ded8328581b9a9b092f1069b9f7679b6f89e52e,214791.77288103104,0.01,13191.762881031027,214791.761390131,14,3579
96149d3ed4f00afb92f12856101e693e93c4683f030ae6ca6ebfbb7ba5a2a345,1cf618f9ee318fecbc31aa059ded8328581b9a9b092f1069b9f7679b6f89e52e,214794.29711794853,0.01,13194.287117948523,214794.2856270485,14,3579
96149d3ed4f00afb92f12856101e693e93c4683f030ae6ca6ebfbb7ba5a2a345,1bfbf6e1f849d22a0ece669507eb055525edf6929f273b999d865d52ea086a82,214795.9175701141,0.939,13194.978570114094,214794.97707921406,14,3579
a69fc53dccda50426d25798e7da838913103ed1009f513f6e1e47baed3b34ae0,ec5e0d5b0edaab92fc4bc2ae62461a9068673e155929f1409a413440f25f4a11,358796.2233068943,1.147,13195.076306894305,358795.07481599425,24,5979
a69fc53dccda50426d25798e7da838913103ed1009f513f6e1e47baed3b34ae0,ec5e0d5b0edaab92fc4bc2ae62461a9068673e155929f1409a413440f25f4a11,358795.3140220642,0.19,13195.124022064207,358795.12253116415,24,5979
96149d3ed4f00afb92f12856101e693e93c4683f030ae6ca6ebfbb7ba5a2a345,1bfbf6e1f849d22a0ece669507eb055525edf6929f273b999d865d52ea086a82,214800.3917040825,0.982,13199.4097040825,214799.40821318247,14,3579
96149d3ed4f00afb92f12856101e693e93c4683f030ae6ca6ebfbb7ba5a2a345,1cf618f9ee318fecbc31aa059ded8328581b9a9b092f1069b9f7679b6f89e52e,214843.5636310577,0.011,13243.552631057712,214843.55114015768,14,3580
96149d3ed4f00afb92f12856101e693e93c4683f030ae6ca6ebfbb7ba5a2a345,1bfbf6e1f849d22a0ece669507eb055525edf6929f273b999d865d52ea086a82,214860.3592710495,0.93,13259.429271049506,214859.42778014948,14,3580
a69fc53dccda50426d25798e7da838913103ed1009f513f6e1e47baed3b34ae0,ec5e0d5b0edaab92fc4bc2ae62461a9068673e155929f1409a413440f25f4a11,358956.4545519352,0.25,13356.204551935196,358956.20306103514,24,5982
a69fc53dccda50426d25798e7da838913103ed1009f513f6e1e47baed3b34ae0,ec5e0d5b0edaab92fc4bc2ae62461a9068673e155929f1409a413440f25f4a11,358956.7001450062,0.453,13356.2471450062,358956.24565410614,24,5982
a69fc53dccda50426d25798e7da838913103ed1009f513f6e1e47baed3b34ae0,ec5e0d5b0edaab92fc4bc2ae62461a9068673e155929f1409a413440f25f4a11,358964.29246997833,0.203,13364.089469978353,358964.0879790783,24,5982
a69fc53dccda50426d25798e7da838913103ed1009f513f6e1e47baed3b34ae0,ec5e0d5b0edaab92fc4bc2ae62461a9068673e155929f1409a413440f25f4a11,358966.2869820595,1.69,13364.596982059476,358964.5954911594,24,5982
a69fc53dccda50426d25798e7da838913103ed1009f513f6e1e47baed3b34ae0,ec5e0d5b0edaab92fc4bc2ae62461a9068673e155929f1409a413440f25f4a11,358971.6938779354,1.285,13370.408877935435,358970.4073870354,24,5982
a69fc53dccda50426d25798e7da838913103ed1009f513f6e1e47baed3b34ae0,ec5e0d5b0edaab92fc4bc2ae62461a9068673e155929f1409a413440f25f4a11,358971.3450679779,0.765,13370.580067977891,358970.57857707783,24,5982
96149d3ed4f00afb92f12856101e693e93c4683f030ae6ca6ebfbb7ba5a2a345,1cf618f9ee318fecbc31aa059ded8328581b9a9b092f1069b9f7679b6f89e52e,214981.39209198952,0.012,13381.38009198953,214981.3786010895,14,3583
a69fc53dccda50426d25798e7da838913103ed1009f513f6e1e47baed3b34ae0,ec5e0d5b0edaab92fc4bc2ae62461a9068673e155929f1409a413440f25f4a11,358985.0893580913,0.19,13384.899358091294,358984.89786719123,24,5983
96149d3ed4f00afb92f12856101e693e93c4683f030ae6ca6ebfbb7ba5a2a345,1bfbf6e1f849d22a0ece669507eb055525edf6929f273b999d865d52ea086a82,214986.95329499245,1.229,13385.724294992455,214985.72280409242,14,3583
a69fc53dccda50426d25798e7da838913103ed1009f513f6e1e47baed3b34ae0,ec5e0d5b0edaab92fc4bc2ae62461a9068673e155929f1409a413440f25f4a11,358986.0402009487,0.156,13385.884200948698,358985.88271004864,24,5983
a69fc53dccda50426d25798e7da838913103ed1009f513f6e1e47baed3b34ae0,ec5e0d5b0edaab92fc4bc2ae62461a9068673e155929f1409a413440f25f4a11,358993.89728307724,1.219,13392.678283077257,358992.6767921772,24,5983
a69fc53dccda50426d25798e7da838913103ed1009f513f6e1e47baed3b34ae0,ec5e0d5b0edaab92fc4bc2ae62461a9068673e155929f1409a413440f25f4a11,358993.70327305794,0.781,13392.92227305792,358992.92078215786,24,5983
a69fc53dccda50426d25798e7da838913103ed1009f513f6e1e47baed3b34ae0,ec5e0d5b0edaab92fc4bc2ae62461a9068673e155929f1409a413440f25f4a11,359125.8398139477,0.317,13525.522813947697,359125.52132304764,24,5985
a69fc53dccda50426d25798e7da838913103ed1009f513f6e1e47baed3b34ae0,ec5e0d5b0edaab92fc4bc2ae62461a9068673e155929f1409a413440f25f4a11,359152.0033640861,0.14,13551.863364086079,359151.861873186,24,5985
a69fc53dccda50426d25798e7da838913103ed1009f513f6e1e47baed3b34ae0,ec5e0d5b0edaab92fc4bc2ae62461a9068673e155929f1409a413440f25f4a11,359196.39847898483,0.031,13596.367478984816,359196.36598808476,24,5986
96149d3ed4f00afb92f12856101e693e93c4683f030ae6ca6ebfbb7ba5a2a345,1cf618f9ee318fecbc31aa059ded8328581b9a9b092f1069b9f7679b6f89e52e,215201.50784492493,0.023,13601.48484492494,215201.4833540249,14,3586
96149d3ed4f00afb92f12856101e693e93c4683f030ae6ca6ebfbb7ba5a2a345,1cf618f9ee318fecbc31aa059ded8328581b9a9b092f1069b9f7679b6f89e52e,215201.89323496816,0.01,13601.883234968147,215201.88174406812,14,3586
96149d3ed4f00afb92f12856101e693e93c4683f030ae6ca6ebfbb7ba5a2a345,1cf618f9ee318fecbc31aa059ded8328581b9a9b092f1069b9f7679b6f89e52e,215202.7326478958,0.011,13602.721647895814,215202.72015699578,14,3586
96149d3ed4f00afb92f12856101e693e93c4683f030ae6ca6ebfbb7ba5a2a345,1bfbf6e1f849d22a0ece669507eb055525edf6929f273b999d865d52ea086a82,215204.6801919937,0.797,13603.883191993722,215203.8817010937,14,3586
a69fc53dccda50426d25798e7da838913103ed1009f513f6e1e47baed3b34ae0,ec5e0d5b0edaab92fc4bc2ae62461a9068673e155929f1409a413440f25f4a11,359254.0143818855,0.562,13653.452381885552,359253.4508909855,24,5987
a69fc53dccda50426d25798e7da838913103ed1009f513f6e1e47baed3b34ae0,ec5e0d5b0edaab92fc4bc2ae62461a9068673e155929f1409a413440f25f4a11,359261.52895998955,3.045,13658.483959989564,359258.4824690895,24,5987
a69fc53dccda50426d25798e7da838913103ed1009f513f6e1e47baed3b34ae0,ec5e0d5b0edaab92fc4bc2ae62461a9068673e155929f1409a413440f25f4a11,359262.3614549637,3.662,13658.699454963673,359258.6979640636,24,5987
a69fc53dccda50426d25798e7da838913103ed1009f513f6e1e47baed3b34ae0,ec5e0d5b0edaab92fc4bc2ae62461a9068673e155929f1409a413440f25f4a11,359269.9778110981,1.155,13668.82281109807,359268.821320198,24,5987
a69fc53dccda50426d25798e7da838913103ed1009f513f6e1e47baed3b34ae0,ec5e0d5b0edaab92fc4bc2ae62461a9068673e155929f1409a413440f25f4a11,359269.30001211166,0.171,13669.12901211169,359269.12752121163,24,5987
a69fc53dccda50426d25798e7da838913103ed1009f513f6e1e47baed3b34ae0,ec5e0d5b0edaab92fc4bc2ae62461a9068673e155929f1409a413440f25f4a11,359295.0560491085,19.881,13675.175049108511,359275.17355820845,24,5987
a69fc53dccda50426d25798e7da838913103ed1009f513f6e1e47baed3b34ae0,ec5e0d5b0edaab92fc4bc2ae62461a9068673e155929f1409a413440f25f4a11,359277.4039609432,1.843,13675.560960943229,359275.55947004317,24,5987
a69fc53dccda50426d25798e7da838913103ed1009f513f6e1e47baed3b34ae0,ec5e0d5b0edaab92fc4bc2ae62461a9068673e155929f1409a413440f25f4a11,359280.16940903664,0.687,13679.48240903666,359279.4809181366,24,5987
a69fc53dccda50426d25798e7da838913103ed1009f513f6e1e47baed3b34ae0,ec5e0d5b0edaab92fc4bc2ae62461a9068673e155929f1409a413440f25f4a11,359289.67377495766,8.3,13681.373774957669,359281.3722840576,24,5988
96149d3ed4f00afb92f12856101e693e93c4683f030ae6ca6ebfbb7ba5a2a345,1bfbf6e1f849d22a0ece669507eb055525edf6929f273b999d865d52ea086a82,215301.46470808983,0.854,13700.610708089836,215300.6092171898,14,3588
96149d3ed4f00afb92f12856101e693e93c4683f030ae6ca6ebfbb7ba5a2a345,1cf618f9ee318fecbc31aa059ded8328581b9a9b092f1069b9f7679b6f89e52e,215310.35340690613,0.014,13710.339406906132,215310.3379160061,14,3588
96149d3ed4f00afb92f12856101e693e93c4683f030ae6ca6ebfbb7ba5a2a345,1bfbf6e1f849d22a0ece669507eb055525edf6929f273b999d865d52ea086a82,215324.31111502647,1.05,13723.261115026486,215323.25962412645,14,3588
96149d3ed4f00afb92f12856101e693e93c4683f030ae6ca6ebfbb7ba5a2a345,1cf618f9ee318fecbc31aa059ded8328581b9a9b092f1069b9f7679b6f89e52e,215327.4171690941,0.011,13727.406169094087,215327.40467819406,14,3588
96149d3ed4f00afb92f12856101e693e93c4683f030ae6ca6ebfbb7ba5a2a345,1bfbf6e1f849d22a0ece669507eb055525edf6929f273b999d865d52ea086a82,215354.2183918953,0.86,13753.358391895308,215353.35690099528,14,3589
96149d3ed4f00afb92f12856101e693e93c4683f030ae6ca6ebfbb7ba5a2a345,1cf618f9ee318fecbc31aa059ded8328581b9a9b092f1069b9f7679b6f89e52e,215356.5766689777,0.009,13756.567668977717,215356.5661780777,14,3589
a69fc53dccda50426d25798e7da838913103ed1009f513f6e1e47baed3b34ae0,ec5e0d5b0edaab92fc4bc2ae62461a9068673e155929f1409a413440f25f4a11,359359.92684197426,0.109,13759.817841974262,359359.8163510742,24,5989
96149d3ed4f00afb92f12856101e693e93c4683f030ae6ca6ebfbb7ba5a2a345,1cf618f9ee318fecbc31aa059ded8328581b9a9b092f1069b9f7679b6f89e52e,215361.34527802467,0.009,13761.336278024683,215361.33478712465,14,3589
a69fc53dccda50426d25798e7da838913103ed1009f513f6e1e47baed3b34ae0,ec5e0d5b0edaab92fc4bc2ae62461a9068673e155929f1409a413440f25f4a11,359362.94676303864,0.14,13762.806763038621,359362.80527213856,24,5989
96149d3ed4f00afb92f12856101e693e93c4683f030ae6ca6ebfbb7ba5a2a345,1bfbf6e1f849d22a0ece669507eb055525edf6929f273b999d865d52ea086a82,215365.8391830921,1.042,13764.797183092101,215364.79569219207,14,3589
96149d3ed4f00afb92f12856101e693e93c4683f030ae6ca6ebfbb7ba5a2a345,1cf618f9ee318fecbc31aa059ded8328581b9a9b092f1069b9f7679b6f89e52e,215421.0991969109,0.011,13821.088196910889,215421.08670601086,14,3590
96149d3ed4f00afb92f12856101e693e93c4683f030ae6ca6ebfbb7ba5a2a345,1cf618f9ee318fecbc31aa059ded8328581b9a9b092f1069b9f7679b6f89e52e,215426.2179260254,0.029,13826.188926025381,215426.18743512535,14,3590
96149d3ed4f00afb92f12856101e693e93c4683f030ae6ca6ebfbb7ba5a2a345,1bfbf6e1f849d22a0ece669507eb055525edf6929f273b999d865d52ea086a82,215492.694742918,0.919,13891.77574291802,215491.774252018,14,3591
96149d3ed4f00afb92f12856101e693e93c4683f030ae6ca6ebfbb7ba5a2a345,1bfbf6e1f849d22a0ece669507eb055525edf6929f273b999d865d52ea086a82,215500.93444991112,0.95,13899.984449911106,215499.98295901107,14,3591
96149d3ed4f00afb92f12856101e693e93c4683f030ae6ca6ebfbb7ba5a2a345,1cf618f9ee318fecbc31aa059ded8328581b9a9b092f1069b9f7679b6f89e52e,215501.52872109413,0.012,13901.516721094144,215501.5152301941,14,3591
96149d3ed4f00afb92f12856101e693e93c4683f030ae6ca6ebfbb7ba5a2a345,1cf618f9ee318fecbc31aa059ded8328581b9a9b092f1069b9f7679b6f89e52e,215507.056153059,0.009,13907.047153059015,215507.04566215898,14,3591
96149d3ed4f00afb92f12856101e693e93c4683f030ae6ca6ebfbb7ba5a2a345,1bfbf6e1f849d22a0ece669507eb055525edf6929f273b999d865d52ea086a82,215654.9449579716,1.106,14053.838957971602,215653.83746707157,14,3594
96149d3ed4f00afb92f12856101e693e93c4683f030ae6ca6ebfbb7ba5a2a345,1bfbf6e1f849d22a0ece669507eb055525edf6929f273b999d865d52ea086a82,215696.132874012,0.866,14095.266874011984,215695.26538311195,14,3594
96149d3ed4f00afb92f12856101e693e93c4683f030ae6ca6ebfbb7ba5a2a345,1cf618f9ee318fecbc31aa059ded8328581b9a9b092f1069b9f7679b6f89e52e,215696.7310268879,0.045,14096.68602688788,215696.68453598785,14,3594
96149d3ed4f00afb92f12856101e693e93c4683f030ae6ca6ebfbb7ba5a2a345,1bfbf6e1f849d22a0ece669507eb055525edf6929f273b999d865d52ea086a82,215698.1212670803,0.914,14097.207267080317,215697.2057761803,14,3594
96149d3ed4f00afb92f12856101e693e93c4683f030ae6ca6ebfbb7ba5a2a345,1bfbf6e1f849d22a0ece669507eb055525edf6929f273b999d865d52ea086a82,215699.51022601128,1.072,14098.43822601129,215698.43673511126,14,3594
96149d3ed4f00afb92f12856101e693e93c4683f030ae6ca6ebfbb7ba5a2a345,1cf618f9ee318fecbc31aa059ded8328581b9a9b092f1069b9f7679b6f89e52e,215701.0335149765,0.044,14100.989514976507,215700.98802407648,14,3595
96149d3ed4f00afb92f12856101e693e93c4683f030ae6ca6ebfbb7ba5a2a345,1bfbf6e1f849d22a0ece669507eb055525edf6929f273b999d865d52ea086a82,215702.15265893936,1.088,14101.064658939373,215701.06316803934,14,3595
96149d3ed4f00afb92f12856101e693e93c4683f030ae6ca6ebfbb7ba5a2a345,1bfbf6e1f849d22a0ece669507eb055525edf6929f273b999d865d52ea086a82,215706.0323839188,1.18,14104.852383918798,215704.85089301877,14,3595
96149d3ed4f00afb92f12856101e693e93c4683f030ae6ca6ebfbb7ba5a2a345,1bfbf6e1f849d22a0ece669507eb055525edf6929f273b999d865d52ea086a82,215708.2996520996,1.512,14106.787652099621,215706.7861611996,14,3595
96149d3ed4f00afb92f12856101e693e93c4683f030ae6ca6ebfbb7ba5a2a345,1bfbf6e1f849d22a0ece669507eb055525edf6929f273b999d865d52ea086a82,215709.90439009664,1.029,14108.875390096626,215708.8738991966,14,3595
96149d3ed4f00afb92f12856101e693e93c4683f030ae6ca6ebfbb7ba5a2a345,1bfbf6e1f849d22a0ece669507eb055525edf6929f273b999d865d52ea086a82,215710.9080429077,0.901,14110.007042907673,215710.00555200764,14,3595
96149d3ed4f00afb92f12856101e693e93c4683f030ae6ca6ebfbb7ba5a2a345,1bfbf6e1f849d22a0ece669507eb055525edf6929f273b999d865d52ea086a82,215717.99551796916,1.115,14116.88051796917,215716.87902706914,14,3595
96149d3ed4f00afb92f12856101e693e93c4683f030ae6ca6ebfbb7ba5a2a345,1cf618f9ee318fecbc31aa059ded8328581b9a9b092f1069b9f7679b6f89e52e,215726.58167004585,0.044,14126.537670045858,215726.53617914583,14,3595
96149d3ed4f00afb92f12856101e693e93c4683f030ae6ca6ebfbb7ba5a2a345,1cf618f9ee318fecbc31aa059ded8328581b9a9b092f1069b9f7679b6f89e52e,215731.45104599,0.05,14131.401045990002,215731.39955508997,14,3595
96149d3ed4f00afb92f12856101e693e93c4683f030ae6ca6ebfbb7ba5a2a345,1bfbf6e1f849d22a0ece669507eb055525edf6929f273b999d865d52ea086a82,215732.4857199192,0.981,14131.504719919205,215731.50322901917,14,3595
96149d3ed4f00afb92f12856101e693e93c4683f030ae6ca6ebfbb7ba5a2a345,1bfbf6e1f849d22a0ece669507eb055525edf6929f273b999d865d52ea086a82,215734.49969100952,1.144,14133.355691009521,215733.3542001095,14,3595
96149d3ed4f00afb92f12856101e693e93c4683f030ae6ca6ebfbb7ba5a2a345,1bfbf6e1f849d22a0ece669507eb055525edf6929f273b999d865d52ea086a82,215739.469837904,1.194,14138.275837904017,215738.274347004,14,3595
96149d3ed4f00afb92f12856101e693e93c4683f030ae6ca6ebfbb7ba5a2a345,1bfbf6e1f849d22a0ece669507eb055525edf6929f273b999d865d52ea086a82,215755.06001091003,0.941,14154.119010910043,215754.11752001,14,3595
96149d3ed4f00afb92f12856101e693e93c4683f030ae6ca6ebfbb7ba5a2a345,1cf618f9ee318fecbc31aa059ded8328581b9a9b092f1069b9f7679b6f89e52e,215758.53742098808,0.047,14158.490420988092,215758.48893008806,14,3595
96149d3ed4f00afb92f12856101e693e93c4683f030ae6ca6ebfbb7ba5a2a345,1bfbf6e1f849d22a0ece669507eb055525edf6929f273b999d865d52ea086a82,215759.6850409508,0.914,14158.771040950814,215758.76955005078,14,3595
96149d3ed4f00afb92f12856101e693e93c4683f030ae6ca6ebfbb7ba5a2a345,1cf618f9ee318fecbc31aa059ded8328581b9a9b092f1069b9f7679b6f89e52e,215759.97449803352,0.046,14159.928498033521,215759.9270071335,14,3595
96149d3ed4f00afb92f12856101e693e93c4683f030ae6ca6ebfbb7ba5a2a345,1bfbf6e1f849d22a0ece669507eb055525edf6929f273b999d865d52ea086a82,215762.0923299789,1.298,14160.794329978904,215760.79283907887,14,3596
96149d3ed4f00afb92f12856101e693e93c4683f030ae6ca6ebfbb7ba5a2a345,1cf618f9ee318fecbc31aa059ded8328581b9a9b092f1069b9f7679b6f89e52e,215762.639564991,0.043,14162.596564990992,215762.59507409096,14,3596
96149d3ed4f00afb92f12856101e693e93c4683f030ae6ca6ebfbb7ba5a2a345,1bfbf6e1f849d22a0ece669507eb055525edf6929f273b999d865d52ea086a82,215960.75388789177,0.99,14359.763887891779,215959.76239699175,14,3599
96149d3ed4f00afb92f12856101e693e93c4683f030ae6ca6ebfbb7ba5a2a345,1cf618f9ee318fecbc31aa059ded8328581b9a9b092f1069b9f7679b6f89e52e,215991.05352211,0.047,14391.006522110023,215991.00503121,14,3599
