app,func,end_timestamp,duration,arrival_time,trace_id,arrival_time_norm,func_id,arrival_time_hr
68d84244f6a3c212c69884d292b01a04ade8573f6c7b7407e39e0c44fd8e659e,ca8b2d1318a114f0efef6accb358b8cace2a39a81a2f7847234bc0180a0c65eb,1022400.1182909012,0.109,0.009290901129134,71,0.009290901129134,resnet50,2.580805869203889e-06
f8a0e46efc7202b8d1ce896a4e0919f3b3e6d496c244a3a4c5b74ef135416264,8d17c87072bc8c74616a437e888ded668d9ee836df0c328c2347331a1313c096,820801.8571970463,0.034,1.8231970462948084,57,1.8231970462948084,efficientnet,0.0005064436239707801
f8a0e46efc7202b8d1ce896a4e0919f3b3e6d496c244a3a4c5b74ef135416264,8d17c87072bc8c74616a437e888ded668d9ee836df0c328c2347331a1313c096,820921.9906549454,0.019,121.9716549454024,57,121.9716549454024,efficientnet,0.03388101526261178
96149d3ed4f00afb92f12856101e693e93c4683f030ae6ca6ebfbb7ba5a2a345,e5298aafdbabecd1465ab0eeb24d7633ac7de0284f7ee075209b119c297a3622,1022562.1071059704,0.012,162.0951059703948,71,162.0951059703948,bert,0.04502641832510967
96149d3ed4f00afb92f12856101e693e93c4683f030ae6ca6ebfbb7ba5a2a345,e5298aafdbabecd1465ab0eeb24d7633ac7de0284f7ee075209b119c297a3622,1022562.6632349492,0.01,162.65323494921904,71,162.65323494921904,bert,0.04518145415256084
96149d3ed4f00afb92f12856101e693e93c4683f030ae6ca6ebfbb7ba5a2a345,e5298aafdbabecd1465ab0eeb24d7633ac7de0284f7ee075209b119c297a3622,1022562.7385499476,0.011,162.72754994756542,71,162.72754994756542,bert,0.04520209720765706
96149d3ed4f00afb92f12856101e693e93c4683f030ae6ca6ebfbb7ba5a2a345,e5298aafdbabecd1465ab0eeb24d7633ac7de0284f7ee075209b119c297a3622,1022576.9112091064,0.013,176.89820910640992,71,176.89820910640992,bert,0.049138391418447204
68d84244f6a3c212c69884d292b01a04ade8573f6c7b7407e39e0c44fd8e659e,ca8b2d1318a114f0efef6accb358b8cace2a39a81a2f7847234bc0180a0c65eb,1022580.6232359408,0.607,180.01623594085686,71,180.01623594085686,resnet50,0.05000450998357135
96149d3ed4f00afb92f12856101e693e93c4683f030ae6ca6ebfbb7ba5a2a345,e5298aafdbabecd1465ab0eeb24d7633ac7de0284f7ee075209b119c297a3622,1022587.2204511166,0.017,187.20345111656934,71,187.20345111656934,bert,0.05200095864349148
96149d3ed4f00afb92f12856101e693e93c4683f030ae6ca6ebfbb7ba5a2a345,e5298aafdbabecd1465ab0eeb24d7633ac7de0284f7ee075209b119c297a3622,1022587.3879330158,0.026,187.361933015869,71,187.361933015869,bert,0.05204498139329694
96149d3ed4f00afb92f12856101e693e93c4683f030ae6ca6ebfbb7ba5a2a345,e5298aafdbabecd1465ab0eeb24d7633ac7de0284f7ee075209b119c297a3622,1022591.1319279672,0.013,191.11892796715256,71,191.11892796715256,bert,0.05308859110198682
96149d3ed4f00afb92f12856101e693e93c4683f030ae6ca6ebfbb7ba5a2a345,e5298aafdbabecd1465ab0eeb24d7633ac7de0284f7ee075209b119c297a3622,1022598.4722559452,0.011,198.46125594514888,71,198.46125594514888,bert,0.05512812665143024
96149d3ed4f00afb92f12856101e693e93c4683f030ae6ca6ebfbb7ba5a2a345,e5298aafdbabecd1465ab0eeb24d7633ac7de0284f7ee075209b119c297a3622,1022602.4193410872,0.012,202.407341087237,71,202.407341087237,bert,0.05622426141312139
96149d3ed4f00afb92f12856101e693e93c4683f030ae6ca6ebfbb7ba5a2a345,e5298aafdbabecd1465ab0eeb24d7633ac7de0284f7ee075209b119c297a3622,1022604.1914739608,0.01,204.18147396075074,71,204.18147396075074,bert,0.05671707610020854
96149d3ed4f00afb92f12856101e693e93c4683f030ae6ca6ebfbb7ba5a2a345,e5298aafdbabecd1465ab0eeb24d7633ac7de0284f7ee075209b119c297a3622,1022605.963185072,0.011,205.95218507188838,71,205.95218507188838,bert,0.05720894029774677
96149d3ed4f00afb92f12856101e693e93c4683f030ae6ca6ebfbb7ba5a2a345,e5298aafdbabecd1465ab0eeb24d7633ac7de0284f7ee075209b119c297a3622,1022610.8618240356,0.013,210.84882403560914,71,210.84882403560914,bert,0.058569117787669205
96149d3ed4f00afb92f12856101e693e93c4683f030ae6ca6ebfbb7ba5a2a345,e5298aafdbabecd1465ab0eeb24d7633ac7de0284f7ee075209b119c297a3622,1022613.646105051,0.013,213.63310505100526,71,213.63310505100526,bert,0.0593425291808348
96149d3ed4f00afb92f12856101e693e93c4683f030ae6ca6ebfbb7ba5a2a345,e5298aafdbabecd1465ab0eeb24d7633ac7de0284f7ee075209b119c297a3622,1022613.7488629818,0.01,213.73886298178695,71,213.73886298178695,bert,0.059371906383829706
96149d3ed4f00afb92f12856101e693e93c4683f030ae6ca6ebfbb7ba5a2a345,e5298aafdbabecd1465ab0eeb24d7633ac7de0284f7ee075209b119c297a3622,1022617.576855898,0.011,217.56585589796305,71,217.56585589796305,bert,0.060434959971656405
96149d3ed4f00afb92f12856101e693e93c4683f030ae6ca6ebfbb7ba5a2a345,e5298aafdbabecd1465ab0eeb24d7633ac7de0284f7ee075209b119c297a3622,1022618.4832088948,0.014,218.46920889487956,71,218.46920889487956,bert,0.060685891359688764
96149d3ed4f00afb92f12856101e693e93c4683f030ae6ca6ebfbb7ba5a2a345,e5298aafdbabecd1465ab0eeb24d7633ac7de0284f7ee075209b119c297a3622,1022618.692137003,0.081,218.61113700293936,71,218.61113700293936,bert,0.06072531583414982
96149d3ed4f00afb92f12856101e693e93c4683f030ae6ca6ebfbb7ba5a2a345,e5298aafdbabecd1465ab0eeb24d7633ac7de0284f7ee075209b119c297a3622,1022623.447197914,0.012,223.43519791401923,71,223.43519791401923,bert,0.06206533275389423
96149d3ed4f00afb92f12856101e693e93c4683f030ae6ca6ebfbb7ba5a2a345,e5298aafdbabecd1465ab0eeb24d7633ac7de0284f7ee075209b119c297a3622,1022629.1368858814,0.026,229.11088588146959,71,229.11088588146959,bert,0.06364191274485266
96149d3ed4f00afb92f12856101e693e93c4683f030ae6ca6ebfbb7ba5a2a345,e5298aafdbabecd1465ab0eeb24d7633ac7de0284f7ee075209b119c297a3622,1022632.1513700484,0.04,232.11137004836928,71,232.11137004836928,bert,0.06447538056899146
96149d3ed4f00afb92f12856101e693e93c4683f030ae6ca6ebfbb7ba5a2a345,e5298aafdbabecd1465ab0eeb24d7633ac7de0284f7ee075209b119c297a3622,1022634.6690149308,0.042,234.62701493082568,71,234.62701493082568,bert,0.06517417081411825
f8a0e46efc7202b8d1ce896a4e0919f3b3e6d496c244a3a4c5b74ef135416264,8d17c87072bc8c74616a437e888ded668d9ee836df0c328c2347331a1313c096,821042.0640978813,0.022,242.04209788131993,57,242.04209788131993,efficientnet,0.06723391607814443
96149d3ed4f00afb92f12856101e693e93c4683f030ae6ca6ebfbb7ba5a2a345,e5298aafdbabecd1465ab0eeb24d7633ac7de0284f7ee075209b119c297a3622,1022678.3647289276,0.01,278.354728927603,71,278.354728927603,bert,0.07732075803544528
96149d3ed4f00afb92f12856101e693e93c4683f030ae6ca6ebfbb7ba5a2a345,e5298aafdbabecd1465ab0eeb24d7633ac7de0284f7ee075209b119c297a3622,1022678.4601669312,0.015,278.4451669311384,71,278.4451669311384,bert,0.07734587970309399
96149d3ed4f00afb92f12856101e693e93c4683f030ae6ca6ebfbb7ba5a2a345,e5298aafdbabecd1465ab0eeb24d7633ac7de0284f7ee075209b119c297a3622,1022690.397135973,0.023,290.374135972932,71,290.374135972932,bert,0.08065948221470333
96149d3ed4f00afb92f12856101e693e93c4683f030ae6ca6ebfbb7ba5a2a345,e5298aafdbabecd1465ab0eeb24d7633ac7de0284f7ee075209b119c297a3622,1022714.9543890952,0.012,314.9423890952021,71,314.9423890952021,bert,0.08748399697088947
96149d3ed4f00afb92f12856101e693e93c4683f030ae6ca6ebfbb7ba5a2a345,e5298aafdbabecd1465ab0eeb24d7633ac7de0284f7ee075209b119c297a3622,1022726.3457570076,0.012,326.333757007611,71,326.333757007611,bert,0.0906482658354475
68d84244f6a3c212c69884d292b01a04ade8573f6c7b7407e39e0c44fd8e659e,ca8b2d1318a114f0efef6accb358b8cace2a39a81a2f7847234bc0180a0c65eb,1022760.131253004,0.109,360.02225300390273,71,360.02225300390273,resnet50,0.10000618138997298
f8a0e46efc7202b8d1ce896a4e0919f3b3e6d496c244a3a4c5b74ef135416264,8d17c87072bc8c74616a437e888ded668d9ee836df0c328c2347331a1313c096,821161.8803319931,0.021,361.8593319931533,57,361.8593319931533,efficientnet,0.10051648110920926
96149d3ed4f00afb92f12856101e693e93c4683f030ae6ca6ebfbb7ba5a2a345,e5298aafdbabecd1465ab0eeb24d7633ac7de0284f7ee075209b119c297a3622,1022782.982049942,0.039,382.94304994202685,71,382.94304994202685,bert,0.1063730694283408
96149d3ed4f00afb92f12856101e693e93c4683f030ae6ca6ebfbb7ba5a2a345,e5298aafdbabecd1465ab0eeb24d7633ac7de0284f7ee075209b119c297a3622,1022783.0506110193,0.092,382.95861101930495,71,382.95861101930495,bert,0.10637739194980693
96149d3ed4f00afb92f12856101e693e93c4683f030ae6ca6ebfbb7ba5a2a345,e5298aafdbabecd1465ab0eeb24d7633ac7de0284f7ee075209b119c297a3622,1022783.558991909,0.049,383.50999190902803,71,383.50999190902803,bert,0.10653055330806334
96149d3ed4f00afb92f12856101e693e93c4683f030ae6ca6ebfbb7ba5a2a345,e5298aafdbabecd1465ab0eeb24d7633ac7de0284f7ee075209b119c297a3622,1022811.2012970448,0.053,411.1482970447978,71,411.1482970447978,bert,0.1142078602902216
96149d3ed4f00afb92f12856101e693e93c4683f030ae6ca6ebfbb7ba5a2a345,e5298aafdbabecd1465ab0eeb24d7633ac7de0284f7ee075209b119c297a3622,1022811.3618080616,0.012,411.34980806161184,71,411.34980806161184,bert,0.11426383557266996
96149d3ed4f00afb92f12856101e693e93c4683f030ae6ca6ebfbb7ba5a2a345,e5298aafdbabecd1465ab0eeb24d7633ac7de0284f7ee075209b119c297a3622,1022816.6231410505,0.129,416.494141050498,71,416.494141050498,bert,0.11569281695847167
96149d3ed4f00afb92f12856101e693e93c4683f030ae6ca6ebfbb7ba5a2a345,e5298aafdbabecd1465ab0eeb24d7633ac7de0284f7ee075209b119c297a3622,1022816.8643550872,0.061,416.8033550871769,71,416.8033550871769,bert,0.11577870974643803
96149d3ed4f00afb92f12856101e693e93c4683f030ae6ca6ebfbb7ba5a2a345,e5298aafdbabecd1465ab0eeb24d7633ac7de0284f7ee075209b119c297a3622,1022824.237673998,0.013,424.22467399796005,71,424.22467399796005,bert,0.11784018722165557
96149d3ed4f00afb92f12856101e693e93c4683f030ae6ca6ebfbb7ba5a2a345,e5298aafdbabecd1465ab0eeb24d7633ac7de0284f7ee075209b119c297a3622,1022824.4984650612,0.024,424.47446506121196,71,424.47446506121196,bert,0.11790957362811444
96149d3ed4f00afb92f12856101e693e93c4683f030ae6ca6ebfbb7ba5a2a345,e5298aafdbabecd1465ab0eeb24d7633ac7de0284f7ee075209b119c297a3622,1022824.5781030656,0.064,424.5141030655941,71,424.5141030655941,bert,0.11792058418488725
96149d3ed4f00afb92f12856101e693e93c4683f030ae6ca6ebfbb7ba5a2a345,e5298aafdbabecd1465ab0eeb24d7633ac7de0284f7ee075209b119c297a3622,1022828.7959370612,0.062,428.73393706115894,71,428.73393706115894,bert,0.11909276029476637
96149d3ed4f00afb92f12856101e693e93c4683f030ae6ca6ebfbb7ba5a2a345,e5298aafdbabecd1465ab0eeb24d7633ac7de0284f7ee075209b119c297a3622,1022830.5122790335,0.049,430.4632790335454,71,430.4632790335454,bert,0.11957313306487373
96149d3ed4f00afb92f12856101e693e93c4683f030ae6ca6ebfbb7ba5a2a345,e5298aafdbabecd1465ab0eeb24d7633ac7de0284f7ee075209b119c297a3622,1022851.447304964,0.074,451.3733049639268,71,451.3733049639268,bert,0.12538147360109078
96149d3ed4f00afb92f12856101e693e93c4683f030ae6ca6ebfbb7ba5a2a345,e5298aafdbabecd1465ab0eeb24d7633ac7de0284f7ee075209b119c297a3622,1022855.8887200356,0.017,455.87172003556043,71,455.87172003556043,bert,0.12663103334321124
f8a0e46efc7202b8d1ce896a4e0919f3b3e6d496c244a3a4c5b74ef135416264,8d17c87072bc8c74616a437e888ded668d9ee836df0c328c2347331a1313c096,821281.9439558983,0.019,481.9249558983138,57,481.9249558983138,efficientnet,0.13386804330508717
c8c43e1a911f29e5506460a2fbef61ff39723d672f3b3b67d12d4c236c6872f7,653cdbc309bc359f3289d3b4df21c4a8e478d22946b35cbfdab05377dcacd3e0,1022934.9244909286,3.906,531.0184909286909,71,531.0184909286909,distilgpt2,0.1475051363690808
68d84244f6a3c212c69884d292b01a04ade8573f6c7b7407e39e0c44fd8e659e,ca8b2d1318a114f0efef6accb358b8cace2a39a81a2f7847234bc0180a0c65eb,1022940.1314470768,0.102,540.0294470768422,71,540.0294470768422,resnet50,0.15000817974356728
96149d3ed4f00afb92f12856101e693e93c4683f030ae6ca6ebfbb7ba5a2a345,e5298aafdbabecd1465ab0eeb24d7633ac7de0284f7ee075209b119c297a3622,1022956.1434760094,0.014,556.1294760094024,71,556.1294760094024,bert,0.15448041000261178
f8a0e46efc7202b8d1ce896a4e0919f3b3e6d496c244a3a4c5b74ef135416264,8d17c87072bc8c74616a437e888ded668d9ee836df0c328c2347331a1313c096,821402.3707559109,0.027,602.3437559108716,57,602.3437559108716,efficientnet,0.1673177099752421
96149d3ed4f00afb92f12856101e693e93c4683f030ae6ca6ebfbb7ba5a2a345,e5298aafdbabecd1465ab0eeb24d7633ac7de0284f7ee075209b119c297a3622,1023007.7403008938,0.011,607.7293008937268,71,607.7293008937268,bert,0.16881369469270188
96149d3ed4f00afb92f12856101e693e93c4683f030ae6ca6ebfbb7ba5a2a345,e5298aafdbabecd1465ab0eeb24d7633ac7de0284f7ee075209b119c297a3622,1023009.3272309304,0.01,609.3172309304355,71,609.3172309304355,bert,0.1692547863695654
96149d3ed4f00afb92f12856101e693e93c4683f030ae6ca6ebfbb7ba5a2a345,e5298aafdbabecd1465ab0eeb24d7633ac7de0284f7ee075209b119c297a3622,1023011.1989519596,0.016,611.1829519596649,71,611.1829519596649,bert,0.16977304221101805
96149d3ed4f00afb92f12856101e693e93c4683f030ae6ca6ebfbb7ba5a2a345,e5298aafdbabecd1465ab0eeb24d7633ac7de0284f7ee075209b119c297a3622,1023030.0755729676,0.013,630.0625729676103,71,630.0625729676103,bert,0.17501738137989176
96149d3ed4f00afb92f12856101e693e93c4683f030ae6ca6ebfbb7ba5a2a345,e5298aafdbabecd1465ab0eeb24d7633ac7de0284f7ee075209b119c297a3622,1023032.556395054,0.013,632.5433950539446,71,632.5433950539446,bert,0.17570649862609572
734272c01926d19690e5ec308bab64ef97950b75b1c7582283e0783fce1751d8,9b61fd55aa093a2d172db1a68a60af5cf6cbfa7f5ea1fbc71846027a5954616d,1066245.263211012,4.898,640.3652110118419,74,640.3652110118419,googlenet,0.1778792252810672
734272c01926d19690e5ec308bab64ef97950b75b1c7582283e0783fce1751d8,9b61fd55aa093a2d172db1a68a60af5cf6cbfa7f5ea1fbc71846027a5954616d,1066245.08147192,4.588,640.4934719200246,74,640.4934719200246,googlenet,0.17791485331111795
734272c01926d19690e5ec308bab64ef97950b75b1c7582283e0783fce1751d8,9b61fd55aa093a2d172db1a68a60af5cf6cbfa7f5ea1fbc71846027a5954616d,1066245.1948521135,4.696,640.4988521134946,74,640.4988521134946,googlenet,0.17791634780930407
734272c01926d19690e5ec308bab64ef97950b75b1c7582283e0783fce1751d8,9b61fd55aa093a2d172db1a68a60af5cf6cbfa7f5ea1fbc71846027a5954616d,1066245.2646551132,4.765,640.4996551133227,74,640.4996551133227,googlenet,0.17791657086481186
734272c01926d19690e5ec308bab64ef97950b75b1c7582283e0783fce1751d8,9b61fd55aa093a2d172db1a68a60af5cf6cbfa7f5ea1fbc71846027a5954616d,1066245.0084519386,4.482,640.5264519385528,74,640.5264519385528,googlenet,0.17792401442737577
96149d3ed4f00afb92f12856101e693e93c4683f030ae6ca6ebfbb7ba5a2a345,e5298aafdbabecd1465ab0eeb24d7633ac7de0284f7ee075209b119c297a3622,1023085.6128530502,0.012,685.600853050244,71,685.600853050244,bert,0.19044468140284557
96149d3ed4f00afb92f12856101e693e93c4683f030ae6ca6ebfbb7ba5a2a345,e5298aafdbabecd1465ab0eeb24d7633ac7de0284f7ee075209b119c297a3622,1023088.1058321,0.016,688.0898321000859,71,688.0898321000859,bert,0.1911360644722461
96149d3ed4f00afb92f12856101e693e93c4683f030ae6ca6ebfbb7ba5a2a345,e5298aafdbabecd1465ab0eeb24d7633ac7de0284f7ee075209b119c297a3622,1023117.8133869172,0.011,717.8023869171739,71,717.8023869171739,bert,0.19938955192143717
68d84244f6a3c212c69884d292b01a04ade8573f6c7b7407e39e0c44fd8e659e,ca8b2d1318a114f0efef6accb358b8cace2a39a81a2f7847234bc0180a0c65eb,1023120.1139550208,0.084,720.0299550207565,71,720.0299550207565,resnet50,0.20000832083909903
f8a0e46efc7202b8d1ce896a4e0919f3b3e6d496c244a3a4c5b74ef135416264,8d17c87072bc8c74616a437e888ded668d9ee836df0c328c2347331a1313c096,821522.0537199974,0.018,722.035719997366,57,722.035719997366,efficientnet,0.2005654777770461
96149d3ed4f00afb92f12856101e693e93c4683f030ae6ca6ebfbb7ba5a2a345,e5298aafdbabecd1465ab0eeb24d7633ac7de0284f7ee075209b119c297a3622,1023132.427875042,0.019,732.4088750419905,71,732.4088750419905,bert,0.20344690973388627
96149d3ed4f00afb92f12856101e693e93c4683f030ae6ca6ebfbb7ba5a2a345,e5298aafdbabecd1465ab0eeb24d7633ac7de0284f7ee075209b119c297a3622,1023145.691699028,0.014,745.6776990280487,71,745.6776990280487,bert,0.20713269417445795
96149d3ed4f00afb92f12856101e693e93c4683f030ae6ca6ebfbb7ba5a2a345,e5298aafdbabecd1465ab0eeb24d7633ac7de0284f7ee075209b119c297a3622,1023150.8453691006,0.019,750.8263691005995,71,750.8263691005995,bert,0.2085628803057221
96149d3ed4f00afb92f12856101e693e93c4683f030ae6ca6ebfbb7ba5a2a345,e5298aafdbabecd1465ab0eeb24d7633ac7de0284f7ee075209b119c297a3622,1023154.4433400632,0.016,754.4273400632665,71,754.4273400632665,bert,0.20956315001757403
96149d3ed4f00afb92f12856101e693e93c4683f030ae6ca6ebfbb7ba5a2a345,e5298aafdbabecd1465ab0eeb24d7633ac7de0284f7ee075209b119c297a3622,1023159.0822649002,0.011,759.0712649001507,71,759.0712649001507,bert,0.21085312913893076
96149d3ed4f00afb92f12856101e693e93c4683f030ae6ca6ebfbb7ba5a2a345,e5298aafdbabecd1465ab0eeb24d7633ac7de0284f7ee075209b119c297a3622,1023159.2434399128,0.01,759.2334399127867,71,759.2334399127867,bert,0.21089817775355185
96149d3ed4f00afb92f12856101e693e93c4683f030ae6ca6ebfbb7ba5a2a345,e5298aafdbabecd1465ab0eeb24d7633ac7de0284f7ee075209b119c297a3622,1023168.6801710128,0.017,768.6631710127695,71,768.6631710127695,bert,0.21351754750354707
96149d3ed4f00afb92f12856101e693e93c4683f030ae6ca6ebfbb7ba5a2a345,e5298aafdbabecd1465ab0eeb24d7633ac7de0284f7ee075209b119c297a3622,1023172.3915610312,0.012,772.3795610312372,71,772.3795610312372,bert,0.21454987806423256
96149d3ed4f00afb92f12856101e693e93c4683f030ae6ca6ebfbb7ba5a2a345,e5298aafdbabecd1465ab0eeb24d7633ac7de0284f7ee075209b119c297a3622,1023174.7338860036,0.01,774.7238860036014,71,774.7238860036014,bert,0.21520107944544484
96149d3ed4f00afb92f12856101e693e93c4683f030ae6ca6ebfbb7ba5a2a345,e5298aafdbabecd1465ab0eeb24d7633ac7de0284f7ee075209b119c297a3622,1023178.0591199398,0.013,778.0461199397687,71,778.0461199397687,bert,0.21612392220549131
96149d3ed4f00afb92f12856101e693e93c4683f030ae6ca6ebfbb7ba5a2a345,e5298aafdbabecd1465ab0eeb24d7633ac7de0284f7ee075209b119c297a3622,1023180.7238988876,0.011,780.7128988875775,71,780.7128988875775,bert,0.21686469413543819
96149d3ed4f00afb92f12856101e693e93c4683f030ae6ca6ebfbb7ba5a2a345,e5298aafdbabecd1465ab0eeb24d7633ac7de0284f7ee075209b119c297a3622,1023180.8629980088,0.017,780.8459980088519,71,780.8459980088519,bert,0.21690166611356998
96149d3ed4f00afb92f12856101e693e93c4683f030ae6ca6ebfbb7ba5a2a345,e5298aafdbabecd1465ab0eeb24d7633ac7de0284f7ee075209b119c297a3622,1023183.4294719696,0.014,783.415471969638,71,783.415471969638,bert,0.217615408880455
96149d3ed4f00afb92f12856101e693e93c4683f030ae6ca6ebfbb7ba5a2a345,e5298aafdbabecd1465ab0eeb24d7633ac7de0284f7ee075209b119c297a3622,1023188.9164030552,0.012,788.9044030552031,71,788.9044030552031,bert,0.21914011195977864
96149d3ed4f00afb92f12856101e693e93c4683f030ae6ca6ebfbb7ba5a2a345,e5298aafdbabecd1465ab0eeb24d7633ac7de0284f7ee075209b119c297a3622,1023192.2739470004,0.026,792.2479470004328,71,792.2479470004328,bert,0.2200688741667869
96149d3ed4f00afb92f12856101e693e93c4683f030ae6ca6ebfbb7ba5a2a345,e5298aafdbabecd1465ab0eeb24d7633ac7de0284f7ee075209b119c297a3622,1023194.542871952,0.037,794.5058719520457,71,794.5058719520457,bert,0.22069607554223492
c8c43e1a911f29e5506460a2fbef61ff39723d672f3b3b67d12d4c236c6872f7,653cdbc309bc359f3289d3b4df21c4a8e478d22946b35cbfdab05377dcacd3e0,1023217.5096418858,19.733,797.77664188575,71,797.77664188575,distilgpt2,0.22160462274604167
96149d3ed4f00afb92f12856101e693e93c4683f030ae6ca6ebfbb7ba5a2a345,e5298aafdbabecd1465ab0eeb24d7633ac7de0284f7ee075209b119c297a3622,1023198.6860558988,0.017,798.6690558987902,71,798.6690558987902,bert,0.22185251552744173
96149d3ed4f00afb92f12856101e693e93c4683f030ae6ca6ebfbb7ba5a2a345,e5298aafdbabecd1465ab0eeb24d7633ac7de0284f7ee075209b119c297a3622,1023203.533107996,0.011,803.5221079959301,71,803.5221079959301,bert,0.22320058555442504
96149d3ed4f00afb92f12856101e693e93c4683f030ae6ca6ebfbb7ba5a2a345,e5298aafdbabecd1465ab0eeb24d7633ac7de0284f7ee075209b119c297a3622,1023208.5911290646,0.011,808.5801290645031,71,808.5801290645031,bert,0.22460559140680642
96149d3ed4f00afb92f12856101e693e93c4683f030ae6ca6ebfbb7ba5a2a345,e5298aafdbabecd1465ab0eeb24d7633ac7de0284f7ee075209b119c297a3622,1023209.3122899532,0.015,809.2972899532178,71,809.2972899532178,bert,0.22480480276478274
96149d3ed4f00afb92f12856101e693e93c4683f030ae6ca6ebfbb7ba5a2a345,e5298aafdbabecd1465ab0eeb24d7633ac7de0284f7ee075209b119c297a3622,1023215.064412117,0.011,815.0534121169476,71,815.0534121169476,bert,0.226403725588041
96149d3ed4f00afb92f12856101e693e93c4683f030ae6ca6ebfbb7ba5a2a345,e5298aafdbabecd1465ab0eeb24d7633ac7de0284f7ee075209b119c297a3622,1023223.5309109688,0.017,823.513910968788,71,823.513910968788,bert,0.22875386415799664
96149d3ed4f00afb92f12856101e693e93c4683f030ae6ca6ebfbb7ba5a2a345,e5298aafdbabecd1465ab0eeb24d7633ac7de0284f7ee075209b119c297a3622,1023234.642843008,0.011,834.6318430079846,71,834.6318430079846,bert,0.23184217861332904
96149d3ed4f00afb92f12856101e693e93c4683f030ae6ca6ebfbb7ba5a2a345,e5298aafdbabecd1465ab0eeb24d7633ac7de0284f7ee075209b119c297a3622,1023234.8085849284,0.148,834.6605849283515,71,834.6605849283515,bert,0.23185016248009763
f8a0e46efc7202b8d1ce896a4e0919f3b3e6d496c244a3a4c5b74ef135416264,8d17c87072bc8c74616a437e888ded668d9ee836df0c328c2347331a1313c096,821642.0909399986,0.016,842.0749399986817,57,842.0749399986817,efficientnet,0.23390970555518936
96149d3ed4f00afb92f12856101e693e93c4683f030ae6ca6ebfbb7ba5a2a345,e5298aafdbabecd1465ab0eeb24d7633ac7de0284f7ee075209b119c297a3622,1023262.10206604,0.023,862.0790660399944,71,862.0790660399944,bert,0.23946640723333176
96149d3ed4f00afb92f12856101e693e93c4683f030ae6ca6ebfbb7ba5a2a345,e5298aafdbabecd1465ab0eeb24d7633ac7de0284f7ee075209b119c297a3622,1023262.6303329468,0.011,862.6193329467205,71,862.6193329467205,bert,0.23961648137408903
96149d3ed4f00afb92f12856101e693e93c4683f030ae6ca6ebfbb7ba5a2a345,e5298aafdbabecd1465ab0eeb24d7633ac7de0284f7ee075209b119c297a3622,1023268.283835888,0.015,868.2688358880114,71,868.2688358880114,bert,0.24118578774666982
96149d3ed4f00afb92f12856101e693e93c4683f030ae6ca6ebfbb7ba5a2a345,e5298aafdbabecd1465ab0eeb24d7633ac7de0284f7ee075209b119c297a3622,1023276.5862019062,0.015,876.5712019061903,71,876.5712019061903,bert,0.2434920005294973
96149d3ed4f00afb92f12856101e693e93c4683f030ae6ca6ebfbb7ba5a2a345,e5298aafdbabecd1465ab0eeb24d7633ac7de0284f7ee075209b119c297a3622,1023278.3045580388,0.016,878.2885580388829,71,878.2885580388829,bert,0.2439690438996897
96149d3ed4f00afb92f12856101e693e93c4683f030ae6ca6ebfbb7ba5a2a345,e5298aafdbabecd1465ab0eeb24d7633ac7de0284f7ee075209b119c297a3622,1023278.5715379716,0.021,878.5505379716633,71,878.5505379716633,bert,0.2440418161032398
96149d3ed4f00afb92f12856101e693e93c4683f030ae6ca6ebfbb7ba5a2a345,e5298aafdbabecd1465ab0eeb24d7633ac7de0284f7ee075209b119c297a3622,1023290.4003241062,0.016,890.3843241062714,71,890.3843241062714,bert,0.24732897891840872
96149d3ed4f00afb92f12856101e693e93c4683f030ae6ca6ebfbb7ba5a2a345,e5298aafdbabecd1465ab0eeb24d7633ac7de0284f7ee075209b119c297a3622,1023299.3429820538,0.016,899.3269820538117,71,899.3269820538117,bert,0.24981305057050324
96149d3ed4f00afb92f12856101e693e93c4683f030ae6ca6ebfbb7ba5a2a345,e5298aafdbabecd1465ab0eeb24d7633ac7de0284f7ee075209b119c297a3622,1023299.4938499928,0.011,899.4828499926953,71,899.4828499926953,bert,0.24985634722019312
68d84244f6a3c212c69884d292b01a04ade8573f6c7b7407e39e0c44fd8e659e,ca8b2d1318a114f0efef6accb358b8cace2a39a81a2f7847234bc0180a0c65eb,1023300.1108191012,0.095,900.0158191012451,71,900.0158191012451,resnet50,0.2500043941947903
96149d3ed4f00afb92f12856101e693e93c4683f030ae6ca6ebfbb7ba5a2a345,e5298aafdbabecd1465ab0eeb24d7633ac7de0284f7ee075209b119c297a3622,1023302.0147550106,0.014,902.0007550106384,71,902.0007550106384,bert,0.25055576528073287
96149d3ed4f00afb92f12856101e693e93c4683f030ae6ca6ebfbb7ba5a2a345,e5298aafdbabecd1465ab0eeb24d7633ac7de0284f7ee075209b119c297a3622,1023302.2511889936,0.011,902.2401889935136,71,902.2401889935136,bert,0.2506222747204204
96149d3ed4f00afb92f12856101e693e93c4683f030ae6ca6ebfbb7ba5a2a345,e5298aafdbabecd1465ab0eeb24d7633ac7de0284f7ee075209b119c297a3622,1023304.3176429272,0.021,904.2966429272201,71,904.2966429272201,bert,0.2511935119242278
96149d3ed4f00afb92f12856101e693e93c4683f030ae6ca6ebfbb7ba5a2a345,e5298aafdbabecd1465ab0eeb24d7633ac7de0284f7ee075209b119c297a3622,1023304.5457088948,0.012,904.5337088948581,71,904.5337088948581,bert,0.25125936358190504
96149d3ed4f00afb92f12856101e693e93c4683f030ae6ca6ebfbb7ba5a2a345,e5298aafdbabecd1465ab0eeb24d7633ac7de0284f7ee075209b119c297a3622,1023309.2213170528,0.011,909.2103170527844,71,909.2103170527844,bert,0.2525584214035512
96149d3ed4f00afb92f12856101e693e93c4683f030ae6ca6ebfbb7ba5a2a345,e5298aafdbabecd1465ab0eeb24d7633ac7de0284f7ee075209b119c297a3622,1023320.5369770528,0.011,920.5259770527482,71,920.5259770527482,bert,0.2557016602924301
96149d3ed4f00afb92f12856101e693e93c4683f030ae6ca6ebfbb7ba5a2a345,e5298aafdbabecd1465ab0eeb24d7633ac7de0284f7ee075209b119c297a3622,1023323.8547770976,0.011,923.8437770975288,71,923.8437770975288,bert,0.25662327141598024
96149d3ed4f00afb92f12856101e693e93c4683f030ae6ca6ebfbb7ba5a2a345,e5298aafdbabecd1465ab0eeb24d7633ac7de0284f7ee075209b119c297a3622,1023328.574981928,0.011,928.5639819279313,71,928.5639819279313,bert,0.25793443942442534
96149d3ed4f00afb92f12856101e693e93c4683f030ae6ca6ebfbb7ba5a2a345,e5298aafdbabecd1465ab0eeb24d7633ac7de0284f7ee075209b119c297a3622,1023330.772917986,0.019,930.7539179860614,71,930.7539179860614,bert,0.25854275499612817
96149d3ed4f00afb92f12856101e693e93c4683f030ae6ca6ebfbb7ba5a2a345,e5298aafdbabecd1465ab0eeb24d7633ac7de0284f7ee075209b119c297a3622,1023330.8297410012,0.014,930.8157410012791,71,930.8157410012791,bert,0.2585599280559109
96149d3ed4f00afb92f12856101e693e93c4683f030ae6ca6ebfbb7ba5a2a345,e5298aafdbabecd1465ab0eeb24d7633ac7de0284f7ee075209b119c297a3622,1023337.2021870612,0.014,937.1881870612269,71,937.1881870612269,bert,0.2603300519614519
96149d3ed4f00afb92f12856101e693e93c4683f030ae6ca6ebfbb7ba5a2a345,e5298aafdbabecd1465ab0eeb24d7633ac7de0284f7ee075209b119c297a3622,1023338.9019629956,0.012,938.8899629956577,71,938.8899629956577,bert,0.26080276749879383
96149d3ed4f00afb92f12856101e693e93c4683f030ae6ca6ebfbb7ba5a2a345,e5298aafdbabecd1465ab0eeb24d7633ac7de0284f7ee075209b119c297a3622,1023351.9893479348,0.015,951.9743479348253,71,951.9743479348253,bert,0.2644373188707848
96149d3ed4f00afb92f12856101e693e93c4683f030ae6ca6ebfbb7ba5a2a345,e5298aafdbabecd1465ab0eeb24d7633ac7de0284f7ee075209b119c297a3622,1023363.5805048944,3.283,960.297504894319,71,960.297504894319,bert,0.26674930691508864
f8a0e46efc7202b8d1ce896a4e0919f3b3e6d496c244a3a4c5b74ef135416264,8d17c87072bc8c74616a437e888ded668d9ee836df0c328c2347331a1313c096,821762.0140480995,0.019,961.9950480995467,57,961.9950480995467,efficientnet,0.2672208466943185
c8c43e1a911f29e5506460a2fbef61ff39723d672f3b3b67d12d4c236c6872f7,653cdbc309bc359f3289d3b4df21c4a8e478d22946b35cbfdab05377dcacd3e0,1023509.9069080352,70.989,1038.9179080352187,71,1038.9179080352187,distilgpt2,0.2885883077875607
96149d3ed4f00afb92f12856101e693e93c4683f030ae6ca6ebfbb7ba5a2a345,e5298aafdbabecd1465ab0eeb24d7633ac7de0284f7ee075209b119c297a3622,1023462.4615619184,0.011,1062.4505619183183,71,1062.4505619183183,bert,0.29512515608842177
68d84244f6a3c212c69884d292b01a04ade8573f6c7b7407e39e0c44fd8e659e,ca8b2d1318a114f0efef6accb358b8cace2a39a81a2f7847234bc0180a0c65eb,1023480.1201748848,0.093,1080.0271748848027,71,1080.0271748848027,resnet50,0.3000075485791118
f8a0e46efc7202b8d1ce896a4e0919f3b3e6d496c244a3a4c5b74ef135416264,8d17c87072bc8c74616a437e888ded668d9ee836df0c328c2347331a1313c096,821881.9867460728,0.019,1081.967746072798,57,1081.967746072798,efficientnet,0.3005465961313328
96149d3ed4f00afb92f12856101e693e93c4683f030ae6ca6ebfbb7ba5a2a345,e5298aafdbabecd1465ab0eeb24d7633ac7de0284f7ee075209b119c297a3622,1023507.3976330756,0.01,1107.3876330755884,71,1107.3876330755884,bert,0.30760767585433013
96149d3ed4f00afb92f12856101e693e93c4683f030ae6ca6ebfbb7ba5a2a345,e5298aafdbabecd1465ab0eeb24d7633ac7de0284f7ee075209b119c297a3622,1023530.6052620412,0.011,1130.5942620411515,71,1130.5942620411515,bert,0.3140539616780976
96149d3ed4f00afb92f12856101e693e93c4683f030ae6ca6ebfbb7ba5a2a345,e5298aafdbabecd1465ab0eeb24d7633ac7de0284f7ee075209b119c297a3622,1023557.5771529676,0.01,1157.56715296756,71,1157.56715296756,bert,0.3215464313798778
96149d3ed4f00afb92f12856101e693e93c4683f030ae6ca6ebfbb7ba5a2a345,e5298aafdbabecd1465ab0eeb24d7633ac7de0284f7ee075209b119c297a3622,1023559.002188921,0.021,1158.981188921025,71,1158.981188921025,bert,0.32193921914472917
96149d3ed4f00afb92f12856101e693e93c4683f030ae6ca6ebfbb7ba5a2a345,e5298aafdbabecd1465ab0eeb24d7633ac7de0284f7ee075209b119c297a3622,1023565.297718048,0.013,1165.284718047944,71,1165.284718047944,bert,0.3236901994577622
96149d3ed4f00afb92f12856101e693e93c4683f030ae6ca6ebfbb7ba5a2a345,e5298aafdbabecd1465ab0eeb24d7633ac7de0284f7ee075209b119c297a3622,1023566.2031869888,0.014,1166.189186988864,71,1166.189186988864,bert,0.32394144083024
96149d3ed4f00afb92f12856101e693e93c4683f030ae6ca6ebfbb7ba5a2a345,e5298aafdbabecd1465ab0eeb24d7633ac7de0284f7ee075209b119c297a3622,1023566.3762509824,0.011,1166.3652509823442,71,1166.3652509823442,bert,0.3239903474950956
c8c43e1a911f29e5506460a2fbef61ff39723d672f3b3b67d12d4c236c6872f7,653cdbc309bc359f3289d3b4df21c4a8e478d22946b35cbfdab05377dcacd3e0,1023572.189563036,1.964,1170.2255630359286,71,1170.2255630359286,distilgpt2,0.32506265639886905
96149d3ed4f00afb92f12856101e693e93c4683f030ae6ca6ebfbb7ba5a2a345,e5298aafdbabecd1465ab0eeb24d7633ac7de0284f7ee075209b119c297a3622,1023571.9399769306,0.012,1171.9279769306304,71,1171.9279769306304,bert,0.32553554914739735
96149d3ed4f00afb92f12856101e693e93c4683f030ae6ca6ebfbb7ba5a2a345,e5298aafdbabecd1465ab0eeb24d7633ac7de0284f7ee075209b119c297a3622,1023574.52294302,0.01,1174.512943019974,71,1174.512943019974,bert,0.32625359528332615
f8a0e46efc7202b8d1ce896a4e0919f3b3e6d496c244a3a4c5b74ef135416264,8d17c87072bc8c74616a437e888ded668d9ee836df0c328c2347331a1313c096,822002.0289850235,0.02,1202.00898502348,57,1202.00898502348,efficientnet,0.3338913847287444
734272c01926d19690e5ec308bab64ef97950b75b1c7582283e0783fce1751d8,9b61fd55aa093a2d172db1a68a60af5cf6cbfa7f5ea1fbc71846027a5954616d,1066824.5003619194,11.12,1213.3803619192913,74,1213.3803619192913,googlenet,0.3370501005331365
734272c01926d19690e5ec308bab64ef97950b75b1c7582283e0783fce1751d8,9b61fd55aa093a2d172db1a68a60af5cf6cbfa7f5ea1fbc71846027a5954616d,1066824.498470068,11.118,1213.3804700679611,74,1213.3804700679611,googlenet,0.33705013057443367
734272c01926d19690e5ec308bab64ef97950b75b1c7582283e0783fce1751d8,9b61fd55aa093a2d172db1a68a60af5cf6cbfa7f5ea1fbc71846027a5954616d,1066824.4937050345,11.113,1213.3807050345931,74,1213.3807050345931,googlenet,0.33705019584294255
734272c01926d19690e5ec308bab64ef97950b75b1c7582283e0783fce1751d8,9b61fd55aa093a2d172db1a68a60af5cf6cbfa7f5ea1fbc71846027a5954616d,1066824.4531800747,11.07,1213.3831800746266,74,1213.3831800746266,googlenet,0.3370508833540629
734272c01926d19690e5ec308bab64ef97950b75b1c7582283e0783fce1751d8,9b61fd55aa093a2d172db1a68a60af5cf6cbfa7f5ea1fbc71846027a5954616d,1066824.5383780005,11.153,1213.3853780005593,74,1213.3853780005593,googlenet,0.33705149388904426
734272c01926d19690e5ec308bab64ef97950b75b1c7582283e0783fce1751d8,9b61fd55aa093a2d172db1a68a60af5cf6cbfa7f5ea1fbc71846027a5954616d,1066824.5819530487,11.196,1213.3859530487098,74,1213.3859530487098,googlenet,0.3370516536246416
734272c01926d19690e5ec308bab64ef97950b75b1c7582283e0783fce1751d8,9b61fd55aa093a2d172db1a68a60af5cf6cbfa7f5ea1fbc71846027a5954616d,1066824.539258957,11.153,1213.3862589569762,74,1213.3862589569762,googlenet,0.33705173859916004
734272c01926d19690e5ec308bab64ef97950b75b1c7582283e0783fce1751d8,9b61fd55aa093a2d172db1a68a60af5cf6cbfa7f5ea1fbc71846027a5954616d,1066824.6167709827,11.23,1213.386770982761,74,1213.386770982761,googlenet,0.3370518808285447
734272c01926d19690e5ec308bab64ef97950b75b1c7582283e0783fce1751d8,9b61fd55aa093a2d172db1a68a60af5cf6cbfa7f5ea1fbc71846027a5954616d,1066824.5909440515,11.204,1213.3869440515991,74,1213.3869440515991,googlenet,0.337051928903222
734272c01926d19690e5ec308bab64ef97950b75b1c7582283e0783fce1751d8,9b61fd55aa093a2d172db1a68a60af5cf6cbfa7f5ea1fbc71846027a5954616d,1066824.580655098,11.193,1213.3876550979912,74,1213.3876550979912,googlenet,0.33705212641610865
734272c01926d19690e5ec308bab64ef97950b75b1c7582283e0783fce1751d8,9b61fd55aa093a2d172db1a68a60af5cf6cbfa7f5ea1fbc71846027a5954616d,1066824.5786910057,11.191,1213.3876910055988,74,1213.3876910055988,googlenet,0.3370521363904441
734272c01926d19690e5ec308bab64ef97950b75b1c7582283e0783fce1751d8,9b61fd55aa093a2d172db1a68a60af5cf6cbfa7f5ea1fbc71846027a5954616d,1066824.6177539823,11.23,1213.3877539823297,74,1213.3877539823297,googlenet,0.33705215388398047
734272c01926d19690e5ec308bab64ef97950b75b1c7582283e0783fce1751d8,9b61fd55aa093a2d172db1a68a60af5cf6cbfa7f5ea1fbc71846027a5954616d,1066824.5967729092,11.208,1213.3887729090638,74,1213.3887729090638,googlenet,0.3370524369191844
734272c01926d19690e5ec308bab64ef97950b75b1c7582283e0783fce1751d8,9b61fd55aa093a2d172db1a68a60af5cf6cbfa7f5ea1fbc71846027a5954616d,1066824.5888969898,11.2,1213.388896989869,74,1213.388896989869,googlenet,0.3370524713860747
734272c01926d19690e5ec308bab64ef97950b75b1c7582283e0783fce1751d8,9b61fd55aa093a2d172db1a68a60af5cf6cbfa7f5ea1fbc71846027a5954616d,1066824.597999096,11.209,1213.388999095885,74,1213.388999095885,googlenet,0.337052499748857
734272c01926d19690e5ec308bab64ef97950b75b1c7582283e0783fce1751d8,9b61fd55aa093a2d172db1a68a60af5cf6cbfa7f5ea1fbc71846027a5954616d,1066824.5896320343,11.2,1213.3896320343483,74,1213.3896320343483,googlenet,0.33705267556509677
96149d3ed4f00afb92f12856101e693e93c4683f030ae6ca6ebfbb7ba5a2a345,e5298aafdbabecd1465ab0eeb24d7633ac7de0284f7ee075209b119c297a3622,1023657.4904379844,0.011,1257.4794379842933,71,1257.4794379842933,bert,0.34929984388452595
68d84244f6a3c212c69884d292b01a04ade8573f6c7b7407e39e0c44fd8e659e,ca8b2d1318a114f0efef6accb358b8cace2a39a81a2f7847234bc0180a0c65eb,1023660.1640501022,0.14,1260.02405010222,71,1260.02405010222,resnet50,0.35000668058394996
96149d3ed4f00afb92f12856101e693e93c4683f030ae6ca6ebfbb7ba5a2a345,e5298aafdbabecd1465ab0eeb24d7633ac7de0284f7ee075209b119c297a3622,1023670.0876049995,0.011,1270.0766049994854,71,1270.0766049994854,bert,0.3527990569443015
96149d3ed4f00afb92f12856101e693e93c4683f030ae6ca6ebfbb7ba5a2a345,e5298aafdbabecd1465ab0eeb24d7633ac7de0284f7ee075209b119c297a3622,1023680.8998630048,0.011,1280.888863004744,71,1280.888863004744,bert,0.35580246194576226
c8c43e1a911f29e5506460a2fbef61ff39723d672f3b3b67d12d4c236c6872f7,653cdbc309bc359f3289d3b4df21c4a8e478d22946b35cbfdab05377dcacd3e0,1023686.5999569892,1.773,1284.8269569891272,71,1284.8269569891272,distilgpt2,0.35689637694142423
96149d3ed4f00afb92f12856101e693e93c4683f030ae6ca6ebfbb7ba5a2a345,e5298aafdbabecd1465ab0eeb24d7633ac7de0284f7ee075209b119c297a3622,1023691.6226038932,0.011,1291.6116038931068,71,1291.6116038931068,bert,0.3587810010814186
96149d3ed4f00afb92f12856101e693e93c4683f030ae6ca6ebfbb7ba5a2a345,e5298aafdbabecd1465ab0eeb24d7633ac7de0284f7ee075209b119c297a3622,1023703.5067420006,0.012,1303.494742000592,71,1303.494742000592,bert,0.3620818727779422
96149d3ed4f00afb92f12856101e693e93c4683f030ae6ca6ebfbb7ba5a2a345,e5298aafdbabecd1465ab0eeb24d7633ac7de0284f7ee075209b119c297a3622,1023718.7260870934,0.025,1318.70108709333,71,1318.70108709333,bert,0.366305857525925
f8a0e46efc7202b8d1ce896a4e0919f3b3e6d496c244a3a4c5b74ef135416264,8d17c87072bc8c74616a437e888ded668d9ee836df0c328c2347331a1313c096,822121.7750029564,0.017,1321.7580029563978,57,1321.7580029563978,efficientnet,0.3671550008212216
96149d3ed4f00afb92f12856101e693e93c4683f030ae6ca6ebfbb7ba5a2a345,e5298aafdbabecd1465ab0eeb24d7633ac7de0284f7ee075209b119c297a3622,1023756.97091794,0.011,1356.9599179399665,71,1356.9599179399665,bert,0.3769333105388796
96149d3ed4f00afb92f12856101e693e93c4683f030ae6ca6ebfbb7ba5a2a345,e5298aafdbabecd1465ab0eeb24d7633ac7de0284f7ee075209b119c297a3622,1023760.7061200142,0.012,1360.6941200142028,71,1360.6941200142028,bert,0.3779705888928341
96149d3ed4f00afb92f12856101e693e93c4683f030ae6ca6ebfbb7ba5a2a345,e5298aafdbabecd1465ab0eeb24d7633ac7de0284f7ee075209b119c297a3622,1023761.8616790771,0.012,1361.8496790771605,71,1361.8496790771605,bert,0.3782915775214335
96149d3ed4f00afb92f12856101e693e93c4683f030ae6ca6ebfbb7ba5a2a345,e5298aafdbabecd1465ab0eeb24d7633ac7de0284f7ee075209b119c297a3622,1023762.1560590268,0.013,1362.1430590267992,71,1362.1430590267992,bert,0.3783730719518887
c8c43e1a911f29e5506460a2fbef61ff39723d672f3b3b67d12d4c236c6872f7,653cdbc309bc359f3289d3b4df21c4a8e478d22946b35cbfdab05377dcacd3e0,1023788.586673975,23.615,1364.9716739750002,71,1364.9716739750002,distilgpt2,0.37915879832638893
96149d3ed4f00afb92f12856101e693e93c4683f030ae6ca6ebfbb7ba5a2a345,e5298aafdbabecd1465ab0eeb24d7633ac7de0284f7ee075209b119c297a3622,1023796.2469000816,0.013,1396.2339000815991,71,1396.2339000815991,bert,0.38784275002266644
96149d3ed4f00afb92f12856101e693e93c4683f030ae6ca6ebfbb7ba5a2a345,e5298aafdbabecd1465ab0eeb24d7633ac7de0284f7ee075209b119c297a3622,1023797.962759018,0.013,1397.949759017909,71,1397.949759017909,bert,0.3883193775049747
96149d3ed4f00afb92f12856101e693e93c4683f030ae6ca6ebfbb7ba5a2a345,e5298aafdbabecd1465ab0eeb24d7633ac7de0284f7ee075209b119c297a3622,1023798.0058689116,0.011,1397.99486891157,71,1397.99486891157,bert,0.38833190803099166
96149d3ed4f00afb92f12856101e693e93c4683f030ae6ca6ebfbb7ba5a2a345,e5298aafdbabecd1465ab0eeb24d7633ac7de0284f7ee075209b119c297a3622,1023817.29539299,0.061,1417.234392990009,71,1417.234392990009,bert,0.3936762202750025
96149d3ed4f00afb92f12856101e693e93c4683f030ae6ca6ebfbb7ba5a2a345,e5298aafdbabecd1465ab0eeb24d7633ac7de0284f7ee075209b119c297a3622,1023819.5786409378,0.012,1419.5666409378173,71,1419.5666409378173,bert,0.3943240669271715
96149d3ed4f00afb92f12856101e693e93c4683f030ae6ca6ebfbb7ba5a2a345,e5298aafdbabecd1465ab0eeb24d7633ac7de0284f7ee075209b119c297a3622,1023832.984525919,0.012,1432.9725259189727,71,1432.9725259189727,bert,0.3980479238663813
68d84244f6a3c212c69884d292b01a04ade8573f6c7b7407e39e0c44fd8e659e,ca8b2d1318a114f0efef6accb358b8cace2a39a81a2f7847234bc0180a0c65eb,1023840.1131830215,0.093,1440.020183021552,71,1440.020183021552,resnet50,0.40000560639487553
f8a0e46efc7202b8d1ce896a4e0919f3b3e6d496c244a3a4c5b74ef135416264,8d17c87072bc8c74616a437e888ded668d9ee836df0c328c2347331a1313c096,822241.9902019501,0.021,1441.9692019501235,57,1441.9692019501235,efficientnet,0.400547000541701
96149d3ed4f00afb92f12856101e693e93c4683f030ae6ca6ebfbb7ba5a2a345,e5298aafdbabecd1465ab0eeb24d7633ac7de0284f7ee075209b119c297a3622,1023860.6121768953,0.012,1460.6001768952701,71,1460.6001768952701,bert,0.40572227135979727
96149d3ed4f00afb92f12856101e693e93c4683f030ae6ca6ebfbb7ba5a2a345,e5298aafdbabecd1465ab0eeb24d7633ac7de0284f7ee075209b119c297a3622,1023872.5605258942,0.013,1472.5475258941296,71,1472.5475258941296,bert,0.40904097941503603
96149d3ed4f00afb92f12856101e693e93c4683f030ae6ca6ebfbb7ba5a2a345,e5298aafdbabecd1465ab0eeb24d7633ac7de0284f7ee075209b119c297a3622,1023883.9039840698,0.011,1483.8929840697674,71,1483.8929840697674,bert,0.41219249557493537
f8a0e46efc7202b8d1ce896a4e0919f3b3e6d496c244a3a4c5b74ef135416264,8d17c87072bc8c74616a437e888ded668d9ee836df0c328c2347331a1313c096,822362.0041320324,0.017,1561.9871320324019,57,1561.9871320324019,efficientnet,0.43388531445344497
c8c43e1a911f29e5506460a2fbef61ff39723d672f3b3b67d12d4c236c6872f7,653cdbc309bc359f3289d3b4df21c4a8e478d22946b35cbfdab05377dcacd3e0,1024007.2017879486,3.177,1604.0247879485833,71,1604.0247879485833,distilgpt2,0.4455624410968287
c8c43e1a911f29e5506460a2fbef61ff39723d672f3b3b67d12d4c236c6872f7,653cdbc309bc359f3289d3b4df21c4a8e478d22946b35cbfdab05377dcacd3e0,1024011.5668859482,2.446,1609.1208859481849,71,1609.1208859481849,distilgpt2,0.4469780238744958
68d84244f6a3c212c69884d292b01a04ade8573f6c7b7407e39e0c44fd8e659e,ca8b2d1318a114f0efef6accb358b8cace2a39a81a2f7847234bc0180a0c65eb,1024020.2097799778,0.2,1620.009779977845,71,1620.009779977845,resnet50,0.4500027166605125
c8c43e1a911f29e5506460a2fbef61ff39723d672f3b3b67d12d4c236c6872f7,653cdbc309bc359f3289d3b4df21c4a8e478d22946b35cbfdab05377dcacd3e0,1024141.129240036,67.315,1673.8142400360666,71,1673.8142400360666,distilgpt2,0.4649484000100185
f8a0e46efc7202b8d1ce896a4e0919f3b3e6d496c244a3a4c5b74ef135416264,8d17c87072bc8c74616a437e888ded668d9ee836df0c328c2347331a1313c096,822482.0955491066,0.044,1682.0515491066035,57,1682.0515491066035,efficientnet,0.46723654141850096
c8c43e1a911f29e5506460a2fbef61ff39723d672f3b3b67d12d4c236c6872f7,653cdbc309bc359f3289d3b4df21c4a8e478d22946b35cbfdab05377dcacd3e0,1024094.8413848876,3.318,1691.5233848876087,71,1691.5233848876087,distilgpt2,0.46986760691322466
c8c43e1a911f29e5506460a2fbef61ff39723d672f3b3b67d12d4c236c6872f7,653cdbc309bc359f3289d3b4df21c4a8e478d22946b35cbfdab05377dcacd3e0,1024189.4168310164,2.456,1786.9608310164185,71,1786.9608310164185,distilgpt2,0.49637800861567183
c8c43e1a911f29e5506460a2fbef61ff39723d672f3b3b67d12d4c236c6872f7,653cdbc309bc359f3289d3b4df21c4a8e478d22946b35cbfdab05377dcacd3e0,1024196.26867795,2.251,1794.0176779499743,71,1794.0176779499743,distilgpt2,0.49833824387499287
68d84244f6a3c212c69884d292b01a04ade8573f6c7b7407e39e0c44fd8e659e,ca8b2d1318a114f0efef6accb358b8cace2a39a81a2f7847234bc0180a0c65eb,1024200.100477934,0.078,1800.0224779340206,71,1800.0224779340206,resnet50,0.5000062438705613
f8a0e46efc7202b8d1ce896a4e0919f3b3e6d496c244a3a4c5b74ef135416264,8d17c87072bc8c74616a437e888ded668d9ee836df0c328c2347331a1313c096,822602.0894289017,0.038,1802.05142890173,57,1802.05142890173,efficientnet,0.5005698413615917
c8c43e1a911f29e5506460a2fbef61ff39723d672f3b3b67d12d4c236c6872f7,653cdbc309bc359f3289d3b4df21c4a8e478d22946b35cbfdab05377dcacd3e0,1024256.875262022,23.007,1833.8682620220352,71,1833.8682620220352,distilgpt2,0.5094078505616765
f8a0e46efc7202b8d1ce896a4e0919f3b3e6d496c244a3a4c5b74ef135416264,8d17c87072bc8c74616a437e888ded668d9ee836df0c328c2347331a1313c096,822722.128360033,0.018,1922.1103600329952,57,1922.1103600329952,efficientnet,0.5339195444536098
68d84244f6a3c212c69884d292b01a04ade8573f6c7b7407e39e0c44fd8e659e,ca8b2d1318a114f0efef6accb358b8cace2a39a81a2f7847234bc0180a0c65eb,1024380.3546099664,0.143,1980.2116099663544,71,1980.2116099663544,resnet50,0.5500587805462096
c8c43e1a911f29e5506460a2fbef61ff39723d672f3b3b67d12d4c236c6872f7,653cdbc309bc359f3289d3b4df21c4a8e478d22946b35cbfdab05377dcacd3e0,1024410.8259210588,2.003,2008.8229210587451,71,2008.8229210587451,distilgpt2,0.5580063669607626
c8c43e1a911f29e5506460a2fbef61ff39723d672f3b3b67d12d4c236c6872f7,653cdbc309bc359f3289d3b4df21c4a8e478d22946b35cbfdab05377dcacd3e0,1024422.4688770772,3.341,2019.1278770772042,71,2019.1278770772042,distilgpt2,0.5608688547436679
f8a0e46efc7202b8d1ce896a4e0919f3b3e6d496c244a3a4c5b74ef135416264,8d17c87072bc8c74616a437e888ded668d9ee836df0c328c2347331a1313c096,822841.8887710571,0.018,2041.8707710570889,57,2041.8707710570889,efficientnet,0.5671863252936358
c8c43e1a911f29e5506460a2fbef61ff39723d672f3b3b67d12d4c236c6872f7,653cdbc309bc359f3289d3b4df21c4a8e478d22946b35cbfdab05377dcacd3e0,1024486.805423975,1.885,2084.9204239749815,71,2084.9204239749815,distilgpt2,0.5791445622152727
68d84244f6a3c212c69884d292b01a04ade8573f6c7b7407e39e0c44fd8e659e,ca8b2d1318a114f0efef6accb358b8cace2a39a81a2f7847234bc0180a0c65eb,1024560.0924489498,0.078,2160.0144489498343,71,2160.0144489498343,resnet50,0.6000040135971763
f8a0e46efc7202b8d1ce896a4e0919f3b3e6d496c244a3a4c5b74ef135416264,8d17c87072bc8c74616a437e888ded668d9ee836df0c328c2347331a1313c096,822961.8870279789,0.02,2161.8670279788785,57,2161.8670279788785,efficientnet,0.6005186188830218
c8c43e1a911f29e5506460a2fbef61ff39723d672f3b3b67d12d4c236c6872f7,653cdbc309bc359f3289d3b4df21c4a8e478d22946b35cbfdab05377dcacd3e0,1024618.7402710916,2.722,2216.018271091627,71,2216.018271091627,distilgpt2,0.6155606308587853
c8c43e1a911f29e5506460a2fbef61ff39723d672f3b3b67d12d4c236c6872f7,653cdbc309bc359f3289d3b4df21c4a8e478d22946b35cbfdab05377dcacd3e0,1024669.4324560164,2.409,2267.023456016439,71,2267.023456016439,distilgpt2,0.6297287377823442
f8a0e46efc7202b8d1ce896a4e0919f3b3e6d496c244a3a4c5b74ef135416264,8d17c87072bc8c74616a437e888ded668d9ee836df0c328c2347331a1313c096,823081.9265859127,0.02,2281.906585912686,57,2281.906585912686,efficientnet,0.6338629405313017
68d84244f6a3c212c69884d292b01a04ade8573f6c7b7407e39e0c44fd8e659e,ca8b2d1318a114f0efef6accb358b8cace2a39a81a2f7847234bc0180a0c65eb,1024740.0879859924,0.078,2340.009985992452,71,2340.009985992452,resnet50,0.6500027738867923
c8c43e1a911f29e5506460a2fbef61ff39723d672f3b3b67d12d4c236c6872f7,653cdbc309bc359f3289d3b4df21c4a8e478d22946b35cbfdab05377dcacd3e0,1024758.398293972,2.476,2355.922293971991,71,2355.922293971991,distilgpt2,0.6544228594366642
f8a0e46efc7202b8d1ce896a4e0919f3b3e6d496c244a3a4c5b74ef135416264,8d17c87072bc8c74616a437e888ded668d9ee836df0c328c2347331a1313c096,823202.14538908,0.017,2402.128389080055,57,2402.128389080055,efficientnet,0.6672578858555709
68d84244f6a3c212c69884d292b01a04ade8573f6c7b7407e39e0c44fd8e659e,ca8b2d1318a114f0efef6accb358b8cace2a39a81a2f7847234bc0180a0c65eb,1024920.115267992,0.093,2520.022267992026,71,2520.022267992026,resnet50,0.7000061855533406
f8a0e46efc7202b8d1ce896a4e0919f3b3e6d496c244a3a4c5b74ef135416264,8d17c87072bc8c74616a437e888ded668d9ee836df0c328c2347331a1313c096,823322.008466959,0.024,2521.984466959024,57,2521.984466959024,efficientnet,0.7005512408219511
c8c43e1a911f29e5506460a2fbef61ff39723d672f3b3b67d12d4c236c6872f7,653cdbc309bc359f3289d3b4df21c4a8e478d22946b35cbfdab05377dcacd3e0,1024963.5600779057,10.233,2553.3270779056475,71,2553.3270779056475,distilgpt2,0.7092575216404576
f8a0e46efc7202b8d1ce896a4e0919f3b3e6d496c244a3a4c5b74ef135416264,8d17c87072bc8c74616a437e888ded668d9ee836df0c328c2347331a1313c096,823442.0730190277,0.036,2642.0370190277463,57,2642.0370190277463,efficientnet,0.7338991719521517
68d84244f6a3c212c69884d292b01a04ade8573f6c7b7407e39e0c44fd8e659e,ca8b2d1318a114f0efef6accb358b8cace2a39a81a2f7847234bc0180a0c65eb,1025100.14766407,0.125,2700.022664070013,71,2700.022664070013,resnet50,0.7500062955750036
c8c43e1a911f29e5506460a2fbef61ff39723d672f3b3b67d12d4c236c6872f7,653cdbc309bc359f3289d3b4df21c4a8e478d22946b35cbfdab05377dcacd3e0,1025113.118124962,4.75,2708.3681249619694,71,2708.3681249619694,distilgpt2,0.7523244791561027
f8a0e46efc7202b8d1ce896a4e0919f3b3e6d496c244a3a4c5b74ef135416264,8d17c87072bc8c74616a437e888ded668d9ee836df0c328c2347331a1313c096,823562.0498991013,0.02,2762.0298991012387,57,2762.0298991012387,efficientnet,0.7672305275281218
c8c43e1a911f29e5506460a2fbef61ff39723d672f3b3b67d12d4c236c6872f7,653cdbc309bc359f3289d3b4df21c4a8e478d22946b35cbfdab05377dcacd3e0,1025217.0562150478,4.139,2812.91721504787,71,2812.91721504787,distilgpt2,0.7813658930688527
c8c43e1a911f29e5506460a2fbef61ff39723d672f3b3b67d12d4c236c6872f7,653cdbc309bc359f3289d3b4df21c4a8e478d22946b35cbfdab05377dcacd3e0,1025270.654303074,25.135,2845.51930307399,71,2845.51930307399,distilgpt2,0.7904220286316639
68d84244f6a3c212c69884d292b01a04ade8573f6c7b7407e39e0c44fd8e659e,ca8b2d1318a114f0efef6accb358b8cace2a39a81a2f7847234bc0180a0c65eb,1025280.1485440732,0.131,2880.017544073169,71,2880.017544073169,resnet50,0.8000048733536581
f8a0e46efc7202b8d1ce896a4e0919f3b3e6d496c244a3a4c5b74ef135416264,8d17c87072bc8c74616a437e888ded668d9ee836df0c328c2347331a1313c096,823681.7261641026,0.023,2881.7031641025096,57,2881.7031641025096,efficientnet,0.800473101139586
c8c43e1a911f29e5506460a2fbef61ff39723d672f3b3b67d12d4c236c6872f7,653cdbc309bc359f3289d3b4df21c4a8e478d22946b35cbfdab05377dcacd3e0,1025304.4203898908,7.495,2896.925389890792,71,2896.925389890792,distilgpt2,0.8047014971918867
c8c43e1a911f29e5506460a2fbef61ff39723d672f3b3b67d12d4c236c6872f7,653cdbc309bc359f3289d3b4df21c4a8e478d22946b35cbfdab05377dcacd3e0,1025358.727686882,2.906,2955.82168688206,71,2955.82168688206,distilgpt2,0.8210615796894611
f8a0e46efc7202b8d1ce896a4e0919f3b3e6d496c244a3a4c5b74ef135416264,8d17c87072bc8c74616a437e888ded668d9ee836df0c328c2347331a1313c096,823801.9730439186,0.017,3001.956043918617,57,3001.956043918617,efficientnet,0.8338766788662825
734272c01926d19690e5ec308bab64ef97950b75b1c7582283e0783fce1751d8,9b61fd55aa093a2d172db1a68a60af5cf6cbfa7f5ea1fbc71846027a5954616d,1068619.9734590054,4.309,3015.664459005464,74,3015.664459005464,googlenet,0.8376845719459621
734272c01926d19690e5ec308bab64ef97950b75b1c7582283e0783fce1751d8,9b61fd55aa093a2d172db1a68a60af5cf6cbfa7f5ea1fbc71846027a5954616d,1068620.018652916,4.332,3015.686652916018,74,3015.686652916018,googlenet,0.8376907369211161
734272c01926d19690e5ec308bab64ef97950b75b1c7582283e0783fce1751d8,9b61fd55aa093a2d172db1a68a60af5cf6cbfa7f5ea1fbc71846027a5954616d,1068620.0024020672,4.315,3015.6874020672403,74,3015.6874020672403,googlenet,0.8376909450186779
734272c01926d19690e5ec308bab64ef97950b75b1c7582283e0783fce1751d8,9b61fd55aa093a2d172db1a68a60af5cf6cbfa7f5ea1fbc71846027a5954616d,1068619.574616909,3.886,3015.6886169090867,74,3015.6886169090867,googlenet,0.8376912824747463
734272c01926d19690e5ec308bab64ef97950b75b1c7582283e0783fce1751d8,9b61fd55aa093a2d172db1a68a60af5cf6cbfa7f5ea1fbc71846027a5954616d,1068619.9936339855,4.305,3015.6886339855846,74,3015.6886339855846,googlenet,0.837691287218218
734272c01926d19690e5ec308bab64ef97950b75b1c7582283e0783fce1751d8,9b61fd55aa093a2d172db1a68a60af5cf6cbfa7f5ea1fbc71846027a5954616d,1068619.921750069,4.233,3015.68875006889,74,3015.68875006889,googlenet,0.8376913194635806
734272c01926d19690e5ec308bab64ef97950b75b1c7582283e0783fce1751d8,9b61fd55aa093a2d172db1a68a60af5cf6cbfa7f5ea1fbc71846027a5954616d,1068619.978974104,4.29,3015.6889741038904,74,3015.6889741038904,googlenet,0.8376913816955252
734272c01926d19690e5ec308bab64ef97950b75b1c7582283e0783fce1751d8,9b61fd55aa093a2d172db1a68a60af5cf6cbfa7f5ea1fbc71846027a5954616d,1068619.1733369827,3.48,3015.6933369827457,74,3015.6933369827457,googlenet,0.8376925936063182
734272c01926d19690e5ec308bab64ef97950b75b1c7582283e0783fce1751d8,9b61fd55aa093a2d172db1a68a60af5cf6cbfa7f5ea1fbc71846027a5954616d,1068620.010976076,4.317,3015.693976075854,74,3015.693976075854,googlenet,0.8376927711321817
734272c01926d19690e5ec308bab64ef97950b75b1c7582283e0783fce1751d8,9b61fd55aa093a2d172db1a68a60af5cf6cbfa7f5ea1fbc71846027a5954616d,1068619.971076965,4.277,3015.6940769650973,74,3015.6940769650973,googlenet,0.8376927991569715
734272c01926d19690e5ec308bab64ef97950b75b1c7582283e0783fce1751d8,9b61fd55aa093a2d172db1a68a60af5cf6cbfa7f5ea1fbc71846027a5954616d,1068620.0036981106,4.309,3015.6946981106885,74,3015.6946981106885,googlenet,0.8376929716974134
734272c01926d19690e5ec308bab64ef97950b75b1c7582283e0783fce1751d8,9b61fd55aa093a2d172db1a68a60af5cf6cbfa7f5ea1fbc71846027a5954616d,1068619.9998509884,4.305,3015.6948509884533,74,3015.6948509884533,googlenet,0.8376930141634592
734272c01926d19690e5ec308bab64ef97950b75b1c7582283e0783fce1751d8,9b61fd55aa093a2d172db1a68a60af5cf6cbfa7f5ea1fbc71846027a5954616d,1068620.0011689663,4.306,3015.6951689661946,74,3015.6951689661946,googlenet,0.8376931024906096
734272c01926d19690e5ec308bab64ef97950b75b1c7582283e0783fce1751d8,9b61fd55aa093a2d172db1a68a60af5cf6cbfa7f5ea1fbc71846027a5954616d,1068620.0098319054,4.314,3015.695831905352,74,3015.695831905352,googlenet,0.8376932866403756
734272c01926d19690e5ec308bab64ef97950b75b1c7582283e0783fce1751d8,9b61fd55aa093a2d172db1a68a60af5cf6cbfa7f5ea1fbc71846027a5954616d,1068620.0199201107,4.324,3015.69592011068,74,3015.69592011068,googlenet,0.8376933111418556
734272c01926d19690e5ec308bab64ef97950b75b1c7582283e0783fce1751d8,9b61fd55aa093a2d172db1a68a60af5cf6cbfa7f5ea1fbc71846027a5954616d,1068620.0130660534,4.317,3015.6960660533514,74,3015.6960660533514,googlenet,0.8376933516814865
734272c01926d19690e5ec308bab64ef97950b75b1c7582283e0783fce1751d8,9b61fd55aa093a2d172db1a68a60af5cf6cbfa7f5ea1fbc71846027a5954616d,1068620.314228058,0.128,3020.186228058068,74,3020.186228058068,googlenet,0.8389406189050189
734272c01926d19690e5ec308bab64ef97950b75b1c7582283e0783fce1751d8,9b61fd55aa093a2d172db1a68a60af5cf6cbfa7f5ea1fbc71846027a5954616d,1068620.2900419235,0.103,3020.1870419236366,74,3020.1870419236366,googlenet,0.838940844978788
734272c01926d19690e5ec308bab64ef97950b75b1c7582283e0783fce1751d8,9b61fd55aa093a2d172db1a68a60af5cf6cbfa7f5ea1fbc71846027a5954616d,1068620.311471939,0.124,3020.187471939018,74,3020.187471939018,googlenet,0.838940964427505
734272c01926d19690e5ec308bab64ef97950b75b1c7582283e0783fce1751d8,9b61fd55aa093a2d172db1a68a60af5cf6cbfa7f5ea1fbc71846027a5954616d,1068620.372086048,0.184,3020.1880860480014,74,3020.1880860480014,googlenet,0.8389411350133338
734272c01926d19690e5ec308bab64ef97950b75b1c7582283e0783fce1751d8,9b61fd55aa093a2d172db1a68a60af5cf6cbfa7f5ea1fbc71846027a5954616d,1068620.3093760014,0.121,3020.188376001315,74,3020.188376001315,googlenet,0.8389412155559209
c8c43e1a911f29e5506460a2fbef61ff39723d672f3b3b67d12d4c236c6872f7,653cdbc309bc359f3289d3b4df21c4a8e478d22946b35cbfdab05377dcacd3e0,1025459.4780371188,4.543,3054.9350371188484,71,3054.9350371188484,distilgpt2,0.8485930658663468
68d84244f6a3c212c69884d292b01a04ade8573f6c7b7407e39e0c44fd8e659e,ca8b2d1318a114f0efef6accb358b8cace2a39a81a2f7847234bc0180a0c65eb,1025460.1988999844,0.179,3060.019899984356,71,3060.019899984356,resnet50,0.8500055277734322
c8c43e1a911f29e5506460a2fbef61ff39723d672f3b3b67d12d4c236c6872f7,653cdbc309bc359f3289d3b4df21c4a8e478d22946b35cbfdab05377dcacd3e0,1025504.3425440788,3.223,3101.1195440788288,71,3101.1195440788288,distilgpt2,0.8614220955774524
f8a0e46efc7202b8d1ce896a4e0919f3b3e6d496c244a3a4c5b74ef135416264,8d17c87072bc8c74616a437e888ded668d9ee836df0c328c2347331a1313c096,823921.7973730564,0.018,3121.7793730563717,57,3121.7793730563717,efficientnet,0.8671609369601032
c8c43e1a911f29e5506460a2fbef61ff39723d672f3b3b67d12d4c236c6872f7,653cdbc309bc359f3289d3b4df21c4a8e478d22946b35cbfdab05377dcacd3e0,1025594.8874840736,3.634,3191.253484073677,71,3191.253484073677,distilgpt2,0.886459301131577
c8c43e1a911f29e5506460a2fbef61ff39723d672f3b3b67d12d4c236c6872f7,653cdbc309bc359f3289d3b4df21c4a8e478d22946b35cbfdab05377dcacd3e0,1025641.8798520564,2.454,3239.42585205636,71,3239.42585205636,distilgpt2,0.8998405144600999
68d84244f6a3c212c69884d292b01a04ade8573f6c7b7407e39e0c44fd8e659e,ca8b2d1318a114f0efef6accb358b8cace2a39a81a2f7847234bc0180a0c65eb,1025640.1102800368,0.093,3240.0172800368164,71,3240.0172800368164,resnet50,0.9000048000102268
f8a0e46efc7202b8d1ce896a4e0919f3b3e6d496c244a3a4c5b74ef135416264,8d17c87072bc8c74616a437e888ded668d9ee836df0c328c2347331a1313c096,824042.3722410202,0.018,3242.3542410201626,57,3242.3542410201626,efficientnet,0.900653955838934
c8c43e1a911f29e5506460a2fbef61ff39723d672f3b3b67d12d4c236c6872f7,653cdbc309bc359f3289d3b4df21c4a8e478d22946b35cbfdab05377dcacd3e0,1025739.3581209184,14.36,3324.9981209184043,71,3324.9981209184043,distilgpt2,0.9236105891440012
f8a0e46efc7202b8d1ce896a4e0919f3b3e6d496c244a3a4c5b74ef135416264,8d17c87072bc8c74616a437e888ded668d9ee836df0c328c2347331a1313c096,824162.1594290733,0.019,3362.1404290733626,57,3362.1404290733626,efficientnet,0.9339278969648229
68d84244f6a3c212c69884d292b01a04ade8573f6c7b7407e39e0c44fd8e659e,ca8b2d1318a114f0efef6accb358b8cace2a39a81a2f7847234bc0180a0c65eb,1025820.1699318886,0.146,3420.0239318886306,71,3420.0239318886306,resnet50,0.9500066477468418
c8c43e1a911f29e5506460a2fbef61ff39723d672f3b3b67d12d4c236c6872f7,653cdbc309bc359f3289d3b4df21c4a8e478d22946b35cbfdab05377dcacd3e0,1025899.2291069032,20.973,3478.2561069031944,71,3478.2561069031944,distilgpt2,0.966182251917554
f8a0e46efc7202b8d1ce896a4e0919f3b3e6d496c244a3a4c5b74ef135416264,8d17c87072bc8c74616a437e888ded668d9ee836df0c328c2347331a1313c096,824281.8956809044,0.016,3481.8796809044434,57,3481.8796809044434,efficientnet,0.9671888002512343
c8c43e1a911f29e5506460a2fbef61ff39723d672f3b3b67d12d4c236c6872f7,653cdbc309bc359f3289d3b4df21c4a8e478d22946b35cbfdab05377dcacd3e0,1025924.6794910432,2.659,3522.020491043222,71,3522.020491043222,distilgpt2,0.9783390252897839
68d84244f6a3c212c69884d292b01a04ade8573f6c7b7407e39e0c44fd8e659e,ca8b2d1318a114f0efef6accb358b8cace2a39a81a2f7847234bc0180a0c65eb,1026000.1230618954,0.109,3600.0140618953155,71,3600.0140618953155,resnet50,1.000003906082032
f8a0e46efc7202b8d1ce896a4e0919f3b3e6d496c244a3a4c5b74ef135416264,8d17c87072bc8c74616a437e888ded668d9ee836df0c328c2347331a1313c096,824402.0849859715,0.032,3602.0529859714443,57,3602.0529859714443,efficientnet,1.0005702738809568
734272c01926d19690e5ec308bab64ef97950b75b1c7582283e0783fce1751d8,9b61fd55aa093a2d172db1a68a60af5cf6cbfa7f5ea1fbc71846027a5954616d,1069208.1817979813,0.07,3608.111797981197,74,3608.111797981197,googlenet,1.0022532772169992
734272c01926d19690e5ec308bab64ef97950b75b1c7582283e0783fce1751d8,9b61fd55aa093a2d172db1a68a60af5cf6cbfa7f5ea1fbc71846027a5954616d,1069208.219381094,0.107,3608.1123810939025,74,3608.1123810939025,googlenet,1.0022534391927507
734272c01926d19690e5ec308bab64ef97950b75b1c7582283e0783fce1751d8,9b61fd55aa093a2d172db1a68a60af5cf6cbfa7f5ea1fbc71846027a5954616d,1069208.948034048,0.835,3608.1130340481177,74,3608.1130340481177,googlenet,1.0022536205689216
734272c01926d19690e5ec308bab64ef97950b75b1c7582283e0783fce1751d8,9b61fd55aa093a2d172db1a68a60af5cf6cbfa7f5ea1fbc71846027a5954616d,1069208.232930899,0.115,3608.1179308989085,74,3608.1179308989085,googlenet,1.0022549808052523
734272c01926d19690e5ec308bab64ef97950b75b1c7582283e0783fce1751d8,9b61fd55aa093a2d172db1a68a60af5cf6cbfa7f5ea1fbc71846027a5954616d,1069209.0000770092,0.882,3608.118077009218,74,3608.118077009218,googlenet,1.0022550213914494
734272c01926d19690e5ec308bab64ef97950b75b1c7582283e0783fce1751d8,9b61fd55aa093a2d172db1a68a60af5cf6cbfa7f5ea1fbc71846027a5954616d,1069209.0224990845,0.904,3608.118499084376,74,3608.118499084376,googlenet,1.0022551386345488
734272c01926d19690e5ec308bab64ef97950b75b1c7582283e0783fce1751d8,9b61fd55aa093a2d172db1a68a60af5cf6cbfa7f5ea1fbc71846027a5954616d,1069208.9980640411,0.879,3608.1190640411805,74,3608.1190640411805,googlenet,1.0022552955669946
734272c01926d19690e5ec308bab64ef97950b75b1c7582283e0783fce1751d8,9b61fd55aa093a2d172db1a68a60af5cf6cbfa7f5ea1fbc71846027a5954616d,1069208.2525970936,0.133,3608.119597093668,74,3608.119597093668,googlenet,1.00225544363713
734272c01926d19690e5ec308bab64ef97950b75b1c7582283e0783fce1751d8,9b61fd55aa093a2d172db1a68a60af5cf6cbfa7f5ea1fbc71846027a5954616d,1069208.242741108,0.123,3608.1197411080357,74,3608.1197411080357,googlenet,1.002255483641121
734272c01926d19690e5ec308bab64ef97950b75b1c7582283e0783fce1751d8,9b61fd55aa093a2d172db1a68a60af5cf6cbfa7f5ea1fbc71846027a5954616d,1069208.2635319233,0.143,3608.1205319233704,74,3608.1205319233704,googlenet,1.0022557033120474
734272c01926d19690e5ec308bab64ef97950b75b1c7582283e0783fce1751d8,9b61fd55aa093a2d172db1a68a60af5cf6cbfa7f5ea1fbc71846027a5954616d,1069208.2892370224,0.168,3608.1212370223366,74,3608.1212370223366,googlenet,1.0022558991728712
734272c01926d19690e5ec308bab64ef97950b75b1c7582283e0783fce1751d8,9b61fd55aa093a2d172db1a68a60af5cf6cbfa7f5ea1fbc71846027a5954616d,1069208.279542923,0.158,3608.1215429229196,74,3608.1215429229196,googlenet,1.0022559841452554
734272c01926d19690e5ec308bab64ef97950b75b1c7582283e0783fce1751d8,9b61fd55aa093a2d172db1a68a60af5cf6cbfa7f5ea1fbc71846027a5954616d,1069208.304915905,0.183,3608.121915905038,74,3608.121915905038,googlenet,1.0022560877513995
734272c01926d19690e5ec308bab64ef97950b75b1c7582283e0783fce1751d8,9b61fd55aa093a2d172db1a68a60af5cf6cbfa7f5ea1fbc71846027a5954616d,1069208.3276789188,0.205,3608.122678918764,74,3608.122678918764,googlenet,1.0022562996996567
734272c01926d19690e5ec308bab64ef97950b75b1c7582283e0783fce1751d8,9b61fd55aa093a2d172db1a68a60af5cf6cbfa7f5ea1fbc71846027a5954616d,1069208.5067670343,0.384,3608.1227670342196,74,3608.1227670342196,googlenet,1.0022563241761722
734272c01926d19690e5ec308bab64ef97950b75b1c7582283e0783fce1751d8,9b61fd55aa093a2d172db1a68a60af5cf6cbfa7f5ea1fbc71846027a5954616d,1069208.2745289805,0.15,3608.124528980581,74,3608.124528980581,googlenet,1.002256813605717
734272c01926d19690e5ec308bab64ef97950b75b1c7582283e0783fce1751d8,9b61fd55aa093a2d172db1a68a60af5cf6cbfa7f5ea1fbc71846027a5954616d,1069208.576757908,0.269,3608.3077579080127,74,3608.3077579080127,googlenet,1.0023077105300036
734272c01926d19690e5ec308bab64ef97950b75b1c7582283e0783fce1751d8,9b61fd55aa093a2d172db1a68a60af5cf6cbfa7f5ea1fbc71846027a5954616d,1069208.626055956,0.318,3608.3080559559166,74,3608.3080559559166,googlenet,1.002307793321088
734272c01926d19690e5ec308bab64ef97950b75b1c7582283e0783fce1751d8,9b61fd55aa093a2d172db1a68a60af5cf6cbfa7f5ea1fbc71846027a5954616d,1069208.9966158867,0.688,3608.3086158866063,74,3608.3086158866063,googlenet,1.0023079488573907
734272c01926d19690e5ec308bab64ef97950b75b1c7582283e0783fce1751d8,9b61fd55aa093a2d172db1a68a60af5cf6cbfa7f5ea1fbc71846027a5954616d,1069208.999008894,0.69,3608.3090088940226,74,3608.3090088940226,googlenet,1.0023080580261174
734272c01926d19690e5ec308bab64ef97950b75b1c7582283e0783fce1751d8,9b61fd55aa093a2d172db1a68a60af5cf6cbfa7f5ea1fbc71846027a5954616d,1069209.050440073,0.741,3608.3094400730915,74,3608.3094400730915,googlenet,1.002308177798081
c8c43e1a911f29e5506460a2fbef61ff39723d672f3b3b67d12d4c236c6872f7,653cdbc309bc359f3289d3b4df21c4a8e478d22946b35cbfdab05377dcacd3e0,1026112.8454101086,3.425,3709.4204101085197,71,3709.4204101085197,distilgpt2,1.0303945583634777
f8a0e46efc7202b8d1ce896a4e0919f3b3e6d496c244a3a4c5b74ef135416264,8d17c87072bc8c74616a437e888ded668d9ee836df0c328c2347331a1313c096,824522.1814730167,0.017,3722.1644730167463,57,3722.1644730167463,efficientnet,1.0339345758379852
c8c43e1a911f29e5506460a2fbef61ff39723d672f3b3b67d12d4c236c6872f7,653cdbc309bc359f3289d3b4df21c4a8e478d22946b35cbfdab05377dcacd3e0,1026140.4946269988,6.077,3734.4176269987365,71,3734.4176269987365,distilgpt2,1.0373382297218712
c8c43e1a911f29e5506460a2fbef61ff39723d672f3b3b67d12d4c236c6872f7,653cdbc309bc359f3289d3b4df21c4a8e478d22946b35cbfdab05377dcacd3e0,1026169.4626369476,21.786,3747.676636947668,71,3747.676636947668,distilgpt2,1.041021288041019
96149d3ed4f00afb92f12856101e693e93c4683f030ae6ca6ebfbb7ba5a2a345,e5298aafdbabecd1465ab0eeb24d7633ac7de0284f7ee075209b119c297a3622,1026152.7319259644,0.118,3752.6139259643387,71,3752.6139259643387,bert,1.0423927572123164
96149d3ed4f00afb92f12856101e693e93c4683f030ae6ca6ebfbb7ba5a2a345,e5298aafdbabecd1465ab0eeb24d7633ac7de0284f7ee075209b119c297a3622,1026152.9356160164,0.013,3752.9226160163525,71,3752.9226160163525,bert,1.0424785044489868
96149d3ed4f00afb92f12856101e693e93c4683f030ae6ca6ebfbb7ba5a2a345,e5298aafdbabecd1465ab0eeb24d7633ac7de0284f7ee075209b119c297a3622,1026153.9803390504,0.038,3753.942339050467,71,3753.942339050467,bert,1.042761760847352
96149d3ed4f00afb92f12856101e693e93c4683f030ae6ca6ebfbb7ba5a2a345,e5298aafdbabecd1465ab0eeb24d7633ac7de0284f7ee075209b119c297a3622,1026155.5635590552,0.012,3755.551559055224,71,3755.551559055224,bert,1.0432087664042289
96149d3ed4f00afb92f12856101e693e93c4683f030ae6ca6ebfbb7ba5a2a345,e5298aafdbabecd1465ab0eeb24d7633ac7de0284f7ee075209b119c297a3622,1026158.261703968,0.055,3758.206703967997,71,3758.206703967997,bert,1.043946306657777
96149d3ed4f00afb92f12856101e693e93c4683f030ae6ca6ebfbb7ba5a2a345,e5298aafdbabecd1465ab0eeb24d7633ac7de0284f7ee075209b119c297a3622,1026175.3566029072,0.066,3775.290602907189,71,3775.290602907189,bert,1.048691834140886
96149d3ed4f00afb92f12856101e693e93c4683f030ae6ca6ebfbb7ba5a2a345,e5298aafdbabecd1465ab0eeb24d7633ac7de0284f7ee075209b119c297a3622,1026178.284085989,0.011,3778.2730859889416,71,3778.2730859889416,bert,1.0495203016635948
68d84244f6a3c212c69884d292b01a04ade8573f6c7b7407e39e0c44fd8e659e,ca8b2d1318a114f0efef6accb358b8cace2a39a81a2f7847234bc0180a0c65eb,1026180.2145960332,0.199,3780.0155960331904,71,3780.0155960331904,resnet50,1.0500043322314419
96149d3ed4f00afb92f12856101e693e93c4683f030ae6ca6ebfbb7ba5a2a345,e5298aafdbabecd1465ab0eeb24d7633ac7de0284f7ee075209b119c297a3622,1026227.839715004,0.009,3827.8307150040055,71,3827.8307150040055,bert,1.063286309723335
f8a0e46efc7202b8d1ce896a4e0919f3b3e6d496c244a3a4c5b74ef135416264,8d17c87072bc8c74616a437e888ded668d9ee836df0c328c2347331a1313c096,824642.0685648918,0.029,3842.0395648918347,57,3842.0395648918347,efficientnet,1.0672332124699542
c8c43e1a911f29e5506460a2fbef61ff39723d672f3b3b67d12d4c236c6872f7,653cdbc309bc359f3289d3b4df21c4a8e478d22946b35cbfdab05377dcacd3e0,1026251.157711029,4.336,3846.8217110290425,71,3846.8217110290425,distilgpt2,1.0685615863969562
96149d3ed4f00afb92f12856101e693e93c4683f030ae6ca6ebfbb7ba5a2a345,e5298aafdbabecd1465ab0eeb24d7633ac7de0284f7ee075209b119c297a3622,1026276.8727960588,0.048,3876.8247960588196,71,3876.8247960588196,bert,1.0768957766830054
96149d3ed4f00afb92f12856101e693e93c4683f030ae6ca6ebfbb7ba5a2a345,e5298aafdbabecd1465ab0eeb24d7633ac7de0284f7ee075209b119c297a3622,1026281.544836998,0.04,3881.5048369979486,71,3881.5048369979486,bert,1.0781957880549857
c8c43e1a911f29e5506460a2fbef61ff39723d672f3b3b67d12d4c236c6872f7,653cdbc309bc359f3289d3b4df21c4a8e478d22946b35cbfdab05377dcacd3e0,1026287.6169850826,5.694,3881.9229850826086,71,3881.9229850826086,distilgpt2,1.0783119403007246
c8c43e1a911f29e5506460a2fbef61ff39723d672f3b3b67d12d4c236c6872f7,653cdbc309bc359f3289d3b4df21c4a8e478d22946b35cbfdab05377dcacd3e0,1026297.6360330582,2.412,3895.2240330581553,71,3895.2240330581553,distilgpt2,1.0820066758494875
68d84244f6a3c212c69884d292b01a04ade8573f6c7b7407e39e0c44fd8e659e,ca8b2d1318a114f0efef6accb358b8cace2a39a81a2f7847234bc0180a0c65eb,1026360.151348114,0.13,3960.021348114009,71,3960.021348114009,resnet50,1.1000059300316691
f8a0e46efc7202b8d1ce896a4e0919f3b3e6d496c244a3a4c5b74ef135416264,8d17c87072bc8c74616a437e888ded668d9ee836df0c328c2347331a1313c096,824762.0416278839,0.017,3962.0246278839186,57,3962.0246278839186,efficientnet,1.1005623966344218
f8a0e46efc7202b8d1ce896a4e0919f3b3e6d496c244a3a4c5b74ef135416264,8d17c87072bc8c74616a437e888ded668d9ee836df0c328c2347331a1313c096,824882.0988850594,0.035,4082.063885059324,57,4082.063885059324,efficientnet,1.1339066347387012
96149d3ed4f00afb92f12856101e693e93c4683f030ae6ca6ebfbb7ba5a2a345,e5298aafdbabecd1465ab0eeb24d7633ac7de0284f7ee075209b119c297a3622,1026510.6552319528,0.058,4110.597231952823,71,4110.597231952823,bert,1.1418325644313396
96149d3ed4f00afb92f12856101e693e93c4683f030ae6ca6ebfbb7ba5a2a345,e5298aafdbabecd1465ab0eeb24d7633ac7de0284f7ee075209b119c297a3622,1026513.9369330406,0.011,4113.925933040562,71,4113.925933040562,bert,1.1427572036223783
96149d3ed4f00afb92f12856101e693e93c4683f030ae6ca6ebfbb7ba5a2a345,e5298aafdbabecd1465ab0eeb24d7633ac7de0284f7ee075209b119c297a3622,1026533.6656799316,0.013,4133.652679931605,71,4133.652679931605,bert,1.148236855536557
68d84244f6a3c212c69884d292b01a04ade8573f6c7b7407e39e0c44fd8e659e,ca8b2d1318a114f0efef6accb358b8cace2a39a81a2f7847234bc0180a0c65eb,1026540.1325240136,0.109,4140.023524013581,71,4140.023524013581,resnet50,1.1500065344482169
96149d3ed4f00afb92f12856101e693e93c4683f030ae6ca6ebfbb7ba5a2a345,e5298aafdbabecd1465ab0eeb24d7633ac7de0284f7ee075209b119c297a3622,1026572.5002629756,0.057,4172.4432629755465,71,4172.4432629755465,bert,1.1590120174932075
96149d3ed4f00afb92f12856101e693e93c4683f030ae6ca6ebfbb7ba5a2a345,e5298aafdbabecd1465ab0eeb24d7633ac7de0284f7ee075209b119c297a3622,1026576.6873340608,0.046,4176.641334060812,71,4176.641334060812,bert,1.1601781483502256
96149d3ed4f00afb92f12856101e693e93c4683f030ae6ca6ebfbb7ba5a2a345,e5298aafdbabecd1465ab0eeb24d7633ac7de0284f7ee075209b119c297a3622,1026592.9700009824,0.062,4192.9080009823665,71,4192.9080009823665,bert,1.1646966669395462
f8a0e46efc7202b8d1ce896a4e0919f3b3e6d496c244a3a4c5b74ef135416264,8d17c87072bc8c74616a437e888ded668d9ee836df0c328c2347331a1313c096,825002.1017689705,0.019,4202.082768970518,57,4202.082768970518,efficientnet,1.1672452136029217
96149d3ed4f00afb92f12856101e693e93c4683f030ae6ca6ebfbb7ba5a2a345,e5298aafdbabecd1465ab0eeb24d7633ac7de0284f7ee075209b119c297a3622,1026606.1566181184,0.036,4206.120618118439,71,4206.120618118439,bert,1.1683668383662331
96149d3ed4f00afb92f12856101e693e93c4683f030ae6ca6ebfbb7ba5a2a345,e5298aafdbabecd1465ab0eeb24d7633ac7de0284f7ee075209b119c297a3622,1026606.5841720104,0.013,4206.571172010386,71,4206.571172010386,bert,1.1684919922251074
96149d3ed4f00afb92f12856101e693e93c4683f030ae6ca6ebfbb7ba5a2a345,e5298aafdbabecd1465ab0eeb24d7633ac7de0284f7ee075209b119c297a3622,1026620.7350599766,0.195,4220.540059976629,71,4220.540059976629,bert,1.172372238882397
96149d3ed4f00afb92f12856101e693e93c4683f030ae6ca6ebfbb7ba5a2a345,e5298aafdbabecd1465ab0eeb24d7633ac7de0284f7ee075209b119c297a3622,1026646.9082460403,0.011,4246.897246040287,71,4246.897246040287,bert,1.1796936794556354
96149d3ed4f00afb92f12856101e693e93c4683f030ae6ca6ebfbb7ba5a2a345,e5298aafdbabecd1465ab0eeb24d7633ac7de0284f7ee075209b119c297a3622,1026654.4555039406,0.049,4254.406503940583,71,4254.406503940583,bert,1.1817795844279397
96149d3ed4f00afb92f12856101e693e93c4683f030ae6ca6ebfbb7ba5a2a345,e5298aafdbabecd1465ab0eeb24d7633ac7de0284f7ee075209b119c297a3622,1026658.124722004,0.011,4258.113722003996,71,4258.113722003996,bert,1.1828093672233324
96149d3ed4f00afb92f12856101e693e93c4683f030ae6ca6ebfbb7ba5a2a345,e5298aafdbabecd1465ab0eeb24d7633ac7de0284f7ee075209b119c297a3622,1026671.5944740772,0.062,4271.53247407719,71,4271.53247407719,bert,1.186536798354775
96149d3ed4f00afb92f12856101e693e93c4683f030ae6ca6ebfbb7ba5a2a345,e5298aafdbabecd1465ab0eeb24d7633ac7de0284f7ee075209b119c297a3622,1026671.9106080532,0.016,4271.894608053262,71,4271.894608053262,bert,1.1866373911259063
68d84244f6a3c212c69884d292b01a04ade8573f6c7b7407e39e0c44fd8e659e,ca8b2d1318a114f0efef6accb358b8cace2a39a81a2f7847234bc0180a0c65eb,1026720.110601902,0.093,4320.017601902015,71,4320.017601902015,resnet50,1.2000048894172262
f8a0e46efc7202b8d1ce896a4e0919f3b3e6d496c244a3a4c5b74ef135416264,8d17c87072bc8c74616a437e888ded668d9ee836df0c328c2347331a1313c096,825122.0245270729,0.016,4322.008527072961,57,4322.008527072961,efficientnet,1.2005579241869337
96149d3ed4f00afb92f12856101e693e93c4683f030ae6ca6ebfbb7ba5a2a345,e5298aafdbabecd1465ab0eeb24d7633ac7de0284f7ee075209b119c297a3622,1026746.2610840796,0.022,4346.239084079629,71,4346.239084079629,bert,1.2072886344665636
96149d3ed4f00afb92f12856101e693e93c4683f030ae6ca6ebfbb7ba5a2a345,e5298aafdbabecd1465ab0eeb24d7633ac7de0284f7ee075209b119c297a3622,1026831.9256279469,0.043,4431.882627946907,71,4431.882627946907,bert,1.2310785077630297
f8a0e46efc7202b8d1ce896a4e0919f3b3e6d496c244a3a4c5b74ef135416264,8d17c87072bc8c74616a437e888ded668d9ee836df0c328c2347331a1313c096,825242.0187790394,0.017,4442.00177903939,57,4442.00177903939,efficientnet,1.2338893830664974
68d84244f6a3c212c69884d292b01a04ade8573f6c7b7407e39e0c44fd8e659e,ca8b2d1318a114f0efef6accb358b8cace2a39a81a2f7847234bc0180a0c65eb,1026900.1606400012,0.14,4500.020640001167,71,4500.020640001167,resnet50,1.2500057333336574
96149d3ed4f00afb92f12856101e693e93c4683f030ae6ca6ebfbb7ba5a2a345,e5298aafdbabecd1465ab0eeb24d7633ac7de0284f7ee075209b119c297a3622,1026950.1788508892,0.012,4550.166850889218,71,4550.166850889218,bert,1.2639352363581162
96149d3ed4f00afb92f12856101e693e93c4683f030ae6ca6ebfbb7ba5a2a345,e5298aafdbabecd1465ab0eeb24d7633ac7de0284f7ee075209b119c297a3622,1026951.7066979408,0.069,4551.637697940809,71,4551.637697940809,bert,1.264343804983558
96149d3ed4f00afb92f12856101e693e93c4683f030ae6ca6ebfbb7ba5a2a345,e5298aafdbabecd1465ab0eeb24d7633ac7de0284f7ee075209b119c297a3622,1026959.7896780968,0.012,4559.777678096783,71,4559.777678096783,bert,1.2666049105824397
96149d3ed4f00afb92f12856101e693e93c4683f030ae6ca6ebfbb7ba5a2a345,e5298aafdbabecd1465ab0eeb24d7633ac7de0284f7ee075209b119c297a3622,1026961.0356009008,0.011,4561.02460090071,71,4561.02460090071,bert,1.2669512780279748
f8a0e46efc7202b8d1ce896a4e0919f3b3e6d496c244a3a4c5b74ef135416264,8d17c87072bc8c74616a437e888ded668d9ee836df0c328c2347331a1313c096,825361.665676117,0.019,4561.646676116972,57,4561.646676116972,efficientnet,1.267124076699159
96149d3ed4f00afb92f12856101e693e93c4683f030ae6ca6ebfbb7ba5a2a345,e5298aafdbabecd1465ab0eeb24d7633ac7de0284f7ee075209b119c297a3622,1026967.8370649816,0.01,4567.827064981568,71,4567.827064981568,bert,1.2688408513837688
96149d3ed4f00afb92f12856101e693e93c4683f030ae6ca6ebfbb7ba5a2a345,e5298aafdbabecd1465ab0eeb24d7633ac7de0284f7ee075209b119c297a3622,1026970.1041591167,0.017,4570.087159116752,71,4570.087159116752,bert,1.269468655310209
96149d3ed4f00afb92f12856101e693e93c4683f030ae6ca6ebfbb7ba5a2a345,e5298aafdbabecd1465ab0eeb24d7633ac7de0284f7ee075209b119c297a3622,1026978.3493890762,0.038,4578.311389076291,71,4578.311389076291,bert,1.271753163632303
68d84244f6a3c212c69884d292b01a04ade8573f6c7b7407e39e0c44fd8e659e,ca8b2d1318a114f0efef6accb358b8cace2a39a81a2f7847234bc0180a0c65eb,1027080.13951993,0.124,4680.01551993005,71,4680.01551993005,resnet50,1.3000043110916806
f8a0e46efc7202b8d1ce896a4e0919f3b3e6d496c244a3a4c5b74ef135416264,8d17c87072bc8c74616a437e888ded668d9ee836df0c328c2347331a1313c096,825481.7766680717,0.021,4681.755668071797,57,4681.755668071797,efficientnet,1.3004876855754992
f8a0e46efc7202b8d1ce896a4e0919f3b3e6d496c244a3a4c5b74ef135416264,8d17c87072bc8c74616a437e888ded668d9ee836df0c328c2347331a1313c096,825601.9142270088,0.025,4801.889227008796,57,4801.889227008796,efficientnet,1.3338581186135545
734272c01926d19690e5ec308bab64ef97950b75b1c7582283e0783fce1751d8,9b61fd55aa093a2d172db1a68a60af5cf6cbfa7f5ea1fbc71846027a5954616d,1070419.231363058,15.486,4803.745363058057,74,4803.745363058057,googlenet,1.3343737119605712
734272c01926d19690e5ec308bab64ef97950b75b1c7582283e0783fce1751d8,9b61fd55aa093a2d172db1a68a60af5cf6cbfa7f5ea1fbc71846027a5954616d,1070419.1524538994,15.251,4803.9014538994525,74,4803.9014538994525,googlenet,1.3344170705276257
734272c01926d19690e5ec308bab64ef97950b75b1c7582283e0783fce1751d8,9b61fd55aa093a2d172db1a68a60af5cf6cbfa7f5ea1fbc71846027a5954616d,1070419.25374794,15.345,4803.908747940091,74,4803.908747940091,googlenet,1.3344190966500253
734272c01926d19690e5ec308bab64ef97950b75b1c7582283e0783fce1751d8,9b61fd55aa093a2d172db1a68a60af5cf6cbfa7f5ea1fbc71846027a5954616d,1070419.1597480774,15.251,4803.9087480774615,74,4803.9087480774615,googlenet,1.3344190966881837
734272c01926d19690e5ec308bab64ef97950b75b1c7582283e0783fce1751d8,9b61fd55aa093a2d172db1a68a60af5cf6cbfa7f5ea1fbc71846027a5954616d,1070419.158299923,15.249,4803.909299922874,74,4803.909299922874,googlenet,1.334419249978576
734272c01926d19690e5ec308bab64ef97950b75b1c7582283e0783fce1751d8,9b61fd55aa093a2d172db1a68a60af5cf6cbfa7f5ea1fbc71846027a5954616d,1070419.1615190506,15.252,4803.909519050503,74,4803.909519050503,googlenet,1.334419310847362
734272c01926d19690e5ec308bab64ef97950b75b1c7582283e0783fce1751d8,9b61fd55aa093a2d172db1a68a60af5cf6cbfa7f5ea1fbc71846027a5954616d,1070419.2352249622,15.325,4803.910224962281,74,4803.910224962281,googlenet,1.334419506933967
734272c01926d19690e5ec308bab64ef97950b75b1c7582283e0783fce1751d8,9b61fd55aa093a2d172db1a68a60af5cf6cbfa7f5ea1fbc71846027a5954616d,1070419.2335538864,15.323,4803.910553886322,74,4803.910553886322,googlenet,1.3344195983017562
734272c01926d19690e5ec308bab64ef97950b75b1c7582283e0783fce1751d8,9b61fd55aa093a2d172db1a68a60af5cf6cbfa7f5ea1fbc71846027a5954616d,1070419.232198,15.321,4803.911197999958,74,4803.911197999958,googlenet,1.3344197772222106
734272c01926d19690e5ec308bab64ef97950b75b1c7582283e0783fce1751d8,9b61fd55aa093a2d172db1a68a60af5cf6cbfa7f5ea1fbc71846027a5954616d,1070419.2563550472,15.345,4803.911355047254,74,4803.911355047254,googlenet,1.3344198208464595
734272c01926d19690e5ec308bab64ef97950b75b1c7582283e0783fce1751d8,9b61fd55aa093a2d172db1a68a60af5cf6cbfa7f5ea1fbc71846027a5954616d,1070419.2627809048,15.351,4803.911780904746,74,4803.911780904746,googlenet,1.3344199391402072
734272c01926d19690e5ec308bab64ef97950b75b1c7582283e0783fce1751d8,9b61fd55aa093a2d172db1a68a60af5cf6cbfa7f5ea1fbc71846027a5954616d,1070419.2552099228,15.343,4803.912209922681,74,4803.912209922681,googlenet,1.3344200583118557
734272c01926d19690e5ec308bab64ef97950b75b1c7582283e0783fce1751d8,9b61fd55aa093a2d172db1a68a60af5cf6cbfa7f5ea1fbc71846027a5954616d,1070419.2164580822,15.302,4803.91445808229,74,4803.91445808229,googlenet,1.3344206828006362
734272c01926d19690e5ec308bab64ef97950b75b1c7582283e0783fce1751d8,9b61fd55aa093a2d172db1a68a60af5cf6cbfa7f5ea1fbc71846027a5954616d,1070419.2574620247,15.341,4803.916462024674,74,4803.916462024674,googlenet,1.3344212394512982
734272c01926d19690e5ec308bab64ef97950b75b1c7582283e0783fce1751d8,9b61fd55aa093a2d172db1a68a60af5cf6cbfa7f5ea1fbc71846027a5954616d,1070419.2635860443,15.347,4803.9165860442445,74,4803.9165860442445,googlenet,1.334421273901179
734272c01926d19690e5ec308bab64ef97950b75b1c7582283e0783fce1751d8,9b61fd55aa093a2d172db1a68a60af5cf6cbfa7f5ea1fbc71846027a5954616d,1070419.0605618954,15.126,4803.934561895439,74,4803.934561895439,googlenet,1.3344262671931777
68d84244f6a3c212c69884d292b01a04ade8573f6c7b7407e39e0c44fd8e659e,ca8b2d1318a114f0efef6accb358b8cace2a39a81a2f7847234bc0180a0c65eb,1027260.1911790372,0.157,4860.034179037204,71,4860.034179037204,resnet50,1.3500094941770011
f8a0e46efc7202b8d1ce896a4e0919f3b3e6d496c244a3a4c5b74ef135416264,8d17c87072bc8c74616a437e888ded668d9ee836df0c328c2347331a1313c096,825722.1607019901,0.021,4922.139701990178,57,4922.139701990178,efficientnet,1.367261028330605
68d84244f6a3c212c69884d292b01a04ade8573f6c7b7407e39e0c44fd8e659e,ca8b2d1318a114f0efef6accb358b8cace2a39a81a2f7847234bc0180a0c65eb,1027440.1400780678,0.12,5040.020078067784,71,5040.020078067784,resnet50,1.4000055772410511
f8a0e46efc7202b8d1ce896a4e0919f3b3e6d496c244a3a4c5b74ef135416264,8d17c87072bc8c74616a437e888ded668d9ee836df0c328c2347331a1313c096,825841.8874220848,0.021,5041.866422084859,57,5041.866422084859,efficientnet,1.4005184505791275
f8a0e46efc7202b8d1ce896a4e0919f3b3e6d496c244a3a4c5b74ef135416264,8d17c87072bc8c74616a437e888ded668d9ee836df0c328c2347331a1313c096,825961.9901320934,0.018,5161.9721320933895,57,5161.9721320933895,efficientnet,1.4338811478037192
68d84244f6a3c212c69884d292b01a04ade8573f6c7b7407e39e0c44fd8e659e,ca8b2d1318a114f0efef6accb358b8cace2a39a81a2f7847234bc0180a0c65eb,1027620.130384922,0.114,5220.016384922084,71,5220.016384922084,resnet50,1.4500045513672457
f8a0e46efc7202b8d1ce896a4e0919f3b3e6d496c244a3a4c5b74ef135416264,8d17c87072bc8c74616a437e888ded668d9ee836df0c328c2347331a1313c096,826081.8044469357,0.018,5281.786446935614,57,5281.786446935614,efficientnet,1.4671629019265593
68d84244f6a3c212c69884d292b01a04ade8573f6c7b7407e39e0c44fd8e659e,ca8b2d1318a114f0efef6accb358b8cace2a39a81a2f7847234bc0180a0c65eb,1027800.0740709304,0.062,5400.01207093033,71,5400.01207093033,resnet50,1.5000033530362027
f8a0e46efc7202b8d1ce896a4e0919f3b3e6d496c244a3a4c5b74ef135416264,8d17c87072bc8c74616a437e888ded668d9ee836df0c328c2347331a1313c096,826202.4030630589,0.022,5402.381063058856,57,5402.381063058856,efficientnet,1.5006614064052377
734272c01926d19690e5ec308bab64ef97950b75b1c7582283e0783fce1751d8,9b61fd55aa093a2d172db1a68a60af5cf6cbfa7f5ea1fbc71846027a5954616d,1071005.5324459076,0.43,5405.102445907658,74,5405.102445907658,googlenet,1.5014173460854605
734272c01926d19690e5ec308bab64ef97950b75b1c7582283e0783fce1751d8,9b61fd55aa093a2d172db1a68a60af5cf6cbfa7f5ea1fbc71846027a5954616d,1071005.5701949596,0.467,5405.1031949596945,74,5405.1031949596945,googlenet,1.5014175541554706
734272c01926d19690e5ec308bab64ef97950b75b1c7582283e0783fce1751d8,9b61fd55aa093a2d172db1a68a60af5cf6cbfa7f5ea1fbc71846027a5954616d,1071005.47033,0.367,5405.103329999838,74,5405.103329999838,googlenet,1.5014175916666217
734272c01926d19690e5ec308bab64ef97950b75b1c7582283e0783fce1751d8,9b61fd55aa093a2d172db1a68a60af5cf6cbfa7f5ea1fbc71846027a5954616d,1071005.6086390018,0.505,5405.103639001958,74,5405.103639001958,googlenet,1.501417677500544
734272c01926d19690e5ec308bab64ef97950b75b1c7582283e0783fce1751d8,9b61fd55aa093a2d172db1a68a60af5cf6cbfa7f5ea1fbc71846027a5954616d,1071005.5301020143,0.426,5405.104102014331,74,5405.104102014331,googlenet,1.501417806115092
c8c43e1a911f29e5506460a2fbef61ff39723d672f3b3b67d12d4c236c6872f7,653cdbc309bc359f3289d3b4df21c4a8e478d22946b35cbfdab05377dcacd3e0,1027862.368256092,24.187,5438.181256091921,71,5438.181256091921,distilgpt2,1.510605904469978
c8c43e1a911f29e5506460a2fbef61ff39723d672f3b3b67d12d4c236c6872f7,653cdbc309bc359f3289d3b4df21c4a8e478d22946b35cbfdab05377dcacd3e0,1027865.161087036,26.866,5438.295087035978,71,5438.295087035978,distilgpt2,1.5106375241766605
c8c43e1a911f29e5506460a2fbef61ff39723d672f3b3b67d12d4c236c6872f7,653cdbc309bc359f3289d3b4df21c4a8e478d22946b35cbfdab05377dcacd3e0,1027880.6979870796,2.877,5477.820987079642,71,5477.820987079642,distilgpt2,1.521616940855456
c8c43e1a911f29e5506460a2fbef61ff39723d672f3b3b67d12d4c236c6872f7,653cdbc309bc359f3289d3b4df21c4a8e478d22946b35cbfdab05377dcacd3e0,1027923.801762104,32.322,5491.479762103991,71,5491.479762103991,distilgpt2,1.5254110450288862
f8a0e46efc7202b8d1ce896a4e0919f3b3e6d496c244a3a4c5b74ef135416264,8d17c87072bc8c74616a437e888ded668d9ee836df0c328c2347331a1313c096,826322.1321570873,0.021,5522.111157087376,57,5522.111157087376,efficientnet,1.5339197658576045
c8c43e1a911f29e5506460a2fbef61ff39723d672f3b3b67d12d4c236c6872f7,653cdbc309bc359f3289d3b4df21c4a8e478d22946b35cbfdab05377dcacd3e0,1027972.1427810192,21.587,5550.555781019153,71,5550.555781019153,distilgpt2,1.541821050283098
68d84244f6a3c212c69884d292b01a04ade8573f6c7b7407e39e0c44fd8e659e,ca8b2d1318a114f0efef6accb358b8cace2a39a81a2f7847234bc0180a0c65eb,1027980.1220729352,0.109,5580.013072935166,71,5580.013072935166,resnet50,1.5500036313708794
c8c43e1a911f29e5506460a2fbef61ff39723d672f3b3b67d12d4c236c6872f7,653cdbc309bc359f3289d3b4df21c4a8e478d22946b35cbfdab05377dcacd3e0,1027988.8666911124,3.741,5585.125691112364,71,5585.125691112364,distilgpt2,1.5514238030867677
c8c43e1a911f29e5506460a2fbef61ff39723d672f3b3b67d12d4c236c6872f7,653cdbc309bc359f3289d3b4df21c4a8e478d22946b35cbfdab05377dcacd3e0,1028026.5214939116,2.491,5624.030493911589,71,5624.030493911589,distilgpt2,1.562230692753219
c8c43e1a911f29e5506460a2fbef61ff39723d672f3b3b67d12d4c236c6872f7,653cdbc309bc359f3289d3b4df21c4a8e478d22946b35cbfdab05377dcacd3e0,1028054.9857029916,25.597,5629.388702991651,71,5629.388702991651,distilgpt2,1.5637190841643476
f8a0e46efc7202b8d1ce896a4e0919f3b3e6d496c244a3a4c5b74ef135416264,8d17c87072bc8c74616a437e888ded668d9ee836df0c328c2347331a1313c096,826441.8700819016,0.017,5641.853081901558,57,5641.853081901558,efficientnet,1.5671814116393217
c8c43e1a911f29e5506460a2fbef61ff39723d672f3b3b67d12d4c236c6872f7,653cdbc309bc359f3289d3b4df21c4a8e478d22946b35cbfdab05377dcacd3e0,1028049.2136859894,6.033,5643.180685989326,71,5643.180685989326,distilgpt2,1.5675501905525906
c8c43e1a911f29e5506460a2fbef61ff39723d672f3b3b67d12d4c236c6872f7,653cdbc309bc359f3289d3b4df21c4a8e478d22946b35cbfdab05377dcacd3e0,1028081.811567068,1.889,5679.922567068017,71,5679.922567068017,distilgpt2,1.5777562686300048
c8c43e1a911f29e5506460a2fbef61ff39723d672f3b3b67d12d4c236c6872f7,653cdbc309bc359f3289d3b4df21c4a8e478d22946b35cbfdab05377dcacd3e0,1028137.2124490738,9.987,5727.225449073827,71,5727.225449073827,distilgpt2,1.590895958076063
c8c43e1a911f29e5506460a2fbef61ff39723d672f3b3b67d12d4c236c6872f7,653cdbc309bc359f3289d3b4df21c4a8e478d22946b35cbfdab05377dcacd3e0,1028134.3151938916,3.298,5731.01719389169,71,5731.01719389169,distilgpt2,1.5919492205254695
c8c43e1a911f29e5506460a2fbef61ff39723d672f3b3b67d12d4c236c6872f7,653cdbc309bc359f3289d3b4df21c4a8e478d22946b35cbfdab05377dcacd3e0,1028136.9629349709,4.496,5732.466934970813,71,5732.466934970813,distilgpt2,1.5923519263807813
c8c43e1a911f29e5506460a2fbef61ff39723d672f3b3b67d12d4c236c6872f7,653cdbc309bc359f3289d3b4df21c4a8e478d22946b35cbfdab05377dcacd3e0,1028145.2168209552,2.896,5742.32082095521,71,5742.32082095521,distilgpt2,1.595089116932003
68d84244f6a3c212c69884d292b01a04ade8573f6c7b7407e39e0c44fd8e659e,ca8b2d1318a114f0efef6accb358b8cace2a39a81a2f7847234bc0180a0c65eb,1028160.0925168992,0.078,5760.014516899246,71,5760.014516899246,resnet50,1.6000040324720126
f8a0e46efc7202b8d1ce896a4e0919f3b3e6d496c244a3a4c5b74ef135416264,8d17c87072bc8c74616a437e888ded668d9ee836df0c328c2347331a1313c096,826561.9531149864,0.016,5761.937114986475,57,5761.937114986475,efficientnet,1.600538087496243
c8c43e1a911f29e5506460a2fbef61ff39723d672f3b3b67d12d4c236c6872f7,653cdbc309bc359f3289d3b4df21c4a8e478d22946b35cbfdab05377dcacd3e0,1028168.9990479946,4.265,5764.7340479946,71,5764.7340479946,distilgpt2,1.6013150133318332
c8c43e1a911f29e5506460a2fbef61ff39723d672f3b3b67d12d4c236c6872f7,653cdbc309bc359f3289d3b4df21c4a8e478d22946b35cbfdab05377dcacd3e0,1028170.104487896,2.286,5767.818487896002,71,5767.818487896002,distilgpt2,1.6021718021933338
c8c43e1a911f29e5506460a2fbef61ff39723d672f3b3b67d12d4c236c6872f7,653cdbc309bc359f3289d3b4df21c4a8e478d22946b35cbfdab05377dcacd3e0,1028256.9449539185,83.927,5773.017953918432,71,5773.017953918432,distilgpt2,1.6036160983106755
c8c43e1a911f29e5506460a2fbef61ff39723d672f3b3b67d12d4c236c6872f7,653cdbc309bc359f3289d3b4df21c4a8e478d22946b35cbfdab05377dcacd3e0,1028201.7607159616,2.243,5799.517715961556,71,5799.517715961556,distilgpt2,1.6109771433226545
c8c43e1a911f29e5506460a2fbef61ff39723d672f3b3b67d12d4c236c6872f7,653cdbc309bc359f3289d3b4df21c4a8e478d22946b35cbfdab05377dcacd3e0,1028215.3053340912,3.485,5811.8203340912005,71,5811.8203340912005,distilgpt2,1.6143945372475557
c8c43e1a911f29e5506460a2fbef61ff39723d672f3b3b67d12d4c236c6872f7,653cdbc309bc359f3289d3b4df21c4a8e478d22946b35cbfdab05377dcacd3e0,1028230.7601089478,2.218,5828.54210894776,71,5828.54210894776,distilgpt2,1.6190394747077113
c8c43e1a911f29e5506460a2fbef61ff39723d672f3b3b67d12d4c236c6872f7,653cdbc309bc359f3289d3b4df21c4a8e478d22946b35cbfdab05377dcacd3e0,1028259.9188489914,25.385,5834.533848991385,71,5834.533848991385,distilgpt2,1.6207038469420514
c8c43e1a911f29e5506460a2fbef61ff39723d672f3b3b67d12d4c236c6872f7,653cdbc309bc359f3289d3b4df21c4a8e478d22946b35cbfdab05377dcacd3e0,1028250.3724050522,1.848,5848.524405052187,71,5848.524405052187,distilgpt2,1.6245901125144964
f8a0e46efc7202b8d1ce896a4e0919f3b3e6d496c244a3a4c5b74ef135416264,8d17c87072bc8c74616a437e888ded668d9ee836df0c328c2347331a1313c096,826681.9887499809,0.015,5881.9737499809125,57,5881.9737499809125,efficientnet,1.63388159721692
c8c43e1a911f29e5506460a2fbef61ff39723d672f3b3b67d12d4c236c6872f7,653cdbc309bc359f3289d3b4df21c4a8e478d22946b35cbfdab05377dcacd3e0,1028329.0557649136,3.136,5925.919764913502,71,5925.919764913502,distilgpt2,1.6460888235870839
c8c43e1a911f29e5506460a2fbef61ff39723d672f3b3b67d12d4c236c6872f7,653cdbc309bc359f3289d3b4df21c4a8e478d22946b35cbfdab05377dcacd3e0,1028336.8013970852,5.853,5930.948397085187,71,5930.948397085187,distilgpt2,1.6474856658569963
c8c43e1a911f29e5506460a2fbef61ff39723d672f3b3b67d12d4c236c6872f7,653cdbc309bc359f3289d3b4df21c4a8e478d22946b35cbfdab05377dcacd3e0,1028337.2646400928,3.447,5933.817640092806,71,5933.817640092806,distilgpt2,1.6482826778035573
68d84244f6a3c212c69884d292b01a04ade8573f6c7b7407e39e0c44fd8e659e,ca8b2d1318a114f0efef6accb358b8cace2a39a81a2f7847234bc0180a0c65eb,1028340.1148850918,0.093,5940.021885091788,71,5940.021885091788,resnet50,1.6500060791921634
c8c43e1a911f29e5506460a2fbef61ff39723d672f3b3b67d12d4c236c6872f7,653cdbc309bc359f3289d3b4df21c4a8e478d22946b35cbfdab05377dcacd3e0,1028382.347276926,12.928,5969.419276926084,71,5969.419276926084,distilgpt2,1.6581720213683568
f8a0e46efc7202b8d1ce896a4e0919f3b3e6d496c244a3a4c5b74ef135416264,8d17c87072bc8c74616a437e888ded668d9ee836df0c328c2347331a1313c096,826801.994492054,0.018,6001.976492053946,57,6001.976492053946,efficientnet,1.667215692237207
c8c43e1a911f29e5506460a2fbef61ff39723d672f3b3b67d12d4c236c6872f7,653cdbc309bc359f3289d3b4df21c4a8e478d22946b35cbfdab05377dcacd3e0,1028442.1639640332,2.119,6040.044964033295,71,6040.044964033295,distilgpt2,1.6777902677870264
c8c43e1a911f29e5506460a2fbef61ff39723d672f3b3b67d12d4c236c6872f7,653cdbc309bc359f3289d3b4df21c4a8e478d22946b35cbfdab05377dcacd3e0,1028447.0006079674,3.883,6043.117607967346,71,6043.117607967346,distilgpt2,1.6786437799909295
c8c43e1a911f29e5506460a2fbef61ff39723d672f3b3b67d12d4c236c6872f7,653cdbc309bc359f3289d3b4df21c4a8e478d22946b35cbfdab05377dcacd3e0,1028454.804313898,6.377,6048.427313897992,71,6048.427313897992,distilgpt2,1.6801186983049976
c8c43e1a911f29e5506460a2fbef61ff39723d672f3b3b67d12d4c236c6872f7,653cdbc309bc359f3289d3b4df21c4a8e478d22946b35cbfdab05377dcacd3e0,1028491.3516321182,3.624,6087.727632118273,71,6087.727632118273,distilgpt2,1.6910354533661869
68d84244f6a3c212c69884d292b01a04ade8573f6c7b7407e39e0c44fd8e659e,ca8b2d1318a114f0efef6accb358b8cace2a39a81a2f7847234bc0180a0c65eb,1028520.1056849957,0.078,6120.027684995672,71,6120.027684995672,resnet50,1.7000076902765755
f8a0e46efc7202b8d1ce896a4e0919f3b3e6d496c244a3a4c5b74ef135416264,8d17c87072bc8c74616a437e888ded668d9ee836df0c328c2347331a1313c096,826921.9637389183,0.022,6121.941738918307,57,6121.941738918307,efficientnet,1.700539371921752
c8c43e1a911f29e5506460a2fbef61ff39723d672f3b3b67d12d4c236c6872f7,653cdbc309bc359f3289d3b4df21c4a8e478d22946b35cbfdab05377dcacd3e0,1028578.358050108,17.839,6160.51905010792,71,6160.51905010792,distilgpt2,1.7112552916966444
c8c43e1a911f29e5506460a2fbef61ff39723d672f3b3b67d12d4c236c6872f7,653cdbc309bc359f3289d3b4df21c4a8e478d22946b35cbfdab05377dcacd3e0,1028573.0316460131,4.808,6168.223646013183,71,6168.223646013183,distilgpt2,1.713395457225884
c8c43e1a911f29e5506460a2fbef61ff39723d672f3b3b67d12d4c236c6872f7,653cdbc309bc359f3289d3b4df21c4a8e478d22946b35cbfdab05377dcacd3e0,1028583.900302887,4.181,6179.719302886981,71,6179.719302886981,distilgpt2,1.7165886952463836
c8c43e1a911f29e5506460a2fbef61ff39723d672f3b3b67d12d4c236c6872f7,653cdbc309bc359f3289d3b4df21c4a8e478d22946b35cbfdab05377dcacd3e0,1028616.5796589853,4.554,6212.025658985251,71,6212.025658985251,distilgpt2,1.7255626830514585
f8a0e46efc7202b8d1ce896a4e0919f3b3e6d496c244a3a4c5b74ef135416264,8d17c87072bc8c74616a437e888ded668d9ee836df0c328c2347331a1313c096,827041.9899001122,0.016,6241.973900112207,57,6241.973900112207,efficientnet,1.7338816389200575
68d84244f6a3c212c69884d292b01a04ade8573f6c7b7407e39e0c44fd8e659e,ca8b2d1318a114f0efef6accb358b8cace2a39a81a2f7847234bc0180a0c65eb,1028700.1705420016,0.152,6300.018542001606,71,6300.018542001606,resnet50,1.7500051505560017
c8c43e1a911f29e5506460a2fbef61ff39723d672f3b3b67d12d4c236c6872f7,653cdbc309bc359f3289d3b4df21c4a8e478d22946b35cbfdab05377dcacd3e0,1028737.0950989724,14.072,6323.023098972393,71,6323.023098972393,distilgpt2,1.7563953052701091
c8c43e1a911f29e5506460a2fbef61ff39723d672f3b3b67d12d4c236c6872f7,653cdbc309bc359f3289d3b4df21c4a8e478d22946b35cbfdab05377dcacd3e0,1028768.3455450536,38.577,6329.76854505355,71,6329.76854505355,distilgpt2,1.7582690402926529
c8c43e1a911f29e5506460a2fbef61ff39723d672f3b3b67d12d4c236c6872f7,653cdbc309bc359f3289d3b4df21c4a8e478d22946b35cbfdab05377dcacd3e0,1028744.4167890548,2.195,6342.221789054805,71,6342.221789054805,distilgpt2,1.7617282747374459
f8a0e46efc7202b8d1ce896a4e0919f3b3e6d496c244a3a4c5b74ef135416264,8d17c87072bc8c74616a437e888ded668d9ee836df0c328c2347331a1313c096,827161.9732670784,0.022,6361.951267078402,57,6361.951267078402,efficientnet,1.7672086852995563
c8c43e1a911f29e5506460a2fbef61ff39723d672f3b3b67d12d4c236c6872f7,653cdbc309bc359f3289d3b4df21c4a8e478d22946b35cbfdab05377dcacd3e0,1028774.5989739896,4.149,6370.449973989627,71,6370.449973989627,distilgpt2,1.769569437219341
c8c43e1a911f29e5506460a2fbef61ff39723d672f3b3b67d12d4c236c6872f7,653cdbc309bc359f3289d3b4df21c4a8e478d22946b35cbfdab05377dcacd3e0,1028856.6834850312,5.045,6451.638485031202,71,6451.638485031202,distilgpt2,1.7921218013975562
68d84244f6a3c212c69884d292b01a04ade8573f6c7b7407e39e0c44fd8e659e,ca8b2d1318a114f0efef6accb358b8cace2a39a81a2f7847234bc0180a0c65eb,1028880.100687027,0.082,6480.018687026924,71,6480.018687026924,resnet50,1.8000051908408123
f8a0e46efc7202b8d1ce896a4e0919f3b3e6d496c244a3a4c5b74ef135416264,8d17c87072bc8c74616a437e888ded668d9ee836df0c328c2347331a1313c096,827282.0505170822,0.026,6482.02451708226,57,6482.02451708226,efficientnet,1.8005623658561833
c8c43e1a911f29e5506460a2fbef61ff39723d672f3b3b67d12d4c236c6872f7,653cdbc309bc359f3289d3b4df21c4a8e478d22946b35cbfdab05377dcacd3e0,1028897.1437220572,2.616,6494.527722057188,71,6494.527722057188,distilgpt2,1.804035478349219
c8c43e1a911f29e5506460a2fbef61ff39723d672f3b3b67d12d4c236c6872f7,653cdbc309bc359f3289d3b4df21c4a8e478d22946b35cbfdab05377dcacd3e0,1028908.1431529522,9.003,6499.140152952168,71,6499.140152952168,distilgpt2,1.80531670915338
c8c43e1a911f29e5506460a2fbef61ff39723d672f3b3b67d12d4c236c6872f7,653cdbc309bc359f3289d3b4df21c4a8e478d22946b35cbfdab05377dcacd3e0,1028908.140069008,3.711,6504.42906900798,71,6504.42906900798,distilgpt2,1.8067858525022167
c8c43e1a911f29e5506460a2fbef61ff39723d672f3b3b67d12d4c236c6872f7,653cdbc309bc359f3289d3b4df21c4a8e478d22946b35cbfdab05377dcacd3e0,1028977.1028389932,5.876,6571.226838993141,71,6571.226838993141,distilgpt2,1.825340788609206
c8c43e1a911f29e5506460a2fbef61ff39723d672f3b3b67d12d4c236c6872f7,653cdbc309bc359f3289d3b4df21c4a8e478d22946b35cbfdab05377dcacd3e0,1028973.2684938908,2.001,6571.267493890715,71,6571.267493890715,distilgpt2,1.8253520816363096
c8c43e1a911f29e5506460a2fbef61ff39723d672f3b3b67d12d4c236c6872f7,653cdbc309bc359f3289d3b4df21c4a8e478d22946b35cbfdab05377dcacd3e0,1028978.0906219482,3.37,6574.720621948247,71,6574.720621948247,distilgpt2,1.826311283874513
c8c43e1a911f29e5506460a2fbef61ff39723d672f3b3b67d12d4c236c6872f7,653cdbc309bc359f3289d3b4df21c4a8e478d22946b35cbfdab05377dcacd3e0,1028983.209831953,2.489,6580.7208319531055,71,6580.7208319531055,distilgpt2,1.8279780088758626
f8a0e46efc7202b8d1ce896a4e0919f3b3e6d496c244a3a4c5b74ef135416264,8d17c87072bc8c74616a437e888ded668d9ee836df0c328c2347331a1313c096,827402.0764958858,0.017,6602.059495885856,57,6602.059495885856,efficientnet,1.833905415523849
68d84244f6a3c212c69884d292b01a04ade8573f6c7b7407e39e0c44fd8e659e,ca8b2d1318a114f0efef6accb358b8cace2a39a81a2f7847234bc0180a0c65eb,1029060.110266924,0.094,6660.01626692398,71,6660.01626692398,resnet50,1.8500045185899945
f8a0e46efc7202b8d1ce896a4e0919f3b3e6d496c244a3a4c5b74ef135416264,8d17c87072bc8c74616a437e888ded668d9ee836df0c328c2347331a1313c096,827522.1052339077,0.022,6722.083233907702,57,6722.083233907702,efficientnet,1.8672453427521396
68d84244f6a3c212c69884d292b01a04ade8573f6c7b7407e39e0c44fd8e659e,ca8b2d1318a114f0efef6accb358b8cace2a39a81a2f7847234bc0180a0c65eb,1029240.2197430134,0.19,6840.029743013438,71,6840.029743013438,resnet50,1.900008261948177
f8a0e46efc7202b8d1ce896a4e0919f3b3e6d496c244a3a4c5b74ef135416264,8d17c87072bc8c74616a437e888ded668d9ee836df0c328c2347331a1313c096,827642.1206200123,0.019,6842.101620012312,57,6842.101620012312,efficientnet,1.9005837833367534
f8a0e46efc7202b8d1ce896a4e0919f3b3e6d496c244a3a4c5b74ef135416264,8d17c87072bc8c74616a437e888ded668d9ee836df0c328c2347331a1313c096,827762.0234780312,0.02,6962.00347803114,57,6962.00347803114,efficientnet,1.9338898550086498
68d84244f6a3c212c69884d292b01a04ade8573f6c7b7407e39e0c44fd8e659e,ca8b2d1318a114f0efef6accb358b8cace2a39a81a2f7847234bc0180a0c65eb,1029420.1194911004,0.101,7020.0184911004035,71,7020.0184911004035,resnet50,1.9500051364167788
f8a0e46efc7202b8d1ce896a4e0919f3b3e6d496c244a3a4c5b74ef135416264,8d17c87072bc8c74616a437e888ded668d9ee836df0c328c2347331a1313c096,827882.1305930614,0.03,7082.100593061419,57,7082.100593061419,efficientnet,1.967250164739283
68d84244f6a3c212c69884d292b01a04ade8573f6c7b7407e39e0c44fd8e659e,ca8b2d1318a114f0efef6accb358b8cace2a39a81a2f7847234bc0180a0c65eb,1029600.0870211124,0.078,7200.0090211124625,71,7200.0090211124625,resnet50,2.0000025058645727
f8a0e46efc7202b8d1ce896a4e0919f3b3e6d496c244a3a4c5b74ef135416264,8d17c87072bc8c74616a437e888ded668d9ee836df0c328c2347331a1313c096,828002.0978350639,0.016,7202.081835063989,57,7202.081835063989,efficientnet,2.000578287517775
c8c43e1a911f29e5506460a2fbef61ff39723d672f3b3b67d12d4c236c6872f7,653cdbc309bc359f3289d3b4df21c4a8e478d22946b35cbfdab05377dcacd3e0,1029682.697462082,2.774,7279.92346208205,71,7279.92346208205,distilgpt2,2.022200961689458
f8a0e46efc7202b8d1ce896a4e0919f3b3e6d496c244a3a4c5b74ef135416264,8d17c87072bc8c74616a437e888ded668d9ee836df0c328c2347331a1313c096,828122.1276869774,0.018,7322.109686977346,57,7322.109686977346,efficientnet,2.0339193574937076
68d84244f6a3c212c69884d292b01a04ade8573f6c7b7407e39e0c44fd8e659e,ca8b2d1318a114f0efef6accb358b8cace2a39a81a2f7847234bc0180a0c65eb,1029780.131385088,0.109,7380.022385087912,71,7380.022385087912,resnet50,2.0500062180799756
f8a0e46efc7202b8d1ce896a4e0919f3b3e6d496c244a3a4c5b74ef135416264,8d17c87072bc8c74616a437e888ded668d9ee836df0c328c2347331a1313c096,828242.129504919,0.014,7442.115504919086,57,7442.115504919086,efficientnet,2.0672543069219684
68d84244f6a3c212c69884d292b01a04ade8573f6c7b7407e39e0c44fd8e659e,ca8b2d1318a114f0efef6accb358b8cace2a39a81a2f7847234bc0180a0c65eb,1029960.1250669956,0.109,7560.016066995566,71,7560.016066995566,resnet50,2.100004463054324
f8a0e46efc7202b8d1ce896a4e0919f3b3e6d496c244a3a4c5b74ef135416264,8d17c87072bc8c74616a437e888ded668d9ee836df0c328c2347331a1313c096,828362.046120882,0.017,7562.029120882042,57,7562.029120882042,efficientnet,2.100563644689456
f8a0e46efc7202b8d1ce896a4e0919f3b3e6d496c244a3a4c5b74ef135416264,8d17c87072bc8c74616a437e888ded668d9ee836df0c328c2347331a1313c096,828482.2116589546,0.02,7682.191658954602,57,7682.191658954602,efficientnet,2.1339421274873893
68d84244f6a3c212c69884d292b01a04ade8573f6c7b7407e39e0c44fd8e659e,ca8b2d1318a114f0efef6accb358b8cace2a39a81a2f7847234bc0180a0c65eb,1030140.0944800376,0.078,7740.016480037593,71,7740.016480037593,resnet50,2.1500045777882204
f8a0e46efc7202b8d1ce896a4e0919f3b3e6d496c244a3a4c5b74ef135416264,8d17c87072bc8c74616a437e888ded668d9ee836df0c328c2347331a1313c096,828602.0303630829,0.017,7802.013363082893,57,7802.013363082893,efficientnet,2.1672259341896924
68d84244f6a3c212c69884d292b01a04ade8573f6c7b7407e39e0c44fd8e659e,ca8b2d1318a114f0efef6accb358b8cace2a39a81a2f7847234bc0180a0c65eb,1030320.117743969,0.093,7920.02474396897,71,7920.02474396897,resnet50,2.200006873324714
f8a0e46efc7202b8d1ce896a4e0919f3b3e6d496c244a3a4c5b74ef135416264,8d17c87072bc8c74616a437e888ded668d9ee836df0c328c2347331a1313c096,828721.9772610664,0.018,7921.959261066397,57,7921.959261066397,efficientnet,2.20054423918511
f8a0e46efc7202b8d1ce896a4e0919f3b3e6d496c244a3a4c5b74ef135416264,8d17c87072bc8c74616a437e888ded668d9ee836df0c328c2347331a1313c096,828842.0119719505,0.018,8041.993971950491,57,8041.993971950491,efficientnet,2.233887214430692
68d84244f6a3c212c69884d292b01a04ade8573f6c7b7407e39e0c44fd8e659e,ca8b2d1318a114f0efef6accb358b8cace2a39a81a2f7847234bc0180a0c65eb,1030500.1411681176,0.115,8100.026168117649,71,8100.026168117649,resnet50,2.250007268921569
f8a0e46efc7202b8d1ce896a4e0919f3b3e6d496c244a3a4c5b74ef135416264,8d17c87072bc8c74616a437e888ded668d9ee836df0c328c2347331a1313c096,828962.0853140354,0.019,8162.0663140354445,57,8162.0663140354445,efficientnet,2.2672406427876233
c8c43e1a911f29e5506460a2fbef61ff39723d672f3b3b67d12d4c236c6872f7,653cdbc309bc359f3289d3b4df21c4a8e478d22946b35cbfdab05377dcacd3e0,1030599.388299942,27.463,8171.925299942028,71,8171.925299942028,distilgpt2,2.2699792499838964
68d84244f6a3c212c69884d292b01a04ade8573f6c7b7407e39e0c44fd8e659e,ca8b2d1318a114f0efef6accb358b8cace2a39a81a2f7847234bc0180a0c65eb,1030680.1460680962,0.124,8280.022068096208,71,8280.022068096208,resnet50,2.3000061300267247
f8a0e46efc7202b8d1ce896a4e0919f3b3e6d496c244a3a4c5b74ef135416264,8d17c87072bc8c74616a437e888ded668d9ee836df0c328c2347331a1313c096,829082.1857430935,0.02,8282.165743093472,57,8282.165743093472,efficientnet,2.300601595303742
f8a0e46efc7202b8d1ce896a4e0919f3b3e6d496c244a3a4c5b74ef135416264,8d17c87072bc8c74616a437e888ded668d9ee836df0c328c2347331a1313c096,829202.0541551113,0.021,8402.033155111363,57,8402.033155111363,efficientnet,2.3338980986420452
68d84244f6a3c212c69884d292b01a04ade8573f6c7b7407e39e0c44fd8e659e,ca8b2d1318a114f0efef6accb358b8cace2a39a81a2f7847234bc0180a0c65eb,1030860.10659194,0.093,8460.013591940049,71,8460.013591940049,resnet50,2.3500037755389025
f8a0e46efc7202b8d1ce896a4e0919f3b3e6d496c244a3a4c5b74ef135416264,8d17c87072bc8c74616a437e888ded668d9ee836df0c328c2347331a1313c096,829322.1804859638,0.019,8522.16148596385,57,8522.16148596385,efficientnet,2.367267079434403
c8c43e1a911f29e5506460a2fbef61ff39723d672f3b3b67d12d4c236c6872f7,653cdbc309bc359f3289d3b4df21c4a8e478d22946b35cbfdab05377dcacd3e0,1030977.6898701192,2.768,8574.921870119171,71,8574.921870119171,distilgpt2,2.38192274169977
68d84244f6a3c212c69884d292b01a04ade8573f6c7b7407e39e0c44fd8e659e,ca8b2d1318a114f0efef6accb358b8cace2a39a81a2f7847234bc0180a0c65eb,1031040.2661020756,0.246,8640.020102075534,71,8640.020102075534,resnet50,2.4000055839098704
f8a0e46efc7202b8d1ce896a4e0919f3b3e6d496c244a3a4c5b74ef135416264,8d17c87072bc8c74616a437e888ded668d9ee836df0c328c2347331a1313c096,829442.1108899117,0.02,8642.090889911633,57,8642.090889911633,efficientnet,2.4005808027532316
f8a0e46efc7202b8d1ce896a4e0919f3b3e6d496c244a3a4c5b74ef135416264,8d17c87072bc8c74616a437e888ded668d9ee836df0c328c2347331a1313c096,829562.011991024,0.02,8761.991991023999,57,8761.991991023999,efficientnet,2.433886664173333
68d84244f6a3c212c69884d292b01a04ade8573f6c7b7407e39e0c44fd8e659e,ca8b2d1318a114f0efef6accb358b8cace2a39a81a2f7847234bc0180a0c65eb,1031220.1194849014,0.109,8820.010484901373,71,8820.010484901373,resnet50,2.4500029124726037
f8a0e46efc7202b8d1ce896a4e0919f3b3e6d496c244a3a4c5b74ef135416264,8d17c87072bc8c74616a437e888ded668d9ee836df0c328c2347331a1313c096,829682.0072638988,0.019,8881.988263898878,57,8881.988263898878,efficientnet,2.4672189621941327
68d84244f6a3c212c69884d292b01a04ade8573f6c7b7407e39e0c44fd8e659e,ca8b2d1318a114f0efef6accb358b8cace2a39a81a2f7847234bc0180a0c65eb,1031400.1005148888,0.078,9000.022514888784,71,9000.022514888784,resnet50,2.5000062541357733
f8a0e46efc7202b8d1ce896a4e0919f3b3e6d496c244a3a4c5b74ef135416264,8d17c87072bc8c74616a437e888ded668d9ee836df0c328c2347331a1313c096,829802.0541470051,0.022,9002.032147005084,57,9002.032147005084,efficientnet,2.50056448527919
734272c01926d19690e5ec308bab64ef97950b75b1c7582283e0783fce1751d8,9b61fd55aa093a2d172db1a68a60af5cf6cbfa7f5ea1fbc71846027a5954616d,1074617.3306469915,4.179,9013.151646991493,74,9013.151646991493,googlenet,2.5036532352754146
734272c01926d19690e5ec308bab64ef97950b75b1c7582283e0783fce1751d8,9b61fd55aa093a2d172db1a68a60af5cf6cbfa7f5ea1fbc71846027a5954616d,1074617.1521639824,3.974,9013.178163982462,74,9013.178163982462,googlenet,2.5036606011062394
734272c01926d19690e5ec308bab64ef97950b75b1c7582283e0783fce1751d8,9b61fd55aa093a2d172db1a68a60af5cf6cbfa7f5ea1fbc71846027a5954616d,1074617.3294661045,4.151,9013.178466104437,74,9013.178466104437,googlenet,2.5036606850290104
734272c01926d19690e5ec308bab64ef97950b75b1c7582283e0783fce1751d8,9b61fd55aa093a2d172db1a68a60af5cf6cbfa7f5ea1fbc71846027a5954616d,1074617.3006079197,4.122,9013.178607919719,74,9013.178607919719,googlenet,2.503660724422144
734272c01926d19690e5ec308bab64ef97950b75b1c7582283e0783fce1751d8,9b61fd55aa093a2d172db1a68a60af5cf6cbfa7f5ea1fbc71846027a5954616d,1074617.3806660175,4.202,9013.178666017484,74,9013.178666017484,googlenet,2.503660740560412
734272c01926d19690e5ec308bab64ef97950b75b1c7582283e0783fce1751d8,9b61fd55aa093a2d172db1a68a60af5cf6cbfa7f5ea1fbc71846027a5954616d,1074617.335009098,4.156,9013.179009098094,74,9013.179009098094,googlenet,2.5036608358605816
734272c01926d19690e5ec308bab64ef97950b75b1c7582283e0783fce1751d8,9b61fd55aa093a2d172db1a68a60af5cf6cbfa7f5ea1fbc71846027a5954616d,1074617.1933140757,4.013,9013.180314075667,74,9013.180314075667,googlenet,2.503661198354352
734272c01926d19690e5ec308bab64ef97950b75b1c7582283e0783fce1751d8,9b61fd55aa093a2d172db1a68a60af5cf6cbfa7f5ea1fbc71846027a5954616d,1074617.3317890167,4.151,9013.180789016653,74,9013.180789016653,googlenet,2.503661330282404
734272c01926d19690e5ec308bab64ef97950b75b1c7582283e0783fce1751d8,9b61fd55aa093a2d172db1a68a60af5cf6cbfa7f5ea1fbc71846027a5954616d,1074617.3339350224,4.153,9013.180935022421,74,9013.180935022421,googlenet,2.5036613708395614
734272c01926d19690e5ec308bab64ef97950b75b1c7582283e0783fce1751d8,9b61fd55aa093a2d172db1a68a60af5cf6cbfa7f5ea1fbc71846027a5954616d,1074617.1960549357,4.015,9013.18105493579,74,9013.18105493579,googlenet,2.5036614041488305
734272c01926d19690e5ec308bab64ef97950b75b1c7582283e0783fce1751d8,9b61fd55aa093a2d172db1a68a60af5cf6cbfa7f5ea1fbc71846027a5954616d,1074617.378549099,4.193,9013.185549098998,74,9013.185549098998,googlenet,2.5036626525274994
734272c01926d19690e5ec308bab64ef97950b75b1c7582283e0783fce1751d8,9b61fd55aa093a2d172db1a68a60af5cf6cbfa7f5ea1fbc71846027a5954616d,1074617.332864046,4.147,9013.185864045983,74,9013.185864045983,googlenet,2.503662740012773
734272c01926d19690e5ec308bab64ef97950b75b1c7582283e0783fce1751d8,9b61fd55aa093a2d172db1a68a60af5cf6cbfa7f5ea1fbc71846027a5954616d,1074617.3031990528,4.117,9013.186199052725,74,9013.186199052725,googlenet,2.5036628330702015
734272c01926d19690e5ec308bab64ef97950b75b1c7582283e0783fce1751d8,9b61fd55aa093a2d172db1a68a60af5cf6cbfa7f5ea1fbc71846027a5954616d,1074617.30210495,4.115,9013.18710494996,74,9013.18710494996,googlenet,2.5036630847083226
734272c01926d19690e5ec308bab64ef97950b75b1c7582283e0783fce1751d8,9b61fd55aa093a2d172db1a68a60af5cf6cbfa7f5ea1fbc71846027a5954616d,1074617.3794090748,4.192,9013.187409074744,74,9013.187409074744,googlenet,2.503663169187429
734272c01926d19690e5ec308bab64ef97950b75b1c7582283e0783fce1751d8,9b61fd55aa093a2d172db1a68a60af5cf6cbfa7f5ea1fbc71846027a5954616d,1074617.3127269745,4.125,9013.187726974487,74,9013.187726974487,googlenet,2.503663257492913
734272c01926d19690e5ec308bab64ef97950b75b1c7582283e0783fce1751d8,9b61fd55aa093a2d172db1a68a60af5cf6cbfa7f5ea1fbc71846027a5954616d,1074617.6664600372,0.079,9017.58746003732,74,9017.58746003732,googlenet,2.5048854055659224
734272c01926d19690e5ec308bab64ef97950b75b1c7582283e0783fce1751d8,9b61fd55aa093a2d172db1a68a60af5cf6cbfa7f5ea1fbc71846027a5954616d,1074617.7314419746,0.14,9017.591441974742,74,9017.591441974742,googlenet,2.5048865116596506
734272c01926d19690e5ec308bab64ef97950b75b1c7582283e0783fce1751d8,9b61fd55aa093a2d172db1a68a60af5cf6cbfa7f5ea1fbc71846027a5954616d,1074617.9001541138,0.308,9017.592154113809,74,9017.592154113809,googlenet,2.504886709476058
734272c01926d19690e5ec308bab64ef97950b75b1c7582283e0783fce1751d8,9b61fd55aa093a2d172db1a68a60af5cf6cbfa7f5ea1fbc71846027a5954616d,1074617.7365310192,0.144,9017.592531019123,74,9017.592531019123,googlenet,2.5048868141719787
734272c01926d19690e5ec308bab64ef97950b75b1c7582283e0783fce1751d8,9b61fd55aa093a2d172db1a68a60af5cf6cbfa7f5ea1fbc71846027a5954616d,1074617.785062075,0.192,9017.593062074855,74,9017.593062074855,googlenet,2.50488696168746
f8a0e46efc7202b8d1ce896a4e0919f3b3e6d496c244a3a4c5b74ef135416264,8d17c87072bc8c74616a437e888ded668d9ee836df0c328c2347331a1313c096,829922.0041840076,0.024,9121.980184007669,57,9121.980184007669,efficientnet,2.533883384446575
68d84244f6a3c212c69884d292b01a04ade8573f6c7b7407e39e0c44fd8e659e,ca8b2d1318a114f0efef6accb358b8cace2a39a81a2f7847234bc0180a0c65eb,1031580.1223189832,0.093,9180.029318983201,71,9180.029318983201,resnet50,2.550008144162
f8a0e46efc7202b8d1ce896a4e0919f3b3e6d496c244a3a4c5b74ef135416264,8d17c87072bc8c74616a437e888ded668d9ee836df0c328c2347331a1313c096,830041.9645979404,0.021,9241.943597940495,57,9241.943597940495,efficientnet,2.567206554983471
68d84244f6a3c212c69884d292b01a04ade8573f6c7b7407e39e0c44fd8e659e,ca8b2d1318a114f0efef6accb358b8cace2a39a81a2f7847234bc0180a0c65eb,1031760.1184461116,0.093,9360.02544611157,71,9360.02544611157,resnet50,2.6000070683643246
f8a0e46efc7202b8d1ce896a4e0919f3b3e6d496c244a3a4c5b74ef135416264,8d17c87072bc8c74616a437e888ded668d9ee836df0c328c2347331a1313c096,830161.8812448978,0.023,9361.858244897798,57,9361.858244897798,efficientnet,2.600516179138277
c8c43e1a911f29e5506460a2fbef61ff39723d672f3b3b67d12d4c236c6872f7,653cdbc309bc359f3289d3b4df21c4a8e478d22946b35cbfdab05377dcacd3e0,1031874.4494059086,26.532,9447.917405908578,71,9447.917405908578,distilgpt2,2.6244215016412715
f8a0e46efc7202b8d1ce896a4e0919f3b3e6d496c244a3a4c5b74ef135416264,8d17c87072bc8c74616a437e888ded668d9ee836df0c328c2347331a1313c096,830282.0968060493,0.021,9482.075806049397,57,9482.075806049397,efficientnet,2.6339099461248328
68d84244f6a3c212c69884d292b01a04ade8573f6c7b7407e39e0c44fd8e659e,ca8b2d1318a114f0efef6accb358b8cace2a39a81a2f7847234bc0180a0c65eb,1031940.2723519802,0.252,9540.02035198023,71,9540.02035198023,resnet50,2.6500056533278418
c8c43e1a911f29e5506460a2fbef61ff39723d672f3b3b67d12d4c236c6872f7,653cdbc309bc359f3289d3b4df21c4a8e478d22946b35cbfdab05377dcacd3e0,1031995.4063138962,16.212,9579.194313896121,71,9579.194313896121,distilgpt2,2.6608873094155894
f8a0e46efc7202b8d1ce896a4e0919f3b3e6d496c244a3a4c5b74ef135416264,8d17c87072bc8c74616a437e888ded668d9ee836df0c328c2347331a1313c096,830401.3658320904,0.019,9601.346832090407,57,9601.346832090407,efficientnet,2.66704078669178
734272c01926d19690e5ec308bab64ef97950b75b1c7582283e0783fce1751d8,9b61fd55aa093a2d172db1a68a60af5cf6cbfa7f5ea1fbc71846027a5954616d,1075213.6961169243,1.099,9612.597116924357,74,9612.597116924357,googlenet,2.6701658658123213
734272c01926d19690e5ec308bab64ef97950b75b1c7582283e0783fce1751d8,9b61fd55aa093a2d172db1a68a60af5cf6cbfa7f5ea1fbc71846027a5954616d,1075213.6865930555,1.089,9612.597593055572,74,9612.597593055572,googlenet,2.6701659980709924
734272c01926d19690e5ec308bab64ef97950b75b1c7582283e0783fce1751d8,9b61fd55aa093a2d172db1a68a60af5cf6cbfa7f5ea1fbc71846027a5954616d,1075213.6949369907,1.097,9612.59793699067,74,9612.59793699067,googlenet,2.6701660936085196
734272c01926d19690e5ec308bab64ef97950b75b1c7582283e0783fce1751d8,9b61fd55aa093a2d172db1a68a60af5cf6cbfa7f5ea1fbc71846027a5954616d,1075213.6981511116,1.078,9612.620151111623,74,9612.620151111623,googlenet,2.670172264197673
734272c01926d19690e5ec308bab64ef97950b75b1c7582283e0783fce1751d8,9b61fd55aa093a2d172db1a68a60af5cf6cbfa7f5ea1fbc71846027a5954616d,1075213.706911087,1.086,9612.620911087142,74,9612.620911087142,googlenet,2.670172475301984
734272c01926d19690e5ec308bab64ef97950b75b1c7582283e0783fce1751d8,9b61fd55aa093a2d172db1a68a60af5cf6cbfa7f5ea1fbc71846027a5954616d,1075213.730262041,1.109,9612.621262041153,74,9612.621262041153,googlenet,2.6701725727892094
734272c01926d19690e5ec308bab64ef97950b75b1c7582283e0783fce1751d8,9b61fd55aa093a2d172db1a68a60af5cf6cbfa7f5ea1fbc71846027a5954616d,1075213.9058549404,1.284,9612.62185494043,74,9612.62185494043,googlenet,2.6701727374834525
734272c01926d19690e5ec308bab64ef97950b75b1c7582283e0783fce1751d8,9b61fd55aa093a2d172db1a68a60af5cf6cbfa7f5ea1fbc71846027a5954616d,1075213.6882810593,1.066,9612.622281059157,74,9612.622281059157,googlenet,2.6701728558497657
734272c01926d19690e5ec308bab64ef97950b75b1c7582283e0783fce1751d8,9b61fd55aa093a2d172db1a68a60af5cf6cbfa7f5ea1fbc71846027a5954616d,1075213.7103760242,1.088,9612.622376024257,74,9612.622376024257,googlenet,2.6701728822289605
734272c01926d19690e5ec308bab64ef97950b75b1c7582283e0783fce1751d8,9b61fd55aa093a2d172db1a68a60af5cf6cbfa7f5ea1fbc71846027a5954616d,1075213.704442978,1.082,9612.622442977969,74,9612.622442977969,googlenet,2.6701729008272137
734272c01926d19690e5ec308bab64ef97950b75b1c7582283e0783fce1751d8,9b61fd55aa093a2d172db1a68a60af5cf6cbfa7f5ea1fbc71846027a5954616d,1075213.7354109287,1.112,9612.623410928762,74,9612.623410928762,googlenet,2.6701731697024336
734272c01926d19690e5ec308bab64ef97950b75b1c7582283e0783fce1751d8,9b61fd55aa093a2d172db1a68a60af5cf6cbfa7f5ea1fbc71846027a5954616d,1075213.7056820393,1.082,9612.623682039324,74,9612.623682039324,googlenet,2.6701732450109232
734272c01926d19690e5ec308bab64ef97950b75b1c7582283e0783fce1751d8,9b61fd55aa093a2d172db1a68a60af5cf6cbfa7f5ea1fbc71846027a5954616d,1075213.7157859802,1.092,9612.623785980279,74,9612.623785980279,googlenet,2.6701732738834107
734272c01926d19690e5ec308bab64ef97950b75b1c7582283e0783fce1751d8,9b61fd55aa093a2d172db1a68a60af5cf6cbfa7f5ea1fbc71846027a5954616d,1075213.6993069649,1.075,9612.62430696492,74,9612.62430696492,googlenet,2.670173418601367
734272c01926d19690e5ec308bab64ef97950b75b1c7582283e0783fce1751d8,9b61fd55aa093a2d172db1a68a60af5cf6cbfa7f5ea1fbc71846027a5954616d,1075213.7081019878,1.083,9612.625101987738,74,9612.625101987738,googlenet,2.6701736394410385
734272c01926d19690e5ec308bab64ef97950b75b1c7582283e0783fce1751d8,9b61fd55aa093a2d172db1a68a60af5cf6cbfa7f5ea1fbc71846027a5954616d,1075213.709239006,1.084,9612.62523900601,74,9612.62523900601,googlenet,2.6701736775016696
734272c01926d19690e5ec308bab64ef97950b75b1c7582283e0783fce1751d8,9b61fd55aa093a2d172db1a68a60af5cf6cbfa7f5ea1fbc71846027a5954616d,1075213.9891679287,0.077,9613.912167928647,74,9613.912167928647,googlenet,2.6705311577579574
734272c01926d19690e5ec308bab64ef97950b75b1c7582283e0783fce1751d8,9b61fd55aa093a2d172db1a68a60af5cf6cbfa7f5ea1fbc71846027a5954616d,1075213.970361948,0.057,9613.913361947984,74,9613.913361947984,googlenet,2.6705314894299956
734272c01926d19690e5ec308bab64ef97950b75b1c7582283e0783fce1751d8,9b61fd55aa093a2d172db1a68a60af5cf6cbfa7f5ea1fbc71846027a5954616d,1075213.9694719317,0.056,9613.913471931592,74,9613.913471931592,googlenet,2.670531519980998
734272c01926d19690e5ec308bab64ef97950b75b1c7582283e0783fce1751d8,9b61fd55aa093a2d172db1a68a60af5cf6cbfa7f5ea1fbc71846027a5954616d,1075213.9779770374,0.064,9613.913977037417,74,9613.913977037417,googlenet,2.6705316602881712
734272c01926d19690e5ec308bab64ef97950b75b1c7582283e0783fce1751d8,9b61fd55aa093a2d172db1a68a60af5cf6cbfa7f5ea1fbc71846027a5954616d,1075213.9840950966,0.07,9613.914095096523,74,9613.914095096523,googlenet,2.6705316930823675
c8c43e1a911f29e5506460a2fbef61ff39723d672f3b3b67d12d4c236c6872f7,653cdbc309bc359f3289d3b4df21c4a8e478d22946b35cbfdab05377dcacd3e0,1032105.1532039642,34.614,9670.53920396429,71,9670.53920396429,distilgpt2,2.6862608899900806
68d84244f6a3c212c69884d292b01a04ade8573f6c7b7407e39e0c44fd8e659e,ca8b2d1318a114f0efef6accb358b8cace2a39a81a2f7847234bc0180a0c65eb,1032120.1792180538,0.162,9720.017218053807,71,9720.017218053807,resnet50,2.7000047827927243
f8a0e46efc7202b8d1ce896a4e0919f3b3e6d496c244a3a4c5b74ef135416264,8d17c87072bc8c74616a437e888ded668d9ee836df0c328c2347331a1313c096,830521.6167070866,0.028,9721.588707086514,57,9721.588707086514,efficientnet,2.7004413075240317
c8c43e1a911f29e5506460a2fbef61ff39723d672f3b3b67d12d4c236c6872f7,653cdbc309bc359f3289d3b4df21c4a8e478d22946b35cbfdab05377dcacd3e0,1032191.3238859175,59.13,9732.193885917543,71,9732.193885917543,distilgpt2,2.7033871905326508
c8c43e1a911f29e5506460a2fbef61ff39723d672f3b3b67d12d4c236c6872f7,653cdbc309bc359f3289d3b4df21c4a8e478d22946b35cbfdab05377dcacd3e0,1032198.300050974,23.937,9774.363050973974,71,9774.363050973974,distilgpt2,2.7151008474927707
f8a0e46efc7202b8d1ce896a4e0919f3b3e6d496c244a3a4c5b74ef135416264,8d17c87072bc8c74616a437e888ded668d9ee836df0c328c2347331a1313c096,830641.7468850613,0.016,9841.730885061319,57,9841.730885061319,efficientnet,2.733814134739255
c8c43e1a911f29e5506460a2fbef61ff39723d672f3b3b67d12d4c236c6872f7,653cdbc309bc359f3289d3b4df21c4a8e478d22946b35cbfdab05377dcacd3e0,1032265.889790058,4.971,9860.918790058,71,9860.918790058,distilgpt2,2.7391441083494446
c8c43e1a911f29e5506460a2fbef61ff39723d672f3b3b67d12d4c236c6872f7,653cdbc309bc359f3289d3b4df21c4a8e478d22946b35cbfdab05377dcacd3e0,1032283.7333130836,2.708,9881.025313083665,71,9881.025313083665,distilgpt2,2.7447292536343513
c8c43e1a911f29e5506460a2fbef61ff39723d672f3b3b67d12d4c236c6872f7,653cdbc309bc359f3289d3b4df21c4a8e478d22946b35cbfdab05377dcacd3e0,1032290.732836008,0.14,9890.592836007942,71,9890.592836007942,distilgpt2,2.747386898891095
68d84244f6a3c212c69884d292b01a04ade8573f6c7b7407e39e0c44fd8e659e,ca8b2d1318a114f0efef6accb358b8cace2a39a81a2f7847234bc0180a0c65eb,1032300.1168379784,0.093,9900.02383797837,71,9900.02383797837,resnet50,2.750006621660658
c8c43e1a911f29e5506460a2fbef61ff39723d672f3b3b67d12d4c236c6872f7,653cdbc309bc359f3289d3b4df21c4a8e478d22946b35cbfdab05377dcacd3e0,1032347.7081859112,4.489,9943.219185911235,71,9943.219185911235,distilgpt2,2.7620053294197877
f8a0e46efc7202b8d1ce896a4e0919f3b3e6d496c244a3a4c5b74ef135416264,8d17c87072bc8c74616a437e888ded668d9ee836df0c328c2347331a1313c096,830762.1839570999,0.014,9962.169957099948,57,9962.169957099948,efficientnet,2.767269432527763
c8c43e1a911f29e5506460a2fbef61ff39723d672f3b3b67d12d4c236c6872f7,653cdbc309bc359f3289d3b4df21c4a8e478d22946b35cbfdab05377dcacd3e0,1032429.0775740148,2.758,10026.31957401475,71,10026.31957401475,distilgpt2,2.7850887705596525
c8c43e1a911f29e5506460a2fbef61ff39723d672f3b3b67d12d4c236c6872f7,653cdbc309bc359f3289d3b4df21c4a8e478d22946b35cbfdab05377dcacd3e0,1032483.8268489838,5.507,10078.319848983781,71,10078.319848983781,distilgpt2,2.7995332913843836
68d84244f6a3c212c69884d292b01a04ade8573f6c7b7407e39e0c44fd8e659e,ca8b2d1318a114f0efef6accb358b8cace2a39a81a2f7847234bc0180a0c65eb,1032480.1189808846,0.093,10080.025980884559,71,10080.025980884559,resnet50,2.8000072169123773
f8a0e46efc7202b8d1ce896a4e0919f3b3e6d496c244a3a4c5b74ef135416264,8d17c87072bc8c74616a437e888ded668d9ee836df0c328c2347331a1313c096,830882.1095530987,0.017,10082.092553098686,57,10082.092553098686,efficientnet,2.800581264749635
c8c43e1a911f29e5506460a2fbef61ff39723d672f3b3b67d12d4c236c6872f7,653cdbc309bc359f3289d3b4df21c4a8e478d22946b35cbfdab05377dcacd3e0,1032564.4939000608,6.127,10158.366900060792,71,10158.366900060792,distilgpt2,2.8217685833502197
c8c43e1a911f29e5506460a2fbef61ff39723d672f3b3b67d12d4c236c6872f7,653cdbc309bc359f3289d3b4df21c4a8e478d22946b35cbfdab05377dcacd3e0,1032594.3903360368,2.764,10191.626336036832,71,10191.626336036832,distilgpt2,2.831007315565787
f8a0e46efc7202b8d1ce896a4e0919f3b3e6d496c244a3a4c5b74ef135416264,8d17c87072bc8c74616a437e888ded668d9ee836df0c328c2347331a1313c096,831002.0446810722,0.019,10202.025681072264,57,10202.025681072264,efficientnet,2.833896022520073
68d84244f6a3c212c69884d292b01a04ade8573f6c7b7407e39e0c44fd8e659e,ca8b2d1318a114f0efef6accb358b8cace2a39a81a2f7847234bc0180a0c65eb,1032660.1074130536,0.093,10260.014413053636,71,10260.014413053636,resnet50,2.85000400362601
c8c43e1a911f29e5506460a2fbef61ff39723d672f3b3b67d12d4c236c6872f7,653cdbc309bc359f3289d3b4df21c4a8e478d22946b35cbfdab05377dcacd3e0,1032715.538486004,2.02,10313.518486003974,71,10313.518486003974,distilgpt2,2.8648662461122147
f8a0e46efc7202b8d1ce896a4e0919f3b3e6d496c244a3a4c5b74ef135416264,8d17c87072bc8c74616a437e888ded668d9ee836df0c328c2347331a1313c096,831122.3309559822,0.03,10322.30095598218,57,10322.30095598218,efficientnet,2.8673058211061613
c8c43e1a911f29e5506460a2fbef61ff39723d672f3b3b67d12d4c236c6872f7,653cdbc309bc359f3289d3b4df21c4a8e478d22946b35cbfdab05377dcacd3e0,1032776.2731239796,2.855,10373.418123979587,71,10373.418123979587,distilgpt2,2.8815050344387743
68d84244f6a3c212c69884d292b01a04ade8573f6c7b7407e39e0c44fd8e659e,ca8b2d1318a114f0efef6accb358b8cace2a39a81a2f7847234bc0180a0c65eb,1032840.1319279672,0.11,10440.021927967202,71,10440.021927967202,resnet50,2.9000060911020005
f8a0e46efc7202b8d1ce896a4e0919f3b3e6d496c244a3a4c5b74ef135416264,8d17c87072bc8c74616a437e888ded668d9ee836df0c328c2347331a1313c096,831242.0060260296,0.044,10441.962026029592,57,10441.962026029592,efficientnet,2.900545007230442
c8c43e1a911f29e5506460a2fbef61ff39723d672f3b3b67d12d4c236c6872f7,653cdbc309bc359f3289d3b4df21c4a8e478d22946b35cbfdab05377dcacd3e0,1032880.5214600564,5.198,10475.323460056446,71,10475.323460056446,distilgpt2,2.909812072237902
c8c43e1a911f29e5506460a2fbef61ff39723d672f3b3b67d12d4c236c6872f7,653cdbc309bc359f3289d3b4df21c4a8e478d22946b35cbfdab05377dcacd3e0,1032915.3847959042,4.459,10510.925795904128,71,10510.925795904128,distilgpt2,2.919701609973369
f8a0e46efc7202b8d1ce896a4e0919f3b3e6d496c244a3a4c5b74ef135416264,8d17c87072bc8c74616a437e888ded668d9ee836df0c328c2347331a1313c096,831362.1855859756,0.016,10562.169585975702,57,10562.169585975702,efficientnet,2.9339359961043616
68d84244f6a3c212c69884d292b01a04ade8573f6c7b7407e39e0c44fd8e659e,ca8b2d1318a114f0efef6accb358b8cace2a39a81a2f7847234bc0180a0c65eb,1033020.1110389231,0.093,10620.018038923154,71,10620.018038923154,resnet50,2.9500050108119873
c8c43e1a911f29e5506460a2fbef61ff39723d672f3b3b67d12d4c236c6872f7,653cdbc309bc359f3289d3b4df21c4a8e478d22946b35cbfdab05377dcacd3e0,1033075.112420082,5.896,10669.216420082026,71,10669.216420082026,distilgpt2,2.963671227800563
f8a0e46efc7202b8d1ce896a4e0919f3b3e6d496c244a3a4c5b74ef135416264,8d17c87072bc8c74616a437e888ded668d9ee836df0c328c2347331a1313c096,831482.2721800804,0.018,10682.254180080374,57,10682.254180080374,efficientnet,2.9672928278001036
c8c43e1a911f29e5506460a2fbef61ff39723d672f3b3b67d12d4c236c6872f7,653cdbc309bc359f3289d3b4df21c4a8e478d22946b35cbfdab05377dcacd3e0,1033192.0910658836,2.175,10789.91606588359,71,10789.91606588359,distilgpt2,2.997198907189886
68d84244f6a3c212c69884d292b01a04ade8573f6c7b7407e39e0c44fd8e659e,ca8b2d1318a114f0efef6accb358b8cace2a39a81a2f7847234bc0180a0c65eb,1033200.1392390728,0.114,10800.025239072856,71,10800.025239072856,resnet50,3.0000070108535715
f8a0e46efc7202b8d1ce896a4e0919f3b3e6d496c244a3a4c5b74ef135416264,8d17c87072bc8c74616a437e888ded668d9ee836df0c328c2347331a1313c096,831602.1278150082,0.02,10802.107815008145,57,10802.107815008145,efficientnet,3.0005855041689293
c8c43e1a911f29e5506460a2fbef61ff39723d672f3b3b67d12d4c236c6872f7,653cdbc309bc359f3289d3b4df21c4a8e478d22946b35cbfdab05377dcacd3e0,1033218.8239459991,2.303,10816.52094599919,71,10816.52094599919,distilgpt2,3.0045891516664414
f8a0e46efc7202b8d1ce896a4e0919f3b3e6d496c244a3a4c5b74ef135416264,8d17c87072bc8c74616a437e888ded668d9ee836df0c328c2347331a1313c096,831722.1330549717,0.025,10922.108054971672,57,10922.108054971672,efficientnet,3.0339189041587975
938e7f49544b3293cd6cc7ec3e63e1751085cf5cb6a004dcc9e94543934f607b,6b2db95773685aa6d1f646584bbe1252579a0513df8057fba88b144d32d85816,1076553.4947900772,2.72,10950.774790077237,74,10950.774790077237,inception,3.041881886132566
938e7f49544b3293cd6cc7ec3e63e1751085cf5cb6a004dcc9e94543934f607b,6b2db95773685aa6d1f646584bbe1252579a0513df8057fba88b144d32d85816,1076553.5123779774,2.665,10950.847377977334,74,10950.847377977334,inception,3.041902049438148
938e7f49544b3293cd6cc7ec3e63e1751085cf5cb6a004dcc9e94543934f607b,6b2db95773685aa6d1f646584bbe1252579a0513df8057fba88b144d32d85816,1076553.3921580317,2.481,10950.911158031784,74,10950.911158031784,inception,3.04191976611994
68d84244f6a3c212c69884d292b01a04ade8573f6c7b7407e39e0c44fd8e659e,ca8b2d1318a114f0efef6accb358b8cace2a39a81a2f7847234bc0180a0c65eb,1033380.132536888,0.117,10980.015536888037,71,10980.015536888037,resnet50,3.0500043158022323
f8a0e46efc7202b8d1ce896a4e0919f3b3e6d496c244a3a4c5b74ef135416264,8d17c87072bc8c74616a437e888ded668d9ee836df0c328c2347331a1313c096,831842.2878379822,0.019,11042.268837982207,57,11042.268837982207,efficientnet,3.067296899439502
938e7f49544b3293cd6cc7ec3e63e1751085cf5cb6a004dcc9e94543934f607b,6b2db95773685aa6d1f646584bbe1252579a0513df8057fba88b144d32d85816,1076642.8224298954,0.214,11042.608429895481,74,11042.608429895481,inception,3.0673912305265225
938e7f49544b3293cd6cc7ec3e63e1751085cf5cb6a004dcc9e94543934f607b,6b2db95773685aa6d1f646584bbe1252579a0513df8057fba88b144d32d85816,1076672.4184219835,0.022,11072.396421983372,74,11072.396421983372,inception,3.075665672773159
938e7f49544b3293cd6cc7ec3e63e1751085cf5cb6a004dcc9e94543934f607b,6b2db95773685aa6d1f646584bbe1252579a0513df8057fba88b144d32d85816,1076672.425004959,0.023,11072.402004959062,74,11072.402004959062,inception,3.0756672235997393
938e7f49544b3293cd6cc7ec3e63e1751085cf5cb6a004dcc9e94543934f607b,6b2db95773685aa6d1f646584bbe1252579a0513df8057fba88b144d32d85816,1076708.3320400715,0.067,11108.265040071448,74,11108.265040071448,inception,3.0856291777976246
938e7f49544b3293cd6cc7ec3e63e1751085cf5cb6a004dcc9e94543934f607b,6b2db95773685aa6d1f646584bbe1252579a0513df8057fba88b144d32d85816,1076708.3219959736,0.055,11108.266995973652,74,11108.266995973652,inception,3.085629721103792
938e7f49544b3293cd6cc7ec3e63e1751085cf5cb6a004dcc9e94543934f607b,6b2db95773685aa6d1f646584bbe1252579a0513df8057fba88b144d32d85816,1076720.1958360672,0.027,11120.168836067198,74,11120.168836067198,inception,3.088935787796444
938e7f49544b3293cd6cc7ec3e63e1751085cf5cb6a004dcc9e94543934f607b,6b2db95773685aa6d1f646584bbe1252579a0513df8057fba88b144d32d85816,1076720.1834230423,0.012,11120.171423042193,74,11120.171423042193,inception,3.0889365064006093
938e7f49544b3293cd6cc7ec3e63e1751085cf5cb6a004dcc9e94543934f607b,6b2db95773685aa6d1f646584bbe1252579a0513df8057fba88b144d32d85816,1076758.886852026,0.06,11158.82685202593,74,11158.82685202593,inception,3.0996741255627582
938e7f49544b3293cd6cc7ec3e63e1751085cf5cb6a004dcc9e94543934f607b,6b2db95773685aa6d1f646584bbe1252579a0513df8057fba88b144d32d85816,1076758.8555920124,0.02,11158.835592012387,74,11158.835592012387,inception,3.0996765533367743
68d84244f6a3c212c69884d292b01a04ade8573f6c7b7407e39e0c44fd8e659e,ca8b2d1318a114f0efef6accb358b8cace2a39a81a2f7847234bc0180a0c65eb,1033560.1571381092,0.124,11160.033138109255,71,11160.033138109255,resnet50,3.1000092050303487
f8a0e46efc7202b8d1ce896a4e0919f3b3e6d496c244a3a4c5b74ef135416264,8d17c87072bc8c74616a437e888ded668d9ee836df0c328c2347331a1313c096,831961.9743568897,0.02,11161.954356889706,57,11161.954356889706,efficientnet,3.1005428769138073
938e7f49544b3293cd6cc7ec3e63e1751085cf5cb6a004dcc9e94543934f607b,6b2db95773685aa6d1f646584bbe1252579a0513df8057fba88b144d32d85816,1076778.1971371174,0.036,11178.161137117306,74,11178.161137117306,inception,3.1050447603103626
938e7f49544b3293cd6cc7ec3e63e1751085cf5cb6a004dcc9e94543934f607b,6b2db95773685aa6d1f646584bbe1252579a0513df8057fba88b144d32d85816,1076801.6109659672,0.04,11201.570965967141,74,11201.570965967141,inception,3.111547490546428
938e7f49544b3293cd6cc7ec3e63e1751085cf5cb6a004dcc9e94543934f607b,6b2db95773685aa6d1f646584bbe1252579a0513df8057fba88b144d32d85816,1076801.5903580189,0.017,11201.573358018883,74,11201.573358018883,inception,3.111548155005245
938e7f49544b3293cd6cc7ec3e63e1751085cf5cb6a004dcc9e94543934f607b,6b2db95773685aa6d1f646584bbe1252579a0513df8057fba88b144d32d85816,1076834.175741911,0.054,11234.12174191093,74,11234.12174191093,inception,3.1205893727530363
938e7f49544b3293cd6cc7ec3e63e1751085cf5cb6a004dcc9e94543934f607b,6b2db95773685aa6d1f646584bbe1252579a0513df8057fba88b144d32d85816,1076841.546829939,0.014,11241.532829938922,74,11241.532829938922,inception,3.1226480083163675
938e7f49544b3293cd6cc7ec3e63e1751085cf5cb6a004dcc9e94543934f607b,6b2db95773685aa6d1f646584bbe1252579a0513df8057fba88b144d32d85816,1076842.071078062,0.027,11242.044078062056,74,11242.044078062056,inception,3.122790021683904
938e7f49544b3293cd6cc7ec3e63e1751085cf5cb6a004dcc9e94543934f607b,6b2db95773685aa6d1f646584bbe1252579a0513df8057fba88b144d32d85816,1076842.1012740135,0.055,11242.046274013584,74,11242.046274013584,inception,3.12279063167044
938e7f49544b3293cd6cc7ec3e63e1751085cf5cb6a004dcc9e94543934f607b,6b2db95773685aa6d1f646584bbe1252579a0513df8057fba88b144d32d85816,1076848.9858629704,0.026,11248.959862970281,74,11248.959862970281,inception,3.1247110730473002
938e7f49544b3293cd6cc7ec3e63e1751085cf5cb6a004dcc9e94543934f607b,6b2db95773685aa6d1f646584bbe1252579a0513df8057fba88b144d32d85816,1076850.1571478844,0.157,11250.000147884479,74,11250.000147884479,inception,3.125000041079022
938e7f49544b3293cd6cc7ec3e63e1751085cf5cb6a004dcc9e94543934f607b,6b2db95773685aa6d1f646584bbe1252579a0513df8057fba88b144d32d85816,1076850.1772809029,0.167,11250.010280902963,74,11250.010280902963,inception,3.1250028558063785
938e7f49544b3293cd6cc7ec3e63e1751085cf5cb6a004dcc9e94543934f607b,6b2db95773685aa6d1f646584bbe1252579a0513df8057fba88b144d32d85816,1076850.277312994,0.265,11250.012312994106,74,11250.012312994106,inception,3.1250034202761405
938e7f49544b3293cd6cc7ec3e63e1751085cf5cb6a004dcc9e94543934f607b,6b2db95773685aa6d1f646584bbe1252579a0513df8057fba88b144d32d85816,1076850.305068016,0.202,11250.103068016004,74,11250.103068016004,inception,3.1250286300044454
938e7f49544b3293cd6cc7ec3e63e1751085cf5cb6a004dcc9e94543934f607b,6b2db95773685aa6d1f646584bbe1252579a0513df8057fba88b144d32d85816,1076857.8778939247,0.024,11257.853893924737,74,11257.853893924737,inception,3.127181637201316
938e7f49544b3293cd6cc7ec3e63e1751085cf5cb6a004dcc9e94543934f607b,6b2db95773685aa6d1f646584bbe1252579a0513df8057fba88b144d32d85816,1076857.8811531067,0.022,11257.859153106576,74,11257.859153106576,inception,3.12718309808516
938e7f49544b3293cd6cc7ec3e63e1751085cf5cb6a004dcc9e94543934f607b,6b2db95773685aa6d1f646584bbe1252579a0513df8057fba88b144d32d85816,1076877.7741088867,0.022,11277.752108886605,74,11277.752108886605,inception,3.132708919135168
938e7f49544b3293cd6cc7ec3e63e1751085cf5cb6a004dcc9e94543934f607b,6b2db95773685aa6d1f646584bbe1252579a0513df8057fba88b144d32d85816,1076877.7856268885,0.031,11277.754626888549,74,11277.754626888549,inception,3.1327096185801526
938e7f49544b3293cd6cc7ec3e63e1751085cf5cb6a004dcc9e94543934f607b,6b2db95773685aa6d1f646584bbe1252579a0513df8057fba88b144d32d85816,1076880.122245073,0.014,11280.10824507312,74,11280.10824507312,inception,3.1333634014091998
f8a0e46efc7202b8d1ce896a4e0919f3b3e6d496c244a3a4c5b74ef135416264,8d17c87072bc8c74616a437e888ded668d9ee836df0c328c2347331a1313c096,832082.4664399624,0.027,11282.439439962385,57,11282.439439962385,efficientnet,3.134010955545107
938e7f49544b3293cd6cc7ec3e63e1751085cf5cb6a004dcc9e94543934f607b,6b2db95773685aa6d1f646584bbe1252579a0513df8057fba88b144d32d85816,1076887.3188130856,0.015,11287.303813085658,74,11287.303813085658,inception,3.1353621703015717
938e7f49544b3293cd6cc7ec3e63e1751085cf5cb6a004dcc9e94543934f607b,6b2db95773685aa6d1f646584bbe1252579a0513df8057fba88b144d32d85816,1076897.0295779705,0.012,11297.0175779704,74,11297.0175779704,inception,3.138060438325111
938e7f49544b3293cd6cc7ec3e63e1751085cf5cb6a004dcc9e94543934f607b,6b2db95773685aa6d1f646584bbe1252579a0513df8057fba88b144d32d85816,1076928.759702921,0.022,11328.7377029208,74,11328.7377029208,inception,3.146871584144667
938e7f49544b3293cd6cc7ec3e63e1751085cf5cb6a004dcc9e94543934f607b,6b2db95773685aa6d1f646584bbe1252579a0513df8057fba88b144d32d85816,1076939.3228600023,0.023,11339.29986000224,74,11339.29986000224,inception,3.149805516667289
938e7f49544b3293cd6cc7ec3e63e1751085cf5cb6a004dcc9e94543934f607b,6b2db95773685aa6d1f646584bbe1252579a0513df8057fba88b144d32d85816,1076939.3522880075,0.05,11339.302288007457,74,11339.302288007457,inception,3.1498061911131825
68d84244f6a3c212c69884d292b01a04ade8573f6c7b7407e39e0c44fd8e659e,ca8b2d1318a114f0efef6accb358b8cace2a39a81a2f7847234bc0180a0c65eb,1033740.1323730946,0.109,11340.023373094504,71,11340.023373094504,resnet50,3.150006492526251
938e7f49544b3293cd6cc7ec3e63e1751085cf5cb6a004dcc9e94543934f607b,6b2db95773685aa6d1f646584bbe1252579a0513df8057fba88b144d32d85816,1076959.999780893,0.03,11359.969780893065,74,11359.969780893065,inception,3.1555471613591846
938e7f49544b3293cd6cc7ec3e63e1751085cf5cb6a004dcc9e94543934f607b,6b2db95773685aa6d1f646584bbe1252579a0513df8057fba88b144d32d85816,1076976.1351320744,0.039,11376.09613207425,74,11376.09613207425,inception,3.1600267033539584
938e7f49544b3293cd6cc7ec3e63e1751085cf5cb6a004dcc9e94543934f607b,6b2db95773685aa6d1f646584bbe1252579a0513df8057fba88b144d32d85816,1076987.9169499874,0.035,11387.881949987495,74,11387.881949987495,inception,3.163300541663193
938e7f49544b3293cd6cc7ec3e63e1751085cf5cb6a004dcc9e94543934f607b,6b2db95773685aa6d1f646584bbe1252579a0513df8057fba88b144d32d85816,1076987.9477701187,0.059,11387.888770118821,74,11387.888770118821,inception,3.163302436144117
f8a0e46efc7202b8d1ce896a4e0919f3b3e6d496c244a3a4c5b74ef135416264,8d17c87072bc8c74616a437e888ded668d9ee836df0c328c2347331a1313c096,832202.0952908993,0.018,11402.077290899237,57,11402.077290899237,efficientnet,3.167243691916455
938e7f49544b3293cd6cc7ec3e63e1751085cf5cb6a004dcc9e94543934f607b,6b2db95773685aa6d1f646584bbe1252579a0513df8057fba88b144d32d85816,1077007.2923109531,0.028,11407.264310953207,74,11407.264310953207,inception,3.1686845308203355
938e7f49544b3293cd6cc7ec3e63e1751085cf5cb6a004dcc9e94543934f607b,6b2db95773685aa6d1f646584bbe1252579a0513df8057fba88b144d32d85816,1077050.134948969,0.021,11450.113948968938,74,11450.113948968938,inception,3.1805872080469273
938e7f49544b3293cd6cc7ec3e63e1751085cf5cb6a004dcc9e94543934f607b,6b2db95773685aa6d1f646584bbe1252579a0513df8057fba88b144d32d85816,1077087.7200651169,0.122,11487.598065116908,74,11487.598065116908,inception,3.1909994625324747
938e7f49544b3293cd6cc7ec3e63e1751085cf5cb6a004dcc9e94543934f607b,6b2db95773685aa6d1f646584bbe1252579a0513df8057fba88b144d32d85816,1077087.7119960785,0.088,11487.623996078502,74,11487.623996078502,inception,3.191006665577362
68d84244f6a3c212c69884d292b01a04ade8573f6c7b7407e39e0c44fd8e659e,ca8b2d1318a114f0efef6accb358b8cace2a39a81a2f7847234bc0180a0c65eb,1033920.1075930597,0.093,11520.014593059663,71,11520.014593059663,resnet50,3.200004053627684
f8a0e46efc7202b8d1ce896a4e0919f3b3e6d496c244a3a4c5b74ef135416264,8d17c87072bc8c74616a437e888ded668d9ee836df0c328c2347331a1313c096,832322.1418299675,0.016,11522.125829967554,57,11522.125829967554,efficientnet,3.2005905083243205
938e7f49544b3293cd6cc7ec3e63e1751085cf5cb6a004dcc9e94543934f607b,6b2db95773685aa6d1f646584bbe1252579a0513df8057fba88b144d32d85816,1077143.1095950603,0.035,11543.074595060432,74,11543.074595060432,inception,3.206409609739009
938e7f49544b3293cd6cc7ec3e63e1751085cf5cb6a004dcc9e94543934f607b,6b2db95773685aa6d1f646584bbe1252579a0513df8057fba88b144d32d85816,1077166.07476902,0.026,11566.04876902001,74,11566.04876902001,inception,3.2127913247277804
f8a0e46efc7202b8d1ce896a4e0919f3b3e6d496c244a3a4c5b74ef135416264,8d17c87072bc8c74616a437e888ded668d9ee836df0c328c2347331a1313c096,832442.0275540352,0.016,11642.011554035242,57,11642.011554035242,efficientnet,3.2338920983431225
68d84244f6a3c212c69884d292b01a04ade8573f6c7b7407e39e0c44fd8e659e,ca8b2d1318a114f0efef6accb358b8cace2a39a81a2f7847234bc0180a0c65eb,1034100.1266489028,0.109,11700.017648902722,71,11700.017648902722,resnet50,3.2500049024729782
938e7f49544b3293cd6cc7ec3e63e1751085cf5cb6a004dcc9e94543934f607b,6b2db95773685aa6d1f646584bbe1252579a0513df8057fba88b144d32d85816,1077308.006016016,0.093,11707.913016015897,74,11707.913016015897,inception,3.2521980600044156
938e7f49544b3293cd6cc7ec3e63e1751085cf5cb6a004dcc9e94543934f607b,6b2db95773685aa6d1f646584bbe1252579a0513df8057fba88b144d32d85816,1077308.005038023,0.086,11707.919038023101,74,11707.919038023101,inception,3.2521997327841947
f8a0e46efc7202b8d1ce896a4e0919f3b3e6d496c244a3a4c5b74ef135416264,8d17c87072bc8c74616a437e888ded668d9ee836df0c328c2347331a1313c096,832562.0097999573,0.016,11761.99379995733,57,11761.99379995733,efficientnet,3.2672204999881473
938e7f49544b3293cd6cc7ec3e63e1751085cf5cb6a004dcc9e94543934f607b,6b2db95773685aa6d1f646584bbe1252579a0513df8057fba88b144d32d85816,1077403.3488619328,0.058,11803.290861932794,74,11803.290861932794,inception,3.2786919060924427
938e7f49544b3293cd6cc7ec3e63e1751085cf5cb6a004dcc9e94543934f607b,6b2db95773685aa6d1f646584bbe1252579a0513df8057fba88b144d32d85816,1077407.810612917,0.017,11807.793612916954,74,11807.793612916954,inception,3.279942670254709
938e7f49544b3293cd6cc7ec3e63e1751085cf5cb6a004dcc9e94543934f607b,6b2db95773685aa6d1f646584bbe1252579a0513df8057fba88b144d32d85816,1077427.294625044,0.033,11827.261625044048,74,11827.261625044048,inception,3.2853504514011242
938e7f49544b3293cd6cc7ec3e63e1751085cf5cb6a004dcc9e94543934f607b,6b2db95773685aa6d1f646584bbe1252579a0513df8057fba88b144d32d85816,1077427.3062269688,0.042,11827.264226968866,74,11827.264226968866,inception,3.285351174158018
938e7f49544b3293cd6cc7ec3e63e1751085cf5cb6a004dcc9e94543934f607b,6b2db95773685aa6d1f646584bbe1252579a0513df8057fba88b144d32d85816,1077427.3432769775,0.078,11827.26527697756,74,11827.26527697756,inception,3.2853514658271
938e7f49544b3293cd6cc7ec3e63e1751085cf5cb6a004dcc9e94543934f607b,6b2db95773685aa6d1f646584bbe1252579a0513df8057fba88b144d32d85816,1077451.0968489647,0.085,11851.011848964728,74,11851.011848964728,inception,3.291947735823536
938e7f49544b3293cd6cc7ec3e63e1751085cf5cb6a004dcc9e94543934f607b,6b2db95773685aa6d1f646584bbe1252579a0513df8057fba88b144d32d85816,1077462.0385301113,0.028,11862.01053011138,74,11862.01053011138,inception,3.2950029250309387
938e7f49544b3293cd6cc7ec3e63e1751085cf5cb6a004dcc9e94543934f607b,6b2db95773685aa6d1f646584bbe1252579a0513df8057fba88b144d32d85816,1077462.0569889543,0.043,11862.013988954248,74,11862.013988954248,inception,3.2950038858206243
938e7f49544b3293cd6cc7ec3e63e1751085cf5cb6a004dcc9e94543934f607b,6b2db95773685aa6d1f646584bbe1252579a0513df8057fba88b144d32d85816,1077471.782362938,0.015,11871.76736293803,74,11871.76736293803,inception,3.297713156371675
68d84244f6a3c212c69884d292b01a04ade8573f6c7b7407e39e0c44fd8e659e,ca8b2d1318a114f0efef6accb358b8cace2a39a81a2f7847234bc0180a0c65eb,1034280.1265211104,0.1,11880.026521110442,71,11880.026521110442,resnet50,3.3000073669751226
938e7f49544b3293cd6cc7ec3e63e1751085cf5cb6a004dcc9e94543934f607b,6b2db95773685aa6d1f646584bbe1252579a0513df8057fba88b144d32d85816,1077481.6605830193,0.014,11881.64658301929,74,11881.64658301929,inception,3.300457384172025
f8a0e46efc7202b8d1ce896a4e0919f3b3e6d496c244a3a4c5b74ef135416264,8d17c87072bc8c74616a437e888ded668d9ee836df0c328c2347331a1313c096,832682.0125908852,0.019,11881.993590885191,57,11881.993590885191,efficientnet,3.3005537752458864
938e7f49544b3293cd6cc7ec3e63e1751085cf5cb6a004dcc9e94543934f607b,6b2db95773685aa6d1f646584bbe1252579a0513df8057fba88b144d32d85816,1077490.814454079,0.015,11890.79945407901,74,11890.79945407901,inception,3.3029998483552805
938e7f49544b3293cd6cc7ec3e63e1751085cf5cb6a004dcc9e94543934f607b,6b2db95773685aa6d1f646584bbe1252579a0513df8057fba88b144d32d85816,1077494.039299965,0.021,11894.018299964955,74,11894.018299964955,inception,3.3038939722124874
938e7f49544b3293cd6cc7ec3e63e1751085cf5cb6a004dcc9e94543934f607b,6b2db95773685aa6d1f646584bbe1252579a0513df8057fba88b144d32d85816,1077592.0943050385,0.094,11992.000305038411,74,11992.000305038411,inception,3.331111195844003
f8a0e46efc7202b8d1ce896a4e0919f3b3e6d496c244a3a4c5b74ef135416264,8d17c87072bc8c74616a437e888ded668d9ee836df0c328c2347331a1313c096,832802.0927670002,0.024,12002.068767000223,57,12002.068767000223,efficientnet,3.3339079908333953
938e7f49544b3293cd6cc7ec3e63e1751085cf5cb6a004dcc9e94543934f607b,6b2db95773685aa6d1f646584bbe1252579a0513df8057fba88b144d32d85816,1077622.440509081,0.034,12022.406509080902,74,12022.406509080902,inception,3.339557363633584
938e7f49544b3293cd6cc7ec3e63e1751085cf5cb6a004dcc9e94543934f607b,6b2db95773685aa6d1f646584bbe1252579a0513df8057fba88b144d32d85816,1077633.274707079,0.015,12033.259707079036,74,12033.259707079036,inception,3.342572140855288
68d84244f6a3c212c69884d292b01a04ade8573f6c7b7407e39e0c44fd8e659e,ca8b2d1318a114f0efef6accb358b8cace2a39a81a2f7847234bc0180a0c65eb,1034460.1266069412,0.109,12060.017606941168,71,12060.017606941168,resnet50,3.350004890816991
f8a0e46efc7202b8d1ce896a4e0919f3b3e6d496c244a3a4c5b74ef135416264,8d17c87072bc8c74616a437e888ded668d9ee836df0c328c2347331a1313c096,832922.0048890114,0.028,12121.976889011334,57,12121.976889011334,efficientnet,3.3672158025031482
938e7f49544b3293cd6cc7ec3e63e1751085cf5cb6a004dcc9e94543934f607b,6b2db95773685aa6d1f646584bbe1252579a0513df8057fba88b144d32d85816,1077739.5902791023,1.447,12138.143279102398,74,12138.143279102398,inception,3.371706466417333
938e7f49544b3293cd6cc7ec3e63e1751085cf5cb6a004dcc9e94543934f607b,6b2db95773685aa6d1f646584bbe1252579a0513df8057fba88b144d32d85816,1077739.409778118,1.149,12138.260778117925,74,12138.260778117925,inception,3.371739105032757
938e7f49544b3293cd6cc7ec3e63e1751085cf5cb6a004dcc9e94543934f607b,6b2db95773685aa6d1f646584bbe1252579a0513df8057fba88b144d32d85816,1077766.7833878994,0.019,12166.764387899311,74,12166.764387899311,inception,3.379656774416475
938e7f49544b3293cd6cc7ec3e63e1751085cf5cb6a004dcc9e94543934f607b,6b2db95773685aa6d1f646584bbe1252579a0513df8057fba88b144d32d85816,1077776.467252016,0.043,12176.424252016004,74,12176.424252016004,inception,3.3823400700044455
938e7f49544b3293cd6cc7ec3e63e1751085cf5cb6a004dcc9e94543934f607b,6b2db95773685aa6d1f646584bbe1252579a0513df8057fba88b144d32d85816,1077796.46885705,0.022,12196.446857049828,74,12196.446857049828,inception,3.3879019047360632
938e7f49544b3293cd6cc7ec3e63e1751085cf5cb6a004dcc9e94543934f607b,6b2db95773685aa6d1f646584bbe1252579a0513df8057fba88b144d32d85816,1077825.2168049812,0.019,12225.197804981144,74,12225.197804981144,inception,3.395888279161429
938e7f49544b3293cd6cc7ec3e63e1751085cf5cb6a004dcc9e94543934f607b,6b2db95773685aa6d1f646584bbe1252579a0513df8057fba88b144d32d85816,1077836.7387340069,0.021,12236.717734006932,74,12236.717734006932,inception,3.39908825944637
68d84244f6a3c212c69884d292b01a04ade8573f6c7b7407e39e0c44fd8e659e,ca8b2d1318a114f0efef6accb358b8cace2a39a81a2f7847234bc0180a0c65eb,1034640.1389110088,0.125,12240.013911008835,71,12240.013911008835,resnet50,3.4000038641691206
f8a0e46efc7202b8d1ce896a4e0919f3b3e6d496c244a3a4c5b74ef135416264,8d17c87072bc8c74616a437e888ded668d9ee836df0c328c2347331a1313c096,833042.3758890629,0.026,12242.349889062927,57,12242.349889062927,efficientnet,3.4006527469619243
938e7f49544b3293cd6cc7ec3e63e1751085cf5cb6a004dcc9e94543934f607b,6b2db95773685aa6d1f646584bbe1252579a0513df8057fba88b144d32d85816,1077888.5315730572,0.055,12288.47657305724,74,12288.47657305724,inception,3.413465714738122
938e7f49544b3293cd6cc7ec3e63e1751085cf5cb6a004dcc9e94543934f607b,6b2db95773685aa6d1f646584bbe1252579a0513df8057fba88b144d32d85816,1077898.4695129397,0.037,12298.432512939675,74,12298.432512939675,inception,3.416231253594354
938e7f49544b3293cd6cc7ec3e63e1751085cf5cb6a004dcc9e94543934f607b,6b2db95773685aa6d1f646584bbe1252579a0513df8057fba88b144d32d85816,1077925.5475039482,0.035,12325.512503948295,74,12325.512503948295,inception,3.423753473318971
938e7f49544b3293cd6cc7ec3e63e1751085cf5cb6a004dcc9e94543934f607b,6b2db95773685aa6d1f646584bbe1252579a0513df8057fba88b144d32d85816,1077925.594461918,0.073,12325.521461918019,74,12325.521461918019,inception,3.423755961643894
f8a0e46efc7202b8d1ce896a4e0919f3b3e6d496c244a3a4c5b74ef135416264,8d17c87072bc8c74616a437e888ded668d9ee836df0c328c2347331a1313c096,833162.0447399616,0.017,12362.027739961632,57,12362.027739961632,efficientnet,3.4338965944337865
68d84244f6a3c212c69884d292b01a04ade8573f6c7b7407e39e0c44fd8e659e,ca8b2d1318a114f0efef6accb358b8cace2a39a81a2f7847234bc0180a0c65eb,1034820.22350502,0.202,12420.021505019977,71,12420.021505019977,resnet50,3.45000597361666
938e7f49544b3293cd6cc7ec3e63e1751085cf5cb6a004dcc9e94543934f607b,6b2db95773685aa6d1f646584bbe1252579a0513df8057fba88b144d32d85816,1078034.0787689686,0.075,12434.003768968629,74,12434.003768968629,inception,3.453889935824619
938e7f49544b3293cd6cc7ec3e63e1751085cf5cb6a004dcc9e94543934f607b,6b2db95773685aa6d1f646584bbe1252579a0513df8057fba88b144d32d85816,1078034.0994830132,0.082,12434.017483013216,74,12434.017483013216,inception,3.453893745281449
938e7f49544b3293cd6cc7ec3e63e1751085cf5cb6a004dcc9e94543934f607b,6b2db95773685aa6d1f646584bbe1252579a0513df8057fba88b144d32d85816,1078049.2701449394,0.042,12449.228144939523,74,12449.228144939523,inception,3.4581189291498675
938e7f49544b3293cd6cc7ec3e63e1751085cf5cb6a004dcc9e94543934f607b,6b2db95773685aa6d1f646584bbe1252579a0513df8057fba88b144d32d85816,1078049.2695178986,0.037,12449.232517898548,74,12449.232517898548,inception,3.458120143860708
938e7f49544b3293cd6cc7ec3e63e1751085cf5cb6a004dcc9e94543934f607b,6b2db95773685aa6d1f646584bbe1252579a0513df8057fba88b144d32d85816,1078049.3138079643,0.079,12449.234807964414,74,12449.234807964414,inception,3.4581207799901152
938e7f49544b3293cd6cc7ec3e63e1751085cf5cb6a004dcc9e94543934f607b,6b2db95773685aa6d1f646584bbe1252579a0513df8057fba88b144d32d85816,1078049.2837080956,0.038,12449.245708095608,74,12449.245708095608,inception,3.4581238078043355
f8a0e46efc7202b8d1ce896a4e0919f3b3e6d496c244a3a4c5b74ef135416264,8d17c87072bc8c74616a437e888ded668d9ee836df0c328c2347331a1313c096,833282.3855140209,0.017,12482.368514020927,57,12482.368514020927,efficientnet,3.467324587228035
938e7f49544b3293cd6cc7ec3e63e1751085cf5cb6a004dcc9e94543934f607b,6b2db95773685aa6d1f646584bbe1252579a0513df8057fba88b144d32d85816,1078086.250540018,0.017,12486.23354001809,74,12486.23354001809,inception,3.46839820556058
938e7f49544b3293cd6cc7ec3e63e1751085cf5cb6a004dcc9e94543934f607b,6b2db95773685aa6d1f646584bbe1252579a0513df8057fba88b144d32d85816,1078100.256841898,0.013,12500.243841897929,74,12500.243841897929,inception,3.4722899560827583
68d84244f6a3c212c69884d292b01a04ade8573f6c7b7407e39e0c44fd8e659e,ca8b2d1318a114f0efef6accb358b8cace2a39a81a2f7847234bc0180a0c65eb,1035000.120059967,0.095,12600.025059967069,71,12600.025059967069,resnet50,3.5000069611019637
f8a0e46efc7202b8d1ce896a4e0919f3b3e6d496c244a3a4c5b74ef135416264,8d17c87072bc8c74616a437e888ded668d9ee836df0c328c2347331a1313c096,833401.8860778809,0.018,12601.86807788082,57,12601.86807788082,efficientnet,3.50051891052245
938e7f49544b3293cd6cc7ec3e63e1751085cf5cb6a004dcc9e94543934f607b,6b2db95773685aa6d1f646584bbe1252579a0513df8057fba88b144d32d85816,1078209.759268999,0.119,12609.640268999152,74,12609.640268999152,inception,3.5026778524997644
938e7f49544b3293cd6cc7ec3e63e1751085cf5cb6a004dcc9e94543934f607b,6b2db95773685aa6d1f646584bbe1252579a0513df8057fba88b144d32d85816,1078209.739171028,0.085,12609.654171027942,74,12609.654171027942,inception,3.5026817141744284
734272c01926d19690e5ec308bab64ef97950b75b1c7582283e0783fce1751d8,9b61fd55aa093a2d172db1a68a60af5cf6cbfa7f5ea1fbc71846027a5954616d,1078234.692039013,21.59,12613.102039012825,74,12613.102039012825,googlenet,3.5036394552813404
734272c01926d19690e5ec308bab64ef97950b75b1c7582283e0783fce1751d8,9b61fd55aa093a2d172db1a68a60af5cf6cbfa7f5ea1fbc71846027a5954616d,1078235.146727085,21.889,12613.257727085147,74,12613.257727085147,googlenet,3.5036827019680965
734272c01926d19690e5ec308bab64ef97950b75b1c7582283e0783fce1751d8,9b61fd55aa093a2d172db1a68a60af5cf6cbfa7f5ea1fbc71846027a5954616d,1078234.7424321177,21.483,12613.259432117688,74,12613.259432117688,googlenet,3.5036831755882467
734272c01926d19690e5ec308bab64ef97950b75b1c7582283e0783fce1751d8,9b61fd55aa093a2d172db1a68a60af5cf6cbfa7f5ea1fbc71846027a5954616d,1078234.7617340088,21.502,12613.259734008694,74,12613.259734008694,googlenet,3.5036832594468597
734272c01926d19690e5ec308bab64ef97950b75b1c7582283e0783fce1751d8,9b61fd55aa093a2d172db1a68a60af5cf6cbfa7f5ea1fbc71846027a5954616d,1078234.4239509106,21.164,12613.259950910462,74,12613.259950910462,googlenet,3.5036833196973505
734272c01926d19690e5ec308bab64ef97950b75b1c7582283e0783fce1751d8,9b61fd55aa093a2d172db1a68a60af5cf6cbfa7f5ea1fbc71846027a5954616d,1078234.693087101,21.433,12613.260087101022,74,12613.260087101022,googlenet,3.5036833575280615
734272c01926d19690e5ec308bab64ef97950b75b1c7582283e0783fce1751d8,9b61fd55aa093a2d172db1a68a60af5cf6cbfa7f5ea1fbc71846027a5954616d,1078234.7103910446,21.449,12613.261391044594,74,12613.261391044594,googlenet,3.5036837197346093
734272c01926d19690e5ec308bab64ef97950b75b1c7582283e0783fce1751d8,9b61fd55aa093a2d172db1a68a60af5cf6cbfa7f5ea1fbc71846027a5954616d,1078234.779818058,21.518,12613.26181805809,74,12613.26181805809,googlenet,3.5036838383494695
734272c01926d19690e5ec308bab64ef97950b75b1c7582283e0783fce1751d8,9b61fd55aa093a2d172db1a68a60af5cf6cbfa7f5ea1fbc71846027a5954616d,1078234.6970319748,21.435,12613.262031974737,74,12613.262031974737,googlenet,3.50368389777076
734272c01926d19690e5ec308bab64ef97950b75b1c7582283e0783fce1751d8,9b61fd55aa093a2d172db1a68a60af5cf6cbfa7f5ea1fbc71846027a5954616d,1078234.6943759918,21.432,12613.262375991791,74,12613.262375991791,googlenet,3.503683993331053
734272c01926d19690e5ec308bab64ef97950b75b1c7582283e0783fce1751d8,9b61fd55aa093a2d172db1a68a60af5cf6cbfa7f5ea1fbc71846027a5954616d,1078234.7565610409,21.494,12613.26256104093,74,12613.26256104093,googlenet,3.5036840447335917
734272c01926d19690e5ec308bab64ef97950b75b1c7582283e0783fce1751d8,9b61fd55aa093a2d172db1a68a60af5cf6cbfa7f5ea1fbc71846027a5954616d,1078234.695894003,21.428,12613.267894002842,74,12613.267894002842,googlenet,3.5036855261119006
734272c01926d19690e5ec308bab64ef97950b75b1c7582283e0783fce1751d8,9b61fd55aa093a2d172db1a68a60af5cf6cbfa7f5ea1fbc71846027a5954616d,1078234.781117916,21.513,12613.268117916072,74,12613.268117916072,googlenet,3.5036855883100197
734272c01926d19690e5ec308bab64ef97950b75b1c7582283e0783fce1751d8,9b61fd55aa093a2d172db1a68a60af5cf6cbfa7f5ea1fbc71846027a5954616d,1078234.7089800837,21.44,12613.268980083754,74,12613.268980083754,googlenet,3.5036858278010428
734272c01926d19690e5ec308bab64ef97950b75b1c7582283e0783fce1751d8,9b61fd55aa093a2d172db1a68a60af5cf6cbfa7f5ea1fbc71846027a5954616d,1078234.7503869534,21.481,12613.269386953441,74,12613.269386953441,googlenet,3.5036859408204
734272c01926d19690e5ec308bab64ef97950b75b1c7582283e0783fce1751d8,9b61fd55aa093a2d172db1a68a60af5cf6cbfa7f5ea1fbc71846027a5954616d,1078234.332103014,21.055,12613.277103014058,74,12613.277103014058,googlenet,3.5036880841705713
938e7f49544b3293cd6cc7ec3e63e1751085cf5cb6a004dcc9e94543934f607b,6b2db95773685aa6d1f646584bbe1252579a0513df8057fba88b144d32d85816,1078220.0413880348,0.038,12620.003388034878,74,12620.003388034878,inception,3.505556496676355
938e7f49544b3293cd6cc7ec3e63e1751085cf5cb6a004dcc9e94543934f607b,6b2db95773685aa6d1f646584bbe1252579a0513df8057fba88b144d32d85816,1078223.54312706,0.048,12623.495127059985,74,12623.495127059985,inception,3.506526424183329
938e7f49544b3293cd6cc7ec3e63e1751085cf5cb6a004dcc9e94543934f607b,6b2db95773685aa6d1f646584bbe1252579a0513df8057fba88b144d32d85816,1078230.119323969,0.022,12630.097323968774,74,12630.097323968774,inception,3.5083603677691038
734272c01926d19690e5ec308bab64ef97950b75b1c7582283e0783fce1751d8,9b61fd55aa093a2d172db1a68a60af5cf6cbfa7f5ea1fbc71846027a5954616d,1078238.7014639378,3.303,12635.398463937687,74,12635.398463937687,googlenet,3.5098329066493577
734272c01926d19690e5ec308bab64ef97950b75b1c7582283e0783fce1751d8,9b61fd55aa093a2d172db1a68a60af5cf6cbfa7f5ea1fbc71846027a5954616d,1078238.445939064,3.047,12635.398939064005,74,12635.398939064005,googlenet,3.5098330386288903
734272c01926d19690e5ec308bab64ef97950b75b1c7582283e0783fce1751d8,9b61fd55aa093a2d172db1a68a60af5cf6cbfa7f5ea1fbc71846027a5954616d,1078238.4445168972,3.045,12635.399516897276,74,12635.399516897276,googlenet,3.509833199138132
734272c01926d19690e5ec308bab64ef97950b75b1c7582283e0783fce1751d8,9b61fd55aa093a2d172db1a68a60af5cf6cbfa7f5ea1fbc71846027a5954616d,1078238.65396595,3.254,12635.399965950055,74,12635.399965950055,googlenet,3.5098333238750152
734272c01926d19690e5ec308bab64ef97950b75b1c7582283e0783fce1751d8,9b61fd55aa093a2d172db1a68a60af5cf6cbfa7f5ea1fbc71846027a5954616d,1078238.3722970486,2.96,12635.412297048606,74,12635.412297048606,googlenet,3.5098367491801685
938e7f49544b3293cd6cc7ec3e63e1751085cf5cb6a004dcc9e94543934f607b,6b2db95773685aa6d1f646584bbe1252579a0513df8057fba88b144d32d85816,1078244.3489689827,0.016,12644.332968982635,74,12644.332968982635,inception,3.5123147136062873
938e7f49544b3293cd6cc7ec3e63e1751085cf5cb6a004dcc9e94543934f607b,6b2db95773685aa6d1f646584bbe1252579a0513df8057fba88b144d32d85816,1078250.0835359097,0.025,12650.058535909746,74,12650.058535909746,inception,3.5139051488638184
938e7f49544b3293cd6cc7ec3e63e1751085cf5cb6a004dcc9e94543934f607b,6b2db95773685aa6d1f646584bbe1252579a0513df8057fba88b144d32d85816,1078250.0923690796,0.031,12650.06136907963,74,12650.06136907963,inception,3.513905935855453
938e7f49544b3293cd6cc7ec3e63e1751085cf5cb6a004dcc9e94543934f607b,6b2db95773685aa6d1f646584bbe1252579a0513df8057fba88b144d32d85816,1078250.1286010742,0.065,12650.063601074275,74,12650.063601074275,inception,3.513906555853965
f8a0e46efc7202b8d1ce896a4e0919f3b3e6d496c244a3a4c5b74ef135416264,8d17c87072bc8c74616a437e888ded668d9ee836df0c328c2347331a1313c096,833521.9578518867,0.021,12721.9368518868,57,12721.9368518868,efficientnet,3.533871347746333
938e7f49544b3293cd6cc7ec3e63e1751085cf5cb6a004dcc9e94543934f607b,6b2db95773685aa6d1f646584bbe1252579a0513df8057fba88b144d32d85816,1078333.509743929,0.054,12733.455743928906,74,12733.455743928906,inception,3.5370710399802516
68d84244f6a3c212c69884d292b01a04ade8573f6c7b7407e39e0c44fd8e659e,ca8b2d1318a114f0efef6accb358b8cace2a39a81a2f7847234bc0180a0c65eb,1035180.1151530744,0.093,12780.022153074387,71,12780.022153074387,resnet50,3.550006153631774
938e7f49544b3293cd6cc7ec3e63e1751085cf5cb6a004dcc9e94543934f607b,6b2db95773685aa6d1f646584bbe1252579a0513df8057fba88b144d32d85816,1078419.3120720389,0.178,12819.13407203881,74,12819.13407203881,inception,3.5608705755663363
f8a0e46efc7202b8d1ce896a4e0919f3b3e6d496c244a3a4c5b74ef135416264,8d17c87072bc8c74616a437e888ded668d9ee836df0c328c2347331a1313c096,833642.0833110809,0.035,12842.0483110809,57,12842.0483110809,efficientnet,3.5672356419669167
938e7f49544b3293cd6cc7ec3e63e1751085cf5cb6a004dcc9e94543934f607b,6b2db95773685aa6d1f646584bbe1252579a0513df8057fba88b144d32d85816,1078449.6766819954,0.042,12849.634681995492,74,12849.634681995492,inception,3.56934296722097
938e7f49544b3293cd6cc7ec3e63e1751085cf5cb6a004dcc9e94543934f607b,6b2db95773685aa6d1f646584bbe1252579a0513df8057fba88b144d32d85816,1078449.7084999084,0.06,12849.648499908391,74,12849.648499908391,inception,3.5693468055301087
68d84244f6a3c212c69884d292b01a04ade8573f6c7b7407e39e0c44fd8e659e,ca8b2d1318a114f0efef6accb358b8cace2a39a81a2f7847234bc0180a0c65eb,1035360.1294369698,0.11,12960.019436969771,71,12960.019436969771,resnet50,3.60000539915827
c8c43e1a911f29e5506460a2fbef61ff39723d672f3b3b67d12d4c236c6872f7,653cdbc309bc359f3289d3b4df21c4a8e478d22946b35cbfdab05377dcacd3e0,1035394.668291092,32.902,12961.766291092033,71,12961.766291092033,distilgpt2,3.6004906364144538
f8a0e46efc7202b8d1ce896a4e0919f3b3e6d496c244a3a4c5b74ef135416264,8d17c87072bc8c74616a437e888ded668d9ee836df0c328c2347331a1313c096,833761.8167030811,0.019,12961.79770308116,57,12961.79770308116,efficientnet,3.600499361966989
938e7f49544b3293cd6cc7ec3e63e1751085cf5cb6a004dcc9e94543934f607b,6b2db95773685aa6d1f646584bbe1252579a0513df8057fba88b144d32d85816,1078564.3996260166,0.094,12964.305626016576,74,12964.305626016576,inception,3.6011960072268265
938e7f49544b3293cd6cc7ec3e63e1751085cf5cb6a004dcc9e94543934f607b,6b2db95773685aa6d1f646584bbe1252579a0513df8057fba88b144d32d85816,1078574.3062040806,0.022,12974.284204080468,74,12974.284204080468,inception,3.6039678344667965
938e7f49544b3293cd6cc7ec3e63e1751085cf5cb6a004dcc9e94543934f607b,6b2db95773685aa6d1f646584bbe1252579a0513df8057fba88b144d32d85816,1078594.206252098,0.014,12994.192252098117,74,12994.192252098117,inception,3.6094978478050326
c8c43e1a911f29e5506460a2fbef61ff39723d672f3b3b67d12d4c236c6872f7,653cdbc309bc359f3289d3b4df21c4a8e478d22946b35cbfdab05377dcacd3e0,1035430.8901638984,4.923,13025.9671638984,71,13025.9671638984,distilgpt2,3.618324212194
938e7f49544b3293cd6cc7ec3e63e1751085cf5cb6a004dcc9e94543934f607b,6b2db95773685aa6d1f646584bbe1252579a0513df8057fba88b144d32d85816,1078640.4201509953,0.309,13040.111150995363,74,13040.111150995363,inception,3.622253097498712
938e7f49544b3293cd6cc7ec3e63e1751085cf5cb6a004dcc9e94543934f607b,6b2db95773685aa6d1f646584bbe1252579a0513df8057fba88b144d32d85816,1078649.6770250795,0.016,13049.661025079433,74,13049.661025079433,inception,3.6249058402998426
c8c43e1a911f29e5506460a2fbef61ff39723d672f3b3b67d12d4c236c6872f7,653cdbc309bc359f3289d3b4df21c4a8e478d22946b35cbfdab05377dcacd3e0,1035463.525386095,2.304,13061.221386095043,71,13061.221386095043,distilgpt2,3.6281170516930676
938e7f49544b3293cd6cc7ec3e63e1751085cf5cb6a004dcc9e94543934f607b,6b2db95773685aa6d1f646584bbe1252579a0513df8057fba88b144d32d85816,1078664.2527151108,0.013,13064.239715110743,74,13064.239715110743,inception,3.6289554764196508
938e7f49544b3293cd6cc7ec3e63e1751085cf5cb6a004dcc9e94543934f607b,6b2db95773685aa6d1f646584bbe1252579a0513df8057fba88b144d32d85816,1078680.9119479656,0.014,13080.897947965655,74,13080.897947965655,inception,3.633582763323793
f8a0e46efc7202b8d1ce896a4e0919f3b3e6d496c244a3a4c5b74ef135416264,8d17c87072bc8c74616a437e888ded668d9ee836df0c328c2347331a1313c096,833882.1174221039,0.021,13082.096422103932,57,13082.096422103932,efficientnet,3.6339156728066477
938e7f49544b3293cd6cc7ec3e63e1751085cf5cb6a004dcc9e94543934f607b,6b2db95773685aa6d1f646584bbe1252579a0513df8057fba88b144d32d85816,1078684.0613369942,0.013,13084.048336994136,74,13084.048336994136,inception,3.63445787138726
938e7f49544b3293cd6cc7ec3e63e1751085cf5cb6a004dcc9e94543934f607b,6b2db95773685aa6d1f646584bbe1252579a0513df8057fba88b144d32d85816,1078692.6330189705,0.049,13092.584018970374,74,13092.584018970374,inception,3.636828894158437
c8c43e1a911f29e5506460a2fbef61ff39723d672f3b3b67d12d4c236c6872f7,653cdbc309bc359f3289d3b4df21c4a8e478d22946b35cbfdab05377dcacd3e0,1035498.7729640008,2.258,13096.514964000788,71,13096.514964000788,distilgpt2,3.6379208233335523
938e7f49544b3293cd6cc7ec3e63e1751085cf5cb6a004dcc9e94543934f607b,6b2db95773685aa6d1f646584bbe1252579a0513df8057fba88b144d32d85816,1078701.6535999775,0.018,13101.63559997757,74,13101.63559997757,inception,3.6393432222159916
938e7f49544b3293cd6cc7ec3e63e1751085cf5cb6a004dcc9e94543934f607b,6b2db95773685aa6d1f646584bbe1252579a0513df8057fba88b144d32d85816,1078710.5016419888,0.014,13110.487641988788,74,13110.487641988788,inception,3.641802122774663
938e7f49544b3293cd6cc7ec3e63e1751085cf5cb6a004dcc9e94543934f607b,6b2db95773685aa6d1f646584bbe1252579a0513df8057fba88b144d32d85816,1078712.885142088,0.014,13112.87114208797,74,13112.87114208797,inception,3.6424642061355472
c8c43e1a911f29e5506460a2fbef61ff39723d672f3b3b67d12d4c236c6872f7,653cdbc309bc359f3289d3b4df21c4a8e478d22946b35cbfdab05377dcacd3e0,1035536.7224349976,7.304,13129.418434997555,71,13129.418434997555,distilgpt2,3.6470606763882096
938e7f49544b3293cd6cc7ec3e63e1751085cf5cb6a004dcc9e94543934f607b,6b2db95773685aa6d1f646584bbe1252579a0513df8057fba88b144d32d85816,1078730.2041740415,0.023,13130.18117404147,74,13130.18117404147,inception,3.6472725483448527
68d84244f6a3c212c69884d292b01a04ade8573f6c7b7407e39e0c44fd8e659e,ca8b2d1318a114f0efef6accb358b8cace2a39a81a2f7847234bc0180a0c65eb,1035540.1285779476,0.109,13140.019577947562,71,13140.019577947562,resnet50,3.6500054383187672
c8c43e1a911f29e5506460a2fbef61ff39723d672f3b3b67d12d4c236c6872f7,653cdbc309bc359f3289d3b4df21c4a8e478d22946b35cbfdab05377dcacd3e0,1035567.8143270016,23.907,13143.907327001565,71,13143.907327001565,distilgpt2,3.651085368611546
f8a0e46efc7202b8d1ce896a4e0919f3b3e6d496c244a3a4c5b74ef135416264,8d17c87072bc8c74616a437e888ded668d9ee836df0c328c2347331a1313c096,834001.8605771065,0.029,13201.831577106495,57,13201.831577106495,efficientnet,3.667175438085138
734272c01926d19690e5ec308bab64ef97950b75b1c7582283e0783fce1751d8,9b61fd55aa093a2d172db1a68a60af5cf6cbfa7f5ea1fbc71846027a5954616d,1078819.2531859877,0.034,13219.21918598772,74,13219.21918598772,googlenet,3.6720053294410335
734272c01926d19690e5ec308bab64ef97950b75b1c7582283e0783fce1751d8,9b61fd55aa093a2d172db1a68a60af5cf6cbfa7f5ea1fbc71846027a5954616d,1078819.2581510544,0.038,13219.22015105444,74,13219.22015105444,googlenet,3.6720055975151222
734272c01926d19690e5ec308bab64ef97950b75b1c7582283e0783fce1751d8,9b61fd55aa093a2d172db1a68a60af5cf6cbfa7f5ea1fbc71846027a5954616d,1078819.5909678936,0.37,13219.220967893489,74,13219.220967893489,googlenet,3.672005824414858
734272c01926d19690e5ec308bab64ef97950b75b1c7582283e0783fce1751d8,9b61fd55aa093a2d172db1a68a60af5cf6cbfa7f5ea1fbc71846027a5954616d,1078819.2890570164,0.068,13219.221057016402,74,13219.221057016402,googlenet,3.672005849171223
734272c01926d19690e5ec308bab64ef97950b75b1c7582283e0783fce1751d8,9b61fd55aa093a2d172db1a68a60af5cf6cbfa7f5ea1fbc71846027a5954616d,1078819.299993992,0.078,13219.221993992105,74,13219.221993992105,googlenet,3.6720061094422514
734272c01926d19690e5ec308bab64ef97950b75b1c7582283e0783fce1751d8,9b61fd55aa093a2d172db1a68a60af5cf6cbfa7f5ea1fbc71846027a5954616d,1078819.654335022,0.432,13219.222335021943,74,13219.222335021943,googlenet,3.672006204172762
734272c01926d19690e5ec308bab64ef97950b75b1c7582283e0783fce1751d8,9b61fd55aa093a2d172db1a68a60af5cf6cbfa7f5ea1fbc71846027a5954616d,1078819.3695800304,0.147,13219.222580030328,74,13219.222580030328,googlenet,3.6720062722306466
734272c01926d19690e5ec308bab64ef97950b75b1c7582283e0783fce1751d8,9b61fd55aa093a2d172db1a68a60af5cf6cbfa7f5ea1fbc71846027a5954616d,1078819.3188319206,0.096,13219.22283192072,74,13219.22283192072,googlenet,3.6720063422002003
734272c01926d19690e5ec308bab64ef97950b75b1c7582283e0783fce1751d8,9b61fd55aa093a2d172db1a68a60af5cf6cbfa7f5ea1fbc71846027a5954616d,1078819.7824220655,0.559,13219.22342206561,74,13219.22342206561,googlenet,3.6720065061293363
734272c01926d19690e5ec308bab64ef97950b75b1c7582283e0783fce1751d8,9b61fd55aa093a2d172db1a68a60af5cf6cbfa7f5ea1fbc71846027a5954616d,1078819.3486380577,0.125,13219.223638057709,74,13219.223638057709,googlenet,3.6720065661271413
734272c01926d19690e5ec308bab64ef97950b75b1c7582283e0783fce1751d8,9b61fd55aa093a2d172db1a68a60af5cf6cbfa7f5ea1fbc71846027a5954616d,1078819.4208180904,0.197,13219.223818090511,74,13219.223818090511,googlenet,3.6720066161362532
734272c01926d19690e5ec308bab64ef97950b75b1c7582283e0783fce1751d8,9b61fd55aa093a2d172db1a68a60af5cf6cbfa7f5ea1fbc71846027a5954616d,1078819.3651490211,0.14,13219.225149021251,74,13219.225149021251,googlenet,3.6720069858392366
734272c01926d19690e5ec308bab64ef97950b75b1c7582283e0783fce1751d8,9b61fd55aa093a2d172db1a68a60af5cf6cbfa7f5ea1fbc71846027a5954616d,1078819.384278059,0.156,13219.228278059047,74,13219.228278059047,googlenet,3.672007855016402
734272c01926d19690e5ec308bab64ef97950b75b1c7582283e0783fce1751d8,9b61fd55aa093a2d172db1a68a60af5cf6cbfa7f5ea1fbc71846027a5954616d,1078819.4003388882,0.171,13219.229338888079,74,13219.229338888079,googlenet,3.672008149691133
734272c01926d19690e5ec308bab64ef97950b75b1c7582283e0783fce1751d8,9b61fd55aa093a2d172db1a68a60af5cf6cbfa7f5ea1fbc71846027a5954616d,1078819.4110350609,0.181,13219.230035060784,74,13219.230035060784,googlenet,3.67200834307244
734272c01926d19690e5ec308bab64ef97950b75b1c7582283e0783fce1751d8,9b61fd55aa093a2d172db1a68a60af5cf6cbfa7f5ea1fbc71846027a5954616d,1078819.8263759613,0.596,13219.2303759614,74,13219.2303759614,googlenet,3.672008437767056
734272c01926d19690e5ec308bab64ef97950b75b1c7582283e0783fce1751d8,9b61fd55aa093a2d172db1a68a60af5cf6cbfa7f5ea1fbc71846027a5954616d,1078819.9995520115,0.266,13219.733552011428,74,13219.733552011428,googlenet,3.6721482088920636
734272c01926d19690e5ec308bab64ef97950b75b1c7582283e0783fce1751d8,9b61fd55aa093a2d172db1a68a60af5cf6cbfa7f5ea1fbc71846027a5954616d,1078820.005079985,0.271,13219.734079984948,74,13219.734079984948,googlenet,3.6721483555513745
734272c01926d19690e5ec308bab64ef97950b75b1c7582283e0783fce1751d8,9b61fd55aa093a2d172db1a68a60af5cf6cbfa7f5ea1fbc71846027a5954616d,1078819.9424788952,0.208,13219.734478895087,74,13219.734478895087,googlenet,3.6721484663597463
734272c01926d19690e5ec308bab64ef97950b75b1c7582283e0783fce1751d8,9b61fd55aa093a2d172db1a68a60af5cf6cbfa7f5ea1fbc71846027a5954616d,1078819.936496973,0.202,13219.73449697299,74,13219.73449697299,googlenet,3.672148471381386
734272c01926d19690e5ec308bab64ef97950b75b1c7582283e0783fce1751d8,9b61fd55aa093a2d172db1a68a60af5cf6cbfa7f5ea1fbc71846027a5954616d,1078819.8451740742,0.11,13219.73517407407,74,13219.73517407407,googlenet,3.6721486594650194
c8c43e1a911f29e5506460a2fbef61ff39723d672f3b3b67d12d4c236c6872f7,653cdbc309bc359f3289d3b4df21c4a8e478d22946b35cbfdab05377dcacd3e0,1035623.5253899096,2.607,13220.918389909668,71,13220.918389909668,distilgpt2,3.672477330530463
c8c43e1a911f29e5506460a2fbef61ff39723d672f3b3b67d12d4c236c6872f7,653cdbc309bc359f3289d3b4df21c4a8e478d22946b35cbfdab05377dcacd3e0,1035663.408869028,22.034,13241.37486902799,71,13241.37486902799,distilgpt2,3.6781596858411083
c8c43e1a911f29e5506460a2fbef61ff39723d672f3b3b67d12d4c236c6872f7,653cdbc309bc359f3289d3b4df21c4a8e478d22946b35cbfdab05377dcacd3e0,1035692.5472989082,4.111,13288.4362989082,71,13288.4362989082,distilgpt2,3.691232305252278
68d84244f6a3c212c69884d292b01a04ade8573f6c7b7407e39e0c44fd8e659e,ca8b2d1318a114f0efef6accb358b8cace2a39a81a2f7847234bc0180a0c65eb,1035720.1201229095,0.093,13320.027122909552,71,13320.027122909552,resnet50,3.7000075341415424
938e7f49544b3293cd6cc7ec3e63e1751085cf5cb6a004dcc9e94543934f607b,6b2db95773685aa6d1f646584bbe1252579a0513df8057fba88b144d32d85816,1078920.7152090073,0.075,13320.64020900731,74,13320.64020900731,inception,3.7001778358353636
f8a0e46efc7202b8d1ce896a4e0919f3b3e6d496c244a3a4c5b74ef135416264,8d17c87072bc8c74616a437e888ded668d9ee836df0c328c2347331a1313c096,834122.095580101,0.031,13322.064580101054,57,13322.064580101054,efficientnet,3.700573494472515
c8c43e1a911f29e5506460a2fbef61ff39723d672f3b3b67d12d4c236c6872f7,653cdbc309bc359f3289d3b4df21c4a8e478d22946b35cbfdab05377dcacd3e0,1035784.564975977,11.259,13373.305975976982,71,13373.305975976982,distilgpt2,3.7148072155491616
c8c43e1a911f29e5506460a2fbef61ff39723d672f3b3b67d12d4c236c6872f7,653cdbc309bc359f3289d3b4df21c4a8e478d22946b35cbfdab05377dcacd3e0,1035789.356142044,2.129,13387.227142043994,71,13387.227142043994,distilgpt2,3.7186742061233318
c8c43e1a911f29e5506460a2fbef61ff39723d672f3b3b67d12d4c236c6872f7,653cdbc309bc359f3289d3b4df21c4a8e478d22946b35cbfdab05377dcacd3e0,1035800.6840529442,3.559,13397.125052944175,71,13397.125052944175,distilgpt2,3.7214236258178266
c8c43e1a911f29e5506460a2fbef61ff39723d672f3b3b67d12d4c236c6872f7,653cdbc309bc359f3289d3b4df21c4a8e478d22946b35cbfdab05377dcacd3e0,1035858.3040881156,17.082,13441.222088115523,71,13441.222088115523,distilgpt2,3.7336728022543118
f8a0e46efc7202b8d1ce896a4e0919f3b3e6d496c244a3a4c5b74ef135416264,8d17c87072bc8c74616a437e888ded668d9ee836df0c328c2347331a1313c096,834242.107968092,0.025,13442.082968091941,57,13442.082968091941,efficientnet,3.733911935581095
c8c43e1a911f29e5506460a2fbef61ff39723d672f3b3b67d12d4c236c6872f7,653cdbc309bc359f3289d3b4df21c4a8e478d22946b35cbfdab05377dcacd3e0,1035848.3588819504,2.991,13445.36788195034,71,13445.36788195034,distilgpt2,3.7348244116528724
c8c43e1a911f29e5506460a2fbef61ff39723d672f3b3b67d12d4c236c6872f7,653cdbc309bc359f3289d3b4df21c4a8e478d22946b35cbfdab05377dcacd3e0,1035876.485086918,2.16,13474.325086917961,71,13474.325086917961,distilgpt2,3.742868079699434
68d84244f6a3c212c69884d292b01a04ade8573f6c7b7407e39e0c44fd8e659e,ca8b2d1318a114f0efef6accb358b8cace2a39a81a2f7847234bc0180a0c65eb,1035900.1057059764,0.093,13500.012705976376,71,13500.012705976376,resnet50,3.7500035294378824
938e7f49544b3293cd6cc7ec3e63e1751085cf5cb6a004dcc9e94543934f607b,6b2db95773685aa6d1f646584bbe1252579a0513df8057fba88b144d32d85816,1079110.4393999577,0.129,13510.3103999577,74,13510.3103999577,inception,3.75286399998825
938e7f49544b3293cd6cc7ec3e63e1751085cf5cb6a004dcc9e94543934f607b,6b2db95773685aa6d1f646584bbe1252579a0513df8057fba88b144d32d85816,1079110.433549881,0.107,13510.326549880905,74,13510.326549880905,inception,3.7528684860780293
c8c43e1a911f29e5506460a2fbef61ff39723d672f3b3b67d12d4c236c6872f7,653cdbc309bc359f3289d3b4df21c4a8e478d22946b35cbfdab05377dcacd3e0,1035919.2048969268,4.273,13514.931896926719,71,13514.931896926719,distilgpt2,3.754147749146311
c8c43e1a911f29e5506460a2fbef61ff39723d672f3b3b67d12d4c236c6872f7,653cdbc309bc359f3289d3b4df21c4a8e478d22946b35cbfdab05377dcacd3e0,1035935.281826973,3.248,13532.03382697294,71,13532.03382697294,distilgpt2,3.758898285270261
938e7f49544b3293cd6cc7ec3e63e1751085cf5cb6a004dcc9e94543934f607b,6b2db95773685aa6d1f646584bbe1252579a0513df8057fba88b144d32d85816,1079150.50167799,0.025,13550.476677990053,74,13550.476677990053,inception,3.7640212994416813
c8c43e1a911f29e5506460a2fbef61ff39723d672f3b3b67d12d4c236c6872f7,653cdbc309bc359f3289d3b4df21c4a8e478d22946b35cbfdab05377dcacd3e0,1035963.7491369247,4.426,13559.323136924766,71,13559.323136924766,distilgpt2,3.7664786491457685
f8a0e46efc7202b8d1ce896a4e0919f3b3e6d496c244a3a4c5b74ef135416264,8d17c87072bc8c74616a437e888ded668d9ee836df0c328c2347331a1313c096,834361.764070034,0.02,13561.744070034008,57,13561.744070034008,efficientnet,3.7671511305650025
938e7f49544b3293cd6cc7ec3e63e1751085cf5cb6a004dcc9e94543934f607b,6b2db95773685aa6d1f646584bbe1252579a0513df8057fba88b144d32d85816,1079172.3440549374,0.024,13572.320054937387,74,13572.320054937387,inception,3.770088904149274
938e7f49544b3293cd6cc7ec3e63e1751085cf5cb6a004dcc9e94543934f607b,6b2db95773685aa6d1f646584bbe1252579a0513df8057fba88b144d32d85816,1079172.355103016,0.032,13572.32310301601,74,13572.32310301601,inception,3.7700897508377804
c8c43e1a911f29e5506460a2fbef61ff39723d672f3b3b67d12d4c236c6872f7,653cdbc309bc359f3289d3b4df21c4a8e478d22946b35cbfdab05377dcacd3e0,1035996.63498497,2.216,13594.418984969961,71,13594.418984969961,distilgpt2,3.7762274958249895
c8c43e1a911f29e5506460a2fbef61ff39723d672f3b3b67d12d4c236c6872f7,653cdbc309bc359f3289d3b4df21c4a8e478d22946b35cbfdab05377dcacd3e0,1035998.9271030426,2.007,13596.92010304262,71,13596.92010304262,distilgpt2,3.776922250845172
938e7f49544b3293cd6cc7ec3e63e1751085cf5cb6a004dcc9e94543934f607b,6b2db95773685aa6d1f646584bbe1252579a0513df8057fba88b144d32d85816,1079201.3836739063,0.055,13601.328673906391,74,13601.328673906391,inception,3.7781468538628866
938e7f49544b3293cd6cc7ec3e63e1751085cf5cb6a004dcc9e94543934f607b,6b2db95773685aa6d1f646584bbe1252579a0513df8057fba88b144d32d85816,1079220.8296160698,0.02,13620.809616069775,74,13620.809616069775,inception,3.783558226686049
938e7f49544b3293cd6cc7ec3e63e1751085cf5cb6a004dcc9e94543934f607b,6b2db95773685aa6d1f646584bbe1252579a0513df8057fba88b144d32d85816,1079230.3236091137,0.014,13630.309609113727,74,13630.309609113727,inception,3.786197113642702
938e7f49544b3293cd6cc7ec3e63e1751085cf5cb6a004dcc9e94543934f607b,6b2db95773685aa6d1f646584bbe1252579a0513df8057fba88b144d32d85816,1079253.8925049305,0.036,13653.856504930416,74,13653.856504930416,inception,3.792737918036227
046b5f12d0ed300f37f207b6fb77b87e23fad3a7480d764b0f278e9822b945a0,2055fbe5079ed7985f3c32f5c1dab88ca19000a18a09649a9ad4d0b63f3993a5,834472.3724780083,11.559,13660.813478008262,57,13660.813478008262,alexnet,3.7946704105578504
938e7f49544b3293cd6cc7ec3e63e1751085cf5cb6a004dcc9e94543934f607b,6b2db95773685aa6d1f646584bbe1252579a0513df8057fba88b144d32d85816,1079261.4582519531,0.022,13661.436251953011,74,13661.436251953011,inception,3.794843403320281
938e7f49544b3293cd6cc7ec3e63e1751085cf5cb6a004dcc9e94543934f607b,6b2db95773685aa6d1f646584bbe1252579a0513df8057fba88b144d32d85816,1079261.4794158936,0.041,13661.438415893586,74,13661.438415893586,inception,3.7948440044148852
938e7f49544b3293cd6cc7ec3e63e1751085cf5cb6a004dcc9e94543934f607b,6b2db95773685aa6d1f646584bbe1252579a0513df8057fba88b144d32d85816,1079261.5033650398,0.063,13661.440365039743,74,13661.440365039743,inception,3.794844545844373
c8c43e1a911f29e5506460a2fbef61ff39723d672f3b3b67d12d4c236c6872f7,653cdbc309bc359f3289d3b4df21c4a8e478d22946b35cbfdab05377dcacd3e0,1036073.9176340104,5.39,13668.527634010417,71,13668.527634010417,distilgpt2,3.79681323166956
046b5f12d0ed300f37f207b6fb77b87e23fad3a7480d764b0f278e9822b945a0,2055fbe5079ed7985f3c32f5c1dab88ca19000a18a09649a9ad4d0b63f3993a5,834477.9901850224,5.902,13672.088185022352,57,13672.088185022352,alexnet,3.7978022736173203
68d84244f6a3c212c69884d292b01a04ade8573f6c7b7407e39e0c44fd8e659e,ca8b2d1318a114f0efef6accb358b8cace2a39a81a2f7847234bc0180a0c65eb,1036080.08060503,0.062,13680.018605029909,71,13680.018605029909,resnet50,3.800005168063864
938e7f49544b3293cd6cc7ec3e63e1751085cf5cb6a004dcc9e94543934f607b,6b2db95773685aa6d1f646584bbe1252579a0513df8057fba88b144d32d85816,1079280.4553470612,0.032,13680.423347061267,74,13680.423347061267,inception,3.8001175964059075
938e7f49544b3293cd6cc7ec3e63e1751085cf5cb6a004dcc9e94543934f607b,6b2db95773685aa6d1f646584bbe1252579a0513df8057fba88b144d32d85816,1079280.4564108849,0.031,13680.425410884898,74,13680.425410884898,inception,3.8001181696902493
938e7f49544b3293cd6cc7ec3e63e1751085cf5cb6a004dcc9e94543934f607b,6b2db95773685aa6d1f646584bbe1252579a0513df8057fba88b144d32d85816,1079280.4663789272,0.039,13680.427378927125,74,13680.427378927125,inception,3.8001187163686456
f8a0e46efc7202b8d1ce896a4e0919f3b3e6d496c244a3a4c5b74ef135416264,8d17c87072bc8c74616a437e888ded668d9ee836df0c328c2347331a1313c096,834482.1264400482,0.037,13682.089440048207,57,13682.089440048207,efficientnet,3.800580400013391
046b5f12d0ed300f37f207b6fb77b87e23fad3a7480d764b0f278e9822b945a0,2055fbe5079ed7985f3c32f5c1dab88ca19000a18a09649a9ad4d0b63f3993a5,834500.1729578972,5.285,13694.887957897154,57,13694.887957897154,alexnet,3.8041355438603204
c8c43e1a911f29e5506460a2fbef61ff39723d672f3b3b67d12d4c236c6872f7,653cdbc309bc359f3289d3b4df21c4a8e478d22946b35cbfdab05377dcacd3e0,1036105.253175974,5.936,13699.317175974022,71,13699.317175974022,distilgpt2,3.805365882215006
c8c43e1a911f29e5506460a2fbef61ff39723d672f3b3b67d12d4c236c6872f7,653cdbc309bc359f3289d3b4df21c4a8e478d22946b35cbfdab05377dcacd3e0,1036105.5740540028,3.968,13701.606054002768,71,13701.606054002768,distilgpt2,3.8060016816674356
046b5f12d0ed300f37f207b6fb77b87e23fad3a7480d764b0f278e9822b945a0,2055fbe5079ed7985f3c32f5c1dab88ca19000a18a09649a9ad4d0b63f3993a5,834505.1928548813,0.531,13704.661854881328,57,13704.661854881328,alexnet,3.8068505152448133
046b5f12d0ed300f37f207b6fb77b87e23fad3a7480d764b0f278e9822b945a0,2055fbe5079ed7985f3c32f5c1dab88ca19000a18a09649a9ad4d0b63f3993a5,834505.2060239315,0.541,13704.665023931535,57,13704.665023931535,alexnet,3.8068513955365373
046b5f12d0ed300f37f207b6fb77b87e23fad3a7480d764b0f278e9822b945a0,2055fbe5079ed7985f3c32f5c1dab88ca19000a18a09649a9ad4d0b63f3993a5,834521.5071840286,4.745,13716.76218402863,57,13716.76218402863,alexnet,3.8102117177857306
938e7f49544b3293cd6cc7ec3e63e1751085cf5cb6a004dcc9e94543934f607b,6b2db95773685aa6d1f646584bbe1252579a0513df8057fba88b144d32d85816,1079351.1842439177,0.058,13751.126243917737,74,13751.126243917737,inception,3.819757289977149
938e7f49544b3293cd6cc7ec3e63e1751085cf5cb6a004dcc9e94543934f607b,6b2db95773685aa6d1f646584bbe1252579a0513df8057fba88b144d32d85816,1079361.4615199566,0.015,13761.446519956691,74,13761.446519956691,inception,3.8226240333213033
938e7f49544b3293cd6cc7ec3e63e1751085cf5cb6a004dcc9e94543934f607b,6b2db95773685aa6d1f646584bbe1252579a0513df8057fba88b144d32d85816,1079371.8138010502,0.023,13771.790801050141,74,13771.790801050141,inception,3.8254974447361505
938e7f49544b3293cd6cc7ec3e63e1751085cf5cb6a004dcc9e94543934f607b,6b2db95773685aa6d1f646584bbe1252579a0513df8057fba88b144d32d85816,1079371.8419840336,0.049,13771.79298403347,74,13771.79298403347,inception,3.825498051120408
938e7f49544b3293cd6cc7ec3e63e1751085cf5cb6a004dcc9e94543934f607b,6b2db95773685aa6d1f646584bbe1252579a0513df8057fba88b144d32d85816,1079382.909101963,0.039,13782.870101962937,74,13782.870101962937,inception,3.828575028323038
046b5f12d0ed300f37f207b6fb77b87e23fad3a7480d764b0f278e9822b945a0,2055fbe5079ed7985f3c32f5c1dab88ca19000a18a09649a9ad4d0b63f3993a5,834592.0499858856,0.774,13791.275985885644,57,13791.275985885644,alexnet,3.830909996079346
046b5f12d0ed300f37f207b6fb77b87e23fad3a7480d764b0f278e9822b945a0,2055fbe5079ed7985f3c32f5c1dab88ca19000a18a09649a9ad4d0b63f3993a5,834592.0672540665,0.79,13791.27725406643,57,13791.27725406643,alexnet,3.830910348351786
046b5f12d0ed300f37f207b6fb77b87e23fad3a7480d764b0f278e9822b945a0,2055fbe5079ed7985f3c32f5c1dab88ca19000a18a09649a9ad4d0b63f3993a5,834592.0972750187,0.818,13791.279275018722,57,13791.279275018722,alexnet,3.8309109097274225
046b5f12d0ed300f37f207b6fb77b87e23fad3a7480d764b0f278e9822b945a0,2055fbe5079ed7985f3c32f5c1dab88ca19000a18a09649a9ad4d0b63f3993a5,834592.0450549126,0.765,13791.280054912553,57,13791.280054912553,alexnet,3.8309111263645983
f8a0e46efc7202b8d1ce896a4e0919f3b3e6d496c244a3a4c5b74ef135416264,8d17c87072bc8c74616a437e888ded668d9ee836df0c328c2347331a1313c096,834602.2951440811,0.016,13802.27914408117,57,13802.27914408117,efficientnet,3.8339664289114364
c8c43e1a911f29e5506460a2fbef61ff39723d672f3b3b67d12d4c236c6872f7,653cdbc309bc359f3289d3b4df21c4a8e478d22946b35cbfdab05377dcacd3e0,1036215.0710880756,2.947,13812.124088075594,71,13812.124088075594,distilgpt2,3.836701135576554
938e7f49544b3293cd6cc7ec3e63e1751085cf5cb6a004dcc9e94543934f607b,6b2db95773685aa6d1f646584bbe1252579a0513df8057fba88b144d32d85816,1079455.7200620174,0.136,13855.5840620175,74,13855.5840620175,inception,3.8487733505604167
938e7f49544b3293cd6cc7ec3e63e1751085cf5cb6a004dcc9e94543934f607b,6b2db95773685aa6d1f646584bbe1252579a0513df8057fba88b144d32d85816,1079455.6478040218,0.044,13855.603804021841,74,13855.603804021841,inception,3.848778834450511
938e7f49544b3293cd6cc7ec3e63e1751085cf5cb6a004dcc9e94543934f607b,6b2db95773685aa6d1f646584bbe1252579a0513df8057fba88b144d32d85816,1079455.7499051094,0.143,13855.606905109482,74,13855.606905109482,inception,3.848779695863745
938e7f49544b3293cd6cc7ec3e63e1751085cf5cb6a004dcc9e94543934f607b,6b2db95773685aa6d1f646584bbe1252579a0513df8057fba88b144d32d85816,1079455.6742219925,0.048,13855.626221992541,74,13855.626221992541,inception,3.8487850616645947
68d84244f6a3c212c69884d292b01a04ade8573f6c7b7407e39e0c44fd8e659e,ca8b2d1318a114f0efef6accb358b8cace2a39a81a2f7847234bc0180a0c65eb,1036260.1149590017,0.094,13860.020959001617,71,13860.020959001617,resnet50,3.8500058219448934
c8c43e1a911f29e5506460a2fbef61ff39723d672f3b3b67d12d4c236c6872f7,653cdbc309bc359f3289d3b4df21c4a8e478d22946b35cbfdab05377dcacd3e0,1036264.645699978,3.296,13861.349699978018,71,13861.349699978018,distilgpt2,3.8503749166605608
938e7f49544b3293cd6cc7ec3e63e1751085cf5cb6a004dcc9e94543934f607b,6b2db95773685aa6d1f646584bbe1252579a0513df8057fba88b144d32d85816,1079461.6971530914,0.016,13861.68115309137,74,13861.68115309137,inception,3.850466986969825
c8c43e1a911f29e5506460a2fbef61ff39723d672f3b3b67d12d4c236c6872f7,653cdbc309bc359f3289d3b4df21c4a8e478d22946b35cbfdab05377dcacd3e0,1036311.3562910556,19.84,13891.516291055596,71,13891.516291055596,distilgpt2,3.858754525293221
f8a0e46efc7202b8d1ce896a4e0919f3b3e6d496c244a3a4c5b74ef135416264,8d17c87072bc8c74616a437e888ded668d9ee836df0c328c2347331a1313c096,834722.1084189415,0.021,13922.087418941548,57,13922.087418941548,efficientnet,3.8672465052615412
c8c43e1a911f29e5506460a2fbef61ff39723d672f3b3b67d12d4c236c6872f7,653cdbc309bc359f3289d3b4df21c4a8e478d22946b35cbfdab05377dcacd3e0,1036358.5059390068,6.887,13951.618939006818,71,13951.618939006818,distilgpt2,3.8754497052796717
046b5f12d0ed300f37f207b6fb77b87e23fad3a7480d764b0f278e9822b945a0,2055fbe5079ed7985f3c32f5c1dab88ca19000a18a09649a9ad4d0b63f3993a5,834783.5216479301,3.928,13979.593647930189,57,13979.593647930189,alexnet,3.883220457758386
046b5f12d0ed300f37f207b6fb77b87e23fad3a7480d764b0f278e9822b945a0,2055fbe5079ed7985f3c32f5c1dab88ca19000a18a09649a9ad4d0b63f3993a5,834783.5235140324,3.928,13979.595514032408,57,13979.595514032408,alexnet,3.8832209761201133
046b5f12d0ed300f37f207b6fb77b87e23fad3a7480d764b0f278e9822b945a0,2055fbe5079ed7985f3c32f5c1dab88ca19000a18a09649a9ad4d0b63f3993a5,834783.5198578835,3.923,13979.596857883502,57,13979.596857883502,alexnet,3.883221349412084
046b5f12d0ed300f37f207b6fb77b87e23fad3a7480d764b0f278e9822b945a0,2055fbe5079ed7985f3c32f5c1dab88ca19000a18a09649a9ad4d0b63f3993a5,834784.4540269375,4.856,13979.598026937456,57,13979.598026937456,alexnet,3.883221674149293
046b5f12d0ed300f37f207b6fb77b87e23fad3a7480d764b0f278e9822b945a0,2055fbe5079ed7985f3c32f5c1dab88ca19000a18a09649a9ad4d0b63f3993a5,834783.5172150135,3.914,13979.603215013514,57,13979.603215013514,alexnet,3.8832231152815315
046b5f12d0ed300f37f207b6fb77b87e23fad3a7480d764b0f278e9822b945a0,2055fbe5079ed7985f3c32f5c1dab88ca19000a18a09649a9ad4d0b63f3993a5,834783.5156838894,3.909,13979.606683889404,57,13979.606683889404,alexnet,3.883224078858168
046b5f12d0ed300f37f207b6fb77b87e23fad3a7480d764b0f278e9822b945a0,2055fbe5079ed7985f3c32f5c1dab88ca19000a18a09649a9ad4d0b63f3993a5,834786.2539730072,6.641,13979.612973007257,57,13979.612973007257,alexnet,3.8832258258353494
046b5f12d0ed300f37f207b6fb77b87e23fad3a7480d764b0f278e9822b945a0,2055fbe5079ed7985f3c32f5c1dab88ca19000a18a09649a9ad4d0b63f3993a5,834786.0442960262,6.43,13979.614296026179,57,13979.614296026179,alexnet,3.8832261933406054
046b5f12d0ed300f37f207b6fb77b87e23fad3a7480d764b0f278e9822b945a0,2055fbe5079ed7985f3c32f5c1dab88ca19000a18a09649a9ad4d0b63f3993a5,834787.311674118,4.961,13982.350674118032,57,13982.350674118032,alexnet,3.88398629836612
046b5f12d0ed300f37f207b6fb77b87e23fad3a7480d764b0f278e9822b945a0,2055fbe5079ed7985f3c32f5c1dab88ca19000a18a09649a9ad4d0b63f3993a5,834787.3127939701,4.959,13982.353793970076,57,13982.353793970076,alexnet,3.8839871649916877
046b5f12d0ed300f37f207b6fb77b87e23fad3a7480d764b0f278e9822b945a0,2055fbe5079ed7985f3c32f5c1dab88ca19000a18a09649a9ad4d0b63f3993a5,834787.2806990147,4.921,13982.35969901469,57,13982.35969901469,alexnet,3.8839888052818585
046b5f12d0ed300f37f207b6fb77b87e23fad3a7480d764b0f278e9822b945a0,2055fbe5079ed7985f3c32f5c1dab88ca19000a18a09649a9ad4d0b63f3993a5,834787.3310248852,4.969,13982.362024885137,57,13982.362024885137,alexnet,3.8839894513569826
046b5f12d0ed300f37f207b6fb77b87e23fad3a7480d764b0f278e9822b945a0,2055fbe5079ed7985f3c32f5c1dab88ca19000a18a09649a9ad4d0b63f3993a5,834787.3044979572,4.942,13982.36249795719,57,13982.36249795719,alexnet,3.8839895827658864
046b5f12d0ed300f37f207b6fb77b87e23fad3a7480d764b0f278e9822b945a0,2055fbe5079ed7985f3c32f5c1dab88ca19000a18a09649a9ad4d0b63f3993a5,834787.2789170742,4.915,13982.363917074166,57,13982.363917074166,alexnet,3.8839899769650463
046b5f12d0ed300f37f207b6fb77b87e23fad3a7480d764b0f278e9822b945a0,2055fbe5079ed7985f3c32f5c1dab88ca19000a18a09649a9ad4d0b63f3993a5,834789.9741699696,7.606,13982.36816996953,57,13982.36816996953,alexnet,3.883991158324869
046b5f12d0ed300f37f207b6fb77b87e23fad3a7480d764b0f278e9822b945a0,2055fbe5079ed7985f3c32f5c1dab88ca19000a18a09649a9ad4d0b63f3993a5,834789.4707241058,7.1,13982.370724105858,57,13982.370724105858,alexnet,3.883991867807183
046b5f12d0ed300f37f207b6fb77b87e23fad3a7480d764b0f278e9822b945a0,2055fbe5079ed7985f3c32f5c1dab88ca19000a18a09649a9ad4d0b63f3993a5,834790.0146930218,4.013,13986.001693021739,57,13986.001693021739,alexnet,3.8850004702838166
046b5f12d0ed300f37f207b6fb77b87e23fad3a7480d764b0f278e9822b945a0,2055fbe5079ed7985f3c32f5c1dab88ca19000a18a09649a9ad4d0b63f3993a5,834790.0259349346,4.022,13986.003934934619,57,13986.003934934619,alexnet,3.885001093037394
046b5f12d0ed300f37f207b6fb77b87e23fad3a7480d764b0f278e9822b945a0,2055fbe5079ed7985f3c32f5c1dab88ca19000a18a09649a9ad4d0b63f3993a5,834790.066163063,4.061,13986.005163063062,57,13986.005163063062,alexnet,3.885001434184184
046b5f12d0ed300f37f207b6fb77b87e23fad3a7480d764b0f278e9822b945a0,2055fbe5079ed7985f3c32f5c1dab88ca19000a18a09649a9ad4d0b63f3993a5,834790.0381989479,4.032,13986.0061989479,57,13986.0061989479,alexnet,3.885001721929972
046b5f12d0ed300f37f207b6fb77b87e23fad3a7480d764b0f278e9822b945a0,2055fbe5079ed7985f3c32f5c1dab88ca19000a18a09649a9ad4d0b63f3993a5,834790.0566411018,4.049,13986.007641101838,57,13986.007641101838,alexnet,3.8850021225282885
046b5f12d0ed300f37f207b6fb77b87e23fad3a7480d764b0f278e9822b945a0,2055fbe5079ed7985f3c32f5c1dab88ca19000a18a09649a9ad4d0b63f3993a5,834790.0390970707,3.991,13986.048097070656,57,13986.048097070656,alexnet,3.885013360297404
046b5f12d0ed300f37f207b6fb77b87e23fad3a7480d764b0f278e9822b945a0,2055fbe5079ed7985f3c32f5c1dab88ca19000a18a09649a9ad4d0b63f3993a5,834802.072881937,8.691,13993.381881937035,57,13993.381881937035,alexnet,3.8870505227602874
046b5f12d0ed300f37f207b6fb77b87e23fad3a7480d764b0f278e9822b945a0,2055fbe5079ed7985f3c32f5c1dab88ca19000a18a09649a9ad4d0b63f3993a5,834802.0344929695,8.623,13993.411492969492,57,13993.411492969492,alexnet,3.887058748047081
046b5f12d0ed300f37f207b6fb77b87e23fad3a7480d764b0f278e9822b945a0,2055fbe5079ed7985f3c32f5c1dab88ca19000a18a09649a9ad4d0b63f3993a5,834802.079736948,8.668,13993.411736948066,57,13993.411736948066,alexnet,3.887058815818907
046b5f12d0ed300f37f207b6fb77b87e23fad3a7480d764b0f278e9822b945a0,2055fbe5079ed7985f3c32f5c1dab88ca19000a18a09649a9ad4d0b63f3993a5,834802.104227066,8.692,13993.412227066001,57,13993.412227066001,alexnet,3.887058951962778
046b5f12d0ed300f37f207b6fb77b87e23fad3a7480d764b0f278e9822b945a0,2055fbe5079ed7985f3c32f5c1dab88ca19000a18a09649a9ad4d0b63f3993a5,834802.0716080666,8.462,13993.609608066501,57,13993.609608066501,alexnet,3.8871137800184727
046b5f12d0ed300f37f207b6fb77b87e23fad3a7480d764b0f278e9822b945a0,2055fbe5079ed7985f3c32f5c1dab88ca19000a18a09649a9ad4d0b63f3993a5,834802.2381401062,8.439,13993.799140106188,57,13993.799140106188,alexnet,3.8871664278072746
046b5f12d0ed300f37f207b6fb77b87e23fad3a7480d764b0f278e9822b945a0,2055fbe5079ed7985f3c32f5c1dab88ca19000a18a09649a9ad4d0b63f3993a5,834802.1690149307,8.363,13993.806014930713,57,13993.806014930713,alexnet,3.8871683374807535
046b5f12d0ed300f37f207b6fb77b87e23fad3a7480d764b0f278e9822b945a0,2055fbe5079ed7985f3c32f5c1dab88ca19000a18a09649a9ad4d0b63f3993a5,834802.0841240883,8.151,13993.933124088333,57,13993.933124088333,alexnet,3.8872036455800925
046b5f12d0ed300f37f207b6fb77b87e23fad3a7480d764b0f278e9822b945a0,2055fbe5079ed7985f3c32f5c1dab88ca19000a18a09649a9ad4d0b63f3993a5,834802.2562880516,8.318,13993.938288051635,57,13993.938288051635,alexnet,3.887205080014343
046b5f12d0ed300f37f207b6fb77b87e23fad3a7480d764b0f278e9822b945a0,2055fbe5079ed7985f3c32f5c1dab88ca19000a18a09649a9ad4d0b63f3993a5,834802.0939400196,8.154,13993.939940019627,57,13993.939940019627,alexnet,3.887205538894341
046b5f12d0ed300f37f207b6fb77b87e23fad3a7480d764b0f278e9822b945a0,2055fbe5079ed7985f3c32f5c1dab88ca19000a18a09649a9ad4d0b63f3993a5,834802.2773849964,8.337,13993.940384996356,57,13993.940384996356,alexnet,3.887205662498988
046b5f12d0ed300f37f207b6fb77b87e23fad3a7480d764b0f278e9822b945a0,2055fbe5079ed7985f3c32f5c1dab88ca19000a18a09649a9ad4d0b63f3993a5,834802.2114720345,8.269,13993.942472034483,57,13993.942472034483,alexnet,3.887206242231801
046b5f12d0ed300f37f207b6fb77b87e23fad3a7480d764b0f278e9822b945a0,2055fbe5079ed7985f3c32f5c1dab88ca19000a18a09649a9ad4d0b63f3993a5,834802.2352559566,8.292,13993.943255956634,57,13993.943255956634,alexnet,3.887206459987954
046b5f12d0ed300f37f207b6fb77b87e23fad3a7480d764b0f278e9822b945a0,2055fbe5079ed7985f3c32f5c1dab88ca19000a18a09649a9ad4d0b63f3993a5,834802.276542902,8.328,13993.948542902013,57,13993.948542902013,alexnet,3.8872079285838925
046b5f12d0ed300f37f207b6fb77b87e23fad3a7480d764b0f278e9822b945a0,2055fbe5079ed7985f3c32f5c1dab88ca19000a18a09649a9ad4d0b63f3993a5,834802.2131700516,8.264,13993.949170051608,57,13993.949170051608,alexnet,3.8872081027921133
046b5f12d0ed300f37f207b6fb77b87e23fad3a7480d764b0f278e9822b945a0,2055fbe5079ed7985f3c32f5c1dab88ca19000a18a09649a9ad4d0b63f3993a5,834801.9063360691,7.945,13993.961336069158,57,13993.961336069158,alexnet,3.8872114822414328
c8c43e1a911f29e5506460a2fbef61ff39723d672f3b3b67d12d4c236c6872f7,653cdbc309bc359f3289d3b4df21c4a8e478d22946b35cbfdab05377dcacd3e0,1036408.3175001144,4.888,14003.429500114406,71,14003.429500114406,distilgpt2,3.889841527809557
046b5f12d0ed300f37f207b6fb77b87e23fad3a7480d764b0f278e9822b945a0,2055fbe5079ed7985f3c32f5c1dab88ca19000a18a09649a9ad4d0b63f3993a5,834811.1996700764,0.254,14010.945670076413,57,14010.945670076413,alexnet,3.8919293527990035
c8c43e1a911f29e5506460a2fbef61ff39723d672f3b3b67d12d4c236c6872f7,653cdbc309bc359f3289d3b4df21c4a8e478d22946b35cbfdab05377dcacd3e0,1036421.3286690712,3.457,14017.871669071144,71,14017.871669071144,distilgpt2,3.8938532414086513
046b5f12d0ed300f37f207b6fb77b87e23fad3a7480d764b0f278e9822b945a0,2055fbe5079ed7985f3c32f5c1dab88ca19000a18a09649a9ad4d0b63f3993a5,834825.6669840813,1.416,14024.2509840813,57,14024.2509840813,alexnet,3.8956252733559165
046b5f12d0ed300f37f207b6fb77b87e23fad3a7480d764b0f278e9822b945a0,2055fbe5079ed7985f3c32f5c1dab88ca19000a18a09649a9ad4d0b63f3993a5,834825.1571838856,0.901,14024.25618388562,57,14024.25618388562,alexnet,3.8956267177460053
046b5f12d0ed300f37f207b6fb77b87e23fad3a7480d764b0f278e9822b945a0,2055fbe5079ed7985f3c32f5c1dab88ca19000a18a09649a9ad4d0b63f3993a5,834825.6647810936,1.408,14024.256781093543,57,14024.256781093543,alexnet,3.8956268836370955
046b5f12d0ed300f37f207b6fb77b87e23fad3a7480d764b0f278e9822b945a0,2055fbe5079ed7985f3c32f5c1dab88ca19000a18a09649a9ad4d0b63f3993a5,834825.6018059254,1.344,14024.257805925328,57,14024.257805925328,alexnet,3.895627168312591
046b5f12d0ed300f37f207b6fb77b87e23fad3a7480d764b0f278e9822b945a0,2055fbe5079ed7985f3c32f5c1dab88ca19000a18a09649a9ad4d0b63f3993a5,834825.9274380207,1.605,14024.322438020725,57,14024.322438020725,alexnet,3.8956451216724237
046b5f12d0ed300f37f207b6fb77b87e23fad3a7480d764b0f278e9822b945a0,2055fbe5079ed7985f3c32f5c1dab88ca19000a18a09649a9ad4d0b63f3993a5,834825.9039599895,1.581,14024.322959989542,57,14024.322959989542,alexnet,3.8956452666637618
046b5f12d0ed300f37f207b6fb77b87e23fad3a7480d764b0f278e9822b945a0,2055fbe5079ed7985f3c32f5c1dab88ca19000a18a09649a9ad4d0b63f3993a5,834825.8576779366,1.533,14024.3246779365,57,14024.3246779365,alexnet,3.89564574387125
046b5f12d0ed300f37f207b6fb77b87e23fad3a7480d764b0f278e9822b945a0,2055fbe5079ed7985f3c32f5c1dab88ca19000a18a09649a9ad4d0b63f3993a5,834825.86896801,1.229,14024.639968009898,57,14024.639968009898,alexnet,3.895733324447194
046b5f12d0ed300f37f207b6fb77b87e23fad3a7480d764b0f278e9822b945a0,2055fbe5079ed7985f3c32f5c1dab88ca19000a18a09649a9ad4d0b63f3993a5,834825.8829860687,1.242,14024.640986068756,57,14024.640986068756,alexnet,3.895733607241321
046b5f12d0ed300f37f207b6fb77b87e23fad3a7480d764b0f278e9822b945a0,2055fbe5079ed7985f3c32f5c1dab88ca19000a18a09649a9ad4d0b63f3993a5,834825.8422689438,1.2,14024.642268943833,57,14024.642268943833,alexnet,3.895733963595509
046b5f12d0ed300f37f207b6fb77b87e23fad3a7480d764b0f278e9822b945a0,2055fbe5079ed7985f3c32f5c1dab88ca19000a18a09649a9ad4d0b63f3993a5,834825.8642320633,1.221,14024.643232063274,57,14024.643232063274,alexnet,3.8957342311286873
046b5f12d0ed300f37f207b6fb77b87e23fad3a7480d764b0f278e9822b945a0,2055fbe5079ed7985f3c32f5c1dab88ca19000a18a09649a9ad4d0b63f3993a5,834825.8380510807,1.193,14024.645051080734,57,14024.645051080734,alexnet,3.895734736411315
046b5f12d0ed300f37f207b6fb77b87e23fad3a7480d764b0f278e9822b945a0,2055fbe5079ed7985f3c32f5c1dab88ca19000a18a09649a9ad4d0b63f3993a5,834825.8543889523,1.204,14024.650388952228,57,14024.650388952228,alexnet,3.8957362191533966
046b5f12d0ed300f37f207b6fb77b87e23fad3a7480d764b0f278e9822b945a0,2055fbe5079ed7985f3c32f5c1dab88ca19000a18a09649a9ad4d0b63f3993a5,834825.8954389095,1.244,14024.651438909583,57,14024.651438909583,alexnet,3.8957365108082174
68d84244f6a3c212c69884d292b01a04ade8573f6c7b7407e39e0c44fd8e659e,ca8b2d1318a114f0efef6accb358b8cace2a39a81a2f7847234bc0180a0c65eb,1036440.229872942,0.212,14040.017872941913,71,14040.017872941913,resnet50,3.900004964706087
f8a0e46efc7202b8d1ce896a4e0919f3b3e6d496c244a3a4c5b74ef135416264,8d17c87072bc8c74616a437e888ded668d9ee836df0c328c2347331a1313c096,834842.0525050163,0.021,14042.031505016377,57,14042.031505016377,efficientnet,3.9005643069489935
046b5f12d0ed300f37f207b6fb77b87e23fad3a7480d764b0f278e9822b945a0,2055fbe5079ed7985f3c32f5c1dab88ca19000a18a09649a9ad4d0b63f3993a5,834905.0367329121,0.92,14104.116732912022,57,14104.116732912022,alexnet,3.9178102035866726
046b5f12d0ed300f37f207b6fb77b87e23fad3a7480d764b0f278e9822b945a0,2055fbe5079ed7985f3c32f5c1dab88ca19000a18a09649a9ad4d0b63f3993a5,834904.9258379936,0.807,14104.118837993592,57,14104.118837993592,alexnet,3.917810788331553
046b5f12d0ed300f37f207b6fb77b87e23fad3a7480d764b0f278e9822b945a0,2055fbe5079ed7985f3c32f5c1dab88ca19000a18a09649a9ad4d0b63f3993a5,834904.8880720139,0.768,14104.120072013815,57,14104.120072013815,alexnet,3.9178111311149486
046b5f12d0ed300f37f207b6fb77b87e23fad3a7480d764b0f278e9822b945a0,2055fbe5079ed7985f3c32f5c1dab88ca19000a18a09649a9ad4d0b63f3993a5,834904.927177906,0.805,14104.122177905985,57,14104.122177905985,alexnet,3.9178117160849957
046b5f12d0ed300f37f207b6fb77b87e23fad3a7480d764b0f278e9822b945a0,2055fbe5079ed7985f3c32f5c1dab88ca19000a18a09649a9ad4d0b63f3993a5,834905.0378739834,0.91,14104.12787398335,57,14104.12787398335,alexnet,3.9178132983287086
046b5f12d0ed300f37f207b6fb77b87e23fad3a7480d764b0f278e9822b945a0,2055fbe5079ed7985f3c32f5c1dab88ca19000a18a09649a9ad4d0b63f3993a5,834905.0346980095,0.906,14104.128698009532,57,14104.128698009532,alexnet,3.91781352722487
046b5f12d0ed300f37f207b6fb77b87e23fad3a7480d764b0f278e9822b945a0,2055fbe5079ed7985f3c32f5c1dab88ca19000a18a09649a9ad4d0b63f3993a5,834905.029476881,0.899,14104.130476881051,57,14104.130476881051,alexnet,3.9178140213558477
046b5f12d0ed300f37f207b6fb77b87e23fad3a7480d764b0f278e9822b945a0,2055fbe5079ed7985f3c32f5c1dab88ca19000a18a09649a9ad4d0b63f3993a5,834905.1425969601,1.011,14104.131596960011,57,14104.131596960011,alexnet,3.917814332488892
046b5f12d0ed300f37f207b6fb77b87e23fad3a7480d764b0f278e9822b945a0,2055fbe5079ed7985f3c32f5c1dab88ca19000a18a09649a9ad4d0b63f3993a5,834905.0391879082,0.901,14104.138187908218,57,14104.138187908218,alexnet,3.9178161633078386
c8c43e1a911f29e5506460a2fbef61ff39723d672f3b3b67d12d4c236c6872f7,653cdbc309bc359f3289d3b4df21c4a8e478d22946b35cbfdab05377dcacd3e0,1036508.4756538868,4.256,14104.219653886743,71,14104.219653886743,distilgpt2,3.9178387927463176
046b5f12d0ed300f37f207b6fb77b87e23fad3a7480d764b0f278e9822b945a0,2055fbe5079ed7985f3c32f5c1dab88ca19000a18a09649a9ad4d0b63f3993a5,834918.2319850922,0.278,14117.953985092114,57,14117.953985092114,alexnet,3.9216538847478093
046b5f12d0ed300f37f207b6fb77b87e23fad3a7480d764b0f278e9822b945a0,2055fbe5079ed7985f3c32f5c1dab88ca19000a18a09649a9ad4d0b63f3993a5,834918.1980528831,0.241,14117.95705288311,57,14117.95705288311,alexnet,3.921654736911975
c8c43e1a911f29e5506460a2fbef61ff39723d672f3b3b67d12d4c236c6872f7,653cdbc309bc359f3289d3b4df21c4a8e478d22946b35cbfdab05377dcacd3e0,1036536.809771061,4.086,14132.723771060933,71,14132.723771060933,distilgpt2,3.9257566030724815
046b5f12d0ed300f37f207b6fb77b87e23fad3a7480d764b0f278e9822b945a0,2055fbe5079ed7985f3c32f5c1dab88ca19000a18a09649a9ad4d0b63f3993a5,834945.9234399796,0.293,14145.630439979606,57,14145.630439979606,alexnet,3.929341788883224
046b5f12d0ed300f37f207b6fb77b87e23fad3a7480d764b0f278e9822b945a0,2055fbe5079ed7985f3c32f5c1dab88ca19000a18a09649a9ad4d0b63f3993a5,834945.9215579033,0.288,14145.633557903348,57,14145.633557903348,alexnet,3.9293426549731523
f8a0e46efc7202b8d1ce896a4e0919f3b3e6d496c244a3a4c5b74ef135416264,8d17c87072bc8c74616a437e888ded668d9ee836df0c328c2347331a1313c096,834962.073515892,0.03,14162.043515892,57,14162.043515892,efficientnet,3.933900976636667
c8c43e1a911f29e5506460a2fbef61ff39723d672f3b3b67d12d4c236c6872f7,653cdbc309bc359f3289d3b4df21c4a8e478d22946b35cbfdab05377dcacd3e0,1036572.3774130344,1.861,14170.516413034406,71,14170.516413034406,distilgpt2,3.936254559176224
68d84244f6a3c212c69884d292b01a04ade8573f6c7b7407e39e0c44fd8e659e,ca8b2d1318a114f0efef6accb358b8cace2a39a81a2f7847234bc0180a0c65eb,1036620.1329619884,0.109,14220.023961988394,71,14220.023961988394,resnet50,3.9500066561078873
046b5f12d0ed300f37f207b6fb77b87e23fad3a7480d764b0f278e9822b945a0,2055fbe5079ed7985f3c32f5c1dab88ca19000a18a09649a9ad4d0b63f3993a5,835023.1538920403,0.516,14222.637892040308,57,14222.637892040308,alexnet,3.950732747788974
046b5f12d0ed300f37f207b6fb77b87e23fad3a7480d764b0f278e9822b945a0,2055fbe5079ed7985f3c32f5c1dab88ca19000a18a09649a9ad4d0b63f3993a5,835023.1229310036,0.483,14222.639931003563,57,14222.639931003563,alexnet,3.9507333141676564
046b5f12d0ed300f37f207b6fb77b87e23fad3a7480d764b0f278e9822b945a0,2055fbe5079ed7985f3c32f5c1dab88ca19000a18a09649a9ad4d0b63f3993a5,835023.1041889191,0.463,14222.641188919079,57,14222.641188919079,alexnet,3.950733663588633
046b5f12d0ed300f37f207b6fb77b87e23fad3a7480d764b0f278e9822b945a0,2055fbe5079ed7985f3c32f5c1dab88ca19000a18a09649a9ad4d0b63f3993a5,835023.0987529755,0.456,14222.642752975458,57,14222.642752975458,alexnet,3.950734098048738
046b5f12d0ed300f37f207b6fb77b87e23fad3a7480d764b0f278e9822b945a0,2055fbe5079ed7985f3c32f5c1dab88ca19000a18a09649a9ad4d0b63f3993a5,835023.1529099941,0.504,14222.648909994168,57,14222.648909994168,alexnet,3.9507358083317135
046b5f12d0ed300f37f207b6fb77b87e23fad3a7480d764b0f278e9822b945a0,2055fbe5079ed7985f3c32f5c1dab88ca19000a18a09649a9ad4d0b63f3993a5,835023.144714117,0.495,14222.649714117055,57,14222.649714117055,alexnet,3.950736031699182
046b5f12d0ed300f37f207b6fb77b87e23fad3a7480d764b0f278e9822b945a0,2055fbe5079ed7985f3c32f5c1dab88ca19000a18a09649a9ad4d0b63f3993a5,835037.3172531128,0.224,14237.093253112747,57,14237.093253112747,alexnet,3.954748125864652
046b5f12d0ed300f37f207b6fb77b87e23fad3a7480d764b0f278e9822b945a0,2055fbe5079ed7985f3c32f5c1dab88ca19000a18a09649a9ad4d0b63f3993a5,835037.2924439907,0.198,14237.094443990733,57,14237.094443990733,alexnet,3.9547484566640922
c8c43e1a911f29e5506460a2fbef61ff39723d672f3b3b67d12d4c236c6872f7,653cdbc309bc359f3289d3b4df21c4a8e478d22946b35cbfdab05377dcacd3e0,1036661.8867030144,2.669,14259.21770301438,71,14259.21770301438,distilgpt2,3.960893806392883
c8c43e1a911f29e5506460a2fbef61ff39723d672f3b3b67d12d4c236c6872f7,653cdbc309bc359f3289d3b4df21c4a8e478d22946b35cbfdab05377dcacd3e0,1036669.0729548932,2.352,14266.720954893273,71,14266.720954893273,distilgpt2,3.962978043025909
c8c43e1a911f29e5506460a2fbef61ff39723d672f3b3b67d12d4c236c6872f7,653cdbc309bc359f3289d3b4df21c4a8e478d22946b35cbfdab05377dcacd3e0,1036671.9327840804,3.016,14268.916784080444,71,14268.916784080444,distilgpt2,3.963587995577901
f8a0e46efc7202b8d1ce896a4e0919f3b3e6d496c244a3a4c5b74ef135416264,8d17c87072bc8c74616a437e888ded668d9ee836df0c328c2347331a1313c096,835082.1813120842,0.019,14282.162312084227,57,14282.162312084227,efficientnet,3.967267308912285
046b5f12d0ed300f37f207b6fb77b87e23fad3a7480d764b0f278e9822b945a0,2055fbe5079ed7985f3c32f5c1dab88ca19000a18a09649a9ad4d0b63f3993a5,835100.1155788898,0.214,14299.90157888981,57,14299.90157888981,alexnet,3.9721948830249474
046b5f12d0ed300f37f207b6fb77b87e23fad3a7480d764b0f278e9822b945a0,2055fbe5079ed7985f3c32f5c1dab88ca19000a18a09649a9ad4d0b63f3993a5,835100.1617090702,0.258,14299.903709070175,57,14299.903709070175,alexnet,3.9721954747417154
046b5f12d0ed300f37f207b6fb77b87e23fad3a7480d764b0f278e9822b945a0,2055fbe5079ed7985f3c32f5c1dab88ca19000a18a09649a9ad4d0b63f3993a5,835100.1399049759,0.235,14299.904904975905,57,14299.904904975905,alexnet,3.9721958069377514
046b5f12d0ed300f37f207b6fb77b87e23fad3a7480d764b0f278e9822b945a0,2055fbe5079ed7985f3c32f5c1dab88ca19000a18a09649a9ad4d0b63f3993a5,835104.3049340248,2.306,14301.998934024828,57,14301.998934024828,alexnet,3.9727774816735635
046b5f12d0ed300f37f207b6fb77b87e23fad3a7480d764b0f278e9822b945a0,2055fbe5079ed7985f3c32f5c1dab88ca19000a18a09649a9ad4d0b63f3993a5,835104.0559270382,2.055,14302.000927038142,57,14302.000927038142,alexnet,3.9727780352883726
046b5f12d0ed300f37f207b6fb77b87e23fad3a7480d764b0f278e9822b945a0,2055fbe5079ed7985f3c32f5c1dab88ca19000a18a09649a9ad4d0b63f3993a5,835103.7051100731,1.703,14302.00211007311,57,14302.00211007311,alexnet,3.9727783639091974
046b5f12d0ed300f37f207b6fb77b87e23fad3a7480d764b0f278e9822b945a0,2055fbe5079ed7985f3c32f5c1dab88ca19000a18a09649a9ad4d0b63f3993a5,835104.3105430603,2.307,14302.003543060273,57,14302.003543060273,alexnet,3.972778761961187
046b5f12d0ed300f37f207b6fb77b87e23fad3a7480d764b0f278e9822b945a0,2055fbe5079ed7985f3c32f5c1dab88ca19000a18a09649a9ad4d0b63f3993a5,835103.634679079,1.628,14302.00667907903,57,14302.00667907903,alexnet,3.9727796330775083
046b5f12d0ed300f37f207b6fb77b87e23fad3a7480d764b0f278e9822b945a0,2055fbe5079ed7985f3c32f5c1dab88ca19000a18a09649a9ad4d0b63f3993a5,835103.7941670418,1.787,14302.007167041767,57,14302.007167041767,alexnet,3.972779768622713
046b5f12d0ed300f37f207b6fb77b87e23fad3a7480d764b0f278e9822b945a0,2055fbe5079ed7985f3c32f5c1dab88ca19000a18a09649a9ad4d0b63f3993a5,835106.0010530949,3.987,14302.0140530949,57,14302.0140530949,alexnet,3.97278168141525
046b5f12d0ed300f37f207b6fb77b87e23fad3a7480d764b0f278e9822b945a0,2055fbe5079ed7985f3c32f5c1dab88ca19000a18a09649a9ad4d0b63f3993a5,835106.100208044,4.083,14302.017208044068,57,14302.017208044068,alexnet,3.972782557790019
046b5f12d0ed300f37f207b6fb77b87e23fad3a7480d764b0f278e9822b945a0,2055fbe5079ed7985f3c32f5c1dab88ca19000a18a09649a9ad4d0b63f3993a5,835106.0649158955,4.018,14302.046915895422,57,14302.046915895422,alexnet,3.9727908099709506
046b5f12d0ed300f37f207b6fb77b87e23fad3a7480d764b0f278e9822b945a0,2055fbe5079ed7985f3c32f5c1dab88ca19000a18a09649a9ad4d0b63f3993a5,835106.0260250568,3.977,14302.049025056884,57,14302.049025056884,alexnet,3.9727913958491343
046b5f12d0ed300f37f207b6fb77b87e23fad3a7480d764b0f278e9822b945a0,2055fbe5079ed7985f3c32f5c1dab88ca19000a18a09649a9ad4d0b63f3993a5,835105.9758279324,3.917,14302.058827932342,57,14302.058827932342,alexnet,3.972794118870095
046b5f12d0ed300f37f207b6fb77b87e23fad3a7480d764b0f278e9822b945a0,2055fbe5079ed7985f3c32f5c1dab88ca19000a18a09649a9ad4d0b63f3993a5,835106.1252379417,4.065,14302.060237941798,57,14302.060237941798,alexnet,3.9727945105393885
046b5f12d0ed300f37f207b6fb77b87e23fad3a7480d764b0f278e9822b945a0,2055fbe5079ed7985f3c32f5c1dab88ca19000a18a09649a9ad4d0b63f3993a5,835106.0900599957,4.029,14302.06105999567,57,14302.06105999567,alexnet,3.9727947388876865
046b5f12d0ed300f37f207b6fb77b87e23fad3a7480d764b0f278e9822b945a0,2055fbe5079ed7985f3c32f5c1dab88ca19000a18a09649a9ad4d0b63f3993a5,835106.1377630234,3.99,14302.147763023386,57,14302.147763023386,alexnet,3.9728188230620516
046b5f12d0ed300f37f207b6fb77b87e23fad3a7480d764b0f278e9822b945a0,2055fbe5079ed7985f3c32f5c1dab88ca19000a18a09649a9ad4d0b63f3993a5,835106.0078239441,2.853,14303.154823944089,57,14303.154823944089,alexnet,3.973098562206691
046b5f12d0ed300f37f207b6fb77b87e23fad3a7480d764b0f278e9822b945a0,2055fbe5079ed7985f3c32f5c1dab88ca19000a18a09649a9ad4d0b63f3993a5,835105.9778161049,2.821,14303.156816104893,57,14303.156816104893,alexnet,3.9730991155846924
046b5f12d0ed300f37f207b6fb77b87e23fad3a7480d764b0f278e9822b945a0,2055fbe5079ed7985f3c32f5c1dab88ca19000a18a09649a9ad4d0b63f3993a5,835115.0520288944,0.295,14314.757028894383,57,14314.757028894383,alexnet,3.976321396915106
046b5f12d0ed300f37f207b6fb77b87e23fad3a7480d764b0f278e9822b945a0,2055fbe5079ed7985f3c32f5c1dab88ca19000a18a09649a9ad4d0b63f3993a5,835115.0460391045,0.287,14314.75903910445,57,14314.75903910445,alexnet,3.976321955306792
046b5f12d0ed300f37f207b6fb77b87e23fad3a7480d764b0f278e9822b945a0,2055fbe5079ed7985f3c32f5c1dab88ca19000a18a09649a9ad4d0b63f3993a5,835118.5366380215,1.547,14316.989638021449,57,14316.989638021449,alexnet,3.9769415661170693
046b5f12d0ed300f37f207b6fb77b87e23fad3a7480d764b0f278e9822b945a0,2055fbe5079ed7985f3c32f5c1dab88ca19000a18a09649a9ad4d0b63f3993a5,835118.5091528893,1.517,14316.99215288926,57,14316.99215288926,alexnet,3.976942264691461
046b5f12d0ed300f37f207b6fb77b87e23fad3a7480d764b0f278e9822b945a0,2055fbe5079ed7985f3c32f5c1dab88ca19000a18a09649a9ad4d0b63f3993a5,835119.181704998,2.188,14316.99370499805,57,14316.99370499805,alexnet,3.976942695832792
046b5f12d0ed300f37f207b6fb77b87e23fad3a7480d764b0f278e9822b945a0,2055fbe5079ed7985f3c32f5c1dab88ca19000a18a09649a9ad4d0b63f3993a5,835119.0371339321,2.041,14316.996133932145,57,14316.996133932145,alexnet,3.976943370536707
046b5f12d0ed300f37f207b6fb77b87e23fad3a7480d764b0f278e9822b945a0,2055fbe5079ed7985f3c32f5c1dab88ca19000a18a09649a9ad4d0b63f3993a5,835119.3364949226,2.334,14317.002494922606,57,14317.002494922606,alexnet,3.9769451374785016
046b5f12d0ed300f37f207b6fb77b87e23fad3a7480d764b0f278e9822b945a0,2055fbe5079ed7985f3c32f5c1dab88ca19000a18a09649a9ad4d0b63f3993a5,835120.2288470268,3.224,14317.00484702678,57,14317.00484702678,alexnet,3.976945790840772
046b5f12d0ed300f37f207b6fb77b87e23fad3a7480d764b0f278e9822b945a0,2055fbe5079ed7985f3c32f5c1dab88ca19000a18a09649a9ad4d0b63f3993a5,835120.0546019077,3.049,14317.005601907731,57,14317.005601907731,alexnet,3.9769460005299253
046b5f12d0ed300f37f207b6fb77b87e23fad3a7480d764b0f278e9822b945a0,2055fbe5079ed7985f3c32f5c1dab88ca19000a18a09649a9ad4d0b63f3993a5,835120.2398979664,2.833,14317.4068979664,57,14317.4068979664,alexnet,3.9770574716573335
046b5f12d0ed300f37f207b6fb77b87e23fad3a7480d764b0f278e9822b945a0,2055fbe5079ed7985f3c32f5c1dab88ca19000a18a09649a9ad4d0b63f3993a5,835120.2910161018,2.883,14317.408016101806,57,14317.408016101806,alexnet,3.977057782250502
046b5f12d0ed300f37f207b6fb77b87e23fad3a7480d764b0f278e9822b945a0,2055fbe5079ed7985f3c32f5c1dab88ca19000a18a09649a9ad4d0b63f3993a5,835120.5602869987,3.151,14317.409286998794,57,14317.409286998794,alexnet,3.977058135277443
046b5f12d0ed300f37f207b6fb77b87e23fad3a7480d764b0f278e9822b945a0,2055fbe5079ed7985f3c32f5c1dab88ca19000a18a09649a9ad4d0b63f3993a5,835120.4089419842,2.994,14317.414941984229,57,14317.414941984229,alexnet,3.97705970610673
046b5f12d0ed300f37f207b6fb77b87e23fad3a7480d764b0f278e9822b945a0,2055fbe5079ed7985f3c32f5c1dab88ca19000a18a09649a9ad4d0b63f3993a5,835120.3610050678,2.944,14317.417005067808,57,14317.417005067808,alexnet,3.977060279185502
046b5f12d0ed300f37f207b6fb77b87e23fad3a7480d764b0f278e9822b945a0,2055fbe5079ed7985f3c32f5c1dab88ca19000a18a09649a9ad4d0b63f3993a5,835120.3684649467,2.95,14317.418464946793,57,14317.418464946793,alexnet,3.9770606847074426
046b5f12d0ed300f37f207b6fb77b87e23fad3a7480d764b0f278e9822b945a0,2055fbe5079ed7985f3c32f5c1dab88ca19000a18a09649a9ad4d0b63f3993a5,835120.3775250912,2.958,14317.419525091187,57,14317.419525091187,alexnet,3.9770609791919966
046b5f12d0ed300f37f207b6fb77b87e23fad3a7480d764b0f278e9822b945a0,2055fbe5079ed7985f3c32f5c1dab88ca19000a18a09649a9ad4d0b63f3993a5,835120.3859930038,2.961,14317.424993003835,57,14317.424993003835,alexnet,3.977062498056621
046b5f12d0ed300f37f207b6fb77b87e23fad3a7480d764b0f278e9822b945a0,2055fbe5079ed7985f3c32f5c1dab88ca19000a18a09649a9ad4d0b63f3993a5,835120.3950240612,2.671,14317.72402406123,57,14317.72402406123,alexnet,3.9771455622392304
c8c43e1a911f29e5506460a2fbef61ff39723d672f3b3b67d12d4c236c6872f7,653cdbc309bc359f3289d3b4df21c4a8e478d22946b35cbfdab05377dcacd3e0,1036748.2294430732,3.414,14344.815443073167,71,14344.815443073167,distilgpt2,3.984670956409213
c8c43e1a911f29e5506460a2fbef61ff39723d672f3b3b67d12d4c236c6872f7,653cdbc309bc359f3289d3b4df21c4a8e478d22946b35cbfdab05377dcacd3e0,1036777.905985117,17.575,14360.330985117005,71,14360.330985117005,distilgpt2,3.988980829199168
c8c43e1a911f29e5506460a2fbef61ff39723d672f3b3b67d12d4c236c6872f7,653cdbc309bc359f3289d3b4df21c4a8e478d22946b35cbfdab05377dcacd3e0,1036771.3257849216,5.902,14365.423784921644,71,14365.423784921644,distilgpt2,3.9903954958115677
