app,func,end_timestamp,duration,arrival_time,arrival_time_fix,trace_id,arrival_time_norm
96149d3ed4f00afb92f12856101e693e93c4683f030ae6ca6ebfbb7ba5a2a345,1cf618f9ee318fecbc31aa059ded8328581b9a9b092f1069b9f7679b6f89e52e,288669.2918589115,0.038,669.2538589115138,288669.25236801145,20,669.2538589115138
96149d3ed4f00afb92f12856101e693e93c4683f030ae6ca6ebfbb7ba5a2a345,1cf618f9ee318fecbc31aa059ded8328581b9a9b092f1069b9f7679b6f89e52e,288671.2193319797,0.046,671.1733319797204,288671.17184107966,20,671.1733319797204
96149d3ed4f00afb92f12856101e693e93c4683f030ae6ca6ebfbb7ba5a2a345,1cf618f9ee318fecbc31aa059ded8328581b9a9b092f1069b9f7679b6f89e52e,288672.5303759575,0.037,672.4933759574778,288672.4918850574,20,672.4933759574778
96149d3ed4f00afb92f12856101e693e93c4683f030ae6ca6ebfbb7ba5a2a345,1cf618f9ee318fecbc31aa059ded8328581b9a9b092f1069b9f7679b6f89e52e,288674.5983641148,0.04,674.5583641148405,288674.5568732148,20,674.5583641148405
96149d3ed4f00afb92f12856101e693e93c4683f030ae6ca6ebfbb7ba5a2a345,1cf618f9ee318fecbc31aa059ded8328581b9a9b092f1069b9f7679b6f89e52e,288676.4557321072,0.039,676.4167321072309,288676.41524120717,20,676.4167321072309
96149d3ed4f00afb92f12856101e693e93c4683f030ae6ca6ebfbb7ba5a2a345,1cf618f9ee318fecbc31aa059ded8328581b9a9b092f1069b9f7679b6f89e52e,288678.00601911545,0.044,677.9620191154536,288677.9605282154,20,677.9620191154536
96149d3ed4f00afb92f12856101e693e93c4683f030ae6ca6ebfbb7ba5a2a345,1cf618f9ee318fecbc31aa059ded8328581b9a9b092f1069b9f7679b6f89e52e,288679.5942521095,0.041,679.553252109501,288679.55176120944,20,679.553252109501
96149d3ed4f00afb92f12856101e693e93c4683f030ae6ca6ebfbb7ba5a2a345,1cf618f9ee318fecbc31aa059ded8328581b9a9b092f1069b9f7679b6f89e52e,288681.04321599007,0.041,681.00221599004,288681.00072509,20,681.00221599004
96149d3ed4f00afb92f12856101e693e93c4683f030ae6ca6ebfbb7ba5a2a345,1cf618f9ee318fecbc31aa059ded8328581b9a9b092f1069b9f7679b6f89e52e,288691.3642179966,0.042,691.3222179965815,288691.3207270965,20,691.3222179965815
96149d3ed4f00afb92f12856101e693e93c4683f030ae6ca6ebfbb7ba5a2a345,1cf618f9ee318fecbc31aa059ded8328581b9a9b092f1069b9f7679b6f89e52e,288691.5982749462,0.038,691.5602749462123,288691.55878404615,20,691.5602749462123
96149d3ed4f00afb92f12856101e693e93c4683f030ae6ca6ebfbb7ba5a2a345,1cf618f9ee318fecbc31aa059ded8328581b9a9b092f1069b9f7679b6f89e52e,288699.67465901375,0.052,699.622659013723,288699.62116811366,20,699.622659013723
96149d3ed4f00afb92f12856101e693e93c4683f030ae6ca6ebfbb7ba5a2a345,1cf618f9ee318fecbc31aa059ded8328581b9a9b092f1069b9f7679b6f89e52e,288701.30337691307,0.039,701.2643769130809,288701.262886013,20,701.2643769130809
96149d3ed4f00afb92f12856101e693e93c4683f030ae6ca6ebfbb7ba5a2a345,1cf618f9ee318fecbc31aa059ded8328581b9a9b092f1069b9f7679b6f89e52e,288703.0009329319,0.038,702.9629329318996,288702.96144203184,20,702.9629329318996
96149d3ed4f00afb92f12856101e693e93c4683f030ae6ca6ebfbb7ba5a2a345,1cf618f9ee318fecbc31aa059ded8328581b9a9b092f1069b9f7679b6f89e52e,288708.15352988243,0.038,708.1155298824306,288708.11403898237,20,708.1155298824306
96149d3ed4f00afb92f12856101e693e93c4683f030ae6ca6ebfbb7ba5a2a345,1cf618f9ee318fecbc31aa059ded8328581b9a9b092f1069b9f7679b6f89e52e,288709.4226989746,0.039,709.3836989746196,288709.38220807456,20,709.3836989746196
96149d3ed4f00afb92f12856101e693e93c4683f030ae6ca6ebfbb7ba5a2a345,1cf618f9ee318fecbc31aa059ded8328581b9a9b092f1069b9f7679b6f89e52e,288711.212223053,0.041,711.171223052952,288711.1697321529,20,711.171223052952
96149d3ed4f00afb92f12856101e693e93c4683f030ae6ca6ebfbb7ba5a2a345,1cf618f9ee318fecbc31aa059ded8328581b9a9b092f1069b9f7679b6f89e52e,288713.5171070099,0.038,713.4791070098872,288713.4776161098,20,713.4791070098872
96149d3ed4f00afb92f12856101e693e93c4683f030ae6ca6ebfbb7ba5a2a345,1cf618f9ee318fecbc31aa059ded8328581b9a9b092f1069b9f7679b6f89e52e,288714.9136490822,0.041,714.8726490821573,288714.8711581821,20,714.8726490821573
96149d3ed4f00afb92f12856101e693e93c4683f030ae6ca6ebfbb7ba5a2a345,1cf618f9ee318fecbc31aa059ded8328581b9a9b092f1069b9f7679b6f89e52e,288716.66307997704,0.039,716.6240799770458,288716.622589077,20,716.6240799770458
96149d3ed4f00afb92f12856101e693e93c4683f030ae6ca6ebfbb7ba5a2a345,1cf618f9ee318fecbc31aa059ded8328581b9a9b092f1069b9f7679b6f89e52e,288720.08346009254,0.04,720.0434600925655,288720.0419691925,20,720.0434600925655
96149d3ed4f00afb92f12856101e693e93c4683f030ae6ca6ebfbb7ba5a2a345,1cf618f9ee318fecbc31aa059ded8328581b9a9b092f1069b9f7679b6f89e52e,288721.64447903633,0.039,721.6054790363414,288721.6039881363,20,721.6054790363414
96149d3ed4f00afb92f12856101e693e93c4683f030ae6ca6ebfbb7ba5a2a345,1cf618f9ee318fecbc31aa059ded8328581b9a9b092f1069b9f7679b6f89e52e,288723.7182869911,0.039,723.6792869911296,288723.67779609107,20,723.6792869911296
96149d3ed4f00afb92f12856101e693e93c4683f030ae6ca6ebfbb7ba5a2a345,1cf618f9ee318fecbc31aa059ded8328581b9a9b092f1069b9f7679b6f89e52e,288725.7547750473,0.039,725.7157750473125,288725.71428414725,20,725.7157750473125
96149d3ed4f00afb92f12856101e693e93c4683f030ae6ca6ebfbb7ba5a2a345,1cf618f9ee318fecbc31aa059ded8328581b9a9b092f1069b9f7679b6f89e52e,288727.3717780113,0.038,727.3337780113216,288727.33228711126,20,727.3337780113216
96149d3ed4f00afb92f12856101e693e93c4683f030ae6ca6ebfbb7ba5a2a345,1cf618f9ee318fecbc31aa059ded8328581b9a9b092f1069b9f7679b6f89e52e,288728.63166594505,0.041,728.5906659450266,288728.58917504497,20,728.5906659450266
96149d3ed4f00afb92f12856101e693e93c4683f030ae6ca6ebfbb7ba5a2a345,1cf618f9ee318fecbc31aa059ded8328581b9a9b092f1069b9f7679b6f89e52e,288730.11571097374,0.04,730.0757109737606,288730.0742200737,20,730.0757109737606
96149d3ed4f00afb92f12856101e693e93c4683f030ae6ca6ebfbb7ba5a2a345,1cf618f9ee318fecbc31aa059ded8328581b9a9b092f1069b9f7679b6f89e52e,288731.70241594315,0.043,731.6594159431406,288731.6579250431,20,731.6594159431406
96149d3ed4f00afb92f12856101e693e93c4683f030ae6ca6ebfbb7ba5a2a345,1cf618f9ee318fecbc31aa059ded8328581b9a9b092f1069b9f7679b6f89e52e,288733.3461999893,0.04,733.3061999893398,288733.3047090893,20,733.3061999893398
96149d3ed4f00afb92f12856101e693e93c4683f030ae6ca6ebfbb7ba5a2a345,1cf618f9ee318fecbc31aa059ded8328581b9a9b092f1069b9f7679b6f89e52e,288736.8469159603,0.039,736.8079159603221,288736.80642506026,20,736.8079159603221
96149d3ed4f00afb92f12856101e693e93c4683f030ae6ca6ebfbb7ba5a2a345,1cf618f9ee318fecbc31aa059ded8328581b9a9b092f1069b9f7679b6f89e52e,288741.77981996536,0.037,741.7428199653514,288741.7413290653,20,741.7428199653514
96149d3ed4f00afb92f12856101e693e93c4683f030ae6ca6ebfbb7ba5a2a345,1cf618f9ee318fecbc31aa059ded8328581b9a9b092f1069b9f7679b6f89e52e,288743.960324049,0.044,743.9163240490016,288743.91483314894,20,743.9163240490016
96149d3ed4f00afb92f12856101e693e93c4683f030ae6ca6ebfbb7ba5a2a345,1cf618f9ee318fecbc31aa059ded8328581b9a9b092f1069b9f7679b6f89e52e,288752.24908208847,0.038,752.21108208847,288752.2095911884,20,752.21108208847
96149d3ed4f00afb92f12856101e693e93c4683f030ae6ca6ebfbb7ba5a2a345,1cf618f9ee318fecbc31aa059ded8328581b9a9b092f1069b9f7679b6f89e52e,288754.4428360462,0.051,754.3918360462412,288754.3903451462,20,754.3918360462412
96149d3ed4f00afb92f12856101e693e93c4683f030ae6ca6ebfbb7ba5a2a345,1cf618f9ee318fecbc31aa059ded8328581b9a9b092f1069b9f7679b6f89e52e,288756.2125840187,0.042,756.1705840186914,288756.16909311863,20,756.1705840186914
96149d3ed4f00afb92f12856101e693e93c4683f030ae6ca6ebfbb7ba5a2a345,1cf618f9ee318fecbc31aa059ded8328581b9a9b092f1069b9f7679b6f89e52e,288762.1717479229,0.042,762.1297479228815,288762.1282570228,20,762.1297479228815
96149d3ed4f00afb92f12856101e693e93c4683f030ae6ca6ebfbb7ba5a2a345,1cf618f9ee318fecbc31aa059ded8328581b9a9b092f1069b9f7679b6f89e52e,288764.05081391335,0.04,764.0108139133663,288764.0093230133,20,764.0108139133663
96149d3ed4f00afb92f12856101e693e93c4683f030ae6ca6ebfbb7ba5a2a345,1cf618f9ee318fecbc31aa059ded8328581b9a9b092f1069b9f7679b6f89e52e,288765.79146695137,0.041,765.7504669513437,288765.7489760513,20,765.7504669513437
96149d3ed4f00afb92f12856101e693e93c4683f030ae6ca6ebfbb7ba5a2a345,1cf618f9ee318fecbc31aa059ded8328581b9a9b092f1069b9f7679b6f89e52e,288767.6425230503,0.042,767.6005230502924,288767.59903215023,20,767.6005230502924
96149d3ed4f00afb92f12856101e693e93c4683f030ae6ca6ebfbb7ba5a2a345,1cf618f9ee318fecbc31aa059ded8328581b9a9b092f1069b9f7679b6f89e52e,288769.2729101181,0.041,769.2319101180765,288769.230419218,20,769.2319101180765
96149d3ed4f00afb92f12856101e693e93c4683f030ae6ca6ebfbb7ba5a2a345,1cf618f9ee318fecbc31aa059ded8328581b9a9b092f1069b9f7679b6f89e52e,288771.10006809235,0.041,771.0590680923196,288771.05757719226,20,771.0590680923196
96149d3ed4f00afb92f12856101e693e93c4683f030ae6ca6ebfbb7ba5a2a345,1cf618f9ee318fecbc31aa059ded8328581b9a9b092f1069b9f7679b6f89e52e,288774.0002090931,0.085,773.9152090930729,288773.913718193,20,773.9152090930729
96149d3ed4f00afb92f12856101e693e93c4683f030ae6ca6ebfbb7ba5a2a345,1cf618f9ee318fecbc31aa059ded8328581b9a9b092f1069b9f7679b6f89e52e,288774.7374660969,0.039,774.6984660968883,288774.6969751968,20,774.6984660968883
96149d3ed4f00afb92f12856101e693e93c4683f030ae6ca6ebfbb7ba5a2a345,1cf618f9ee318fecbc31aa059ded8328581b9a9b092f1069b9f7679b6f89e52e,288776.3159470558,0.04,776.2759470558376,288776.2744561558,20,776.2759470558376
96149d3ed4f00afb92f12856101e693e93c4683f030ae6ca6ebfbb7ba5a2a345,1cf618f9ee318fecbc31aa059ded8328581b9a9b092f1069b9f7679b6f89e52e,288802.1171569824,0.04,802.0771569824428,288802.0756660824,20,802.0771569824428
96149d3ed4f00afb92f12856101e693e93c4683f030ae6ca6ebfbb7ba5a2a345,1cf618f9ee318fecbc31aa059ded8328581b9a9b092f1069b9f7679b6f89e52e,288837.3519089222,0.041,837.3109089221689,288837.3094180221,20,837.3109089221689
96149d3ed4f00afb92f12856101e693e93c4683f030ae6ca6ebfbb7ba5a2a345,1cf618f9ee318fecbc31aa059ded8328581b9a9b092f1069b9f7679b6f89e52e,288839.37701010704,0.047,839.3300101070199,288839.32851920696,20,839.3300101070199
96149d3ed4f00afb92f12856101e693e93c4683f030ae6ca6ebfbb7ba5a2a345,1cf618f9ee318fecbc31aa059ded8328581b9a9b092f1069b9f7679b6f89e52e,288841.197824955,0.04,841.1578249550075,288841.15633405495,20,841.1578249550075
96149d3ed4f00afb92f12856101e693e93c4683f030ae6ca6ebfbb7ba5a2a345,1cf618f9ee318fecbc31aa059ded8328581b9a9b092f1069b9f7679b6f89e52e,288854.0273549557,0.039,853.9883549556835,288853.9868640556,20,853.9883549556835
96149d3ed4f00afb92f12856101e693e93c4683f030ae6ca6ebfbb7ba5a2a345,1cf618f9ee318fecbc31aa059ded8328581b9a9b092f1069b9f7679b6f89e52e,288874.73085188866,0.069,874.6618518886389,288874.6603609886,20,874.6618518886389
96149d3ed4f00afb92f12856101e693e93c4683f030ae6ca6ebfbb7ba5a2a345,1cf618f9ee318fecbc31aa059ded8328581b9a9b092f1069b9f7679b6f89e52e,288878.4825398922,0.041,878.4415398921701,288878.4400489921,20,878.4415398921701
96149d3ed4f00afb92f12856101e693e93c4683f030ae6ca6ebfbb7ba5a2a345,1cf618f9ee318fecbc31aa059ded8328581b9a9b092f1069b9f7679b6f89e52e,288880.3182990551,0.039,880.2792990551097,288880.27780815505,20,880.2792990551097
96149d3ed4f00afb92f12856101e693e93c4683f030ae6ca6ebfbb7ba5a2a345,1cf618f9ee318fecbc31aa059ded8328581b9a9b092f1069b9f7679b6f89e52e,288894.0432970524,0.042,894.0012970523676,288893.9998061523,20,894.0012970523676
96149d3ed4f00afb92f12856101e693e93c4683f030ae6ca6ebfbb7ba5a2a345,1cf618f9ee318fecbc31aa059ded8328581b9a9b092f1069b9f7679b6f89e52e,288896.208122015,0.095,896.1131220150273,288896.11163111497,20,896.1131220150273
96149d3ed4f00afb92f12856101e693e93c4683f030ae6ca6ebfbb7ba5a2a345,1cf618f9ee318fecbc31aa059ded8328581b9a9b092f1069b9f7679b6f89e52e,288898.3214249611,0.038,898.2834249610896,288898.28193406103,20,898.2834249610896
96149d3ed4f00afb92f12856101e693e93c4683f030ae6ca6ebfbb7ba5a2a345,1cf618f9ee318fecbc31aa059ded8328581b9a9b092f1069b9f7679b6f89e52e,288900.1635940075,0.041,900.1225940074655,288900.1211031074,20,900.1225940074655
96149d3ed4f00afb92f12856101e693e93c4683f030ae6ca6ebfbb7ba5a2a345,1cf618f9ee318fecbc31aa059ded8328581b9a9b092f1069b9f7679b6f89e52e,288902.074862957,0.053,902.0218629569863,288902.0203720569,20,902.0218629569863
96149d3ed4f00afb92f12856101e693e93c4683f030ae6ca6ebfbb7ba5a2a345,1cf618f9ee318fecbc31aa059ded8328581b9a9b092f1069b9f7679b6f89e52e,288925.91147994995,0.043,925.868479949946,288925.8669890499,20,925.868479949946
96149d3ed4f00afb92f12856101e693e93c4683f030ae6ca6ebfbb7ba5a2a345,1cf618f9ee318fecbc31aa059ded8328581b9a9b092f1069b9f7679b6f89e52e,288927.8484239578,0.039,927.809423957835,288927.8079330578,20,927.809423957835
96149d3ed4f00afb92f12856101e693e93c4683f030ae6ca6ebfbb7ba5a2a345,1cf618f9ee318fecbc31aa059ded8328581b9a9b092f1069b9f7679b6f89e52e,288934.884814024,0.041,934.843814023945,288934.8423231239,20,934.843814023945
96149d3ed4f00afb92f12856101e693e93c4683f030ae6ca6ebfbb7ba5a2a345,1cf618f9ee318fecbc31aa059ded8328581b9a9b092f1069b9f7679b6f89e52e,288936.634732008,0.04,936.5947320080013,288936.59324110794,20,936.5947320080013
96149d3ed4f00afb92f12856101e693e93c4683f030ae6ca6ebfbb7ba5a2a345,1cf618f9ee318fecbc31aa059ded8328581b9a9b092f1069b9f7679b6f89e52e,288941.8993809223,0.047,941.852380922297,288941.85089002224,20,941.852380922297
96149d3ed4f00afb92f12856101e693e93c4683f030ae6ca6ebfbb7ba5a2a345,1cf618f9ee318fecbc31aa059ded8328581b9a9b092f1069b9f7679b6f89e52e,288943.4502110481,0.044,943.4062110481318,288943.4047201481,20,943.4062110481318
96149d3ed4f00afb92f12856101e693e93c4683f030ae6ca6ebfbb7ba5a2a345,1cf618f9ee318fecbc31aa059ded8328581b9a9b092f1069b9f7679b6f89e52e,288944.88118195534,0.045,944.8361819553538,288944.8346910553,20,944.8361819553538
96149d3ed4f00afb92f12856101e693e93c4683f030ae6ca6ebfbb7ba5a2a345,1cf618f9ee318fecbc31aa059ded8328581b9a9b092f1069b9f7679b6f89e52e,288946.3804690838,0.051,946.3294690838084,288946.32797818375,20,946.3294690838084
96149d3ed4f00afb92f12856101e693e93c4683f030ae6ca6ebfbb7ba5a2a345,1cf618f9ee318fecbc31aa059ded8328581b9a9b092f1069b9f7679b6f89e52e,288948.4369339943,0.05,948.3869339943049,288948.38544309424,20,948.3869339943049
96149d3ed4f00afb92f12856101e693e93c4683f030ae6ca6ebfbb7ba5a2a345,1cf618f9ee318fecbc31aa059ded8328581b9a9b092f1069b9f7679b6f89e52e,288950.1380159855,0.051,950.0870159855112,288950.08552508545,20,950.0870159855112
96149d3ed4f00afb92f12856101e693e93c4683f030ae6ca6ebfbb7ba5a2a345,1cf618f9ee318fecbc31aa059ded8328581b9a9b092f1069b9f7679b6f89e52e,288951.9902830124,0.043,951.947283012385,288951.9457921123,20,951.947283012385
96149d3ed4f00afb92f12856101e693e93c4683f030ae6ca6ebfbb7ba5a2a345,1cf618f9ee318fecbc31aa059ded8328581b9a9b092f1069b9f7679b6f89e52e,288955.0841360092,0.46,954.6241360091954,288954.62264510914,20,954.6241360091954
96149d3ed4f00afb92f12856101e693e93c4683f030ae6ca6ebfbb7ba5a2a345,1cf618f9ee318fecbc31aa059ded8328581b9a9b092f1069b9f7679b6f89e52e,288966.3846809864,0.047,966.3376809863839,288966.3361900863,20,966.3376809863839
96149d3ed4f00afb92f12856101e693e93c4683f030ae6ca6ebfbb7ba5a2a345,1cf618f9ee318fecbc31aa059ded8328581b9a9b092f1069b9f7679b6f89e52e,288968.74429798126,0.04,968.7042979812832,288968.7028070812,20,968.7042979812832
96149d3ed4f00afb92f12856101e693e93c4683f030ae6ca6ebfbb7ba5a2a345,1cf618f9ee318fecbc31aa059ded8328581b9a9b092f1069b9f7679b6f89e52e,288972.54476594925,0.039,972.5057659492595,288972.5042750492,20,972.5057659492595
96149d3ed4f00afb92f12856101e693e93c4683f030ae6ca6ebfbb7ba5a2a345,1cf618f9ee318fecbc31aa059ded8328581b9a9b092f1069b9f7679b6f89e52e,288997.85293602943,0.038,997.8149360294337,288997.8134451294,20,997.8149360294337
96149d3ed4f00afb92f12856101e693e93c4683f030ae6ca6ebfbb7ba5a2a345,1cf618f9ee318fecbc31aa059ded8328581b9a9b092f1069b9f7679b6f89e52e,288999.21291399,0.096,999.1169139900012,288999.11542308994,20,999.1169139900012
96149d3ed4f00afb92f12856101e693e93c4683f030ae6ca6ebfbb7ba5a2a345,1cf618f9ee318fecbc31aa059ded8328581b9a9b092f1069b9f7679b6f89e52e,289000.56899404526,0.043,1000.5259940452524,289000.5245031452,20,1000.5259940452524
96149d3ed4f00afb92f12856101e693e93c4683f030ae6ca6ebfbb7ba5a2a345,1cf618f9ee318fecbc31aa059ded8328581b9a9b092f1069b9f7679b6f89e52e,289002.0561630726,0.052,1002.0041630725609,289002.0026721725,20,1002.0041630725609
96149d3ed4f00afb92f12856101e693e93c4683f030ae6ca6ebfbb7ba5a2a345,1cf618f9ee318fecbc31aa059ded8328581b9a9b092f1069b9f7679b6f89e52e,289003.2867410183,0.042,1003.2447410182795,289003.2432501182,20,1003.2447410182795
96149d3ed4f00afb92f12856101e693e93c4683f030ae6ca6ebfbb7ba5a2a345,1cf618f9ee318fecbc31aa059ded8328581b9a9b092f1069b9f7679b6f89e52e,289004.72165203094,0.041,1004.6806520309183,289004.67916113086,20,1004.6806520309183
96149d3ed4f00afb92f12856101e693e93c4683f030ae6ca6ebfbb7ba5a2a345,1cf618f9ee318fecbc31aa059ded8328581b9a9b092f1069b9f7679b6f89e52e,289006.02978396416,0.04,1005.9897839641781,289005.9882930641,20,1005.9897839641781
96149d3ed4f00afb92f12856101e693e93c4683f030ae6ca6ebfbb7ba5a2a345,1cf618f9ee318fecbc31aa059ded8328581b9a9b092f1069b9f7679b6f89e52e,289007.6601829529,0.039,1007.6211829528911,289007.61969205283,20,1007.6211829528911
96149d3ed4f00afb92f12856101e693e93c4683f030ae6ca6ebfbb7ba5a2a345,1cf618f9ee318fecbc31aa059ded8328581b9a9b092f1069b9f7679b6f89e52e,289010.4801518917,0.04,1010.4401518917293,289010.43866099167,20,1010.4401518917293
96149d3ed4f00afb92f12856101e693e93c4683f030ae6ca6ebfbb7ba5a2a345,1cf618f9ee318fecbc31aa059ded8328581b9a9b092f1069b9f7679b6f89e52e,289011.9367620945,0.037,1011.8997620944865,289011.8982711944,20,1011.8997620944865
96149d3ed4f00afb92f12856101e693e93c4683f030ae6ca6ebfbb7ba5a2a345,1cf618f9ee318fecbc31aa059ded8328581b9a9b092f1069b9f7679b6f89e52e,289013.3326499462,0.047,1013.2856499461923,289013.28415904613,20,1013.2856499461923
96149d3ed4f00afb92f12856101e693e93c4683f030ae6ca6ebfbb7ba5a2a345,1cf618f9ee318fecbc31aa059ded8328581b9a9b092f1069b9f7679b6f89e52e,289014.70399594307,0.045,1014.6589959430858,289014.657505043,20,1014.6589959430858
96149d3ed4f00afb92f12856101e693e93c4683f030ae6ca6ebfbb7ba5a2a345,1cf618f9ee318fecbc31aa059ded8328581b9a9b092f1069b9f7679b6f89e52e,289016.1281480789,0.043,1016.0851480789133,289016.08365717885,20,1016.0851480789133
96149d3ed4f00afb92f12856101e693e93c4683f030ae6ca6ebfbb7ba5a2a345,1cf618f9ee318fecbc31aa059ded8328581b9a9b092f1069b9f7679b6f89e52e,289017.5675880909,0.041,1017.5265880908701,289017.5250971908,20,1017.5265880908701
96149d3ed4f00afb92f12856101e693e93c4683f030ae6ca6ebfbb7ba5a2a345,1cf618f9ee318fecbc31aa059ded8328581b9a9b092f1069b9f7679b6f89e52e,289019.2868769169,0.04,1019.2468769169063,289019.24538601685,20,1019.2468769169063
96149d3ed4f00afb92f12856101e693e93c4683f030ae6ca6ebfbb7ba5a2a345,1cf618f9ee318fecbc31aa059ded8328581b9a9b092f1069b9f7679b6f89e52e,289031.09368896484,0.039,1031.054688964854,289031.0531980648,20,1031.054688964854
96149d3ed4f00afb92f12856101e693e93c4683f030ae6ca6ebfbb7ba5a2a345,1cf618f9ee318fecbc31aa059ded8328581b9a9b092f1069b9f7679b6f89e52e,289035.3839008808,0.041,1035.342900880787,289035.3414099807,20,1035.342900880787
96149d3ed4f00afb92f12856101e693e93c4683f030ae6ca6ebfbb7ba5a2a345,1cf618f9ee318fecbc31aa059ded8328581b9a9b092f1069b9f7679b6f89e52e,289039.99103307724,0.039,1039.9520330772502,289039.9505421772,20,1039.9520330772502
96149d3ed4f00afb92f12856101e693e93c4683f030ae6ca6ebfbb7ba5a2a345,1cf618f9ee318fecbc31aa059ded8328581b9a9b092f1069b9f7679b6f89e52e,289041.26630711555,0.037,1041.2293071155436,289041.2278162155,20,1041.2293071155436
96149d3ed4f00afb92f12856101e693e93c4683f030ae6ca6ebfbb7ba5a2a345,1cf618f9ee318fecbc31aa059ded8328581b9a9b092f1069b9f7679b6f89e52e,289042.88186597824,0.038,1042.8438659782405,289042.8423750782,20,1042.8438659782405
96149d3ed4f00afb92f12856101e693e93c4683f030ae6ca6ebfbb7ba5a2a345,1cf618f9ee318fecbc31aa059ded8328581b9a9b092f1069b9f7679b6f89e52e,289053.1537940502,0.038,1053.1157940502162,289053.11430315016,20,1053.1157940502162
96149d3ed4f00afb92f12856101e693e93c4683f030ae6ca6ebfbb7ba5a2a345,1cf618f9ee318fecbc31aa059ded8328581b9a9b092f1069b9f7679b6f89e52e,289066.3077099323,0.039,1066.2687099323375,289066.2672190323,20,1066.2687099323375
96149d3ed4f00afb92f12856101e693e93c4683f030ae6ca6ebfbb7ba5a2a345,1cf618f9ee318fecbc31aa059ded8328581b9a9b092f1069b9f7679b6f89e52e,289090.85019898415,0.038,1090.8121989841457,289090.8107080841,20,1090.8121989841457
96149d3ed4f00afb92f12856101e693e93c4683f030ae6ca6ebfbb7ba5a2a345,1cf618f9ee318fecbc31aa059ded8328581b9a9b092f1069b9f7679b6f89e52e,289097.18678689003,0.038,1097.1487868900294,289097.14729598997,20,1097.1487868900294
96149d3ed4f00afb92f12856101e693e93c4683f030ae6ca6ebfbb7ba5a2a345,1cf618f9ee318fecbc31aa059ded8328581b9a9b092f1069b9f7679b6f89e52e,289099.55446505547,0.041,1099.5134650554392,289099.5119741554,20,1099.5134650554392
96149d3ed4f00afb92f12856101e693e93c4683f030ae6ca6ebfbb7ba5a2a345,1cf618f9ee318fecbc31aa059ded8328581b9a9b092f1069b9f7679b6f89e52e,289100.8557600975,0.036,1100.8197600974818,289100.8182691974,20,1100.8197600974818
96149d3ed4f00afb92f12856101e693e93c4683f030ae6ca6ebfbb7ba5a2a345,1cf618f9ee318fecbc31aa059ded8328581b9a9b092f1069b9f7679b6f89e52e,289102.15928697586,0.043,1102.1162869758555,289102.1147960758,20,1102.1162869758555
96149d3ed4f00afb92f12856101e693e93c4683f030ae6ca6ebfbb7ba5a2a345,1cf618f9ee318fecbc31aa059ded8328581b9a9b092f1069b9f7679b6f89e52e,289103.5828061104,0.038,1103.5448061103816,289103.5433152103,20,1103.5448061103816
96149d3ed4f00afb92f12856101e693e93c4683f030ae6ca6ebfbb7ba5a2a345,1cf618f9ee318fecbc31aa059ded8328581b9a9b092f1069b9f7679b6f89e52e,289105.3610239029,0.04,1105.321023902914,289105.31953300285,20,1105.321023902914
96149d3ed4f00afb92f12856101e693e93c4683f030ae6ca6ebfbb7ba5a2a345,1cf618f9ee318fecbc31aa059ded8328581b9a9b092f1069b9f7679b6f89e52e,289109.0941250324,0.036,1109.058125032403,289109.05663413234,20,1109.058125032403
96149d3ed4f00afb92f12856101e693e93c4683f030ae6ca6ebfbb7ba5a2a345,1cf618f9ee318fecbc31aa059ded8328581b9a9b092f1069b9f7679b6f89e52e,289110.5302350521,0.037,1110.4932350520976,289110.49174415204,20,1110.4932350520976
96149d3ed4f00afb92f12856101e693e93c4683f030ae6ca6ebfbb7ba5a2a345,1cf618f9ee318fecbc31aa059ded8328581b9a9b092f1069b9f7679b6f89e52e,289111.9743449688,0.036,1111.938344968774,289111.9368540687,20,1111.938344968774
96149d3ed4f00afb92f12856101e693e93c4683f030ae6ca6ebfbb7ba5a2a345,1cf618f9ee318fecbc31aa059ded8328581b9a9b092f1069b9f7679b6f89e52e,289114.02663111687,0.04,1113.986631116888,289113.9851402168,20,1113.986631116888
96149d3ed4f00afb92f12856101e693e93c4683f030ae6ca6ebfbb7ba5a2a345,1cf618f9ee318fecbc31aa059ded8328581b9a9b092f1069b9f7679b6f89e52e,289115.6046590805,0.037,1115.5676590804942,289115.56616818043,20,1115.5676590804942
96149d3ed4f00afb92f12856101e693e93c4683f030ae6ca6ebfbb7ba5a2a345,1cf618f9ee318fecbc31aa059ded8328581b9a9b092f1069b9f7679b6f89e52e,289117.1781730652,0.036,1117.1421730651637,289117.1406821651,20,1117.1421730651637
96149d3ed4f00afb92f12856101e693e93c4683f030ae6ca6ebfbb7ba5a2a345,1cf618f9ee318fecbc31aa059ded8328581b9a9b092f1069b9f7679b6f89e52e,289119.03628993034,0.036,1119.0002899303217,289118.99879903026,20,1119.0002899303217
96149d3ed4f00afb92f12856101e693e93c4683f030ae6ca6ebfbb7ba5a2a345,1cf618f9ee318fecbc31aa059ded8328581b9a9b092f1069b9f7679b6f89e52e,289125.77583003044,0.036,1125.7398300304194,289125.73833913036,20,1125.7398300304194
96149d3ed4f00afb92f12856101e693e93c4683f030ae6ca6ebfbb7ba5a2a345,1cf618f9ee318fecbc31aa059ded8328581b9a9b092f1069b9f7679b6f89e52e,289127.3649940491,0.036,1127.3289940490504,289127.327503149,20,1127.3289940490504
96149d3ed4f00afb92f12856101e693e93c4683f030ae6ca6ebfbb7ba5a2a345,1cf618f9ee318fecbc31aa059ded8328581b9a9b092f1069b9f7679b6f89e52e,289128.79704093933,0.038,1128.7590409393306,289128.75755003927,20,1128.7590409393306
96149d3ed4f00afb92f12856101e693e93c4683f030ae6ca6ebfbb7ba5a2a345,1cf618f9ee318fecbc31aa059ded8328581b9a9b092f1069b9f7679b6f89e52e,289129.72300100327,0.04,1129.6830010032863,289129.6815101032,20,1129.6830010032863
96149d3ed4f00afb92f12856101e693e93c4683f030ae6ca6ebfbb7ba5a2a345,1cf618f9ee318fecbc31aa059ded8328581b9a9b092f1069b9f7679b6f89e52e,289130.2456231117,0.114,1130.1316231117235,289130.13013221166,20,1130.1316231117235
96149d3ed4f00afb92f12856101e693e93c4683f030ae6ca6ebfbb7ba5a2a345,1cf618f9ee318fecbc31aa059ded8328581b9a9b092f1069b9f7679b6f89e52e,289138.2922239304,0.036,1138.2562239303952,289138.25473303034,20,1138.2562239303952
96149d3ed4f00afb92f12856101e693e93c4683f030ae6ca6ebfbb7ba5a2a345,1cf618f9ee318fecbc31aa059ded8328581b9a9b092f1069b9f7679b6f89e52e,289140.08803105354,0.042,1140.0460310535273,289140.04454015347,20,1140.0460310535273
96149d3ed4f00afb92f12856101e693e93c4683f030ae6ca6ebfbb7ba5a2a345,1cf618f9ee318fecbc31aa059ded8328581b9a9b092f1069b9f7679b6f89e52e,289142.0065689087,0.037,1141.9695689086802,289141.9680780086,20,1141.9695689086802
96149d3ed4f00afb92f12856101e693e93c4683f030ae6ca6ebfbb7ba5a2a345,1cf618f9ee318fecbc31aa059ded8328581b9a9b092f1069b9f7679b6f89e52e,289142.12426400185,0.038,1142.0862640018458,289142.0847731018,20,1142.0862640018458
96149d3ed4f00afb92f12856101e693e93c4683f030ae6ca6ebfbb7ba5a2a345,1cf618f9ee318fecbc31aa059ded8328581b9a9b092f1069b9f7679b6f89e52e,289145.31684088707,0.038,1145.2788408870692,289145.277349987,20,1145.2788408870692
96149d3ed4f00afb92f12856101e693e93c4683f030ae6ca6ebfbb7ba5a2a345,1cf618f9ee318fecbc31aa059ded8328581b9a9b092f1069b9f7679b6f89e52e,289156.42538690567,0.04,1156.3853869056911,289156.38389600563,20,1156.3853869056911
96149d3ed4f00afb92f12856101e693e93c4683f030ae6ca6ebfbb7ba5a2a345,1cf618f9ee318fecbc31aa059ded8328581b9a9b092f1069b9f7679b6f89e52e,289158.0093729496,0.036,1157.9733729495783,289157.9718820495,20,1157.9733729495783
96149d3ed4f00afb92f12856101e693e93c4683f030ae6ca6ebfbb7ba5a2a345,1cf618f9ee318fecbc31aa059ded8328581b9a9b092f1069b9f7679b6f89e52e,289166.0960080624,0.041,1166.0550080623943,289166.05351716233,20,1166.0550080623943
96149d3ed4f00afb92f12856101e693e93c4683f030ae6ca6ebfbb7ba5a2a345,1cf618f9ee318fecbc31aa059ded8328581b9a9b092f1069b9f7679b6f89e52e,289167.6004869938,0.045,1167.555486993806,289167.55399609375,20,1167.555486993806
96149d3ed4f00afb92f12856101e693e93c4683f030ae6ca6ebfbb7ba5a2a345,1cf618f9ee318fecbc31aa059ded8328581b9a9b092f1069b9f7679b6f89e52e,289167.7463750839,0.036,1167.7103750839015,289167.70888418384,20,1167.7103750839015
96149d3ed4f00afb92f12856101e693e93c4683f030ae6ca6ebfbb7ba5a2a345,1cf618f9ee318fecbc31aa059ded8328581b9a9b092f1069b9f7679b6f89e52e,289169.4519109726,0.036,1169.4159109725733,289169.4144200725,20,1169.4159109725733
96149d3ed4f00afb92f12856101e693e93c4683f030ae6ca6ebfbb7ba5a2a345,1cf618f9ee318fecbc31aa059ded8328581b9a9b092f1069b9f7679b6f89e52e,289171.2049160004,0.036,1171.1689160004025,289171.16742510034,20,1171.1689160004025
96149d3ed4f00afb92f12856101e693e93c4683f030ae6ca6ebfbb7ba5a2a345,1cf618f9ee318fecbc31aa059ded8328581b9a9b092f1069b9f7679b6f89e52e,289196.4375,0.038,1196.3994999999995,289196.39800909994,20,1196.3994999999995
96149d3ed4f00afb92f12856101e693e93c4683f030ae6ca6ebfbb7ba5a2a345,1cf618f9ee318fecbc31aa059ded8328581b9a9b092f1069b9f7679b6f89e52e,289200.2126688957,0.036,1200.1766688956995,289200.17517799564,20,1200.1766688956995
96149d3ed4f00afb92f12856101e693e93c4683f030ae6ca6ebfbb7ba5a2a345,1cf618f9ee318fecbc31aa059ded8328581b9a9b092f1069b9f7679b6f89e52e,289256.7992579937,0.038,1256.7612579936977,289256.75976709364,20,1256.7612579936977
96149d3ed4f00afb92f12856101e693e93c4683f030ae6ca6ebfbb7ba5a2a345,1cf618f9ee318fecbc31aa059ded8328581b9a9b092f1069b9f7679b6f89e52e,289262.0637860298,0.04,1262.0237860298366,289262.0222951298,20,1262.0237860298366
96149d3ed4f00afb92f12856101e693e93c4683f030ae6ca6ebfbb7ba5a2a345,1cf618f9ee318fecbc31aa059ded8328581b9a9b092f1069b9f7679b6f89e52e,289263.57681298256,0.038,1263.5388129825587,289263.5373220825,20,1263.5388129825587
96149d3ed4f00afb92f12856101e693e93c4683f030ae6ca6ebfbb7ba5a2a345,1cf618f9ee318fecbc31aa059ded8328581b9a9b092f1069b9f7679b6f89e52e,289265.0253610611,0.037,1264.988361061085,289264.986870161,20,1264.988361061085
96149d3ed4f00afb92f12856101e693e93c4683f030ae6ca6ebfbb7ba5a2a345,1cf618f9ee318fecbc31aa059ded8328581b9a9b092f1069b9f7679b6f89e52e,289269.56669306755,0.038,1269.5286930675502,289269.5272021675,20,1269.5286930675502
96149d3ed4f00afb92f12856101e693e93c4683f030ae6ca6ebfbb7ba5a2a345,1cf618f9ee318fecbc31aa059ded8328581b9a9b092f1069b9f7679b6f89e52e,289270.97433900833,0.038,1270.9363390083308,289270.93484810827,20,1270.9363390083308
96149d3ed4f00afb92f12856101e693e93c4683f030ae6ca6ebfbb7ba5a2a345,1cf618f9ee318fecbc31aa059ded8328581b9a9b092f1069b9f7679b6f89e52e,289272.4810450077,0.039,1272.442045007716,289272.44055410766,20,1272.442045007716
96149d3ed4f00afb92f12856101e693e93c4683f030ae6ca6ebfbb7ba5a2a345,1cf618f9ee318fecbc31aa059ded8328581b9a9b092f1069b9f7679b6f89e52e,289273.7669699192,0.039,1273.727969919215,289273.72647901915,20,1273.727969919215
96149d3ed4f00afb92f12856101e693e93c4683f030ae6ca6ebfbb7ba5a2a345,1cf618f9ee318fecbc31aa059ded8328581b9a9b092f1069b9f7679b6f89e52e,289279.3029959202,0.043,1279.2599959201762,289279.2585050201,20,1279.2599959201762
96149d3ed4f00afb92f12856101e693e93c4683f030ae6ca6ebfbb7ba5a2a345,1cf618f9ee318fecbc31aa059ded8328581b9a9b092f1069b9f7679b6f89e52e,289280.64343094826,0.039,1280.6044309482677,289280.6029400482,20,1280.6044309482677
96149d3ed4f00afb92f12856101e693e93c4683f030ae6ca6ebfbb7ba5a2a345,1cf618f9ee318fecbc31aa059ded8328581b9a9b092f1069b9f7679b6f89e52e,289281.8901450634,0.043,1281.8471450633951,289281.84565416333,20,1281.8471450633951
96149d3ed4f00afb92f12856101e693e93c4683f030ae6ca6ebfbb7ba5a2a345,1cf618f9ee318fecbc31aa059ded8328581b9a9b092f1069b9f7679b6f89e52e,289283.3615190983,0.042,1283.319519098266,289283.3180281982,20,1283.319519098266
96149d3ed4f00afb92f12856101e693e93c4683f030ae6ca6ebfbb7ba5a2a345,1cf618f9ee318fecbc31aa059ded8328581b9a9b092f1069b9f7679b6f89e52e,289285.17187809944,0.04,1285.1318780994625,289285.1303871994,20,1285.1318780994625
96149d3ed4f00afb92f12856101e693e93c4683f030ae6ca6ebfbb7ba5a2a345,1cf618f9ee318fecbc31aa059ded8328581b9a9b092f1069b9f7679b6f89e52e,289290.9539139271,0.039,1290.9149139270885,289290.913423027,20,1290.9149139270885
96149d3ed4f00afb92f12856101e693e93c4683f030ae6ca6ebfbb7ba5a2a345,1cf618f9ee318fecbc31aa059ded8328581b9a9b092f1069b9f7679b6f89e52e,289294.0446410179,0.039,1294.005641017924,289294.00415011786,20,1294.005641017924
96149d3ed4f00afb92f12856101e693e93c4683f030ae6ca6ebfbb7ba5a2a345,1cf618f9ee318fecbc31aa059ded8328581b9a9b092f1069b9f7679b6f89e52e,289295.3883581161,0.046,1295.3423581161187,289295.34086721606,20,1295.3423581161187
96149d3ed4f00afb92f12856101e693e93c4683f030ae6ca6ebfbb7ba5a2a345,1cf618f9ee318fecbc31aa059ded8328581b9a9b092f1069b9f7679b6f89e52e,289296.8037970066,0.04,1296.763797006628,289296.76230610657,20,1296.763797006628
96149d3ed4f00afb92f12856101e693e93c4683f030ae6ca6ebfbb7ba5a2a345,1cf618f9ee318fecbc31aa059ded8328581b9a9b092f1069b9f7679b6f89e52e,289298.11919498444,0.04,1298.079194984457,289298.0777040844,20,1298.079194984457
96149d3ed4f00afb92f12856101e693e93c4683f030ae6ca6ebfbb7ba5a2a345,1cf618f9ee318fecbc31aa059ded8328581b9a9b092f1069b9f7679b6f89e52e,289299.4799439907,0.042,1299.4379439906916,289299.43645309063,20,1299.4379439906916
96149d3ed4f00afb92f12856101e693e93c4683f030ae6ca6ebfbb7ba5a2a345,1cf618f9ee318fecbc31aa059ded8328581b9a9b092f1069b9f7679b6f89e52e,289300.79836010933,0.045,1300.7533601093455,289300.7518692093,20,1300.7533601093455
96149d3ed4f00afb92f12856101e693e93c4683f030ae6ca6ebfbb7ba5a2a345,1cf618f9ee318fecbc31aa059ded8328581b9a9b092f1069b9f7679b6f89e52e,289302.07933688164,0.04,1302.0393368816585,289302.0378459816,20,1302.0393368816585
96149d3ed4f00afb92f12856101e693e93c4683f030ae6ca6ebfbb7ba5a2a345,1cf618f9ee318fecbc31aa059ded8328581b9a9b092f1069b9f7679b6f89e52e,289303.4463338852,0.038,1303.4083338851924,289303.40684298513,20,1303.4083338851924
96149d3ed4f00afb92f12856101e693e93c4683f030ae6ca6ebfbb7ba5a2a345,1cf618f9ee318fecbc31aa059ded8328581b9a9b092f1069b9f7679b6f89e52e,289304.8050830364,0.041,1304.7640830363962,289304.76259213634,20,1304.7640830363962
96149d3ed4f00afb92f12856101e693e93c4683f030ae6ca6ebfbb7ba5a2a345,1cf618f9ee318fecbc31aa059ded8328581b9a9b092f1069b9f7679b6f89e52e,289306.1527590752,0.043,1306.1097590752179,289306.10826817516,20,1306.1097590752179
96149d3ed4f00afb92f12856101e693e93c4683f030ae6ca6ebfbb7ba5a2a345,1cf618f9ee318fecbc31aa059ded8328581b9a9b092f1069b9f7679b6f89e52e,289307.43658804893,0.041,1307.3955880489084,289307.39409714885,20,1307.3955880489084
96149d3ed4f00afb92f12856101e693e93c4683f030ae6ca6ebfbb7ba5a2a345,1cf618f9ee318fecbc31aa059ded8328581b9a9b092f1069b9f7679b6f89e52e,289308.2226679325,0.038,1308.18466793251,289308.18317703245,20,1308.18466793251
96149d3ed4f00afb92f12856101e693e93c4683f030ae6ca6ebfbb7ba5a2a345,1cf618f9ee318fecbc31aa059ded8328581b9a9b092f1069b9f7679b6f89e52e,289308.8894920349,0.038,1308.8514920349116,289308.85000113485,20,1308.8514920349116
96149d3ed4f00afb92f12856101e693e93c4683f030ae6ca6ebfbb7ba5a2a345,1cf618f9ee318fecbc31aa059ded8328581b9a9b092f1069b9f7679b6f89e52e,289313.83116889,0.041,1313.7901688899728,289313.7886779899,20,1313.7901688899728
96149d3ed4f00afb92f12856101e693e93c4683f030ae6ca6ebfbb7ba5a2a345,1cf618f9ee318fecbc31aa059ded8328581b9a9b092f1069b9f7679b6f89e52e,289318.8495628834,0.039,1318.8105628833873,289318.8090719833,20,1318.8105628833873
96149d3ed4f00afb92f12856101e693e93c4683f030ae6ca6ebfbb7ba5a2a345,1cf618f9ee318fecbc31aa059ded8328581b9a9b092f1069b9f7679b6f89e52e,289320.2271029949,0.04,1320.1871029949398,289320.1856120949,20,1320.1871029949398
96149d3ed4f00afb92f12856101e693e93c4683f030ae6ca6ebfbb7ba5a2a345,1cf618f9ee318fecbc31aa059ded8328581b9a9b092f1069b9f7679b6f89e52e,289321.4709069729,0.044,1321.4269069728907,289321.42541607283,20,1321.4269069728907
96149d3ed4f00afb92f12856101e693e93c4683f030ae6ca6ebfbb7ba5a2a345,1cf618f9ee318fecbc31aa059ded8328581b9a9b092f1069b9f7679b6f89e52e,289332.6983449459,0.039,1332.6593449459178,289332.65785404586,20,1332.6593449459178
96149d3ed4f00afb92f12856101e693e93c4683f030ae6ca6ebfbb7ba5a2a345,1cf618f9ee318fecbc31aa059ded8328581b9a9b092f1069b9f7679b6f89e52e,289335.0653688908,0.039,1335.0263688908308,289335.02487799077,20,1335.0263688908308
96149d3ed4f00afb92f12856101e693e93c4683f030ae6ca6ebfbb7ba5a2a345,1cf618f9ee318fecbc31aa059ded8328581b9a9b092f1069b9f7679b6f89e52e,289335.6101179123,0.04,1335.5701179123134,289335.56862701225,20,1335.5701179123134
96149d3ed4f00afb92f12856101e693e93c4683f030ae6ca6ebfbb7ba5a2a345,1cf618f9ee318fecbc31aa059ded8328581b9a9b092f1069b9f7679b6f89e52e,289336.12138295174,0.045,1336.0763829517527,289336.0748920517,20,1336.0763829517527
96149d3ed4f00afb92f12856101e693e93c4683f030ae6ca6ebfbb7ba5a2a345,1cf618f9ee318fecbc31aa059ded8328581b9a9b092f1069b9f7679b6f89e52e,289336.9239308834,0.044,1336.8799308834132,289336.87843998335,20,1336.8799308834132
96149d3ed4f00afb92f12856101e693e93c4683f030ae6ca6ebfbb7ba5a2a345,1cf618f9ee318fecbc31aa059ded8328581b9a9b092f1069b9f7679b6f89e52e,289340.9931139946,0.04,1340.9531139946193,289340.95162309456,20,1340.9531139946193
96149d3ed4f00afb92f12856101e693e93c4683f030ae6ca6ebfbb7ba5a2a345,1cf618f9ee318fecbc31aa059ded8328581b9a9b092f1069b9f7679b6f89e52e,289343.6174650192,0.041,1343.5764650191995,289343.57497411914,20,1343.5764650191995
96149d3ed4f00afb92f12856101e693e93c4683f030ae6ca6ebfbb7ba5a2a345,1cf618f9ee318fecbc31aa059ded8328581b9a9b092f1069b9f7679b6f89e52e,289344.42643404007,0.041,1344.385434040043,289344.38394314,20,1344.385434040043
96149d3ed4f00afb92f12856101e693e93c4683f030ae6ca6ebfbb7ba5a2a345,1cf618f9ee318fecbc31aa059ded8328581b9a9b092f1069b9f7679b6f89e52e,289466.2475819588,0.042,1466.2055819588131,289466.20409105875,20,1466.2055819588131
96149d3ed4f00afb92f12856101e693e93c4683f030ae6ca6ebfbb7ba5a2a345,1cf618f9ee318fecbc31aa059ded8328581b9a9b092f1069b9f7679b6f89e52e,289467.698319912,0.042,1467.6563199119992,289467.65482901194,20,1467.6563199119992
96149d3ed4f00afb92f12856101e693e93c4683f030ae6ca6ebfbb7ba5a2a345,1cf618f9ee318fecbc31aa059ded8328581b9a9b092f1069b9f7679b6f89e52e,289471.6349289417,0.044,1471.5909289417323,289471.5894380417,20,1471.5909289417323
96149d3ed4f00afb92f12856101e693e93c4683f030ae6ca6ebfbb7ba5a2a345,1cf618f9ee318fecbc31aa059ded8328581b9a9b092f1069b9f7679b6f89e52e,289472.91782188416,0.038,1472.8798218841548,289472.8783309841,20,1472.8798218841548
96149d3ed4f00afb92f12856101e693e93c4683f030ae6ca6ebfbb7ba5a2a345,1cf618f9ee318fecbc31aa059ded8328581b9a9b092f1069b9f7679b6f89e52e,289474.1515889168,0.039,1474.1125889167888,289474.1110980167,20,1474.1125889167888
96149d3ed4f00afb92f12856101e693e93c4683f030ae6ca6ebfbb7ba5a2a345,1cf618f9ee318fecbc31aa059ded8328581b9a9b092f1069b9f7679b6f89e52e,289496.18767905235,0.044,1496.1436790523585,289496.1421881523,20,1496.1436790523585
96149d3ed4f00afb92f12856101e693e93c4683f030ae6ca6ebfbb7ba5a2a345,1cf618f9ee318fecbc31aa059ded8328581b9a9b092f1069b9f7679b6f89e52e,289518.6764299869,0.041,1518.635429986869,289518.6339390868,20,1518.635429986869
96149d3ed4f00afb92f12856101e693e93c4683f030ae6ca6ebfbb7ba5a2a345,1cf618f9ee318fecbc31aa059ded8328581b9a9b092f1069b9f7679b6f89e52e,289519.8910300732,0.045,1519.8460300732404,289519.8445391732,20,1519.8460300732404
96149d3ed4f00afb92f12856101e693e93c4683f030ae6ca6ebfbb7ba5a2a345,1cf618f9ee318fecbc31aa059ded8328581b9a9b092f1069b9f7679b6f89e52e,289542.40362906456,0.131,1542.272629064566,289542.2711381645,20,1542.272629064566
96149d3ed4f00afb92f12856101e693e93c4683f030ae6ca6ebfbb7ba5a2a345,1cf618f9ee318fecbc31aa059ded8328581b9a9b092f1069b9f7679b6f89e52e,289544.01925706863,0.08,1543.9392570686177,289543.93776616856,20,1543.9392570686177
96149d3ed4f00afb92f12856101e693e93c4683f030ae6ca6ebfbb7ba5a2a345,1cf618f9ee318fecbc31aa059ded8328581b9a9b092f1069b9f7679b6f89e52e,289545.51954603195,0.043,1545.4765460319468,289545.4750551319,20,1545.4765460319468
96149d3ed4f00afb92f12856101e693e93c4683f030ae6ca6ebfbb7ba5a2a345,1cf618f9ee318fecbc31aa059ded8328581b9a9b092f1069b9f7679b6f89e52e,289546.8542261124,0.044,1546.8102261124295,289546.80873521237,20,1546.8102261124295
96149d3ed4f00afb92f12856101e693e93c4683f030ae6ca6ebfbb7ba5a2a345,1cf618f9ee318fecbc31aa059ded8328581b9a9b092f1069b9f7679b6f89e52e,289548.47412610054,0.052,1548.422126100515,289548.42063520045,20,1548.422126100515
96149d3ed4f00afb92f12856101e693e93c4683f030ae6ca6ebfbb7ba5a2a345,1cf618f9ee318fecbc31aa059ded8328581b9a9b092f1069b9f7679b6f89e52e,289550.0815310478,0.116,1549.965531047841,289549.9640401478,20,1549.965531047841
96149d3ed4f00afb92f12856101e693e93c4683f030ae6ca6ebfbb7ba5a2a345,1cf618f9ee318fecbc31aa059ded8328581b9a9b092f1069b9f7679b6f89e52e,289551.41422891617,0.048,1551.3662289161584,289551.3647380161,20,1551.3662289161584
96149d3ed4f00afb92f12856101e693e93c4683f030ae6ca6ebfbb7ba5a2a345,1cf618f9ee318fecbc31aa059ded8328581b9a9b092f1069b9f7679b6f89e52e,289552.67736291885,0.043,1552.6343629188486,289552.6328720188,20,1552.6343629188486
96149d3ed4f00afb92f12856101e693e93c4683f030ae6ca6ebfbb7ba5a2a345,1cf618f9ee318fecbc31aa059ded8328581b9a9b092f1069b9f7679b6f89e52e,289554.3098421097,0.049,1554.260842109681,289554.2593512096,20,1554.260842109681
96149d3ed4f00afb92f12856101e693e93c4683f030ae6ca6ebfbb7ba5a2a345,1cf618f9ee318fecbc31aa059ded8328581b9a9b092f1069b9f7679b6f89e52e,289555.734167099,0.049,1555.685167099,289555.68367619894,20,1555.685167099
96149d3ed4f00afb92f12856101e693e93c4683f030ae6ca6ebfbb7ba5a2a345,1cf618f9ee318fecbc31aa059ded8328581b9a9b092f1069b9f7679b6f89e52e,289566.7031509876,0.043,1566.66015098762,289566.65866008756,20,1566.66015098762
96149d3ed4f00afb92f12856101e693e93c4683f030ae6ca6ebfbb7ba5a2a345,1cf618f9ee318fecbc31aa059ded8328581b9a9b092f1069b9f7679b6f89e52e,289568.491697073,0.047,1568.4446970729623,289568.4432061729,20,1568.4446970729623
96149d3ed4f00afb92f12856101e693e93c4683f030ae6ca6ebfbb7ba5a2a345,1cf618f9ee318fecbc31aa059ded8328581b9a9b092f1069b9f7679b6f89e52e,289569.7559759617,0.045,1569.7109759617015,289569.70948506164,20,1569.7109759617015
96149d3ed4f00afb92f12856101e693e93c4683f030ae6ca6ebfbb7ba5a2a345,1cf618f9ee318fecbc31aa059ded8328581b9a9b092f1069b9f7679b6f89e52e,289579.07730698586,0.044,1579.0333069858607,289579.0318160858,20,1579.0333069858607
96149d3ed4f00afb92f12856101e693e93c4683f030ae6ca6ebfbb7ba5a2a345,1cf618f9ee318fecbc31aa059ded8328581b9a9b092f1069b9f7679b6f89e52e,289581.782738924,0.046,1581.7367389240535,289581.735248024,20,1581.7367389240535
96149d3ed4f00afb92f12856101e693e93c4683f030ae6ca6ebfbb7ba5a2a345,1cf618f9ee318fecbc31aa059ded8328581b9a9b092f1069b9f7679b6f89e52e,289586.3068869114,0.042,1586.2648869113764,289586.2633960113,20,1586.2648869113764
96149d3ed4f00afb92f12856101e693e93c4683f030ae6ca6ebfbb7ba5a2a345,1cf618f9ee318fecbc31aa059ded8328581b9a9b092f1069b9f7679b6f89e52e,289587.5450820923,0.046,1587.4990820923122,289587.49759119225,20,1587.4990820923122
96149d3ed4f00afb92f12856101e693e93c4683f030ae6ca6ebfbb7ba5a2a345,1cf618f9ee318fecbc31aa059ded8328581b9a9b092f1069b9f7679b6f89e52e,289589.4490609169,0.045,1589.404060916917,289589.40257001686,20,1589.404060916917
96149d3ed4f00afb92f12856101e693e93c4683f030ae6ca6ebfbb7ba5a2a345,1cf618f9ee318fecbc31aa059ded8328581b9a9b092f1069b9f7679b6f89e52e,289590.8832709789,0.045,1590.838270978944,289590.8367800789,20,1590.838270978944
96149d3ed4f00afb92f12856101e693e93c4683f030ae6ca6ebfbb7ba5a2a345,1cf618f9ee318fecbc31aa059ded8328581b9a9b092f1069b9f7679b6f89e52e,289592.1555719376,0.042,1592.1135719376034,289592.11208103754,20,1592.1135719376034
96149d3ed4f00afb92f12856101e693e93c4683f030ae6ca6ebfbb7ba5a2a345,1cf618f9ee318fecbc31aa059ded8328581b9a9b092f1069b9f7679b6f89e52e,289593.8181490898,0.046,1593.7721490898402,289593.7706581898,20,1593.7721490898402
96149d3ed4f00afb92f12856101e693e93c4683f030ae6ca6ebfbb7ba5a2a345,1cf618f9ee318fecbc31aa059ded8328581b9a9b092f1069b9f7679b6f89e52e,289595.1070389748,0.044,1595.0630389748258,289595.06154807477,20,1595.0630389748258
96149d3ed4f00afb92f12856101e693e93c4683f030ae6ca6ebfbb7ba5a2a345,1cf618f9ee318fecbc31aa059ded8328581b9a9b092f1069b9f7679b6f89e52e,289596.703097105,0.055,1596.6480971050332,289596.646606205,20,1596.6480971050332
96149d3ed4f00afb92f12856101e693e93c4683f030ae6ca6ebfbb7ba5a2a345,1cf618f9ee318fecbc31aa059ded8328581b9a9b092f1069b9f7679b6f89e52e,289599.6220788956,0.052,1599.570078895602,289599.56858799554,20,1599.570078895602
96149d3ed4f00afb92f12856101e693e93c4683f030ae6ca6ebfbb7ba5a2a345,1cf618f9ee318fecbc31aa059ded8328581b9a9b092f1069b9f7679b6f89e52e,289605.8355669975,0.047,1605.7885669975076,289605.78707609745,20,1605.7885669975076
96149d3ed4f00afb92f12856101e693e93c4683f030ae6ca6ebfbb7ba5a2a345,1cf618f9ee318fecbc31aa059ded8328581b9a9b092f1069b9f7679b6f89e52e,289607.36148905754,0.044,1607.3174890575465,289607.3159981575,20,1607.3174890575465
96149d3ed4f00afb92f12856101e693e93c4683f030ae6ca6ebfbb7ba5a2a345,1cf618f9ee318fecbc31aa059ded8328581b9a9b092f1069b9f7679b6f89e52e,289609.22874188423,0.044,1609.1847418842372,289609.1832509842,20,1609.1847418842372
96149d3ed4f00afb92f12856101e693e93c4683f030ae6ca6ebfbb7ba5a2a345,1cf618f9ee318fecbc31aa059ded8328581b9a9b092f1069b9f7679b6f89e52e,289620.4292809963,0.042,1620.3872809963068,289620.38579009625,20,1620.3872809963068
96149d3ed4f00afb92f12856101e693e93c4683f030ae6ca6ebfbb7ba5a2a345,1cf618f9ee318fecbc31aa059ded8328581b9a9b092f1069b9f7679b6f89e52e,289621.8847711086,0.048,1621.8367711086175,289621.83528020856,20,1621.8367711086175
96149d3ed4f00afb92f12856101e693e93c4683f030ae6ca6ebfbb7ba5a2a345,1cf618f9ee318fecbc31aa059ded8328581b9a9b092f1069b9f7679b6f89e52e,289623.40982198715,0.043,1623.366821987147,289623.3653310871,20,1623.366821987147
96149d3ed4f00afb92f12856101e693e93c4683f030ae6ca6ebfbb7ba5a2a345,1cf618f9ee318fecbc31aa059ded8328581b9a9b092f1069b9f7679b6f89e52e,289624.9485869408,0.045,1624.90358694084,289624.9020960408,20,1624.90358694084
96149d3ed4f00afb92f12856101e693e93c4683f030ae6ca6ebfbb7ba5a2a345,1cf618f9ee318fecbc31aa059ded8328581b9a9b092f1069b9f7679b6f89e52e,289626.4205560684,0.046,1626.3745560684474,289626.3730651684,20,1626.3745560684474
96149d3ed4f00afb92f12856101e693e93c4683f030ae6ca6ebfbb7ba5a2a345,1cf618f9ee318fecbc31aa059ded8328581b9a9b092f1069b9f7679b6f89e52e,289628.1385319233,0.043,1628.095531923289,289628.0940410232,20,1628.095531923289
96149d3ed4f00afb92f12856101e693e93c4683f030ae6ca6ebfbb7ba5a2a345,1cf618f9ee318fecbc31aa059ded8328581b9a9b092f1069b9f7679b6f89e52e,289629.6753060818,0.043,1629.6323060817667,289629.6308151817,20,1629.6323060817667
96149d3ed4f00afb92f12856101e693e93c4683f030ae6ca6ebfbb7ba5a2a345,1cf618f9ee318fecbc31aa059ded8328581b9a9b092f1069b9f7679b6f89e52e,289631.4204070568,0.044,1631.376407056814,289631.37491615675,20,1631.376407056814
96149d3ed4f00afb92f12856101e693e93c4683f030ae6ca6ebfbb7ba5a2a345,1cf618f9ee318fecbc31aa059ded8328581b9a9b092f1069b9f7679b6f89e52e,289634.7490119934,0.045,1634.7040119934245,289634.70252109336,20,1634.7040119934245
96149d3ed4f00afb92f12856101e693e93c4683f030ae6ca6ebfbb7ba5a2a345,1cf618f9ee318fecbc31aa059ded8328581b9a9b092f1069b9f7679b6f89e52e,289639.3698859215,0.045,1639.3248859214946,289639.32339502143,20,1639.3248859214946
96149d3ed4f00afb92f12856101e693e93c4683f030ae6ca6ebfbb7ba5a2a345,1cf618f9ee318fecbc31aa059ded8328581b9a9b092f1069b9f7679b6f89e52e,289640.6730289459,0.045,1640.6280289459391,289640.6265380459,20,1640.6280289459391
96149d3ed4f00afb92f12856101e693e93c4683f030ae6ca6ebfbb7ba5a2a345,1cf618f9ee318fecbc31aa059ded8328581b9a9b092f1069b9f7679b6f89e52e,289647.74934601784,0.043,1647.7063460178324,289647.7048551178,20,1647.7063460178324
96149d3ed4f00afb92f12856101e693e93c4683f030ae6ca6ebfbb7ba5a2a345,1cf618f9ee318fecbc31aa059ded8328581b9a9b092f1069b9f7679b6f89e52e,289648.72774100304,0.045,1648.6827410030528,289648.681250103,20,1648.6827410030528
96149d3ed4f00afb92f12856101e693e93c4683f030ae6ca6ebfbb7ba5a2a345,1cf618f9ee318fecbc31aa059ded8328581b9a9b092f1069b9f7679b6f89e52e,289649.315253973,0.043,1649.272253973002,289649.27076307294,20,1649.272253973002
96149d3ed4f00afb92f12856101e693e93c4683f030ae6ca6ebfbb7ba5a2a345,1cf618f9ee318fecbc31aa059ded8328581b9a9b092f1069b9f7679b6f89e52e,289655.895704031,0.042,1655.8537040309748,289655.8522131309,20,1655.8537040309748
96149d3ed4f00afb92f12856101e693e93c4683f030ae6ca6ebfbb7ba5a2a345,1cf618f9ee318fecbc31aa059ded8328581b9a9b092f1069b9f7679b6f89e52e,289657.5929019451,0.043,1657.549901945109,289657.54841104505,20,1657.549901945109
96149d3ed4f00afb92f12856101e693e93c4683f030ae6ca6ebfbb7ba5a2a345,1cf618f9ee318fecbc31aa059ded8328581b9a9b092f1069b9f7679b6f89e52e,289659.11898708344,0.047,1659.0719870834146,289659.07049618335,20,1659.0719870834146
96149d3ed4f00afb92f12856101e693e93c4683f030ae6ca6ebfbb7ba5a2a345,1cf618f9ee318fecbc31aa059ded8328581b9a9b092f1069b9f7679b6f89e52e,289660.76774811745,0.047,1660.7207481174264,289660.71925721737,20,1660.7207481174264
96149d3ed4f00afb92f12856101e693e93c4683f030ae6ca6ebfbb7ba5a2a345,1cf618f9ee318fecbc31aa059ded8328581b9a9b092f1069b9f7679b6f89e52e,289662.4169089794,0.042,1662.3749089794,289662.37341807934,20,1662.3749089794
96149d3ed4f00afb92f12856101e693e93c4683f030ae6ca6ebfbb7ba5a2a345,1cf618f9ee318fecbc31aa059ded8328581b9a9b092f1069b9f7679b6f89e52e,289663.8055000305,0.045,1663.7605000305339,289663.7590091305,20,1663.7605000305339
96149d3ed4f00afb92f12856101e693e93c4683f030ae6ca6ebfbb7ba5a2a345,1cf618f9ee318fecbc31aa059ded8328581b9a9b092f1069b9f7679b6f89e52e,289665.5586218834,0.042,1665.5166218833765,289665.5151309833,20,1665.5166218833765
96149d3ed4f00afb92f12856101e693e93c4683f030ae6ca6ebfbb7ba5a2a345,1cf618f9ee318fecbc31aa059ded8328581b9a9b092f1069b9f7679b6f89e52e,289669.5010550022,0.05,1669.4510550022242,289669.44956410216,20,1669.4510550022242
96149d3ed4f00afb92f12856101e693e93c4683f030ae6ca6ebfbb7ba5a2a345,1cf618f9ee318fecbc31aa059ded8328581b9a9b092f1069b9f7679b6f89e52e,289671.09451293945,0.044,1671.0505129394587,289671.0490220394,20,1671.0505129394587
96149d3ed4f00afb92f12856101e693e93c4683f030ae6ca6ebfbb7ba5a2a345,1cf618f9ee318fecbc31aa059ded8328581b9a9b092f1069b9f7679b6f89e52e,289671.92620801926,0.044,1671.8822080192622,289671.8807171192,20,1671.8822080192622
96149d3ed4f00afb92f12856101e693e93c4683f030ae6ca6ebfbb7ba5a2a345,1cf618f9ee318fecbc31aa059ded8328581b9a9b092f1069b9f7679b6f89e52e,289673.1221470833,0.048,1673.0741470832727,289673.0726561832,20,1673.0741470832727
96149d3ed4f00afb92f12856101e693e93c4683f030ae6ca6ebfbb7ba5a2a345,1cf618f9ee318fecbc31aa059ded8328581b9a9b092f1069b9f7679b6f89e52e,289678.7810740471,0.038,1678.7430740470882,289678.741583147,20,1678.7430740470882
96149d3ed4f00afb92f12856101e693e93c4683f030ae6ca6ebfbb7ba5a2a345,1cf618f9ee318fecbc31aa059ded8328581b9a9b092f1069b9f7679b6f89e52e,289679.70811009407,0.047,1679.66111009405,289679.659619194,20,1679.66111009405
96149d3ed4f00afb92f12856101e693e93c4683f030ae6ca6ebfbb7ba5a2a345,1cf618f9ee318fecbc31aa059ded8328581b9a9b092f1069b9f7679b6f89e52e,289680.7441549301,0.039,1680.705154930125,289680.70366403006,20,1680.705154930125
96149d3ed4f00afb92f12856101e693e93c4683f030ae6ca6ebfbb7ba5a2a345,1cf618f9ee318fecbc31aa059ded8328581b9a9b092f1069b9f7679b6f89e52e,289683.92849588394,0.038,1683.8904958839412,289683.8890049839,20,1683.8904958839412
96149d3ed4f00afb92f12856101e693e93c4683f030ae6ca6ebfbb7ba5a2a345,1cf618f9ee318fecbc31aa059ded8328581b9a9b092f1069b9f7679b6f89e52e,289685.29926395416,0.043,1685.2562639541575,289685.2547730541,20,1685.2562639541575
96149d3ed4f00afb92f12856101e693e93c4683f030ae6ca6ebfbb7ba5a2a345,1cf618f9ee318fecbc31aa059ded8328581b9a9b092f1069b9f7679b6f89e52e,289688.2148389816,0.039,1688.1758389816387,289688.1743480816,20,1688.1758389816387
96149d3ed4f00afb92f12856101e693e93c4683f030ae6ca6ebfbb7ba5a2a345,1cf618f9ee318fecbc31aa059ded8328581b9a9b092f1069b9f7679b6f89e52e,289692.6468369961,0.037,1692.6098369960673,289692.608346096,20,1692.6098369960673
96149d3ed4f00afb92f12856101e693e93c4683f030ae6ca6ebfbb7ba5a2a345,1cf618f9ee318fecbc31aa059ded8328581b9a9b092f1069b9f7679b6f89e52e,289696.5308279991,0.038,1696.4928279991145,289696.49133709905,20,1696.4928279991145
96149d3ed4f00afb92f12856101e693e93c4683f030ae6ca6ebfbb7ba5a2a345,1cf618f9ee318fecbc31aa059ded8328581b9a9b092f1069b9f7679b6f89e52e,289698.0091280937,0.042,1697.9671280937036,289697.96563719364,20,1697.9671280937036
96149d3ed4f00afb92f12856101e693e93c4683f030ae6ca6ebfbb7ba5a2a345,1cf618f9ee318fecbc31aa059ded8328581b9a9b092f1069b9f7679b6f89e52e,289699.2654519081,0.039,1699.2264519081218,289699.22496100806,20,1699.2264519081218
96149d3ed4f00afb92f12856101e693e93c4683f030ae6ca6ebfbb7ba5a2a345,1cf618f9ee318fecbc31aa059ded8328581b9a9b092f1069b9f7679b6f89e52e,289700.66466999054,0.038,1700.626669990539,289700.6251790905,20,1700.626669990539
96149d3ed4f00afb92f12856101e693e93c4683f030ae6ca6ebfbb7ba5a2a345,1cf618f9ee318fecbc31aa059ded8328581b9a9b092f1069b9f7679b6f89e52e,289702.4479510784,0.039,1702.4089510784252,289702.40746017836,20,1702.4089510784252
96149d3ed4f00afb92f12856101e693e93c4683f030ae6ca6ebfbb7ba5a2a345,1cf618f9ee318fecbc31aa059ded8328581b9a9b092f1069b9f7679b6f89e52e,289703.9017510414,0.043,1703.8587510414072,289703.85726014135,20,1703.8587510414072
96149d3ed4f00afb92f12856101e693e93c4683f030ae6ca6ebfbb7ba5a2a345,1cf618f9ee318fecbc31aa059ded8328581b9a9b092f1069b9f7679b6f89e52e,289711.8856530189,0.038,1711.8476530188927,289711.84616211883,20,1711.8476530188927
96149d3ed4f00afb92f12856101e693e93c4683f030ae6ca6ebfbb7ba5a2a345,1cf618f9ee318fecbc31aa059ded8328581b9a9b092f1069b9f7679b6f89e52e,289713.33980202675,0.037,1713.3028020267375,289713.3013111267,20,1713.3028020267375
96149d3ed4f00afb92f12856101e693e93c4683f030ae6ca6ebfbb7ba5a2a345,1cf618f9ee318fecbc31aa059ded8328581b9a9b092f1069b9f7679b6f89e52e,289715.0821990967,0.047,1715.0351990966592,289715.0337081966,20,1715.0351990966592
96149d3ed4f00afb92f12856101e693e93c4683f030ae6ca6ebfbb7ba5a2a345,1cf618f9ee318fecbc31aa059ded8328581b9a9b092f1069b9f7679b6f89e52e,289716.9347400665,0.039,1716.8957400665386,289716.8942491665,20,1716.8957400665386
96149d3ed4f00afb92f12856101e693e93c4683f030ae6ca6ebfbb7ba5a2a345,1cf618f9ee318fecbc31aa059ded8328581b9a9b092f1069b9f7679b6f89e52e,289718.8473610878,0.041,1718.8063610877725,289718.8048701877,20,1718.8063610877725
96149d3ed4f00afb92f12856101e693e93c4683f030ae6ca6ebfbb7ba5a2a345,1cf618f9ee318fecbc31aa059ded8328581b9a9b092f1069b9f7679b6f89e52e,289720.5827291012,0.038,1720.5447291011806,289720.5432382011,20,1720.5447291011806
96149d3ed4f00afb92f12856101e693e93c4683f030ae6ca6ebfbb7ba5a2a345,1cf618f9ee318fecbc31aa059ded8328581b9a9b092f1069b9f7679b6f89e52e,289739.4960119724,0.042,1739.4540119724115,289739.45252107235,20,1739.4540119724115
96149d3ed4f00afb92f12856101e693e93c4683f030ae6ca6ebfbb7ba5a2a345,1cf618f9ee318fecbc31aa059ded8328581b9a9b092f1069b9f7679b6f89e52e,289741.281799078,0.039,1741.242799077998,289741.24130817794,20,1741.242799077998
96149d3ed4f00afb92f12856101e693e93c4683f030ae6ca6ebfbb7ba5a2a345,1cf618f9ee318fecbc31aa059ded8328581b9a9b092f1069b9f7679b6f89e52e,289742.749958992,0.04,1742.7099589920253,289742.70846809197,20,1742.7099589920253
96149d3ed4f00afb92f12856101e693e93c4683f030ae6ca6ebfbb7ba5a2a345,1cf618f9ee318fecbc31aa059ded8328581b9a9b092f1069b9f7679b6f89e52e,289744.4471769333,0.043,1744.4041769332835,289744.4026860332,20,1744.4041769332835
96149d3ed4f00afb92f12856101e693e93c4683f030ae6ca6ebfbb7ba5a2a345,1cf618f9ee318fecbc31aa059ded8328581b9a9b092f1069b9f7679b6f89e52e,289746.06682896614,0.044,1746.0228289661463,289746.0213380661,20,1746.0228289661463
96149d3ed4f00afb92f12856101e693e93c4683f030ae6ca6ebfbb7ba5a2a345,1cf618f9ee318fecbc31aa059ded8328581b9a9b092f1069b9f7679b6f89e52e,289747.4958410263,0.039,1747.4568410263164,289747.45535012626,20,1747.4568410263164
96149d3ed4f00afb92f12856101e693e93c4683f030ae6ca6ebfbb7ba5a2a345,1cf618f9ee318fecbc31aa059ded8328581b9a9b092f1069b9f7679b6f89e52e,289749.1071989536,0.041,1749.066198953602,289749.06470805354,20,1749.066198953602
96149d3ed4f00afb92f12856101e693e93c4683f030ae6ca6ebfbb7ba5a2a345,1cf618f9ee318fecbc31aa059ded8328581b9a9b092f1069b9f7679b6f89e52e,289779.3023779392,0.041,1779.2613779391977,289779.25988703914,20,1779.2613779391977
96149d3ed4f00afb92f12856101e693e93c4683f030ae6ca6ebfbb7ba5a2a345,1cf618f9ee318fecbc31aa059ded8328581b9a9b092f1069b9f7679b6f89e52e,289792.52742791176,0.039,1792.4884279117687,289792.4869370117,20,1792.4884279117687
96149d3ed4f00afb92f12856101e693e93c4683f030ae6ca6ebfbb7ba5a2a345,1cf618f9ee318fecbc31aa059ded8328581b9a9b092f1069b9f7679b6f89e52e,290235.28480196,0.141,2235.143801959988,290235.1423110599,20,2235.143801959988
96149d3ed4f00afb92f12856101e693e93c4683f030ae6ca6ebfbb7ba5a2a345,1cf618f9ee318fecbc31aa059ded8328581b9a9b092f1069b9f7679b6f89e52e,290237.7804610729,0.011,2237.769461072923,290237.76797017286,20,2237.769461072923
96149d3ed4f00afb92f12856101e693e93c4683f030ae6ca6ebfbb7ba5a2a345,1cf618f9ee318fecbc31aa059ded8328581b9a9b092f1069b9f7679b6f89e52e,290300.2920320034,0.01,2300.2820320033934,290300.28054110333,20,2300.2820320033934
96149d3ed4f00afb92f12856101e693e93c4683f030ae6ca6ebfbb7ba5a2a345,1cf618f9ee318fecbc31aa059ded8328581b9a9b092f1069b9f7679b6f89e52e,290301.63856601715,0.01,2301.6285660171416,290301.6270751171,20,2301.6285660171416
96149d3ed4f00afb92f12856101e693e93c4683f030ae6ca6ebfbb7ba5a2a345,1cf618f9ee318fecbc31aa059ded8328581b9a9b092f1069b9f7679b6f89e52e,290314.2738831043,0.015,2314.2588831043104,290314.25739220425,20,2314.2588831043104
96149d3ed4f00afb92f12856101e693e93c4683f030ae6ca6ebfbb7ba5a2a345,1cf618f9ee318fecbc31aa059ded8328581b9a9b092f1069b9f7679b6f89e52e,290315.64413809776,0.011,2315.6331380977645,290315.6316471977,20,2315.6331380977645
96149d3ed4f00afb92f12856101e693e93c4683f030ae6ca6ebfbb7ba5a2a345,1cf618f9ee318fecbc31aa059ded8328581b9a9b092f1069b9f7679b6f89e52e,290318.2919809818,0.012,2318.279980981839,290318.2784900818,20,2318.279980981839
96149d3ed4f00afb92f12856101e693e93c4683f030ae6ca6ebfbb7ba5a2a345,1cf618f9ee318fecbc31aa059ded8328581b9a9b092f1069b9f7679b6f89e52e,290319.6864900589,0.01,2319.6764900588896,290319.67499915883,20,2319.6764900588896
96149d3ed4f00afb92f12856101e693e93c4683f030ae6ca6ebfbb7ba5a2a345,1cf618f9ee318fecbc31aa059ded8328581b9a9b092f1069b9f7679b6f89e52e,290320.959348917,0.012,2320.9473489170196,290320.94585801696,20,2320.9473489170196
96149d3ed4f00afb92f12856101e693e93c4683f030ae6ca6ebfbb7ba5a2a345,1cf618f9ee318fecbc31aa059ded8328581b9a9b092f1069b9f7679b6f89e52e,290322.4179019928,0.015,2322.402901992784,290322.4014110927,20,2322.402901992784
96149d3ed4f00afb92f12856101e693e93c4683f030ae6ca6ebfbb7ba5a2a345,1cf618f9ee318fecbc31aa059ded8328581b9a9b092f1069b9f7679b6f89e52e,290323.655258894,0.01,2323.6452588940156,290323.64376799396,20,2323.6452588940156
96149d3ed4f00afb92f12856101e693e93c4683f030ae6ca6ebfbb7ba5a2a345,1cf618f9ee318fecbc31aa059ded8328581b9a9b092f1069b9f7679b6f89e52e,290330.5112569332,0.01,2330.501256933203,290330.49976603314,20,2330.501256933203
96149d3ed4f00afb92f12856101e693e93c4683f030ae6ca6ebfbb7ba5a2a345,1cf618f9ee318fecbc31aa059ded8328581b9a9b092f1069b9f7679b6f89e52e,290596.7573699951,0.065,2596.692369995115,290596.69087909505,20,2596.692369995115
96149d3ed4f00afb92f12856101e693e93c4683f030ae6ca6ebfbb7ba5a2a345,1cf618f9ee318fecbc31aa059ded8328581b9a9b092f1069b9f7679b6f89e52e,292818.488656044,0.173,4818.315656043997,292818.31416514394,20,4818.315656043997
96149d3ed4f00afb92f12856101e693e93c4683f030ae6ca6ebfbb7ba5a2a345,1cf618f9ee318fecbc31aa059ded8328581b9a9b092f1069b9f7679b6f89e52e,294250.25593709946,0.077,6250.178937099467,294250.1774461994,20,6250.178937099467
96149d3ed4f00afb92f12856101e693e93c4683f030ae6ca6ebfbb7ba5a2a345,1cf618f9ee318fecbc31aa059ded8328581b9a9b092f1069b9f7679b6f89e52e,294662.955288887,0.011,6662.944288887025,294662.94279798697,20,6662.944288887025
96149d3ed4f00afb92f12856101e693e93c4683f030ae6ca6ebfbb7ba5a2a345,1cf618f9ee318fecbc31aa059ded8328581b9a9b092f1069b9f7679b6f89e52e,294775.0172820091,0.01,6775.007282009115,294775.00579110906,20,6775.007282009115
96149d3ed4f00afb92f12856101e693e93c4683f030ae6ca6ebfbb7ba5a2a345,1cf618f9ee318fecbc31aa059ded8328581b9a9b092f1069b9f7679b6f89e52e,294897.1497271061,0.012,6897.1377271061065,294897.13623620605,20,6897.1377271061065
96149d3ed4f00afb92f12856101e693e93c4683f030ae6ca6ebfbb7ba5a2a345,1cf618f9ee318fecbc31aa059ded8328581b9a9b092f1069b9f7679b6f89e52e,294956.9356350899,0.014,6956.92163508985,294956.9201441898,20,6956.92163508985
96149d3ed4f00afb92f12856101e693e93c4683f030ae6ca6ebfbb7ba5a2a345,1cf618f9ee318fecbc31aa059ded8328581b9a9b092f1069b9f7679b6f89e52e,295171.7021739483,0.041,7171.661173948261,295171.6596830482,20,7171.661173948261
96149d3ed4f00afb92f12856101e693e93c4683f030ae6ca6ebfbb7ba5a2a345,1cf618f9ee318fecbc31aa059ded8328581b9a9b092f1069b9f7679b6f89e52e,300285.8560049534,0.125,12285.731004953384,300285.7295140533,20,12285.731004953384
96149d3ed4f00afb92f12856101e693e93c4683f030ae6ca6ebfbb7ba5a2a345,1cf618f9ee318fecbc31aa059ded8328581b9a9b092f1069b9f7679b6f89e52e,300476.40956902504,0.04,12476.36956902506,300476.368078125,20,12476.36956902506
96149d3ed4f00afb92f12856101e693e93c4683f030ae6ca6ebfbb7ba5a2a345,1cf618f9ee318fecbc31aa059ded8328581b9a9b092f1069b9f7679b6f89e52e,300479.4756169319,0.039,12479.436616931926,300479.43512603187,20,12479.436616931926
96149d3ed4f00afb92f12856101e693e93c4683f030ae6ca6ebfbb7ba5a2a345,1cf618f9ee318fecbc31aa059ded8328581b9a9b092f1069b9f7679b6f89e52e,300488.9914660454,0.041,12488.950466045353,300488.9489751453,20,12488.950466045353
96149d3ed4f00afb92f12856101e693e93c4683f030ae6ca6ebfbb7ba5a2a345,1cf618f9ee318fecbc31aa059ded8328581b9a9b092f1069b9f7679b6f89e52e,300498.898788929,0.043,12498.85578892898,300498.8542980289,20,12498.85578892898
96149d3ed4f00afb92f12856101e693e93c4683f030ae6ca6ebfbb7ba5a2a345,1cf618f9ee318fecbc31aa059ded8328581b9a9b092f1069b9f7679b6f89e52e,300570.19228196144,0.045,12570.147281961457,300570.1457910614,20,12570.147281961457
96149d3ed4f00afb92f12856101e693e93c4683f030ae6ca6ebfbb7ba5a2a345,1cf618f9ee318fecbc31aa059ded8328581b9a9b092f1069b9f7679b6f89e52e,300651.1179380417,0.042,12651.075938041671,300651.0744471416,20,12651.075938041671
96149d3ed4f00afb92f12856101e693e93c4683f030ae6ca6ebfbb7ba5a2a345,1cf618f9ee318fecbc31aa059ded8328581b9a9b092f1069b9f7679b6f89e52e,300690.50613188744,0.038,12690.468131887435,300690.4666409874,20,12690.468131887435
96149d3ed4f00afb92f12856101e693e93c4683f030ae6ca6ebfbb7ba5a2a345,1cf618f9ee318fecbc31aa059ded8328581b9a9b092f1069b9f7679b6f89e52e,300717.69111800194,0.039,12717.652118001948,300717.6506271019,20,12717.652118001948
96149d3ed4f00afb92f12856101e693e93c4683f030ae6ca6ebfbb7ba5a2a345,1cf618f9ee318fecbc31aa059ded8328581b9a9b092f1069b9f7679b6f89e52e,300742.56720995903,0.058,12742.509209959011,300742.50771905895,20,12742.509209959011
96149d3ed4f00afb92f12856101e693e93c4683f030ae6ca6ebfbb7ba5a2a345,1cf618f9ee318fecbc31aa059ded8328581b9a9b092f1069b9f7679b6f89e52e,300746.31394290924,0.041,12746.272942909214,300746.27145200915,20,12746.272942909214
96149d3ed4f00afb92f12856101e693e93c4683f030ae6ca6ebfbb7ba5a2a345,1cf618f9ee318fecbc31aa059ded8328581b9a9b092f1069b9f7679b6f89e52e,300757.85581707954,0.039,12757.816817079554,300757.8153261795,20,12757.816817079554
96149d3ed4f00afb92f12856101e693e93c4683f030ae6ca6ebfbb7ba5a2a345,1cf618f9ee318fecbc31aa059ded8328581b9a9b092f1069b9f7679b6f89e52e,300789.4780859947,0.039,12789.43908599473,300789.43759509467,20,12789.43908599473
96149d3ed4f00afb92f12856101e693e93c4683f030ae6ca6ebfbb7ba5a2a345,1cf618f9ee318fecbc31aa059ded8328581b9a9b092f1069b9f7679b6f89e52e,300914.1452031136,0.048,12914.097203113604,300914.09571221354,20,12914.097203113604
96149d3ed4f00afb92f12856101e693e93c4683f030ae6ca6ebfbb7ba5a2a345,1cf618f9ee318fecbc31aa059ded8328581b9a9b092f1069b9f7679b6f89e52e,300975.87906193733,0.043,12975.836061937327,300975.83457103727,20,12975.836061937327
96149d3ed4f00afb92f12856101e693e93c4683f030ae6ca6ebfbb7ba5a2a345,1cf618f9ee318fecbc31aa059ded8328581b9a9b092f1069b9f7679b6f89e52e,301004.0804960728,0.039,13004.041496072838,301004.0400051728,20,13004.041496072838
96149d3ed4f00afb92f12856101e693e93c4683f030ae6ca6ebfbb7ba5a2a345,1cf618f9ee318fecbc31aa059ded8328581b9a9b092f1069b9f7679b6f89e52e,301005.8977320194,0.044,13005.85373201943,301005.85224111937,20,13005.85373201943
96149d3ed4f00afb92f12856101e693e93c4683f030ae6ca6ebfbb7ba5a2a345,1cf618f9ee318fecbc31aa059ded8328581b9a9b092f1069b9f7679b6f89e52e,301006.0662269592,0.039,13006.027226959239,301006.0257360592,20,13006.027226959239
96149d3ed4f00afb92f12856101e693e93c4683f030ae6ca6ebfbb7ba5a2a345,1cf618f9ee318fecbc31aa059ded8328581b9a9b092f1069b9f7679b6f89e52e,301228.57310009,0.039,13228.534100090037,301228.53260919,20,13228.534100090037
96149d3ed4f00afb92f12856101e693e93c4683f030ae6ca6ebfbb7ba5a2a345,1cf618f9ee318fecbc31aa059ded8328581b9a9b092f1069b9f7679b6f89e52e,301242.9511630535,0.039,13242.912163053523,301242.91067215346,20,13242.912163053523
96149d3ed4f00afb92f12856101e693e93c4683f030ae6ca6ebfbb7ba5a2a345,1cf618f9ee318fecbc31aa059ded8328581b9a9b092f1069b9f7679b6f89e52e,301386.0388829708,0.044,13385.994882970816,301385.99339207076,20,13385.994882970816
96149d3ed4f00afb92f12856101e693e93c4683f030ae6ca6ebfbb7ba5a2a345,1cf618f9ee318fecbc31aa059ded8328581b9a9b092f1069b9f7679b6f89e52e,301388.67271208763,0.064,13388.608712087618,301388.60722118756,20,13388.608712087618
96149d3ed4f00afb92f12856101e693e93c4683f030ae6ca6ebfbb7ba5a2a345,1cf618f9ee318fecbc31aa059ded8328581b9a9b092f1069b9f7679b6f89e52e,301425.0109870434,0.038,13424.97298704338,301424.9714961433,20,13424.97298704338
96149d3ed4f00afb92f12856101e693e93c4683f030ae6ca6ebfbb7ba5a2a345,1cf618f9ee318fecbc31aa059ded8328581b9a9b092f1069b9f7679b6f89e52e,301452.4686989784,0.04,13452.428698978445,301452.4272080784,20,13452.428698978445
96149d3ed4f00afb92f12856101e693e93c4683f030ae6ca6ebfbb7ba5a2a345,1cf618f9ee318fecbc31aa059ded8328581b9a9b092f1069b9f7679b6f89e52e,301632.5939629078,0.039,13632.554962907801,301632.55347200774,20,13632.554962907801
96149d3ed4f00afb92f12856101e693e93c4683f030ae6ca6ebfbb7ba5a2a345,1cf618f9ee318fecbc31aa059ded8328581b9a9b092f1069b9f7679b6f89e52e,301661.717222929,0.039,13661.678222929011,301661.67673202895,20,13661.678222929011
96149d3ed4f00afb92f12856101e693e93c4683f030ae6ca6ebfbb7ba5a2a345,1cf618f9ee318fecbc31aa059ded8328581b9a9b092f1069b9f7679b6f89e52e,301662.1354188919,0.044,13662.091418891912,301662.08992799185,20,13662.091418891912
96149d3ed4f00afb92f12856101e693e93c4683f030ae6ca6ebfbb7ba5a2a345,1cf618f9ee318fecbc31aa059ded8328581b9a9b092f1069b9f7679b6f89e52e,301664.5216729641,0.038,13664.483672964096,301664.48218206404,20,13664.483672964096
96149d3ed4f00afb92f12856101e693e93c4683f030ae6ca6ebfbb7ba5a2a345,1cf618f9ee318fecbc31aa059ded8328581b9a9b092f1069b9f7679b6f89e52e,301989.0062420368,0.037,13988.969242036808,301988.96775113675,20,13988.969242036808
96149d3ed4f00afb92f12856101e693e93c4683f030ae6ca6ebfbb7ba5a2a345,1cf618f9ee318fecbc31aa059ded8328581b9a9b092f1069b9f7679b6f89e52e,302028.9406580925,0.038,14028.902658092498,302028.90116719244,20,14028.902658092498
96149d3ed4f00afb92f12856101e693e93c4683f030ae6ca6ebfbb7ba5a2a345,1cf618f9ee318fecbc31aa059ded8328581b9a9b092f1069b9f7679b6f89e52e,302080.11223101616,0.038,14080.074231016159,302080.0727401161,20,14080.074231016159
96149d3ed4f00afb92f12856101e693e93c4683f030ae6ca6ebfbb7ba5a2a345,1cf618f9ee318fecbc31aa059ded8328581b9a9b092f1069b9f7679b6f89e52e,302089.8917090893,0.039,14089.85270908929,302089.85121818923,20,14089.85270908929
96149d3ed4f00afb92f12856101e693e93c4683f030ae6ca6ebfbb7ba5a2a345,1cf618f9ee318fecbc31aa059ded8328581b9a9b092f1069b9f7679b6f89e52e,302152.15332102776,0.04,14152.113321027777,302152.1118301277,20,14152.113321027777
96149d3ed4f00afb92f12856101e693e93c4683f030ae6ca6ebfbb7ba5a2a345,1cf618f9ee318fecbc31aa059ded8328581b9a9b092f1069b9f7679b6f89e52e,302156.1388499737,0.037,14156.101849973667,302156.1003590736,20,14156.101849973667
96149d3ed4f00afb92f12856101e693e93c4683f030ae6ca6ebfbb7ba5a2a345,1cf618f9ee318fecbc31aa059ded8328581b9a9b092f1069b9f7679b6f89e52e,302295.9569048881,0.039,14295.917904888105,302295.91641398804,20,14295.917904888105
96149d3ed4f00afb92f12856101e693e93c4683f030ae6ca6ebfbb7ba5a2a345,1cf618f9ee318fecbc31aa059ded8328581b9a9b092f1069b9f7679b6f89e52e,302320.60469794273,0.038,14320.566697942733,302320.5652070427,20,14320.566697942733
96149d3ed4f00afb92f12856101e693e93c4683f030ae6ca6ebfbb7ba5a2a345,1cf618f9ee318fecbc31aa059ded8328581b9a9b092f1069b9f7679b6f89e52e,302320.79202604294,0.044,14320.748026042944,302320.7465351429,20,14320.748026042944
96149d3ed4f00afb92f12856101e693e93c4683f030ae6ca6ebfbb7ba5a2a345,b89efb5e9d1b7e5900ef441b098d4c8b01600af5e673a9f9d607b3598f0fe548,288656.6016778946,1.707,654.8946778945974,288654.89318699454,20,654.8946778945974
96149d3ed4f00afb92f12856101e693e93c4683f030ae6ca6ebfbb7ba5a2a345,b89efb5e9d1b7e5900ef441b098d4c8b01600af5e673a9f9d607b3598f0fe548,288668.1578810215,0.642,667.5158810215071,288667.51439012145,20,667.5158810215071
96149d3ed4f00afb92f12856101e693e93c4683f030ae6ca6ebfbb7ba5a2a345,b89efb5e9d1b7e5900ef441b098d4c8b01600af5e673a9f9d607b3598f0fe548,288680.70207190514,0.707,679.9950719051412,288679.9935810051,20,679.9950719051412
96149d3ed4f00afb92f12856101e693e93c4683f030ae6ca6ebfbb7ba5a2a345,b89efb5e9d1b7e5900ef441b098d4c8b01600af5e673a9f9d607b3598f0fe548,288686.0586709976,0.813,685.2456709975959,288685.24418009754,20,685.2456709975959
96149d3ed4f00afb92f12856101e693e93c4683f030ae6ca6ebfbb7ba5a2a345,b89efb5e9d1b7e5900ef441b098d4c8b01600af5e673a9f9d607b3598f0fe548,288696.39511203766,0.63,695.765112037654,288695.7636211376,20,695.765112037654
96149d3ed4f00afb92f12856101e693e93c4683f030ae6ca6ebfbb7ba5a2a345,b89efb5e9d1b7e5900ef441b098d4c8b01600af5e673a9f9d607b3598f0fe548,288702.15614008904,0.626,701.5301400890457,288701.528649189,20,701.5301400890457
96149d3ed4f00afb92f12856101e693e93c4683f030ae6ca6ebfbb7ba5a2a345,b89efb5e9d1b7e5900ef441b098d4c8b01600af5e673a9f9d607b3598f0fe548,288706.7451529503,0.685,706.0601529502892,288706.0586620502,20,706.0601529502892
96149d3ed4f00afb92f12856101e693e93c4683f030ae6ca6ebfbb7ba5a2a345,b89efb5e9d1b7e5900ef441b098d4c8b01600af5e673a9f9d607b3598f0fe548,288738.7734129429,0.629,738.144412942871,288738.1429220428,20,738.144412942871
96149d3ed4f00afb92f12856101e693e93c4683f030ae6ca6ebfbb7ba5a2a345,b89efb5e9d1b7e5900ef441b098d4c8b01600af5e673a9f9d607b3598f0fe548,288746.0485999584,0.651,745.3975999584072,288745.39610905835,20,745.3975999584072
96149d3ed4f00afb92f12856101e693e93c4683f030ae6ca6ebfbb7ba5a2a345,b89efb5e9d1b7e5900ef441b098d4c8b01600af5e673a9f9d607b3598f0fe548,288752.90432310104,0.65,752.2543231010204,288752.25283220096,20,752.2543231010204
96149d3ed4f00afb92f12856101e693e93c4683f030ae6ca6ebfbb7ba5a2a345,b89efb5e9d1b7e5900ef441b098d4c8b01600af5e673a9f9d607b3598f0fe548,288760.38656497,0.644,759.7425649700454,288759.74107407,20,759.7425649700454
96149d3ed4f00afb92f12856101e693e93c4683f030ae6ca6ebfbb7ba5a2a345,b89efb5e9d1b7e5900ef441b098d4c8b01600af5e673a9f9d607b3598f0fe548,288770.5440979004,0.726,769.8180979003664,288769.8166070003,20,769.8180979003664
96149d3ed4f00afb92f12856101e693e93c4683f030ae6ca6ebfbb7ba5a2a345,b89efb5e9d1b7e5900ef441b098d4c8b01600af5e673a9f9d607b3598f0fe548,288773.20736408234,0.619,772.5883640823304,288772.58687318227,20,772.5883640823304
96149d3ed4f00afb92f12856101e693e93c4683f030ae6ca6ebfbb7ba5a2a345,b89efb5e9d1b7e5900ef441b098d4c8b01600af5e673a9f9d607b3598f0fe548,288785.2823200226,0.77,784.5123200225644,288784.5108291225,20,784.5123200225644
96149d3ed4f00afb92f12856101e693e93c4683f030ae6ca6ebfbb7ba5a2a345,b89efb5e9d1b7e5900ef441b098d4c8b01600af5e673a9f9d607b3598f0fe548,288791.23683190346,0.08,791.1568319034413,288791.1553410034,20,791.1568319034413
96149d3ed4f00afb92f12856101e693e93c4683f030ae6ca6ebfbb7ba5a2a345,b89efb5e9d1b7e5900ef441b098d4c8b01600af5e673a9f9d607b3598f0fe548,288874.55283999443,0.628,873.9248399944045,288873.92334909434,20,873.9248399944045
96149d3ed4f00afb92f12856101e693e93c4683f030ae6ca6ebfbb7ba5a2a345,b89efb5e9d1b7e5900ef441b098d4c8b01600af5e673a9f9d607b3598f0fe548,288884.5309650898,0.623,883.9079650897766,288883.9064741897,20,883.9079650897766
96149d3ed4f00afb92f12856101e693e93c4683f030ae6ca6ebfbb7ba5a2a345,b89efb5e9d1b7e5900ef441b098d4c8b01600af5e673a9f9d607b3598f0fe548,288886.80883288383,0.846,885.9628328838153,288885.96134198376,20,885.9628328838153
96149d3ed4f00afb92f12856101e693e93c4683f030ae6ca6ebfbb7ba5a2a345,b89efb5e9d1b7e5900ef441b098d4c8b01600af5e673a9f9d607b3598f0fe548,288888.2323219776,0.642,887.5903219776228,288887.58883107756,20,887.5903219776228
96149d3ed4f00afb92f12856101e693e93c4683f030ae6ca6ebfbb7ba5a2a345,b89efb5e9d1b7e5900ef441b098d4c8b01600af5e673a9f9d607b3598f0fe548,288893.87008309364,0.64,893.2300830936292,288893.22859219357,20,893.2300830936292
96149d3ed4f00afb92f12856101e693e93c4683f030ae6ca6ebfbb7ba5a2a345,b89efb5e9d1b7e5900ef441b098d4c8b01600af5e673a9f9d607b3598f0fe548,288938.77530407906,0.63,938.1453040790511,288938.143813179,20,938.1453040790511
96149d3ed4f00afb92f12856101e693e93c4683f030ae6ca6ebfbb7ba5a2a345,b89efb5e9d1b7e5900ef441b098d4c8b01600af5e673a9f9d607b3598f0fe548,288970.15488004684,0.701,969.4538800468436,288969.4523891468,20,969.4538800468436
96149d3ed4f00afb92f12856101e693e93c4683f030ae6ca6ebfbb7ba5a2a345,b89efb5e9d1b7e5900ef441b098d4c8b01600af5e673a9f9d607b3598f0fe548,288993.4852409363,0.671,992.8142409363063,288992.81275003625,20,992.8142409363063
96149d3ed4f00afb92f12856101e693e93c4683f030ae6ca6ebfbb7ba5a2a345,b89efb5e9d1b7e5900ef441b098d4c8b01600af5e673a9f9d607b3598f0fe548,288997.557888031,0.668,996.8898880310007,288996.88839713094,20,996.8898880310007
96149d3ed4f00afb92f12856101e693e93c4683f030ae6ca6ebfbb7ba5a2a345,b89efb5e9d1b7e5900ef441b098d4c8b01600af5e673a9f9d607b3598f0fe548,289006.92962789536,0.675,1006.2546278953669,289006.2531369953,20,1006.2546278953669
96149d3ed4f00afb92f12856101e693e93c4683f030ae6ca6ebfbb7ba5a2a345,b89efb5e9d1b7e5900ef441b098d4c8b01600af5e673a9f9d607b3598f0fe548,289037.5580589771,0.847,1036.7110589771182,289036.70956807706,20,1036.7110589771182
96149d3ed4f00afb92f12856101e693e93c4683f030ae6ca6ebfbb7ba5a2a345,b89efb5e9d1b7e5900ef441b098d4c8b01600af5e673a9f9d607b3598f0fe548,289039.2195661068,0.696,1038.5235661068,289038.52207520674,20,1038.5235661068
96149d3ed4f00afb92f12856101e693e93c4683f030ae6ca6ebfbb7ba5a2a345,b89efb5e9d1b7e5900ef441b098d4c8b01600af5e673a9f9d607b3598f0fe548,289040.98718595505,0.668,1040.3191859550425,289040.317695055,20,1040.3191859550425
96149d3ed4f00afb92f12856101e693e93c4683f030ae6ca6ebfbb7ba5a2a345,b89efb5e9d1b7e5900ef441b098d4c8b01600af5e673a9f9d607b3598f0fe548,289073.582201004,0.648,1072.9342010040418,289072.932710104,20,1072.9342010040418
96149d3ed4f00afb92f12856101e693e93c4683f030ae6ca6ebfbb7ba5a2a345,b89efb5e9d1b7e5900ef441b098d4c8b01600af5e673a9f9d607b3598f0fe548,289085.69230008125,0.653,1085.039300081262,289085.0378091812,20,1085.039300081262
96149d3ed4f00afb92f12856101e693e93c4683f030ae6ca6ebfbb7ba5a2a345,b89efb5e9d1b7e5900ef441b098d4c8b01600af5e673a9f9d607b3598f0fe548,289088.39217209816,0.662,1087.7301720981486,289087.7286811981,20,1087.7301720981486
96149d3ed4f00afb92f12856101e693e93c4683f030ae6ca6ebfbb7ba5a2a345,b89efb5e9d1b7e5900ef441b098d4c8b01600af5e673a9f9d607b3598f0fe548,289089.20288300514,0.637,1088.5658830051543,289088.5643921051,20,1088.5658830051543
96149d3ed4f00afb92f12856101e693e93c4683f030ae6ca6ebfbb7ba5a2a345,b89efb5e9d1b7e5900ef441b098d4c8b01600af5e673a9f9d607b3598f0fe548,289107.66385889053,0.879,1106.784858890518,289106.78336799046,20,1106.784858890518
96149d3ed4f00afb92f12856101e693e93c4683f030ae6ca6ebfbb7ba5a2a345,b89efb5e9d1b7e5900ef441b098d4c8b01600af5e673a9f9d607b3598f0fe548,289113.4203140736,0.698,1112.722314073646,289112.7208231736,20,1112.722314073646
96149d3ed4f00afb92f12856101e693e93c4683f030ae6ca6ebfbb7ba5a2a345,b89efb5e9d1b7e5900ef441b098d4c8b01600af5e673a9f9d607b3598f0fe548,289157.72504401207,0.701,1157.0240440120688,289157.022553112,20,1157.0240440120688
96149d3ed4f00afb92f12856101e693e93c4683f030ae6ca6ebfbb7ba5a2a345,b89efb5e9d1b7e5900ef441b098d4c8b01600af5e673a9f9d607b3598f0fe548,289242.34592294693,0.661,1241.684922946908,289241.68343204685,20,1241.684922946908
96149d3ed4f00afb92f12856101e693e93c4683f030ae6ca6ebfbb7ba5a2a345,b89efb5e9d1b7e5900ef441b098d4c8b01600af5e673a9f9d607b3598f0fe548,289264.97982406616,0.618,1264.3618240661453,289264.3603331661,20,1264.3618240661453
96149d3ed4f00afb92f12856101e693e93c4683f030ae6ca6ebfbb7ba5a2a345,b89efb5e9d1b7e5900ef441b098d4c8b01600af5e673a9f9d607b3598f0fe548,289267.6536090374,0.825,1266.8286090373877,289266.8271181373,20,1266.8286090373877
96149d3ed4f00afb92f12856101e693e93c4683f030ae6ca6ebfbb7ba5a2a345,b89efb5e9d1b7e5900ef441b098d4c8b01600af5e673a9f9d607b3598f0fe548,289268.5635089874,0.625,1267.9385089874268,289267.93701808737,20,1267.9385089874268
96149d3ed4f00afb92f12856101e693e93c4683f030ae6ca6ebfbb7ba5a2a345,b89efb5e9d1b7e5900ef441b098d4c8b01600af5e673a9f9d607b3598f0fe548,289275.4228889942,0.64,1274.782888994203,289274.78139809414,20,1274.782888994203
96149d3ed4f00afb92f12856101e693e93c4683f030ae6ca6ebfbb7ba5a2a345,b89efb5e9d1b7e5900ef441b098d4c8b01600af5e673a9f9d607b3598f0fe548,289276.1563630104,0.644,1275.5123630104354,289275.5108721104,20,1275.5123630104354
96149d3ed4f00afb92f12856101e693e93c4683f030ae6ca6ebfbb7ba5a2a345,b89efb5e9d1b7e5900ef441b098d4c8b01600af5e673a9f9d607b3598f0fe548,289286.973651886,0.795,1286.1786518860026,289286.17716098594,20,1286.1786518860026
96149d3ed4f00afb92f12856101e693e93c4683f030ae6ca6ebfbb7ba5a2a345,b89efb5e9d1b7e5900ef441b098d4c8b01600af5e673a9f9d607b3598f0fe548,289293.1515169144,1.343,1291.8085169144324,289291.8070260144,20,1291.8085169144324
96149d3ed4f00afb92f12856101e693e93c4683f030ae6ca6ebfbb7ba5a2a345,b89efb5e9d1b7e5900ef441b098d4c8b01600af5e673a9f9d607b3598f0fe548,289571.76856708527,0.633,1571.1355670852936,289571.13407618523,20,1571.1355670852936
96149d3ed4f00afb92f12856101e693e93c4683f030ae6ca6ebfbb7ba5a2a345,b89efb5e9d1b7e5900ef441b098d4c8b01600af5e673a9f9d607b3598f0fe548,289580.8545730114,0.633,1580.2215730114258,289580.22008211137,20,1580.2215730114258
96149d3ed4f00afb92f12856101e693e93c4683f030ae6ca6ebfbb7ba5a2a345,b89efb5e9d1b7e5900ef441b098d4c8b01600af5e673a9f9d607b3598f0fe548,289632.75141096115,0.696,1632.0554109611548,289632.0539200611,20,1632.0554109611548
96149d3ed4f00afb92f12856101e693e93c4683f030ae6ca6ebfbb7ba5a2a345,b89efb5e9d1b7e5900ef441b098d4c8b01600af5e673a9f9d607b3598f0fe548,289633.58147001266,0.629,1632.9524700126494,289632.9509791126,20,1632.9524700126494
96149d3ed4f00afb92f12856101e693e93c4683f030ae6ca6ebfbb7ba5a2a345,b89efb5e9d1b7e5900ef441b098d4c8b01600af5e673a9f9d607b3598f0fe548,289636.6067790985,0.816,1635.7907790985191,289635.78928819846,20,1635.7907790985191
96149d3ed4f00afb92f12856101e693e93c4683f030ae6ca6ebfbb7ba5a2a345,b89efb5e9d1b7e5900ef441b098d4c8b01600af5e673a9f9d607b3598f0fe548,289638.80383610725,0.957,1637.8468361072592,289637.8453452072,20,1637.8468361072592
96149d3ed4f00afb92f12856101e693e93c4683f030ae6ca6ebfbb7ba5a2a345,b89efb5e9d1b7e5900ef441b098d4c8b01600af5e673a9f9d607b3598f0fe548,289647.2403600216,0.871,1646.3693600216066,289646.36786912155,20,1646.3693600216066
96149d3ed4f00afb92f12856101e693e93c4683f030ae6ca6ebfbb7ba5a2a345,b89efb5e9d1b7e5900ef441b098d4c8b01600af5e673a9f9d607b3598f0fe548,289651.01265501976,0.783,1650.2296550197643,289650.2281641197,20,1650.2296550197643
96149d3ed4f00afb92f12856101e693e93c4683f030ae6ca6ebfbb7ba5a2a345,b89efb5e9d1b7e5900ef441b098d4c8b01600af5e673a9f9d607b3598f0fe548,289672.93380498886,0.905,1672.0288049888331,289672.0273140888,20,1672.0288049888331
96149d3ed4f00afb92f12856101e693e93c4683f030ae6ca6ebfbb7ba5a2a345,b89efb5e9d1b7e5900ef441b098d4c8b01600af5e673a9f9d607b3598f0fe548,289687.8183751106,1.169,1686.6493751106318,289686.6478842106,20,1686.6493751106318
96149d3ed4f00afb92f12856101e693e93c4683f030ae6ca6ebfbb7ba5a2a345,b89efb5e9d1b7e5900ef441b098d4c8b01600af5e673a9f9d607b3598f0fe548,289689.56241488457,0.976,1688.586414884543,289688.5849239845,20,1688.586414884543
96149d3ed4f00afb92f12856101e693e93c4683f030ae6ca6ebfbb7ba5a2a345,b89efb5e9d1b7e5900ef441b098d4c8b01600af5e673a9f9d607b3598f0fe548,289690.5956530571,0.901,1689.6946530570858,289689.693162157,20,1689.6946530570858
96149d3ed4f00afb92f12856101e693e93c4683f030ae6ca6ebfbb7ba5a2a345,b89efb5e9d1b7e5900ef441b098d4c8b01600af5e673a9f9d607b3598f0fe548,289728.8169488907,0.636,1728.1809488906874,289728.1794579906,20,1728.1809488906874
96149d3ed4f00afb92f12856101e693e93c4683f030ae6ca6ebfbb7ba5a2a345,b89efb5e9d1b7e5900ef441b098d4c8b01600af5e673a9f9d607b3598f0fe548,289748.6729879379,0.932,1747.7409879379557,289747.7394970379,20,1747.7409879379557
96149d3ed4f00afb92f12856101e693e93c4683f030ae6ca6ebfbb7ba5a2a345,b89efb5e9d1b7e5900ef441b098d4c8b01600af5e673a9f9d607b3598f0fe548,290329.5619049072,0.892,2328.669904907234,290328.6684140072,20,2328.669904907234
96149d3ed4f00afb92f12856101e693e93c4683f030ae6ca6ebfbb7ba5a2a345,b89efb5e9d1b7e5900ef441b098d4c8b01600af5e673a9f9d607b3598f0fe548,290332.6208059788,0.794,2331.8268059787806,290331.8253150787,20,2331.8268059787806
96149d3ed4f00afb92f12856101e693e93c4683f030ae6ca6ebfbb7ba5a2a345,b89efb5e9d1b7e5900ef441b098d4c8b01600af5e673a9f9d607b3598f0fe548,290518.6330769062,0.914,2517.7190769062145,290517.71758600615,20,2517.7190769062145
96149d3ed4f00afb92f12856101e693e93c4683f030ae6ca6ebfbb7ba5a2a345,b89efb5e9d1b7e5900ef441b098d4c8b01600af5e673a9f9d607b3598f0fe548,290523.0802760124,0.778,2522.3022760124295,290522.30078511237,20,2522.3022760124295
96149d3ed4f00afb92f12856101e693e93c4683f030ae6ca6ebfbb7ba5a2a345,b89efb5e9d1b7e5900ef441b098d4c8b01600af5e673a9f9d607b3598f0fe548,290524.61265206337,0.734,2523.878652063373,290523.8771611633,20,2523.878652063373
96149d3ed4f00afb92f12856101e693e93c4683f030ae6ca6ebfbb7ba5a2a345,b89efb5e9d1b7e5900ef441b098d4c8b01600af5e673a9f9d607b3598f0fe548,290531.3821799755,0.645,2530.737179975491,290530.73568907543,20,2530.737179975491
96149d3ed4f00afb92f12856101e693e93c4683f030ae6ca6ebfbb7ba5a2a345,b89efb5e9d1b7e5900ef441b098d4c8b01600af5e673a9f9d607b3598f0fe548,290532.2951068878,0.665,2531.6301068878383,290531.6286159878,20,2531.6301068878383
96149d3ed4f00afb92f12856101e693e93c4683f030ae6ca6ebfbb7ba5a2a345,b89efb5e9d1b7e5900ef441b098d4c8b01600af5e673a9f9d607b3598f0fe548,290545.5480349064,0.692,2544.8560349064064,290544.85454400635,20,2544.8560349064064
96149d3ed4f00afb92f12856101e693e93c4683f030ae6ca6ebfbb7ba5a2a345,b89efb5e9d1b7e5900ef441b098d4c8b01600af5e673a9f9d607b3598f0fe548,290592.0778369904,0.601,2591.4768369903904,290591.47534609033,20,2591.4768369903904
96149d3ed4f00afb92f12856101e693e93c4683f030ae6ca6ebfbb7ba5a2a345,b89efb5e9d1b7e5900ef441b098d4c8b01600af5e673a9f9d607b3598f0fe548,290600.02070999146,0.603,2599.4177099914523,290599.4162190914,20,2599.4177099914523
96149d3ed4f00afb92f12856101e693e93c4683f030ae6ca6ebfbb7ba5a2a345,b89efb5e9d1b7e5900ef441b098d4c8b01600af5e673a9f9d607b3598f0fe548,290626.02651906013,0.876,2625.1505190601456,290625.1490281601,20,2625.1505190601456
96149d3ed4f00afb92f12856101e693e93c4683f030ae6ca6ebfbb7ba5a2a345,b89efb5e9d1b7e5900ef441b098d4c8b01600af5e673a9f9d607b3598f0fe548,290627.24871611595,0.713,2626.5357161159627,290626.5342252159,20,2626.5357161159627
96149d3ed4f00afb92f12856101e693e93c4683f030ae6ca6ebfbb7ba5a2a345,b89efb5e9d1b7e5900ef441b098d4c8b01600af5e673a9f9d607b3598f0fe548,291031.6379740238,1.282,3030.3559740238125,291030.35448312375,20,3030.3559740238125
96149d3ed4f00afb92f12856101e693e93c4683f030ae6ca6ebfbb7ba5a2a345,b89efb5e9d1b7e5900ef441b098d4c8b01600af5e673a9f9d607b3598f0fe548,291134.1417338848,9.668,3124.4737338848063,291124.47224298475,20,3124.4737338848063
96149d3ed4f00afb92f12856101e693e93c4683f030ae6ca6ebfbb7ba5a2a345,b89efb5e9d1b7e5900ef441b098d4c8b01600af5e673a9f9d607b3598f0fe548,291137.302022934,1.104,3136.198022934026,291136.19653203397,20,3136.198022934026
96149d3ed4f00afb92f12856101e693e93c4683f030ae6ca6ebfbb7ba5a2a345,b89efb5e9d1b7e5900ef441b098d4c8b01600af5e673a9f9d607b3598f0fe548,291145.15469002724,1.068,3144.0866900272085,291144.08519912715,20,3144.0866900272085
96149d3ed4f00afb92f12856101e693e93c4683f030ae6ca6ebfbb7ba5a2a345,b89efb5e9d1b7e5900ef441b098d4c8b01600af5e673a9f9d607b3598f0fe548,291146.6546521187,0.929,3145.725652118679,291145.7241612186,20,3145.725652118679
96149d3ed4f00afb92f12856101e693e93c4683f030ae6ca6ebfbb7ba5a2a345,b89efb5e9d1b7e5900ef441b098d4c8b01600af5e673a9f9d607b3598f0fe548,291148.3743259907,1.542,3146.832325990661,291146.8308350906,20,3146.832325990661
96149d3ed4f00afb92f12856101e693e93c4683f030ae6ca6ebfbb7ba5a2a345,b89efb5e9d1b7e5900ef441b098d4c8b01600af5e673a9f9d607b3598f0fe548,291161.7077009678,1.043,3160.6647009677836,291160.6632100677,20,3160.6647009677836
96149d3ed4f00afb92f12856101e693e93c4683f030ae6ca6ebfbb7ba5a2a345,b89efb5e9d1b7e5900ef441b098d4c8b01600af5e673a9f9d607b3598f0fe548,291163.6999320984,1.609,3162.090932098392,291162.08944119833,20,3162.090932098392
96149d3ed4f00afb92f12856101e693e93c4683f030ae6ca6ebfbb7ba5a2a345,b89efb5e9d1b7e5900ef441b098d4c8b01600af5e673a9f9d607b3598f0fe548,291164.9055008888,0.757,3164.148500888841,291164.1470099888,20,3164.148500888841
96149d3ed4f00afb92f12856101e693e93c4683f030ae6ca6ebfbb7ba5a2a345,b89efb5e9d1b7e5900ef441b098d4c8b01600af5e673a9f9d607b3598f0fe548,291166.5412979126,0.868,3165.673297912581,291165.6718070125,20,3165.673297912581
96149d3ed4f00afb92f12856101e693e93c4683f030ae6ca6ebfbb7ba5a2a345,b89efb5e9d1b7e5900ef441b098d4c8b01600af5e673a9f9d607b3598f0fe548,291228.0139429569,0.974,3227.039942956937,291227.0384520569,20,3227.039942956937
96149d3ed4f00afb92f12856101e693e93c4683f030ae6ca6ebfbb7ba5a2a345,b89efb5e9d1b7e5900ef441b098d4c8b01600af5e673a9f9d607b3598f0fe548,291230.081056118,0.789,3229.2920561180217,291229.29056521796,20,3229.2920561180217
96149d3ed4f00afb92f12856101e693e93c4683f030ae6ca6ebfbb7ba5a2a345,b89efb5e9d1b7e5900ef441b098d4c8b01600af5e673a9f9d607b3598f0fe548,291238.0254049301,0.99,3237.035404930124,291237.03391403006,20,3237.035404930124
96149d3ed4f00afb92f12856101e693e93c4683f030ae6ca6ebfbb7ba5a2a345,b89efb5e9d1b7e5900ef441b098d4c8b01600af5e673a9f9d607b3598f0fe548,291243.40802001953,0.758,3242.6500200195587,291242.6485291195,20,3242.6500200195587
96149d3ed4f00afb92f12856101e693e93c4683f030ae6ca6ebfbb7ba5a2a345,b89efb5e9d1b7e5900ef441b098d4c8b01600af5e673a9f9d607b3598f0fe548,291244.5764479637,0.768,3243.8084479637328,291243.8069570637,20,3243.8084479637328
96149d3ed4f00afb92f12856101e693e93c4683f030ae6ca6ebfbb7ba5a2a345,b89efb5e9d1b7e5900ef441b098d4c8b01600af5e673a9f9d607b3598f0fe548,291246.4279639721,1.029,3245.3989639721112,291245.39747307205,20,3245.3989639721112
96149d3ed4f00afb92f12856101e693e93c4683f030ae6ca6ebfbb7ba5a2a345,b89efb5e9d1b7e5900ef441b098d4c8b01600af5e673a9f9d607b3598f0fe548,291253.2246670723,0.806,3252.418667072314,291252.41717617225,20,3252.418667072314
96149d3ed4f00afb92f12856101e693e93c4683f030ae6ca6ebfbb7ba5a2a345,b89efb5e9d1b7e5900ef441b098d4c8b01600af5e673a9f9d607b3598f0fe548,291259.7185370922,0.918,3258.8005370922037,291258.79904619214,20,3258.8005370922037
96149d3ed4f00afb92f12856101e693e93c4683f030ae6ca6ebfbb7ba5a2a345,b89efb5e9d1b7e5900ef441b098d4c8b01600af5e673a9f9d607b3598f0fe548,291268.433093071,0.761,3267.6720930709853,291267.6706021709,20,3267.6720930709853
96149d3ed4f00afb92f12856101e693e93c4683f030ae6ca6ebfbb7ba5a2a345,b89efb5e9d1b7e5900ef441b098d4c8b01600af5e673a9f9d607b3598f0fe548,291270.1807510853,0.818,3269.362751085253,291269.3612601852,20,3269.362751085253
96149d3ed4f00afb92f12856101e693e93c4683f030ae6ca6ebfbb7ba5a2a345,b89efb5e9d1b7e5900ef441b098d4c8b01600af5e673a9f9d607b3598f0fe548,291278.98154997826,0.729,3278.252549978264,291278.2510590782,20,3278.252549978264
96149d3ed4f00afb92f12856101e693e93c4683f030ae6ca6ebfbb7ba5a2a345,b89efb5e9d1b7e5900ef441b098d4c8b01600af5e673a9f9d607b3598f0fe548,291280.22454309464,0.741,3279.483543094655,291279.4820521946,20,3279.483543094655
96149d3ed4f00afb92f12856101e693e93c4683f030ae6ca6ebfbb7ba5a2a345,b89efb5e9d1b7e5900ef441b098d4c8b01600af5e673a9f9d607b3598f0fe548,291296.2487590313,1.06,3295.188759031298,291295.18726813124,20,3295.188759031298
96149d3ed4f00afb92f12856101e693e93c4683f030ae6ca6ebfbb7ba5a2a345,b89efb5e9d1b7e5900ef441b098d4c8b01600af5e673a9f9d607b3598f0fe548,291300.66110396385,0.82,3299.841103963845,291299.8396130638,20,3299.841103963845
96149d3ed4f00afb92f12856101e693e93c4683f030ae6ca6ebfbb7ba5a2a345,b89efb5e9d1b7e5900ef441b098d4c8b01600af5e673a9f9d607b3598f0fe548,291326.7582910061,1.147,3325.611291006091,291325.60980010603,20,3325.611291006091
96149d3ed4f00afb92f12856101e693e93c4683f030ae6ca6ebfbb7ba5a2a345,b89efb5e9d1b7e5900ef441b098d4c8b01600af5e673a9f9d607b3598f0fe548,291418.74100089073,1.363,3417.3780008907197,291417.37650999066,20,3417.3780008907197
96149d3ed4f00afb92f12856101e693e93c4683f030ae6ca6ebfbb7ba5a2a345,b89efb5e9d1b7e5900ef441b098d4c8b01600af5e673a9f9d607b3598f0fe548,291420.69397711754,0.895,3419.79897711752,291419.79748621746,20,3419.79897711752
96149d3ed4f00afb92f12856101e693e93c4683f030ae6ca6ebfbb7ba5a2a345,b89efb5e9d1b7e5900ef441b098d4c8b01600af5e673a9f9d607b3598f0fe548,291470.0321960449,1.164,3468.868196044932,291468.8667051449,20,3468.868196044932
96149d3ed4f00afb92f12856101e693e93c4683f030ae6ca6ebfbb7ba5a2a345,b89efb5e9d1b7e5900ef441b098d4c8b01600af5e673a9f9d607b3598f0fe548,292816.3015398979,1.294,4815.007539897924,292815.00604899786,20,4815.007539897924
96149d3ed4f00afb92f12856101e693e93c4683f030ae6ca6ebfbb7ba5a2a345,b89efb5e9d1b7e5900ef441b098d4c8b01600af5e673a9f9d607b3598f0fe548,292829.17127609253,1.209,4827.962276092556,292827.9607851925,20,4827.962276092556
96149d3ed4f00afb92f12856101e693e93c4683f030ae6ca6ebfbb7ba5a2a345,b89efb5e9d1b7e5900ef441b098d4c8b01600af5e673a9f9d607b3598f0fe548,294197.1491789818,0.758,6196.3911789818085,294196.38968808175,20,6196.3911789818085
96149d3ed4f00afb92f12856101e693e93c4683f030ae6ca6ebfbb7ba5a2a345,b89efb5e9d1b7e5900ef441b098d4c8b01600af5e673a9f9d607b3598f0fe548,294207.6255590916,0.845,6206.780559091654,294206.7790681916,20,6206.780559091654
96149d3ed4f00afb92f12856101e693e93c4683f030ae6ca6ebfbb7ba5a2a345,b89efb5e9d1b7e5900ef441b098d4c8b01600af5e673a9f9d607b3598f0fe548,294208.5198330879,0.765,6207.754833087907,294207.75334218785,20,6207.754833087907
96149d3ed4f00afb92f12856101e693e93c4683f030ae6ca6ebfbb7ba5a2a345,b89efb5e9d1b7e5900ef441b098d4c8b01600af5e673a9f9d607b3598f0fe548,294274.9046919346,0.723,6274.181691934587,294274.1802010345,20,6274.181691934587
96149d3ed4f00afb92f12856101e693e93c4683f030ae6ca6ebfbb7ba5a2a345,b89efb5e9d1b7e5900ef441b098d4c8b01600af5e673a9f9d607b3598f0fe548,294292.8052749634,0.768,6292.037274963397,294292.03578406334,20,6292.037274963397
96149d3ed4f00afb92f12856101e693e93c4683f030ae6ca6ebfbb7ba5a2a345,b89efb5e9d1b7e5900ef441b098d4c8b01600af5e673a9f9d607b3598f0fe548,294295.23838710785,0.617,6294.621387107822,294294.61989620776,20,6294.621387107822
96149d3ed4f00afb92f12856101e693e93c4683f030ae6ca6ebfbb7ba5a2a345,b89efb5e9d1b7e5900ef441b098d4c8b01600af5e673a9f9d607b3598f0fe548,294306.0460190773,0.618,6305.428019077284,294305.4265281772,20,6305.428019077284
96149d3ed4f00afb92f12856101e693e93c4683f030ae6ca6ebfbb7ba5a2a345,b89efb5e9d1b7e5900ef441b098d4c8b01600af5e673a9f9d607b3598f0fe548,294332.693267107,1.002,6331.691267107031,294331.689776207,20,6331.691267107031
96149d3ed4f00afb92f12856101e693e93c4683f030ae6ca6ebfbb7ba5a2a345,b89efb5e9d1b7e5900ef441b098d4c8b01600af5e673a9f9d607b3598f0fe548,294342.29962301254,0.807,6341.492623012571,294341.4911321125,20,6341.492623012571
96149d3ed4f00afb92f12856101e693e93c4683f030ae6ca6ebfbb7ba5a2a345,b89efb5e9d1b7e5900ef441b098d4c8b01600af5e673a9f9d607b3598f0fe548,294343.9635939598,1.531,6342.432593959791,294342.43110305973,20,6342.432593959791
96149d3ed4f00afb92f12856101e693e93c4683f030ae6ca6ebfbb7ba5a2a345,b89efb5e9d1b7e5900ef441b098d4c8b01600af5e673a9f9d607b3598f0fe548,294350.1137330532,0.88,6349.233733053203,294349.23224215314,20,6349.233733053203
96149d3ed4f00afb92f12856101e693e93c4683f030ae6ca6ebfbb7ba5a2a345,b89efb5e9d1b7e5900ef441b098d4c8b01600af5e673a9f9d607b3598f0fe548,294358.2743771076,0.957,6357.317377107625,294357.31588620757,20,6357.317377107625
96149d3ed4f00afb92f12856101e693e93c4683f030ae6ca6ebfbb7ba5a2a345,b89efb5e9d1b7e5900ef441b098d4c8b01600af5e673a9f9d607b3598f0fe548,294366.1193640232,0.828,6365.291364023229,294365.28987312317,20,6365.291364023229
96149d3ed4f00afb92f12856101e693e93c4683f030ae6ca6ebfbb7ba5a2a345,b89efb5e9d1b7e5900ef441b098d4c8b01600af5e673a9f9d607b3598f0fe548,294371.0674099922,0.787,6370.280409992207,294370.27891909215,20,6370.280409992207
96149d3ed4f00afb92f12856101e693e93c4683f030ae6ca6ebfbb7ba5a2a345,b89efb5e9d1b7e5900ef441b098d4c8b01600af5e673a9f9d607b3598f0fe548,294415.0759019852,0.937,6414.13890198525,294414.1374110852,20,6414.13890198525
96149d3ed4f00afb92f12856101e693e93c4683f030ae6ca6ebfbb7ba5a2a345,b89efb5e9d1b7e5900ef441b098d4c8b01600af5e673a9f9d607b3598f0fe548,294418.2431280613,0.737,6417.506128061272,294417.5046371612,20,6417.506128061272
96149d3ed4f00afb92f12856101e693e93c4683f030ae6ca6ebfbb7ba5a2a345,b89efb5e9d1b7e5900ef441b098d4c8b01600af5e673a9f9d607b3598f0fe548,294476.14863801,0.849,6475.299638010038,294475.29814711,20,6475.299638010038
96149d3ed4f00afb92f12856101e693e93c4683f030ae6ca6ebfbb7ba5a2a345,b89efb5e9d1b7e5900ef441b098d4c8b01600af5e673a9f9d607b3598f0fe548,294487.2332339287,0.73,6486.503233928699,294486.50174302864,20,6486.503233928699
96149d3ed4f00afb92f12856101e693e93c4683f030ae6ca6ebfbb7ba5a2a345,b89efb5e9d1b7e5900ef441b098d4c8b01600af5e673a9f9d607b3598f0fe548,294513.7437400818,0.732,6513.011740081769,294513.0102491817,20,6513.011740081769
96149d3ed4f00afb92f12856101e693e93c4683f030ae6ca6ebfbb7ba5a2a345,b89efb5e9d1b7e5900ef441b098d4c8b01600af5e673a9f9d607b3598f0fe548,294515.07537794113,0.581,6514.494377941126,294514.49288704107,20,6514.494377941126
96149d3ed4f00afb92f12856101e693e93c4683f030ae6ca6ebfbb7ba5a2a345,b89efb5e9d1b7e5900ef441b098d4c8b01600af5e673a9f9d607b3598f0fe548,294515.82283711433,0.626,6515.196837114345,294515.1953462143,20,6515.196837114345
96149d3ed4f00afb92f12856101e693e93c4683f030ae6ca6ebfbb7ba5a2a345,b89efb5e9d1b7e5900ef441b098d4c8b01600af5e673a9f9d607b3598f0fe548,294517.1609740257,0.704,6516.456974025699,294516.45548312564,20,6516.456974025699
96149d3ed4f00afb92f12856101e693e93c4683f030ae6ca6ebfbb7ba5a2a345,b89efb5e9d1b7e5900ef441b098d4c8b01600af5e673a9f9d607b3598f0fe548,294520.1687989235,1.438,6518.730798923469,294518.7293080234,20,6518.730798923469
96149d3ed4f00afb92f12856101e693e93c4683f030ae6ca6ebfbb7ba5a2a345,b89efb5e9d1b7e5900ef441b098d4c8b01600af5e673a9f9d607b3598f0fe548,294526.8436141014,0.792,6526.051614101394,294526.05012320133,20,6526.051614101394
96149d3ed4f00afb92f12856101e693e93c4683f030ae6ca6ebfbb7ba5a2a345,b89efb5e9d1b7e5900ef441b098d4c8b01600af5e673a9f9d607b3598f0fe548,294527.6250650883,0.769,6526.856065088301,294526.85457418824,20,6526.856065088301
96149d3ed4f00afb92f12856101e693e93c4683f030ae6ca6ebfbb7ba5a2a345,b89efb5e9d1b7e5900ef441b098d4c8b01600af5e673a9f9d607b3598f0fe548,294571.3332591057,0.796,6570.537259105709,294570.53576820565,20,6570.537259105709
96149d3ed4f00afb92f12856101e693e93c4683f030ae6ca6ebfbb7ba5a2a345,b89efb5e9d1b7e5900ef441b098d4c8b01600af5e673a9f9d607b3598f0fe548,294582.43213009834,0.656,6581.776130098326,294581.77463919827,20,6581.776130098326
96149d3ed4f00afb92f12856101e693e93c4683f030ae6ca6ebfbb7ba5a2a345,b89efb5e9d1b7e5900ef441b098d4c8b01600af5e673a9f9d607b3598f0fe548,294583.3540670872,0.662,6582.692067087162,294582.6905761871,20,6582.692067087162
96149d3ed4f00afb92f12856101e693e93c4683f030ae6ca6ebfbb7ba5a2a345,b89efb5e9d1b7e5900ef441b098d4c8b01600af5e673a9f9d607b3598f0fe548,294584.3039429188,0.641,6583.662942918774,294583.6614520187,20,6583.662942918774
96149d3ed4f00afb92f12856101e693e93c4683f030ae6ca6ebfbb7ba5a2a345,b89efb5e9d1b7e5900ef441b098d4c8b01600af5e673a9f9d607b3598f0fe548,294589.4115960598,0.672,6588.739596059779,294588.7381051597,20,6588.739596059779
96149d3ed4f00afb92f12856101e693e93c4683f030ae6ca6ebfbb7ba5a2a345,b89efb5e9d1b7e5900ef441b098d4c8b01600af5e673a9f9d607b3598f0fe548,294596.09477996826,0.869,6595.225779968256,294595.2242890682,20,6595.225779968256
96149d3ed4f00afb92f12856101e693e93c4683f030ae6ca6ebfbb7ba5a2a345,b89efb5e9d1b7e5900ef441b098d4c8b01600af5e673a9f9d607b3598f0fe548,294652.92420101166,0.73,6652.194201011676,294652.1927101116,20,6652.194201011676
96149d3ed4f00afb92f12856101e693e93c4683f030ae6ca6ebfbb7ba5a2a345,b89efb5e9d1b7e5900ef441b098d4c8b01600af5e673a9f9d607b3598f0fe548,294695.1265940666,0.825,6694.301594066608,294694.30010316655,20,6694.301594066608
96149d3ed4f00afb92f12856101e693e93c4683f030ae6ca6ebfbb7ba5a2a345,b89efb5e9d1b7e5900ef441b098d4c8b01600af5e673a9f9d607b3598f0fe548,294704.84198498726,0.904,6703.9379849872785,294703.9364940872,20,6703.9379849872785
96149d3ed4f00afb92f12856101e693e93c4683f030ae6ca6ebfbb7ba5a2a345,b89efb5e9d1b7e5900ef441b098d4c8b01600af5e673a9f9d607b3598f0fe548,294705.9660899639,1.028,6704.938089963922,294704.93659906386,20,6704.938089963922
96149d3ed4f00afb92f12856101e693e93c4683f030ae6ca6ebfbb7ba5a2a345,b89efb5e9d1b7e5900ef441b098d4c8b01600af5e673a9f9d607b3598f0fe548,294744.36331892014,0.596,6743.767318920116,294743.76582802006,20,6743.767318920116
96149d3ed4f00afb92f12856101e693e93c4683f030ae6ca6ebfbb7ba5a2a345,b89efb5e9d1b7e5900ef441b098d4c8b01600af5e673a9f9d607b3598f0fe548,294746.2258429527,1.419,6744.806842952734,294744.8053520527,20,6744.806842952734
96149d3ed4f00afb92f12856101e693e93c4683f030ae6ca6ebfbb7ba5a2a345,b89efb5e9d1b7e5900ef441b098d4c8b01600af5e673a9f9d607b3598f0fe548,294831.53569197655,0.844,6830.6916919765645,294830.6902010765,20,6830.6916919765645
96149d3ed4f00afb92f12856101e693e93c4683f030ae6ca6ebfbb7ba5a2a345,b89efb5e9d1b7e5900ef441b098d4c8b01600af5e673a9f9d607b3598f0fe548,294842.1280179024,0.679,6841.4490179023705,294841.4475270023,20,6841.4490179023705
96149d3ed4f00afb92f12856101e693e93c4683f030ae6ca6ebfbb7ba5a2a345,b89efb5e9d1b7e5900ef441b098d4c8b01600af5e673a9f9d607b3598f0fe548,294846.1370880604,0.713,6845.42408806039,294845.42259716033,20,6845.42408806039
96149d3ed4f00afb92f12856101e693e93c4683f030ae6ca6ebfbb7ba5a2a345,b89efb5e9d1b7e5900ef441b098d4c8b01600af5e673a9f9d607b3598f0fe548,294868.60192990303,0.693,6867.908929903002,294867.90743900294,20,6867.908929903002
96149d3ed4f00afb92f12856101e693e93c4683f030ae6ca6ebfbb7ba5a2a345,b89efb5e9d1b7e5900ef441b098d4c8b01600af5e673a9f9d607b3598f0fe548,294881.61262393,0.746,6880.866623929993,294880.86513302993,20,6880.866623929993
96149d3ed4f00afb92f12856101e693e93c4683f030ae6ca6ebfbb7ba5a2a345,b89efb5e9d1b7e5900ef441b098d4c8b01600af5e673a9f9d607b3598f0fe548,294885.6866829396,0.706,6884.980682939582,294884.9791920395,20,6884.980682939582
96149d3ed4f00afb92f12856101e693e93c4683f030ae6ca6ebfbb7ba5a2a345,b89efb5e9d1b7e5900ef441b098d4c8b01600af5e673a9f9d607b3598f0fe548,294901.0771319866,0.757,6900.320131986635,294900.3186410866,20,6900.320131986635
96149d3ed4f00afb92f12856101e693e93c4683f030ae6ca6ebfbb7ba5a2a345,b89efb5e9d1b7e5900ef441b098d4c8b01600af5e673a9f9d607b3598f0fe548,294912.1919350624,0.72,6911.471935062436,294911.4704441624,20,6911.471935062436
96149d3ed4f00afb92f12856101e693e93c4683f030ae6ca6ebfbb7ba5a2a345,b89efb5e9d1b7e5900ef441b098d4c8b01600af5e673a9f9d607b3598f0fe548,294913.10458898544,0.679,6912.425588985439,294912.4240980854,20,6912.425588985439
96149d3ed4f00afb92f12856101e693e93c4683f030ae6ca6ebfbb7ba5a2a345,b89efb5e9d1b7e5900ef441b098d4c8b01600af5e673a9f9d607b3598f0fe548,294949.0913910866,0.752,6948.3393910866,294948.33790018654,20,6948.3393910866
96149d3ed4f00afb92f12856101e693e93c4683f030ae6ca6ebfbb7ba5a2a345,b89efb5e9d1b7e5900ef441b098d4c8b01600af5e673a9f9d607b3598f0fe548,294953.7051780224,0.744,6952.961178022379,294952.9596871223,20,6952.961178022379
96149d3ed4f00afb92f12856101e693e93c4683f030ae6ca6ebfbb7ba5a2a345,b89efb5e9d1b7e5900ef441b098d4c8b01600af5e673a9f9d607b3598f0fe548,294969.4053759575,0.689,6968.716375957476,294968.7148850574,20,6968.716375957476
96149d3ed4f00afb92f12856101e693e93c4683f030ae6ca6ebfbb7ba5a2a345,b89efb5e9d1b7e5900ef441b098d4c8b01600af5e673a9f9d607b3598f0fe548,294970.92914009094,0.627,6970.302140090964,294970.3006491909,20,6970.302140090964
96149d3ed4f00afb92f12856101e693e93c4683f030ae6ca6ebfbb7ba5a2a345,b89efb5e9d1b7e5900ef441b098d4c8b01600af5e673a9f9d607b3598f0fe548,294975.8006219864,0.807,6974.993621986418,294974.99213108636,20,6974.993621986418
96149d3ed4f00afb92f12856101e693e93c4683f030ae6ca6ebfbb7ba5a2a345,b89efb5e9d1b7e5900ef441b098d4c8b01600af5e673a9f9d607b3598f0fe548,295163.7509739399,1.133,7162.617973939923,295162.61648303986,20,7162.617973939923
96149d3ed4f00afb92f12856101e693e93c4683f030ae6ca6ebfbb7ba5a2a345,b89efb5e9d1b7e5900ef441b098d4c8b01600af5e673a9f9d607b3598f0fe548,295173.6652519703,1.108,7172.557251970284,295172.5557610702,20,7172.557251970284
96149d3ed4f00afb92f12856101e693e93c4683f030ae6ca6ebfbb7ba5a2a345,b89efb5e9d1b7e5900ef441b098d4c8b01600af5e673a9f9d607b3598f0fe548,297351.1464691162,0.748,9350.39846911619,297350.39697821613,20,9350.39846911619
96149d3ed4f00afb92f12856101e693e93c4683f030ae6ca6ebfbb7ba5a2a345,b89efb5e9d1b7e5900ef441b098d4c8b01600af5e673a9f9d607b3598f0fe548,300273.3078119755,1.46,12271.847811975458,300271.8463210754,20,12271.847811975458
96149d3ed4f00afb92f12856101e693e93c4683f030ae6ca6ebfbb7ba5a2a345,b89efb5e9d1b7e5900ef441b098d4c8b01600af5e673a9f9d607b3598f0fe548,300282.51642394066,0.668,12281.848423940653,300281.8469330406,20,12281.848423940653
96149d3ed4f00afb92f12856101e693e93c4683f030ae6ca6ebfbb7ba5a2a345,b89efb5e9d1b7e5900ef441b098d4c8b01600af5e673a9f9d607b3598f0fe548,300283.4454050064,0.684,12282.7614050064,300282.75991410634,20,12282.7614050064
96149d3ed4f00afb92f12856101e693e93c4683f030ae6ca6ebfbb7ba5a2a345,b89efb5e9d1b7e5900ef441b098d4c8b01600af5e673a9f9d607b3598f0fe548,300423.3586559296,1.356,12422.002655929595,300422.00116502953,20,12422.002655929595
96149d3ed4f00afb92f12856101e693e93c4683f030ae6ca6ebfbb7ba5a2a345,b89efb5e9d1b7e5900ef441b098d4c8b01600af5e673a9f9d607b3598f0fe548,300427.7164030075,1.249,12426.467403007497,300426.46591210744,20,12426.467403007497
96149d3ed4f00afb92f12856101e693e93c4683f030ae6ca6ebfbb7ba5a2a345,b89efb5e9d1b7e5900ef441b098d4c8b01600af5e673a9f9d607b3598f0fe548,300440.0565979481,0.946,12439.110597948078,300439.109107048,20,12439.110597948078
96149d3ed4f00afb92f12856101e693e93c4683f030ae6ca6ebfbb7ba5a2a345,b89efb5e9d1b7e5900ef441b098d4c8b01600af5e673a9f9d607b3598f0fe548,300444.86902689934,0.86,12444.009026899352,300444.0075359993,20,12444.009026899352
96149d3ed4f00afb92f12856101e693e93c4683f030ae6ca6ebfbb7ba5a2a345,b89efb5e9d1b7e5900ef441b098d4c8b01600af5e673a9f9d607b3598f0fe548,300447.0299549103,0.892,12446.137954910286,300446.1364640102,20,12446.137954910286
96149d3ed4f00afb92f12856101e693e93c4683f030ae6ca6ebfbb7ba5a2a345,b89efb5e9d1b7e5900ef441b098d4c8b01600af5e673a9f9d607b3598f0fe548,300450.9236369133,1.591,12449.332636913285,300449.3311460132,20,12449.332636913285
96149d3ed4f00afb92f12856101e693e93c4683f030ae6ca6ebfbb7ba5a2a345,b89efb5e9d1b7e5900ef441b098d4c8b01600af5e673a9f9d607b3598f0fe548,300480.85210204124,0.928,12479.92410204123,300479.92261114117,20,12479.92410204123
96149d3ed4f00afb92f12856101e693e93c4683f030ae6ca6ebfbb7ba5a2a345,b89efb5e9d1b7e5900ef441b098d4c8b01600af5e673a9f9d607b3598f0fe548,300485.9931650162,1.267,12484.726165016182,300484.7246741161,20,12484.726165016182
96149d3ed4f00afb92f12856101e693e93c4683f030ae6ca6ebfbb7ba5a2a345,b89efb5e9d1b7e5900ef441b098d4c8b01600af5e673a9f9d607b3598f0fe548,300496.0089569092,1.332,12494.676956909185,300494.6754660091,20,12494.676956909185
96149d3ed4f00afb92f12856101e693e93c4683f030ae6ca6ebfbb7ba5a2a345,b89efb5e9d1b7e5900ef441b098d4c8b01600af5e673a9f9d607b3598f0fe548,300497.39250302315,0.996,12496.396503023163,300496.3950121231,20,12496.396503023163
96149d3ed4f00afb92f12856101e693e93c4683f030ae6ca6ebfbb7ba5a2a345,b89efb5e9d1b7e5900ef441b098d4c8b01600af5e673a9f9d607b3598f0fe548,300500.3358569145,1.185,12499.150856914523,300499.14936601446,20,12499.150856914523
96149d3ed4f00afb92f12856101e693e93c4683f030ae6ca6ebfbb7ba5a2a345,b89efb5e9d1b7e5900ef441b098d4c8b01600af5e673a9f9d607b3598f0fe548,300510.0433189869,0.949,12509.09431898687,300509.0928280868,20,12509.09431898687
96149d3ed4f00afb92f12856101e693e93c4683f030ae6ca6ebfbb7ba5a2a345,b89efb5e9d1b7e5900ef441b098d4c8b01600af5e673a9f9d607b3598f0fe548,300515.09401392937,1.163,12513.931013929367,300513.9295230293,20,12513.931013929367
96149d3ed4f00afb92f12856101e693e93c4683f030ae6ca6ebfbb7ba5a2a345,b89efb5e9d1b7e5900ef441b098d4c8b01600af5e673a9f9d607b3598f0fe548,300518.264179945,0.93,12517.334179944999,300517.33268904494,20,12517.334179944999
96149d3ed4f00afb92f12856101e693e93c4683f030ae6ca6ebfbb7ba5a2a345,b89efb5e9d1b7e5900ef441b098d4c8b01600af5e673a9f9d607b3598f0fe548,300540.4233939648,0.996,12539.427393964841,300539.4259030648,20,12539.427393964841
96149d3ed4f00afb92f12856101e693e93c4683f030ae6ca6ebfbb7ba5a2a345,b89efb5e9d1b7e5900ef441b098d4c8b01600af5e673a9f9d607b3598f0fe548,300568.252571106,0.982,12567.270571105997,300567.26908020594,20,12567.270571105997
96149d3ed4f00afb92f12856101e693e93c4683f030ae6ca6ebfbb7ba5a2a345,b89efb5e9d1b7e5900ef441b098d4c8b01600af5e673a9f9d607b3598f0fe548,300576.209651947,0.838,12575.371651947033,300575.370161047,20,12575.371651947033
96149d3ed4f00afb92f12856101e693e93c4683f030ae6ca6ebfbb7ba5a2a345,b89efb5e9d1b7e5900ef441b098d4c8b01600af5e673a9f9d607b3598f0fe548,300644.6153700352,1.098,12643.517370035173,300643.5158791351,20,12643.517370035173
96149d3ed4f00afb92f12856101e693e93c4683f030ae6ca6ebfbb7ba5a2a345,b89efb5e9d1b7e5900ef441b098d4c8b01600af5e673a9f9d607b3598f0fe548,300649.59260106087,0.976,12648.616601060843,300648.6151101608,20,12648.616601060843
96149d3ed4f00afb92f12856101e693e93c4683f030ae6ca6ebfbb7ba5a2a345,b89efb5e9d1b7e5900ef441b098d4c8b01600af5e673a9f9d607b3598f0fe548,300659.0622370243,1.54,12657.522237024328,300657.52074612427,20,12657.522237024328
96149d3ed4f00afb92f12856101e693e93c4683f030ae6ca6ebfbb7ba5a2a345,b89efb5e9d1b7e5900ef441b098d4c8b01600af5e673a9f9d607b3598f0fe548,300669.0278480053,0.932,12668.095848005323,300668.09435710526,20,12668.095848005323
96149d3ed4f00afb92f12856101e693e93c4683f030ae6ca6ebfbb7ba5a2a345,b89efb5e9d1b7e5900ef441b098d4c8b01600af5e673a9f9d607b3598f0fe548,300673.835999012,0.831,12673.004999011988,300673.0035081119,20,12673.004999011988
96149d3ed4f00afb92f12856101e693e93c4683f030ae6ca6ebfbb7ba5a2a345,b89efb5e9d1b7e5900ef441b098d4c8b01600af5e673a9f9d607b3598f0fe548,300684.5668349266,0.966,12683.60083492659,300683.59934402653,20,12683.60083492659
96149d3ed4f00afb92f12856101e693e93c4683f030ae6ca6ebfbb7ba5a2a345,b89efb5e9d1b7e5900ef441b098d4c8b01600af5e673a9f9d607b3598f0fe548,300691.9220249653,1.059,12690.863024965278,300690.8615340652,20,12690.863024965278
96149d3ed4f00afb92f12856101e693e93c4683f030ae6ca6ebfbb7ba5a2a345,b89efb5e9d1b7e5900ef441b098d4c8b01600af5e673a9f9d607b3598f0fe548,300695.3952469826,0.851,12694.54424698255,300694.5427560825,20,12694.54424698255
96149d3ed4f00afb92f12856101e693e93c4683f030ae6ca6ebfbb7ba5a2a345,b89efb5e9d1b7e5900ef441b098d4c8b01600af5e673a9f9d607b3598f0fe548,300697.0758559704,0.771,12696.304855970375,300696.3033650703,20,12696.304855970375
96149d3ed4f00afb92f12856101e693e93c4683f030ae6ca6ebfbb7ba5a2a345,b89efb5e9d1b7e5900ef441b098d4c8b01600af5e673a9f9d607b3598f0fe548,300718.77461600304,0.967,12717.807616003032,300717.806125103,20,12717.807616003032
96149d3ed4f00afb92f12856101e693e93c4683f030ae6ca6ebfbb7ba5a2a345,b89efb5e9d1b7e5900ef441b098d4c8b01600af5e673a9f9d607b3598f0fe548,300748.7275209427,0.795,12747.932520942704,300747.93103004264,20,12747.932520942704
96149d3ed4f00afb92f12856101e693e93c4683f030ae6ca6ebfbb7ba5a2a345,b89efb5e9d1b7e5900ef441b098d4c8b01600af5e673a9f9d607b3598f0fe548,300752.3806760311,1.227,12751.1536760311,300751.15218513104,20,12751.1536760311
96149d3ed4f00afb92f12856101e693e93c4683f030ae6ca6ebfbb7ba5a2a345,b89efb5e9d1b7e5900ef441b098d4c8b01600af5e673a9f9d607b3598f0fe548,300756.98904109,0.955,12756.034041089995,300756.03255018994,20,12756.034041089995
96149d3ed4f00afb92f12856101e693e93c4683f030ae6ca6ebfbb7ba5a2a345,b89efb5e9d1b7e5900ef441b098d4c8b01600af5e673a9f9d607b3598f0fe548,300760.65330195427,0.958,12759.695301954285,300759.6938110542,20,12759.695301954285
96149d3ed4f00afb92f12856101e693e93c4683f030ae6ca6ebfbb7ba5a2a345,b89efb5e9d1b7e5900ef441b098d4c8b01600af5e673a9f9d607b3598f0fe548,300850.00508499146,1.071,12848.934084991459,300848.9325940914,20,12848.934084991459
96149d3ed4f00afb92f12856101e693e93c4683f030ae6ca6ebfbb7ba5a2a345,b89efb5e9d1b7e5900ef441b098d4c8b01600af5e673a9f9d607b3598f0fe548,300893.53828811646,0.859,12892.679288116458,300892.6777972164,20,12892.679288116458
96149d3ed4f00afb92f12856101e693e93c4683f030ae6ca6ebfbb7ba5a2a345,b89efb5e9d1b7e5900ef441b098d4c8b01600af5e673a9f9d607b3598f0fe548,300894.6188349724,0.825,12893.79383497237,300893.7923440723,20,12893.79383497237
96149d3ed4f00afb92f12856101e693e93c4683f030ae6ca6ebfbb7ba5a2a345,b89efb5e9d1b7e5900ef441b098d4c8b01600af5e673a9f9d607b3598f0fe548,300895.48457694054,0.792,12894.69257694052,300894.69108604046,20,12894.69257694052
96149d3ed4f00afb92f12856101e693e93c4683f030ae6ca6ebfbb7ba5a2a345,b89efb5e9d1b7e5900ef441b098d4c8b01600af5e673a9f9d607b3598f0fe548,300906.1239490509,0.975,12905.148949050927,300905.14745815087,20,12905.148949050927
96149d3ed4f00afb92f12856101e693e93c4683f030ae6ca6ebfbb7ba5a2a345,b89efb5e9d1b7e5900ef441b098d4c8b01600af5e673a9f9d607b3598f0fe548,300915.0967180729,0.77,12914.326718072873,300914.3252271728,20,12914.326718072873
96149d3ed4f00afb92f12856101e693e93c4683f030ae6ca6ebfbb7ba5a2a345,b89efb5e9d1b7e5900ef441b098d4c8b01600af5e673a9f9d607b3598f0fe548,300919.93281292915,0.832,12919.100812929159,300919.0993220291,20,12919.100812929159
96149d3ed4f00afb92f12856101e693e93c4683f030ae6ca6ebfbb7ba5a2a345,b89efb5e9d1b7e5900ef441b098d4c8b01600af5e673a9f9d607b3598f0fe548,300922.7017290592,1.186,12921.515729059232,300921.5142381592,20,12921.515729059232
96149d3ed4f00afb92f12856101e693e93c4683f030ae6ca6ebfbb7ba5a2a345,b89efb5e9d1b7e5900ef441b098d4c8b01600af5e673a9f9d607b3598f0fe548,300925.2202260494,0.76,12924.460226049414,300924.45873514935,20,12924.460226049414
96149d3ed4f00afb92f12856101e693e93c4683f030ae6ca6ebfbb7ba5a2a345,b89efb5e9d1b7e5900ef441b098d4c8b01600af5e673a9f9d607b3598f0fe548,300931.4033629894,0.795,12930.608362989442,300930.6068720894,20,12930.608362989442
96149d3ed4f00afb92f12856101e693e93c4683f030ae6ca6ebfbb7ba5a2a345,b89efb5e9d1b7e5900ef441b098d4c8b01600af5e673a9f9d607b3598f0fe548,300951.0903589725,0.829,12950.261358972464,300950.2598680724,20,12950.261358972464
96149d3ed4f00afb92f12856101e693e93c4683f030ae6ca6ebfbb7ba5a2a345,b89efb5e9d1b7e5900ef441b098d4c8b01600af5e673a9f9d607b3598f0fe548,300951.9725530148,0.827,12951.145553014823,300951.14406211476,20,12951.145553014823
96149d3ed4f00afb92f12856101e693e93c4683f030ae6ca6ebfbb7ba5a2a345,b89efb5e9d1b7e5900ef441b098d4c8b01600af5e673a9f9d607b3598f0fe548,300958.116355896,0.783,12957.333355896,300957.33186499594,20,12957.333355896
96149d3ed4f00afb92f12856101e693e93c4683f030ae6ca6ebfbb7ba5a2a345,b89efb5e9d1b7e5900ef441b098d4c8b01600af5e673a9f9d607b3598f0fe548,300961.8488240242,0.821,12961.027824024204,300961.02633312414,20,12961.027824024204
96149d3ed4f00afb92f12856101e693e93c4683f030ae6ca6ebfbb7ba5a2a345,b89efb5e9d1b7e5900ef441b098d4c8b01600af5e673a9f9d607b3598f0fe548,300975.42565107346,0.849,12974.576651073468,300974.5751601734,20,12974.576651073468
96149d3ed4f00afb92f12856101e693e93c4683f030ae6ca6ebfbb7ba5a2a345,b89efb5e9d1b7e5900ef441b098d4c8b01600af5e673a9f9d607b3598f0fe548,300978.52326893806,0.803,12977.72026893805,300977.718778038,20,12977.72026893805
96149d3ed4f00afb92f12856101e693e93c4683f030ae6ca6ebfbb7ba5a2a345,b89efb5e9d1b7e5900ef441b098d4c8b01600af5e673a9f9d607b3598f0fe548,300981.398485899,0.774,12980.624485898996,300980.62299499894,20,12980.624485898996
96149d3ed4f00afb92f12856101e693e93c4683f030ae6ca6ebfbb7ba5a2a345,b89efb5e9d1b7e5900ef441b098d4c8b01600af5e673a9f9d607b3598f0fe548,300986.13800406456,0.704,12985.434004064533,300985.4325131645,20,12985.434004064533
96149d3ed4f00afb92f12856101e693e93c4683f030ae6ca6ebfbb7ba5a2a345,b89efb5e9d1b7e5900ef441b098d4c8b01600af5e673a9f9d607b3598f0fe548,301013.67750906944,0.895,13012.782509069424,301012.78101816936,20,13012.782509069424
96149d3ed4f00afb92f12856101e693e93c4683f030ae6ca6ebfbb7ba5a2a345,b89efb5e9d1b7e5900ef441b098d4c8b01600af5e673a9f9d607b3598f0fe548,301064.04633688927,0.882,13063.164336889284,301063.1628459892,20,13063.164336889284
96149d3ed4f00afb92f12856101e693e93c4683f030ae6ca6ebfbb7ba5a2a345,b89efb5e9d1b7e5900ef441b098d4c8b01600af5e673a9f9d607b3598f0fe548,301070.16213798523,1.719,13068.443137985247,301068.4416470852,20,13068.443137985247
96149d3ed4f00afb92f12856101e693e93c4683f030ae6ca6ebfbb7ba5a2a345,b89efb5e9d1b7e5900ef441b098d4c8b01600af5e673a9f9d607b3598f0fe548,301079.4017930031,1.088,13078.313793003093,301078.31230210303,20,13078.313793003093
96149d3ed4f00afb92f12856101e693e93c4683f030ae6ca6ebfbb7ba5a2a345,b89efb5e9d1b7e5900ef441b098d4c8b01600af5e673a9f9d607b3598f0fe548,301101.808549881,1.371,13100.437549880997,301100.43605898094,20,13100.437549880997
96149d3ed4f00afb92f12856101e693e93c4683f030ae6ca6ebfbb7ba5a2a345,b89efb5e9d1b7e5900ef441b098d4c8b01600af5e673a9f9d607b3598f0fe548,301108.97929406166,0.788,13108.19129406166,301108.1898031616,20,13108.19129406166
96149d3ed4f00afb92f12856101e693e93c4683f030ae6ca6ebfbb7ba5a2a345,b89efb5e9d1b7e5900ef441b098d4c8b01600af5e673a9f9d607b3598f0fe548,301161.8842959404,0.868,13161.016295940382,301161.0148050403,20,13161.016295940382
96149d3ed4f00afb92f12856101e693e93c4683f030ae6ca6ebfbb7ba5a2a345,b89efb5e9d1b7e5900ef441b098d4c8b01600af5e673a9f9d607b3598f0fe548,301164.15895295143,1.812,13162.346952951455,301162.3454620514,20,13162.346952951455
96149d3ed4f00afb92f12856101e693e93c4683f030ae6ca6ebfbb7ba5a2a345,b89efb5e9d1b7e5900ef441b098d4c8b01600af5e673a9f9d607b3598f0fe548,301171.7005090713,1.003,13170.697509071266,301170.6960181712,20,13170.697509071266
96149d3ed4f00afb92f12856101e693e93c4683f030ae6ca6ebfbb7ba5a2a345,b89efb5e9d1b7e5900ef441b098d4c8b01600af5e673a9f9d607b3598f0fe548,301176.03671503067,0.785,13175.251715030696,301175.25022413064,20,13175.251715030696
96149d3ed4f00afb92f12856101e693e93c4683f030ae6ca6ebfbb7ba5a2a345,b89efb5e9d1b7e5900ef441b098d4c8b01600af5e673a9f9d607b3598f0fe548,301182.71465301514,0.792,13181.92265301512,301181.92116211506,20,13181.92265301512
96149d3ed4f00afb92f12856101e693e93c4683f030ae6ca6ebfbb7ba5a2a345,b89efb5e9d1b7e5900ef441b098d4c8b01600af5e673a9f9d607b3598f0fe548,301197.175399065,0.915,13196.260399065039,301196.258908165,20,13196.260399065039
96149d3ed4f00afb92f12856101e693e93c4683f030ae6ca6ebfbb7ba5a2a345,b89efb5e9d1b7e5900ef441b098d4c8b01600af5e673a9f9d607b3598f0fe548,301203.7631869316,0.871,13202.892186931625,301202.89069603157,20,13202.892186931625
96149d3ed4f00afb92f12856101e693e93c4683f030ae6ca6ebfbb7ba5a2a345,b89efb5e9d1b7e5900ef441b098d4c8b01600af5e673a9f9d607b3598f0fe548,301206.2409288883,0.99,13205.25092888833,301205.24943798827,20,13205.25092888833
96149d3ed4f00afb92f12856101e693e93c4683f030ae6ca6ebfbb7ba5a2a345,b89efb5e9d1b7e5900ef441b098d4c8b01600af5e673a9f9d607b3598f0fe548,301207.0829820633,0.755,13206.327982063289,301206.3264911632,20,13206.327982063289
96149d3ed4f00afb92f12856101e693e93c4683f030ae6ca6ebfbb7ba5a2a345,b89efb5e9d1b7e5900ef441b098d4c8b01600af5e673a9f9d607b3598f0fe548,301210.36426997185,0.757,13209.607269971864,301209.6057790718,20,13209.607269971864
96149d3ed4f00afb92f12856101e693e93c4683f030ae6ca6ebfbb7ba5a2a345,b89efb5e9d1b7e5900ef441b098d4c8b01600af5e673a9f9d607b3598f0fe548,301218.8479309082,0.833,13218.014930908219,301218.01344000816,20,13218.014930908219
96149d3ed4f00afb92f12856101e693e93c4683f030ae6ca6ebfbb7ba5a2a345,b89efb5e9d1b7e5900ef441b098d4c8b01600af5e673a9f9d607b3598f0fe548,301222.5993208885,1.169,13221.430320888525,301221.42882998846,20,13221.430320888525
96149d3ed4f00afb92f12856101e693e93c4683f030ae6ca6ebfbb7ba5a2a345,b89efb5e9d1b7e5900ef441b098d4c8b01600af5e673a9f9d607b3598f0fe548,301225.288132906,1.734,13223.554132906022,301223.55264200596,20,13223.554132906022
96149d3ed4f00afb92f12856101e693e93c4683f030ae6ca6ebfbb7ba5a2a345,b89efb5e9d1b7e5900ef441b098d4c8b01600af5e673a9f9d607b3598f0fe548,301227.20218896866,1.044,13226.158188968664,301226.1566980686,20,13226.158188968664
96149d3ed4f00afb92f12856101e693e93c4683f030ae6ca6ebfbb7ba5a2a345,b89efb5e9d1b7e5900ef441b098d4c8b01600af5e673a9f9d607b3598f0fe548,301229.78622603416,0.084,13229.702226034191,301229.70073513413,20,13229.702226034191
96149d3ed4f00afb92f12856101e693e93c4683f030ae6ca6ebfbb7ba5a2a345,b89efb5e9d1b7e5900ef441b098d4c8b01600af5e673a9f9d607b3598f0fe548,301234.79705810547,0.992,13233.805058105441,301233.8035672054,20,13233.805058105441
96149d3ed4f00afb92f12856101e693e93c4683f030ae6ca6ebfbb7ba5a2a345,b89efb5e9d1b7e5900ef441b098d4c8b01600af5e673a9f9d607b3598f0fe548,301254.716299057,1.349,13253.36729905702,301253.36580815696,20,13253.36729905702
96149d3ed4f00afb92f12856101e693e93c4683f030ae6ca6ebfbb7ba5a2a345,b89efb5e9d1b7e5900ef441b098d4c8b01600af5e673a9f9d607b3598f0fe548,301359.9881899357,0.947,13359.041189935699,301359.03969903564,20,13359.041189935699
96149d3ed4f00afb92f12856101e693e93c4683f030ae6ca6ebfbb7ba5a2a345,b89efb5e9d1b7e5900ef441b098d4c8b01600af5e673a9f9d607b3598f0fe548,301362.9919319153,1.027,13361.964931915281,301361.9634410152,20,13361.964931915281
96149d3ed4f00afb92f12856101e693e93c4683f030ae6ca6ebfbb7ba5a2a345,b89efb5e9d1b7e5900ef441b098d4c8b01600af5e673a9f9d607b3598f0fe548,301371.4242310524,0.827,13370.597231052408,301370.59574015235,20,13370.597231052408
96149d3ed4f00afb92f12856101e693e93c4683f030ae6ca6ebfbb7ba5a2a345,b89efb5e9d1b7e5900ef441b098d4c8b01600af5e673a9f9d607b3598f0fe548,301384.9198279381,0.816,13384.103827938088,301384.102337038,20,13384.103827938088
96149d3ed4f00afb92f12856101e693e93c4683f030ae6ca6ebfbb7ba5a2a345,b89efb5e9d1b7e5900ef441b098d4c8b01600af5e673a9f9d607b3598f0fe548,301393.6299729347,1.21,13392.419972934702,301392.41848203464,20,13392.419972934702
96149d3ed4f00afb92f12856101e693e93c4683f030ae6ca6ebfbb7ba5a2a345,b89efb5e9d1b7e5900ef441b098d4c8b01600af5e673a9f9d607b3598f0fe548,301396.79144001007,0.758,13396.033440010098,301396.03194911004,20,13396.033440010098
96149d3ed4f00afb92f12856101e693e93c4683f030ae6ca6ebfbb7ba5a2a345,b89efb5e9d1b7e5900ef441b098d4c8b01600af5e673a9f9d607b3598f0fe548,301415.2603919506,1.052,13414.208391950582,301414.2069010505,20,13414.208391950582
96149d3ed4f00afb92f12856101e693e93c4683f030ae6ca6ebfbb7ba5a2a345,b89efb5e9d1b7e5900ef441b098d4c8b01600af5e673a9f9d607b3598f0fe548,301429.8614640236,0.914,13428.9474640236,301428.94597312354,20,13428.9474640236
96149d3ed4f00afb92f12856101e693e93c4683f030ae6ca6ebfbb7ba5a2a345,b89efb5e9d1b7e5900ef441b098d4c8b01600af5e673a9f9d607b3598f0fe548,301430.7275629044,0.776,13429.951562904404,301429.95007200434,20,13429.951562904404
96149d3ed4f00afb92f12856101e693e93c4683f030ae6ca6ebfbb7ba5a2a345,b89efb5e9d1b7e5900ef441b098d4c8b01600af5e673a9f9d607b3598f0fe548,301442.948210001,0.841,13442.107210000977,301442.1057191009,20,13442.107210000977
96149d3ed4f00afb92f12856101e693e93c4683f030ae6ca6ebfbb7ba5a2a345,b89efb5e9d1b7e5900ef441b098d4c8b01600af5e673a9f9d607b3598f0fe548,301445.4223558903,0.798,13444.624355890264,301444.6228649902,20,13444.624355890264
96149d3ed4f00afb92f12856101e693e93c4683f030ae6ca6ebfbb7ba5a2a345,b89efb5e9d1b7e5900ef441b098d4c8b01600af5e673a9f9d607b3598f0fe548,301456.8969950676,0.844,13456.052995067614,301456.05150416755,20,13456.052995067614
96149d3ed4f00afb92f12856101e693e93c4683f030ae6ca6ebfbb7ba5a2a345,b89efb5e9d1b7e5900ef441b098d4c8b01600af5e673a9f9d607b3598f0fe548,301462.2194008827,0.927,13461.292400882696,301461.29090998264,20,13461.292400882696
96149d3ed4f00afb92f12856101e693e93c4683f030ae6ca6ebfbb7ba5a2a345,b89efb5e9d1b7e5900ef441b098d4c8b01600af5e673a9f9d607b3598f0fe548,301529.82925510406,1.503,13528.326255104039,301528.324764204,20,13528.326255104039
96149d3ed4f00afb92f12856101e693e93c4683f030ae6ca6ebfbb7ba5a2a345,b89efb5e9d1b7e5900ef441b098d4c8b01600af5e673a9f9d607b3598f0fe548,301575.92678403854,1.193,13574.733784038515,301574.73229313846,20,13574.733784038515
96149d3ed4f00afb92f12856101e693e93c4683f030ae6ca6ebfbb7ba5a2a345,b89efb5e9d1b7e5900ef441b098d4c8b01600af5e673a9f9d607b3598f0fe548,301579.1757750511,1.251,13577.924775051128,301577.92328415107,20,13577.924775051128
96149d3ed4f00afb92f12856101e693e93c4683f030ae6ca6ebfbb7ba5a2a345,b89efb5e9d1b7e5900ef441b098d4c8b01600af5e673a9f9d607b3598f0fe548,301616.1549220085,1.506,13614.64892200852,301614.64743110846,20,13614.64892200852
96149d3ed4f00afb92f12856101e693e93c4683f030ae6ca6ebfbb7ba5a2a345,b89efb5e9d1b7e5900ef441b098d4c8b01600af5e673a9f9d607b3598f0fe548,301619.3686668873,1.14,13618.22866688727,301618.2271759872,20,13618.22866688727
96149d3ed4f00afb92f12856101e693e93c4683f030ae6ca6ebfbb7ba5a2a345,b89efb5e9d1b7e5900ef441b098d4c8b01600af5e673a9f9d607b3598f0fe548,301620.5440900326,1.09,13619.454090032552,301619.4525991325,20,13619.454090032552
96149d3ed4f00afb92f12856101e693e93c4683f030ae6ca6ebfbb7ba5a2a345,b89efb5e9d1b7e5900ef441b098d4c8b01600af5e673a9f9d607b3598f0fe548,301622.77250409126,1.013,13621.759504091286,301621.7580131912,20,13621.759504091286
96149d3ed4f00afb92f12856101e693e93c4683f030ae6ca6ebfbb7ba5a2a345,b89efb5e9d1b7e5900ef441b098d4c8b01600af5e673a9f9d607b3598f0fe548,301632.1387870312,0.93,13631.20878703118,301631.2072961311,20,13631.20878703118
96149d3ed4f00afb92f12856101e693e93c4683f030ae6ca6ebfbb7ba5a2a345,b89efb5e9d1b7e5900ef441b098d4c8b01600af5e673a9f9d607b3598f0fe548,301639.9888830185,0.965,13639.023883018468,301639.0223921184,20,13639.023883018468
96149d3ed4f00afb92f12856101e693e93c4683f030ae6ca6ebfbb7ba5a2a345,b89efb5e9d1b7e5900ef441b098d4c8b01600af5e673a9f9d607b3598f0fe548,301641.0257730484,0.889,13640.136773048376,301640.1352821483,20,13640.136773048376
96149d3ed4f00afb92f12856101e693e93c4683f030ae6ca6ebfbb7ba5a2a345,b89efb5e9d1b7e5900ef441b098d4c8b01600af5e673a9f9d607b3598f0fe548,301648.5554931164,1.251,13647.30449311639,301647.30300221633,20,13647.30449311639
96149d3ed4f00afb92f12856101e693e93c4683f030ae6ca6ebfbb7ba5a2a345,b89efb5e9d1b7e5900ef441b098d4c8b01600af5e673a9f9d607b3598f0fe548,301659.46522808075,0.837,13658.62822808075,301658.6267371807,20,13658.62822808075
96149d3ed4f00afb92f12856101e693e93c4683f030ae6ca6ebfbb7ba5a2a345,b89efb5e9d1b7e5900ef441b098d4c8b01600af5e673a9f9d607b3598f0fe548,301660.51870799065,0.774,13659.74470799067,301659.7432170906,20,13659.74470799067
96149d3ed4f00afb92f12856101e693e93c4683f030ae6ca6ebfbb7ba5a2a345,b89efb5e9d1b7e5900ef441b098d4c8b01600af5e673a9f9d607b3598f0fe548,301661.3495590687,0.765,13660.584559068666,301660.5830681686,20,13660.584559068666
96149d3ed4f00afb92f12856101e693e93c4683f030ae6ca6ebfbb7ba5a2a345,b89efb5e9d1b7e5900ef441b098d4c8b01600af5e673a9f9d607b3598f0fe548,301663.4886291027,0.931,13662.557629102725,301662.55613820266,20,13662.557629102725
96149d3ed4f00afb92f12856101e693e93c4683f030ae6ca6ebfbb7ba5a2a345,b89efb5e9d1b7e5900ef441b098d4c8b01600af5e673a9f9d607b3598f0fe548,301666.1088020801,0.979,13665.129802080104,301665.12831118004,20,13665.129802080104
96149d3ed4f00afb92f12856101e693e93c4683f030ae6ca6ebfbb7ba5a2a345,b89efb5e9d1b7e5900ef441b098d4c8b01600af5e673a9f9d607b3598f0fe548,301983.20944809914,1.119,13982.09044809913,301982.08895719907,20,13982.09044809913
96149d3ed4f00afb92f12856101e693e93c4683f030ae6ca6ebfbb7ba5a2a345,b89efb5e9d1b7e5900ef441b098d4c8b01600af5e673a9f9d607b3598f0fe548,302001.3617529869,1.126,14000.235752986919,302000.23426208686,20,14000.235752986919
96149d3ed4f00afb92f12856101e693e93c4683f030ae6ca6ebfbb7ba5a2a345,b89efb5e9d1b7e5900ef441b098d4c8b01600af5e673a9f9d607b3598f0fe548,302002.6601829529,1.142,14001.518182952888,302001.5166920528,20,14001.518182952888
96149d3ed4f00afb92f12856101e693e93c4683f030ae6ca6ebfbb7ba5a2a345,b89efb5e9d1b7e5900ef441b098d4c8b01600af5e673a9f9d607b3598f0fe548,302017.58140301704,1.216,14016.36540301703,302016.36391211697,20,14016.36540301703
96149d3ed4f00afb92f12856101e693e93c4683f030ae6ca6ebfbb7ba5a2a345,b89efb5e9d1b7e5900ef441b098d4c8b01600af5e673a9f9d607b3598f0fe548,302028.8610930443,0.901,14027.960093044268,302027.9586021442,20,14027.960093044268
96149d3ed4f00afb92f12856101e693e93c4683f030ae6ca6ebfbb7ba5a2a345,b89efb5e9d1b7e5900ef441b098d4c8b01600af5e673a9f9d607b3598f0fe548,302040.74398207664,1.045,14039.698982076661,302039.6974911766,20,14039.698982076661
96149d3ed4f00afb92f12856101e693e93c4683f030ae6ca6ebfbb7ba5a2a345,b89efb5e9d1b7e5900ef441b098d4c8b01600af5e673a9f9d607b3598f0fe548,302042.887237072,0.92,14041.967237072007,302041.96574617195,20,14041.967237072007
96149d3ed4f00afb92f12856101e693e93c4683f030ae6ca6ebfbb7ba5a2a345,b89efb5e9d1b7e5900ef441b098d4c8b01600af5e673a9f9d607b3598f0fe548,302044.82423496246,0.877,14043.947234962485,302043.9457440624,20,14043.947234962485
96149d3ed4f00afb92f12856101e693e93c4683f030ae6ca6ebfbb7ba5a2a345,b89efb5e9d1b7e5900ef441b098d4c8b01600af5e673a9f9d607b3598f0fe548,302046.8655350208,0.834,14046.031535020855,302046.0300441208,20,14046.031535020855
96149d3ed4f00afb92f12856101e693e93c4683f030ae6ca6ebfbb7ba5a2a345,b89efb5e9d1b7e5900ef441b098d4c8b01600af5e673a9f9d607b3598f0fe548,302059.73106598854,0.869,14058.862065988535,302058.8605750885,20,14058.862065988535
96149d3ed4f00afb92f12856101e693e93c4683f030ae6ca6ebfbb7ba5a2a345,b89efb5e9d1b7e5900ef441b098d4c8b01600af5e673a9f9d607b3598f0fe548,302062.4914250374,1.283,14061.208425037388,302061.2069341373,20,14061.208425037388
96149d3ed4f00afb92f12856101e693e93c4683f030ae6ca6ebfbb7ba5a2a345,b89efb5e9d1b7e5900ef441b098d4c8b01600af5e673a9f9d607b3598f0fe548,302065.33561110497,1.194,14064.141611104948,302064.1401202049,20,14064.141611104948
96149d3ed4f00afb92f12856101e693e93c4683f030ae6ca6ebfbb7ba5a2a345,b89efb5e9d1b7e5900ef441b098d4c8b01600af5e673a9f9d607b3598f0fe548,302079.36579298973,1.125,14078.24079298973,302078.23930208967,20,14078.24079298973
96149d3ed4f00afb92f12856101e693e93c4683f030ae6ca6ebfbb7ba5a2a345,b89efb5e9d1b7e5900ef441b098d4c8b01600af5e673a9f9d607b3598f0fe548,302085.88100099564,0.858,14085.023000995629,302085.02151009557,20,14085.023000995629
96149d3ed4f00afb92f12856101e693e93c4683f030ae6ca6ebfbb7ba5a2a345,b89efb5e9d1b7e5900ef441b098d4c8b01600af5e673a9f9d607b3598f0fe548,302087.2965459824,1.228,14086.068545982416,302086.06705508236,20,14086.068545982416
96149d3ed4f00afb92f12856101e693e93c4683f030ae6ca6ebfbb7ba5a2a345,b89efb5e9d1b7e5900ef441b098d4c8b01600af5e673a9f9d607b3598f0fe548,302089.597548008,1.048,14088.549548008014,302088.54805710795,20,14088.549548008014
96149d3ed4f00afb92f12856101e693e93c4683f030ae6ca6ebfbb7ba5a2a345,b89efb5e9d1b7e5900ef441b098d4c8b01600af5e673a9f9d607b3598f0fe548,302095.0365819931,0.911,14094.125581993081,302094.124091093,20,14094.125581993081
96149d3ed4f00afb92f12856101e693e93c4683f030ae6ca6ebfbb7ba5a2a345,b89efb5e9d1b7e5900ef441b098d4c8b01600af5e673a9f9d607b3598f0fe548,302102.2444689274,1.164,14101.080468927394,302101.07897802733,20,14101.080468927394
96149d3ed4f00afb92f12856101e693e93c4683f030ae6ca6ebfbb7ba5a2a345,b89efb5e9d1b7e5900ef441b098d4c8b01600af5e673a9f9d607b3598f0fe548,302104.71645998955,0.868,14103.848459989531,302103.84696908947,20,14103.848459989531
96149d3ed4f00afb92f12856101e693e93c4683f030ae6ca6ebfbb7ba5a2a345,b89efb5e9d1b7e5900ef441b098d4c8b01600af5e673a9f9d607b3598f0fe548,302109.613902092,1.239,14108.374902091979,302108.3734111919,20,14108.374902091979
96149d3ed4f00afb92f12856101e693e93c4683f030ae6ca6ebfbb7ba5a2a345,b89efb5e9d1b7e5900ef441b098d4c8b01600af5e673a9f9d607b3598f0fe548,302111.9721939564,0.981,14110.991193956346,302110.9897030563,20,14110.991193956346
96149d3ed4f00afb92f12856101e693e93c4683f030ae6ca6ebfbb7ba5a2a345,b89efb5e9d1b7e5900ef441b098d4c8b01600af5e673a9f9d607b3598f0fe548,302127.2868440151,0.922,14126.364844015101,302126.36335311504,20,14126.364844015101
96149d3ed4f00afb92f12856101e693e93c4683f030ae6ca6ebfbb7ba5a2a345,b89efb5e9d1b7e5900ef441b098d4c8b01600af5e673a9f9d607b3598f0fe548,302128.9460449219,1.46,14127.486044921854,302127.4845540218,20,14127.486044921854
96149d3ed4f00afb92f12856101e693e93c4683f030ae6ca6ebfbb7ba5a2a345,b89efb5e9d1b7e5900ef441b098d4c8b01600af5e673a9f9d607b3598f0fe548,302148.2929170132,0.764,14147.528917013202,302147.52742611314,20,14147.528917013202
96149d3ed4f00afb92f12856101e693e93c4683f030ae6ca6ebfbb7ba5a2a345,b89efb5e9d1b7e5900ef441b098d4c8b01600af5e673a9f9d607b3598f0fe548,302150.6512169838,1.036,14149.615216983773,302149.6137260837,20,14149.615216983773
96149d3ed4f00afb92f12856101e693e93c4683f030ae6ca6ebfbb7ba5a2a345,b89efb5e9d1b7e5900ef441b098d4c8b01600af5e673a9f9d607b3598f0fe548,302151.9914329052,1.023,14150.96843290521,302150.96694200515,20,14150.96843290521
96149d3ed4f00afb92f12856101e693e93c4683f030ae6ca6ebfbb7ba5a2a345,b89efb5e9d1b7e5900ef441b098d4c8b01600af5e673a9f9d607b3598f0fe548,302179.7977209091,0.792,14179.005720909103,302179.00423000904,20,14179.005720909103
96149d3ed4f00afb92f12856101e693e93c4683f030ae6ca6ebfbb7ba5a2a345,b89efb5e9d1b7e5900ef441b098d4c8b01600af5e673a9f9d607b3598f0fe548,302196.4252460003,1.488,14194.937246000278,302194.9357551002,20,14194.937246000278
96149d3ed4f00afb92f12856101e693e93c4683f030ae6ca6ebfbb7ba5a2a345,b89efb5e9d1b7e5900ef441b098d4c8b01600af5e673a9f9d607b3598f0fe548,302204.7366349697,0.824,14203.912634969689,302203.9111440696,20,14203.912634969689
96149d3ed4f00afb92f12856101e693e93c4683f030ae6ca6ebfbb7ba5a2a345,b89efb5e9d1b7e5900ef441b098d4c8b01600af5e673a9f9d607b3598f0fe548,302205.8385119438,0.863,14204.975511943805,302204.97402104374,20,14204.975511943805
96149d3ed4f00afb92f12856101e693e93c4683f030ae6ca6ebfbb7ba5a2a345,b89efb5e9d1b7e5900ef441b098d4c8b01600af5e673a9f9d607b3598f0fe548,302243.7818160057,1.862,14241.919816005684,302241.9183251056,20,14241.919816005684
96149d3ed4f00afb92f12856101e693e93c4683f030ae6ca6ebfbb7ba5a2a345,b89efb5e9d1b7e5900ef441b098d4c8b01600af5e673a9f9d607b3598f0fe548,302246.6978039741,0.972,14245.725803974085,302245.724313074,20,14245.725803974085
96149d3ed4f00afb92f12856101e693e93c4683f030ae6ca6ebfbb7ba5a2a345,b89efb5e9d1b7e5900ef441b098d4c8b01600af5e673a9f9d607b3598f0fe548,302255.67554807663,1.208,14254.467548076645,302254.4660571766,20,14254.467548076645
96149d3ed4f00afb92f12856101e693e93c4683f030ae6ca6ebfbb7ba5a2a345,b89efb5e9d1b7e5900ef441b098d4c8b01600af5e673a9f9d607b3598f0fe548,302263.2413349152,1.274,14261.967334915244,302261.9658440152,20,14261.967334915244
96149d3ed4f00afb92f12856101e693e93c4683f030ae6ca6ebfbb7ba5a2a345,b89efb5e9d1b7e5900ef441b098d4c8b01600af5e673a9f9d607b3598f0fe548,302267.9026288986,1.018,14266.884628898639,302266.8831379986,20,14266.884628898639
96149d3ed4f00afb92f12856101e693e93c4683f030ae6ca6ebfbb7ba5a2a345,b89efb5e9d1b7e5900ef441b098d4c8b01600af5e673a9f9d607b3598f0fe548,302278.0849289894,1.367,14276.717928989383,302276.7164380893,20,14276.717928989383
96149d3ed4f00afb92f12856101e693e93c4683f030ae6ca6ebfbb7ba5a2a345,b89efb5e9d1b7e5900ef441b098d4c8b01600af5e673a9f9d607b3598f0fe548,302282.67498111725,0.962,14281.712981117249,302281.7114902172,20,14281.712981117249
96149d3ed4f00afb92f12856101e693e93c4683f030ae6ca6ebfbb7ba5a2a345,b89efb5e9d1b7e5900ef441b098d4c8b01600af5e673a9f9d607b3598f0fe548,302285.0902879238,1.604,14283.48628792382,302283.48479702376,20,14283.48628792382
96149d3ed4f00afb92f12856101e693e93c4683f030ae6ca6ebfbb7ba5a2a345,b89efb5e9d1b7e5900ef441b098d4c8b01600af5e673a9f9d607b3598f0fe548,302291.562128067,0.971,14290.591128066997,302290.58963716694,20,14290.591128066997
96149d3ed4f00afb92f12856101e693e93c4683f030ae6ca6ebfbb7ba5a2a345,b89efb5e9d1b7e5900ef441b098d4c8b01600af5e673a9f9d607b3598f0fe548,302299.02621006966,1.647,14297.37921006966,302297.3777191696,20,14297.37921006966
96149d3ed4f00afb92f12856101e693e93c4683f030ae6ca6ebfbb7ba5a2a345,b89efb5e9d1b7e5900ef441b098d4c8b01600af5e673a9f9d607b3598f0fe548,302310.08169293404,1.331,14308.75069293403,302308.74920203397,20,14308.75069293403
96149d3ed4f00afb92f12856101e693e93c4683f030ae6ca6ebfbb7ba5a2a345,b89efb5e9d1b7e5900ef441b098d4c8b01600af5e673a9f9d607b3598f0fe548,302313.99906492233,1.092,14312.907064922329,302312.90557402227,20,14312.907064922329
96149d3ed4f00afb92f12856101e693e93c4683f030ae6ca6ebfbb7ba5a2a345,b89efb5e9d1b7e5900ef441b098d4c8b01600af5e673a9f9d607b3598f0fe548,302315.8429450989,0.967,14314.875945098873,302314.8744541988,20,14314.875945098873
96149d3ed4f00afb92f12856101e693e93c4683f030ae6ca6ebfbb7ba5a2a345,b89efb5e9d1b7e5900ef441b098d4c8b01600af5e673a9f9d607b3598f0fe548,302325.141518116,0.967,14324.174518115993,302324.17302721593,20,14324.174518115993
96149d3ed4f00afb92f12856101e693e93c4683f030ae6ca6ebfbb7ba5a2a345,b89efb5e9d1b7e5900ef441b098d4c8b01600af5e673a9f9d607b3598f0fe548,302330.98901200294,1.324,14329.665012002923,302329.66352110286,20,14329.665012002923
96149d3ed4f00afb92f12856101e693e93c4683f030ae6ca6ebfbb7ba5a2a345,b89efb5e9d1b7e5900ef441b098d4c8b01600af5e673a9f9d607b3598f0fe548,302332.4457728863,1.279,14331.166772886296,302331.16528198624,20,14331.166772886296
96149d3ed4f00afb92f12856101e693e93c4683f030ae6ca6ebfbb7ba5a2a345,b89efb5e9d1b7e5900ef441b098d4c8b01600af5e673a9f9d607b3598f0fe548,302334.81696105003,0.816,14334.000961050042,302333.99947015,20,14334.000961050042
96149d3ed4f00afb92f12856101e693e93c4683f030ae6ca6ebfbb7ba5a2a345,b89efb5e9d1b7e5900ef441b098d4c8b01600af5e673a9f9d607b3598f0fe548,302380.5786600113,1.246,14379.332660011307,302379.33116911125,20,14379.332660011307
96149d3ed4f00afb92f12856101e693e93c4683f030ae6ca6ebfbb7ba5a2a345,b89efb5e9d1b7e5900ef441b098d4c8b01600af5e673a9f9d607b3598f0fe548,302385.97586011887,0.998,14384.977860118845,302384.9763692188,20,14384.977860118845
96149d3ed4f00afb92f12856101e693e93c4683f030ae6ca6ebfbb7ba5a2a345,b89efb5e9d1b7e5900ef441b098d4c8b01600af5e673a9f9d607b3598f0fe548,302397.39447689056,0.749,14396.645476890553,302396.6439859905,20,14396.645476890553
96149d3ed4f00afb92f12856101e693e93c4683f030ae6ca6ebfbb7ba5a2a345,b89efb5e9d1b7e5900ef441b098d4c8b01600af5e673a9f9d607b3598f0fe548,302399.61270809174,0.88,14398.732708091731,302398.7312171917,20,14398.732708091731
96149d3ed4f00afb92f12856101e693e93c4683f030ae6ca6ebfbb7ba5a2a345,e5298aafdbabecd1465ab0eeb24d7633ac7de0284f7ee075209b119c297a3622,288658.17199993134,0.1,658.0719999313587,288658.0705090313,20,658.0719999313587
96149d3ed4f00afb92f12856101e693e93c4683f030ae6ca6ebfbb7ba5a2a345,e5298aafdbabecd1465ab0eeb24d7633ac7de0284f7ee075209b119c297a3622,288669.47215509415,0.068,669.4041550941183,288669.40266419406,20,669.4041550941183
96149d3ed4f00afb92f12856101e693e93c4683f030ae6ca6ebfbb7ba5a2a345,e5298aafdbabecd1465ab0eeb24d7633ac7de0284f7ee075209b119c297a3622,288671.4249639511,0.089,671.3359639511327,288671.3344730511,20,671.3359639511327
96149d3ed4f00afb92f12856101e693e93c4683f030ae6ca6ebfbb7ba5a2a345,e5298aafdbabecd1465ab0eeb24d7633ac7de0284f7ee075209b119c297a3622,288672.72170996666,0.08,672.6417099666432,288672.6402190666,20,672.6417099666432
96149d3ed4f00afb92f12856101e693e93c4683f030ae6ca6ebfbb7ba5a2a345,e5298aafdbabecd1465ab0eeb24d7633ac7de0284f7ee075209b119c297a3622,288674.7842490673,0.075,674.7092490672949,288674.70775816723,20,674.7092490672949
96149d3ed4f00afb92f12856101e693e93c4683f030ae6ca6ebfbb7ba5a2a345,e5298aafdbabecd1465ab0eeb24d7633ac7de0284f7ee075209b119c297a3622,288676.65926003456,0.091,676.5682600345463,288676.5667691345,20,676.5682600345463
96149d3ed4f00afb92f12856101e693e93c4683f030ae6ca6ebfbb7ba5a2a345,e5298aafdbabecd1465ab0eeb24d7633ac7de0284f7ee075209b119c297a3622,288678.1905629635,0.074,678.1165629634634,288678.1150720634,20,678.1165629634634
96149d3ed4f00afb92f12856101e693e93c4683f030ae6ca6ebfbb7ba5a2a345,e5298aafdbabecd1465ab0eeb24d7633ac7de0284f7ee075209b119c297a3622,288679.78486704826,0.075,679.7098670482519,288679.7083761482,20,679.7098670482519
96149d3ed4f00afb92f12856101e693e93c4683f030ae6ca6ebfbb7ba5a2a345,e5298aafdbabecd1465ab0eeb24d7633ac7de0284f7ee075209b119c297a3622,288681.23793411255,0.082,681.155934112554,288681.1544432125,20,681.155934112554
96149d3ed4f00afb92f12856101e693e93c4683f030ae6ca6ebfbb7ba5a2a345,e5298aafdbabecd1465ab0eeb24d7633ac7de0284f7ee075209b119c297a3622,288687.39615798,0.045,687.3511579800397,288687.34966708,20,687.3511579800397
96149d3ed4f00afb92f12856101e693e93c4683f030ae6ca6ebfbb7ba5a2a345,e5298aafdbabecd1465ab0eeb24d7633ac7de0284f7ee075209b119c297a3622,288691.55004000664,0.074,691.4760400066152,288691.47454910656,20,691.4760400066152
96149d3ed4f00afb92f12856101e693e93c4683f030ae6ca6ebfbb7ba5a2a345,e5298aafdbabecd1465ab0eeb24d7633ac7de0284f7ee075209b119c297a3622,288699.8639409542,0.076,699.7879409542074,288699.78645005415,20,699.7879409542074
96149d3ed4f00afb92f12856101e693e93c4683f030ae6ca6ebfbb7ba5a2a345,e5298aafdbabecd1465ab0eeb24d7633ac7de0284f7ee075209b119c297a3622,288701.50357604027,0.09,701.4135760402423,288701.4120851402,20,701.4135760402423
96149d3ed4f00afb92f12856101e693e93c4683f030ae6ca6ebfbb7ba5a2a345,e5298aafdbabecd1465ab0eeb24d7633ac7de0284f7ee075209b119c297a3622,288703.1754209995,0.061,703.11442099954,288703.1129300995,20,703.11442099954
96149d3ed4f00afb92f12856101e693e93c4683f030ae6ca6ebfbb7ba5a2a345,e5298aafdbabecd1465ab0eeb24d7633ac7de0284f7ee075209b119c297a3622,288708.3315410614,0.066,708.2655410614097,288708.26405016135,20,708.2655410614097
96149d3ed4f00afb92f12856101e693e93c4683f030ae6ca6ebfbb7ba5a2a345,e5298aafdbabecd1465ab0eeb24d7633ac7de0284f7ee075209b119c297a3622,288709.59761309624,0.066,709.5316130962456,288709.5301221962,20,709.5316130962456
96149d3ed4f00afb92f12856101e693e93c4683f030ae6ca6ebfbb7ba5a2a345,e5298aafdbabecd1465ab0eeb24d7633ac7de0284f7ee075209b119c297a3622,288711.41005802155,0.088,711.3220580215566,288711.3205671215,20,711.3220580215566
96149d3ed4f00afb92f12856101e693e93c4683f030ae6ca6ebfbb7ba5a2a345,e5298aafdbabecd1465ab0eeb24d7633ac7de0284f7ee075209b119c297a3622,288713.69140410423,0.062,713.6294041042565,288713.6279132042,20,713.6294041042565
96149d3ed4f00afb92f12856101e693e93c4683f030ae6ca6ebfbb7ba5a2a345,e5298aafdbabecd1465ab0eeb24d7633ac7de0284f7ee075209b119c297a3622,288715.1151099205,0.09,715.0251099204761,288715.0236190204,20,715.0251099204761
96149d3ed4f00afb92f12856101e693e93c4683f030ae6ca6ebfbb7ba5a2a345,e5298aafdbabecd1465ab0eeb24d7633ac7de0284f7ee075209b119c297a3622,288716.84775710106,0.075,716.7727571010473,288716.771266201,20,716.7727571010473
96149d3ed4f00afb92f12856101e693e93c4683f030ae6ca6ebfbb7ba5a2a345,e5298aafdbabecd1465ab0eeb24d7633ac7de0284f7ee075209b119c297a3622,288720.2846829891,0.091,720.1936829891056,288720.19219208905,20,720.1936829891056
96149d3ed4f00afb92f12856101e693e93c4683f030ae6ca6ebfbb7ba5a2a345,e5298aafdbabecd1465ab0eeb24d7633ac7de0284f7ee075209b119c297a3622,288721.8323199749,0.077,721.7553199749091,288721.75382907485,20,721.7553199749091
96149d3ed4f00afb92f12856101e693e93c4683f030ae6ca6ebfbb7ba5a2a345,e5298aafdbabecd1465ab0eeb24d7633ac7de0284f7ee075209b119c297a3622,288723.9109709263,0.081,723.8299709262792,288723.8284800262,20,723.8299709262792
96149d3ed4f00afb92f12856101e693e93c4683f030ae6ca6ebfbb7ba5a2a345,e5298aafdbabecd1465ab0eeb24d7633ac7de0284f7ee075209b119c297a3622,288725.94214200974,0.07,725.8721420097281,288725.87065110967,20,725.8721420097281
96149d3ed4f00afb92f12856101e693e93c4683f030ae6ca6ebfbb7ba5a2a345,e5298aafdbabecd1465ab0eeb24d7633ac7de0284f7ee075209b119c297a3622,288727.55037903786,0.066,727.4843790378654,288727.4828881378,20,727.4843790378654
96149d3ed4f00afb92f12856101e693e93c4683f030ae6ca6ebfbb7ba5a2a345,e5298aafdbabecd1465ab0eeb24d7633ac7de0284f7ee075209b119c297a3622,288728.8325519562,0.083,728.7495519561926,288728.74806105613,20,728.7495519561926
96149d3ed4f00afb92f12856101e693e93c4683f030ae6ca6ebfbb7ba5a2a345,e5298aafdbabecd1465ab0eeb24d7633ac7de0284f7ee075209b119c297a3622,288730.30143404007,0.075,730.2264340400579,288730.22494314,20,730.2264340400579
96149d3ed4f00afb92f12856101e693e93c4683f030ae6ca6ebfbb7ba5a2a345,e5298aafdbabecd1465ab0eeb24d7633ac7de0284f7ee075209b119c297a3622,288731.89652609825,0.083,731.8135260982672,288731.8120351982,20,731.8135260982672
96149d3ed4f00afb92f12856101e693e93c4683f030ae6ca6ebfbb7ba5a2a345,e5298aafdbabecd1465ab0eeb24d7633ac7de0284f7ee075209b119c297a3622,288733.5191628933,0.06,733.4591628932976,288733.45767199324,20,733.4591628932976
96149d3ed4f00afb92f12856101e693e93c4683f030ae6ca6ebfbb7ba5a2a345,e5298aafdbabecd1465ab0eeb24d7633ac7de0284f7ee075209b119c297a3622,288737.0352549553,0.074,736.9612549552694,288736.9597640552,20,736.9612549552694
96149d3ed4f00afb92f12856101e693e93c4683f030ae6ca6ebfbb7ba5a2a345,e5298aafdbabecd1465ab0eeb24d7633ac7de0284f7ee075209b119c297a3622,288741.97446107864,0.077,741.8974610786536,288741.8959701786,20,741.8974610786536
96149d3ed4f00afb92f12856101e693e93c4683f030ae6ca6ebfbb7ba5a2a345,e5298aafdbabecd1465ab0eeb24d7633ac7de0284f7ee075209b119c297a3622,288744.16128110886,0.085,744.0762811088352,288744.0747902088,20,744.0762811088352
96149d3ed4f00afb92f12856101e693e93c4683f030ae6ca6ebfbb7ba5a2a345,e5298aafdbabecd1465ab0eeb24d7633ac7de0284f7ee075209b119c297a3622,288754.62890696526,0.075,754.5539069652441,288754.5524160652,20,754.5539069652441
96149d3ed4f00afb92f12856101e693e93c4683f030ae6ca6ebfbb7ba5a2a345,e5298aafdbabecd1465ab0eeb24d7633ac7de0284f7ee075209b119c297a3622,288756.3960618973,0.072,756.3240618972923,288756.32257099723,20,756.3240618972923
96149d3ed4f00afb92f12856101e693e93c4683f030ae6ca6ebfbb7ba5a2a345,e5298aafdbabecd1465ab0eeb24d7633ac7de0284f7ee075209b119c297a3622,288760.5297739506,0.039,760.490773950587,288760.4892830505,20,760.490773950587
96149d3ed4f00afb92f12856101e693e93c4683f030ae6ca6ebfbb7ba5a2a345,e5298aafdbabecd1465ab0eeb24d7633ac7de0284f7ee075209b119c297a3622,288762.3484299183,0.065,762.2834299182869,288762.2819390182,20,762.2834299182869
96149d3ed4f00afb92f12856101e693e93c4683f030ae6ca6ebfbb7ba5a2a345,e5298aafdbabecd1465ab0eeb24d7633ac7de0284f7ee075209b119c297a3622,288764.2390069961,0.073,764.1660069961217,288764.16451609606,20,764.1660069961217
96149d3ed4f00afb92f12856101e693e93c4683f030ae6ca6ebfbb7ba5a2a345,e5298aafdbabecd1465ab0eeb24d7633ac7de0284f7ee075209b119c297a3622,288765.97330904007,0.07,765.9033090400626,288765.90181814,20,765.9033090400626
96149d3ed4f00afb92f12856101e693e93c4683f030ae6ca6ebfbb7ba5a2a345,e5298aafdbabecd1465ab0eeb24d7633ac7de0284f7ee075209b119c297a3622,288767.8488500118,0.094,767.7548500118428,288767.7533591118,20,767.7548500118428
96149d3ed4f00afb92f12856101e693e93c4683f030ae6ca6ebfbb7ba5a2a345,e5298aafdbabecd1465ab0eeb24d7633ac7de0284f7ee075209b119c297a3622,288769.48914194107,0.086,769.4031419410603,288769.401651041,20,769.4031419410603
96149d3ed4f00afb92f12856101e693e93c4683f030ae6ca6ebfbb7ba5a2a345,e5298aafdbabecd1465ab0eeb24d7633ac7de0284f7ee075209b119c297a3622,288771.288476944,0.071,771.2174769440317,288771.215986044,20,771.2174769440317
96149d3ed4f00afb92f12856101e693e93c4683f030ae6ca6ebfbb7ba5a2a345,e5298aafdbabecd1465ab0eeb24d7633ac7de0284f7ee075209b119c297a3622,288774.23815107346,0.067,774.1711510734749,288774.1696601734,20,774.1711510734749
96149d3ed4f00afb92f12856101e693e93c4683f030ae6ca6ebfbb7ba5a2a345,e5298aafdbabecd1465ab0eeb24d7633ac7de0284f7ee075209b119c297a3622,288774.91408109665,0.064,774.8500810966361,288774.8485901966,20,774.8500810966361
96149d3ed4f00afb92f12856101e693e93c4683f030ae6ca6ebfbb7ba5a2a345,e5298aafdbabecd1465ab0eeb24d7633ac7de0284f7ee075209b119c297a3622,288776.5202550888,0.089,776.431255088828,288776.42976418877,20,776.431255088828
96149d3ed4f00afb92f12856101e693e93c4683f030ae6ca6ebfbb7ba5a2a345,e5298aafdbabecd1465ab0eeb24d7633ac7de0284f7ee075209b119c297a3622,288791.351099968,0.043,791.3080999680096,288791.30660906795,20,791.3080999680096
96149d3ed4f00afb92f12856101e693e93c4683f030ae6ca6ebfbb7ba5a2a345,e5298aafdbabecd1465ab0eeb24d7633ac7de0284f7ee075209b119c297a3622,288837.5365459919,0.073,837.4635459919227,288837.46205509186,20,837.4635459919227
96149d3ed4f00afb92f12856101e693e93c4683f030ae6ca6ebfbb7ba5a2a345,e5298aafdbabecd1465ab0eeb24d7633ac7de0284f7ee075209b119c297a3622,288839.55149292946,0.063,839.4884929294349,288839.4870020294,20,839.4884929294349
96149d3ed4f00afb92f12856101e693e93c4683f030ae6ca6ebfbb7ba5a2a345,e5298aafdbabecd1465ab0eeb24d7633ac7de0284f7ee075209b119c297a3622,288854.2083849907,0.07,854.1383849906852,288854.1368940906,20,854.1383849906852
96149d3ed4f00afb92f12856101e693e93c4683f030ae6ca6ebfbb7ba5a2a345,e5298aafdbabecd1465ab0eeb24d7633ac7de0284f7ee075209b119c297a3622,288874.91219592094,0.071,874.8411959209479,288874.8397050209,20,874.8411959209479
96149d3ed4f00afb92f12856101e693e93c4683f030ae6ca6ebfbb7ba5a2a345,e5298aafdbabecd1465ab0eeb24d7633ac7de0284f7ee075209b119c297a3622,288880.49106001854,0.063,880.4280600185157,288880.42656911846,20,880.4280600185157
96149d3ed4f00afb92f12856101e693e93c4683f030ae6ca6ebfbb7ba5a2a345,e5298aafdbabecd1465ab0eeb24d7633ac7de0284f7ee075209b119c297a3622,288894.2405099869,0.084,894.156509986904,288894.15501908684,20,894.156509986904
96149d3ed4f00afb92f12856101e693e93c4683f030ae6ca6ebfbb7ba5a2a345,e5298aafdbabecd1465ab0eeb24d7633ac7de0284f7ee075209b119c297a3622,288896.4431760311,0.082,896.3611760311178,288896.35968513106,20,896.3611760311178
96149d3ed4f00afb92f12856101e693e93c4683f030ae6ca6ebfbb7ba5a2a345,e5298aafdbabecd1465ab0eeb24d7633ac7de0284f7ee075209b119c297a3622,288898.50554299355,0.07,898.4355429935385,288898.4340520935,20,898.4355429935385
96149d3ed4f00afb92f12856101e693e93c4683f030ae6ca6ebfbb7ba5a2a345,e5298aafdbabecd1465ab0eeb24d7633ac7de0284f7ee075209b119c297a3622,288900.35083699226,0.066,900.2848369922722,288900.2833460922,20,900.2848369922722
96149d3ed4f00afb92f12856101e693e93c4683f030ae6ca6ebfbb7ba5a2a345,e5298aafdbabecd1465ab0eeb24d7633ac7de0284f7ee075209b119c297a3622,288926.0842380524,0.061,926.0232380524394,288926.0217471524,20,926.0232380524394
96149d3ed4f00afb92f12856101e693e93c4683f030ae6ca6ebfbb7ba5a2a345,e5298aafdbabecd1465ab0eeb24d7633ac7de0284f7ee075209b119c297a3622,288928.03711795807,0.075,927.9621179580572,288927.960627058,20,927.9621179580572
96149d3ed4f00afb92f12856101e693e93c4683f030ae6ca6ebfbb7ba5a2a345,e5298aafdbabecd1465ab0eeb24d7633ac7de0284f7ee075209b119c297a3622,288933.5050990581,0.044,933.4610990580986,288933.45960815804,20,933.4610990580986
96149d3ed4f00afb92f12856101e693e93c4683f030ae6ca6ebfbb7ba5a2a345,e5298aafdbabecd1465ab0eeb24d7633ac7de0284f7ee075209b119c297a3622,288935.0688669681,0.065,935.0038669680944,288935.00237606803,20,935.0038669680944
96149d3ed4f00afb92f12856101e693e93c4683f030ae6ca6ebfbb7ba5a2a345,e5298aafdbabecd1465ab0eeb24d7633ac7de0284f7ee075209b119c297a3622,288936.8992071152,0.113,936.7862071151612,288936.7847162151,20,936.7862071151612
96149d3ed4f00afb92f12856101e693e93c4683f030ae6ca6ebfbb7ba5a2a345,e5298aafdbabecd1465ab0eeb24d7633ac7de0284f7ee075209b119c297a3622,288942.1481459141,0.113,942.0351459140657,288942.033655014,20,942.0351459140657
96149d3ed4f00afb92f12856101e693e93c4683f030ae6ca6ebfbb7ba5a2a345,e5298aafdbabecd1465ab0eeb24d7633ac7de0284f7ee075209b119c297a3622,288943.668667078,0.108,943.5606670780107,288943.55917617795,20,943.5606670780107
96149d3ed4f00afb92f12856101e693e93c4683f030ae6ca6ebfbb7ba5a2a345,e5298aafdbabecd1465ab0eeb24d7633ac7de0284f7ee075209b119c297a3622,288945.07279896736,0.08,944.9927989673452,288944.9913080673,20,944.9927989673452
96149d3ed4f00afb92f12856101e693e93c4683f030ae6ca6ebfbb7ba5a2a345,e5298aafdbabecd1465ab0eeb24d7633ac7de0284f7ee075209b119c297a3622,288946.60261392593,0.095,946.5076139259618,288946.5061230259,20,946.5076139259618
96149d3ed4f00afb92f12856101e693e93c4683f030ae6ca6ebfbb7ba5a2a345,e5298aafdbabecd1465ab0eeb24d7633ac7de0284f7ee075209b119c297a3622,288948.6514019966,0.083,948.5684019966284,288948.56691109657,20,948.5684019966284
96149d3ed4f00afb92f12856101e693e93c4683f030ae6ca6ebfbb7ba5a2a345,e5298aafdbabecd1465ab0eeb24d7633ac7de0284f7ee075209b119c297a3622,288950.3742389679,0.092,950.2822389678913,288950.28074806783,20,950.2822389678913
96149d3ed4f00afb92f12856101e693e93c4683f030ae6ca6ebfbb7ba5a2a345,e5298aafdbabecd1465ab0eeb24d7633ac7de0284f7ee075209b119c297a3622,288952.210021019,0.081,952.1290210189763,288952.1275301189,20,952.1290210189763
96149d3ed4f00afb92f12856101e693e93c4683f030ae6ca6ebfbb7ba5a2a345,e5298aafdbabecd1465ab0eeb24d7633ac7de0284f7ee075209b119c297a3622,288961.6816620827,0.068,961.6136620826437,288961.6121711826,20,961.6136620826437
96149d3ed4f00afb92f12856101e693e93c4683f030ae6ca6ebfbb7ba5a2a345,e5298aafdbabecd1465ab0eeb24d7633ac7de0284f7ee075209b119c297a3622,288965.8492848873,0.125,965.7242848873138,288965.72279398725,20,965.7242848873138
96149d3ed4f00afb92f12856101e693e93c4683f030ae6ca6ebfbb7ba5a2a345,e5298aafdbabecd1465ab0eeb24d7633ac7de0284f7ee075209b119c297a3622,288968.92837905884,0.075,968.8533790588262,288968.85188815877,20,968.8533790588262
96149d3ed4f00afb92f12856101e693e93c4683f030ae6ca6ebfbb7ba5a2a345,e5298aafdbabecd1465ab0eeb24d7633ac7de0284f7ee075209b119c297a3622,288994.11630892754,0.067,994.0493089275551,288994.0478180275,20,994.0493089275551
96149d3ed4f00afb92f12856101e693e93c4683f030ae6ca6ebfbb7ba5a2a345,e5298aafdbabecd1465ab0eeb24d7633ac7de0284f7ee075209b119c297a3622,288998.0553750992,0.091,997.9643750991672,288997.9628841991,20,997.9643750991672
96149d3ed4f00afb92f12856101e693e93c4683f030ae6ca6ebfbb7ba5a2a345,e5298aafdbabecd1465ab0eeb24d7633ac7de0284f7ee075209b119c297a3622,288999.4155828953,0.09,999.3255828952533,288999.3240919952,20,999.3255828952533
96149d3ed4f00afb92f12856101e693e93c4683f030ae6ca6ebfbb7ba5a2a345,e5298aafdbabecd1465ab0eeb24d7633ac7de0284f7ee075209b119c297a3622,289000.9319579601,0.115,1000.8169579601381,289000.8154670601,20,1000.8169579601381
96149d3ed4f00afb92f12856101e693e93c4683f030ae6ca6ebfbb7ba5a2a345,e5298aafdbabecd1465ab0eeb24d7633ac7de0284f7ee075209b119c297a3622,289002.2408180237,0.072,1002.1688180236961,289002.16732712364,20,1002.1688180236961
96149d3ed4f00afb92f12856101e693e93c4683f030ae6ca6ebfbb7ba5a2a345,e5298aafdbabecd1465ab0eeb24d7633ac7de0284f7ee075209b119c297a3622,289003.4758770466,0.074,1003.4018770465627,289003.4003861465,20,1003.4018770465627
96149d3ed4f00afb92f12856101e693e93c4683f030ae6ca6ebfbb7ba5a2a345,e5298aafdbabecd1465ab0eeb24d7633ac7de0284f7ee075209b119c297a3622,289004.8979270458,0.061,1004.8369270458352,289004.8354361458,20,1004.8369270458352
96149d3ed4f00afb92f12856101e693e93c4683f030ae6ca6ebfbb7ba5a2a345,e5298aafdbabecd1465ab0eeb24d7633ac7de0284f7ee075209b119c297a3622,289006.2360560894,0.092,1006.144056089397,289006.14256518934,20,1006.144056089397
96149d3ed4f00afb92f12856101e693e93c4683f030ae6ca6ebfbb7ba5a2a345,e5298aafdbabecd1465ab0eeb24d7633ac7de0284f7ee075209b119c297a3622,289012.14719200134,0.084,1012.0631920013693,289012.0617011013,20,1012.0631920013693
96149d3ed4f00afb92f12856101e693e93c4683f030ae6ca6ebfbb7ba5a2a345,e5298aafdbabecd1465ab0eeb24d7633ac7de0284f7ee075209b119c297a3622,289013.50825095177,0.067,1013.4412509517861,289013.4397600517,20,1013.4412509517861
96149d3ed4f00afb92f12856101e693e93c4683f030ae6ca6ebfbb7ba5a2a345,e5298aafdbabecd1465ab0eeb24d7633ac7de0284f7ee075209b119c297a3622,289014.8963139057,0.064,1014.8323139057029,289014.83082300564,20,1014.8323139057029
96149d3ed4f00afb92f12856101e693e93c4683f030ae6ca6ebfbb7ba5a2a345,e5298aafdbabecd1465ab0eeb24d7633ac7de0284f7ee075209b119c297a3622,289016.3359360695,0.09,1016.2459360694629,289016.2444451694,20,1016.2459360694629
96149d3ed4f00afb92f12856101e693e93c4683f030ae6ca6ebfbb7ba5a2a345,e5298aafdbabecd1465ab0eeb24d7633ac7de0284f7ee075209b119c297a3622,289017.75852799416,0.082,1017.676527994161,289017.6750370941,20,1017.676527994161
96149d3ed4f00afb92f12856101e693e93c4683f030ae6ca6ebfbb7ba5a2a345,e5298aafdbabecd1465ab0eeb24d7633ac7de0284f7ee075209b119c297a3622,289019.47633600235,0.079,1019.3973360023228,289019.39584510226,20,1019.3973360023228
96149d3ed4f00afb92f12856101e693e93c4683f030ae6ca6ebfbb7ba5a2a345,e5298aafdbabecd1465ab0eeb24d7633ac7de0284f7ee075209b119c297a3622,289031.2874209881,0.081,1031.2064209880773,289031.204930088,20,1031.2064209880773
96149d3ed4f00afb92f12856101e693e93c4683f030ae6ca6ebfbb7ba5a2a345,e5298aafdbabecd1465ab0eeb24d7633ac7de0284f7ee075209b119c297a3622,289035.6180560589,0.072,1035.546056058898,289035.54456515884,20,1035.546056058898
96149d3ed4f00afb92f12856101e693e93c4683f030ae6ca6ebfbb7ba5a2a345,e5298aafdbabecd1465ab0eeb24d7633ac7de0284f7ee075209b119c297a3622,289040.16418504715,0.062,1040.1021850471734,289040.1006941471,20,1040.1021850471734
96149d3ed4f00afb92f12856101e693e93c4683f030ae6ca6ebfbb7ba5a2a345,e5298aafdbabecd1465ab0eeb24d7633ac7de0284f7ee075209b119c297a3622,289041.4445569515,0.067,1041.377556951542,289041.3760660515,20,1041.377556951542
96149d3ed4f00afb92f12856101e693e93c4683f030ae6ca6ebfbb7ba5a2a345,e5298aafdbabecd1465ab0eeb24d7633ac7de0284f7ee075209b119c297a3622,289043.0734460354,0.08,1042.9934460353688,289042.9919551353,20,1042.9934460353688
96149d3ed4f00afb92f12856101e693e93c4683f030ae6ca6ebfbb7ba5a2a345,e5298aafdbabecd1465ab0eeb24d7633ac7de0284f7ee075209b119c297a3622,289053.3354649544,0.066,1053.2694649543846,289053.2679740543,20,1053.2694649543846
96149d3ed4f00afb92f12856101e693e93c4683f030ae6ca6ebfbb7ba5a2a345,e5298aafdbabecd1465ab0eeb24d7633ac7de0284f7ee075209b119c297a3622,289064.964468956,0.039,1064.925468956004,289064.92397805594,20,1064.925468956004
96149d3ed4f00afb92f12856101e693e93c4683f030ae6ca6ebfbb7ba5a2a345,e5298aafdbabecd1465ab0eeb24d7633ac7de0284f7ee075209b119c297a3622,289091.03862810135,0.076,1090.962628101348,289090.9611372013,20,1090.962628101348
96149d3ed4f00afb92f12856101e693e93c4683f030ae6ca6ebfbb7ba5a2a345,e5298aafdbabecd1465ab0eeb24d7633ac7de0284f7ee075209b119c297a3622,289095.83273792267,0.041,1095.791737922642,289095.7902470226,20,1095.791737922642
96149d3ed4f00afb92f12856101e693e93c4683f030ae6ca6ebfbb7ba5a2a345,e5298aafdbabecd1465ab0eeb24d7633ac7de0284f7ee075209b119c297a3622,289097.3825759888,0.074,1097.3085759888054,289097.30708508875,20,1097.3085759888054
96149d3ed4f00afb92f12856101e693e93c4683f030ae6ca6ebfbb7ba5a2a345,e5298aafdbabecd1465ab0eeb24d7633ac7de0284f7ee075209b119c297a3622,289099.7419450283,0.076,1099.6659450283041,289099.66445412824,20,1099.6659450283041
96149d3ed4f00afb92f12856101e693e93c4683f030ae6ca6ebfbb7ba5a2a345,e5298aafdbabecd1465ab0eeb24d7633ac7de0284f7ee075209b119c297a3622,289101.0552868843,0.078,1100.9772868843284,289100.97579598427,20,1100.9772868843284
96149d3ed4f00afb92f12856101e693e93c4683f030ae6ca6ebfbb7ba5a2a345,e5298aafdbabecd1465ab0eeb24d7633ac7de0284f7ee075209b119c297a3622,289102.3522698879,0.077,1102.275269887934,289102.2737789879,20,1102.275269887934
96149d3ed4f00afb92f12856101e693e93c4683f030ae6ca6ebfbb7ba5a2a345,e5298aafdbabecd1465ab0eeb24d7633ac7de0284f7ee075209b119c297a3622,289103.7574930191,0.062,1103.6954930191278,289103.69400211907,20,1103.6954930191278
96149d3ed4f00afb92f12856101e693e93c4683f030ae6ca6ebfbb7ba5a2a345,e5298aafdbabecd1465ab0eeb24d7633ac7de0284f7ee075209b119c297a3622,289105.5391139984,0.067,1105.4721139984322,289105.4706230984,20,1105.4721139984322
96149d3ed4f00afb92f12856101e693e93c4683f030ae6ca6ebfbb7ba5a2a345,e5298aafdbabecd1465ab0eeb24d7633ac7de0284f7ee075209b119c297a3622,289109.2731280327,0.069,1109.2041280326666,289109.2026371326,20,1109.2041280326666
96149d3ed4f00afb92f12856101e693e93c4683f030ae6ca6ebfbb7ba5a2a345,e5298aafdbabecd1465ab0eeb24d7633ac7de0284f7ee075209b119c297a3622,289110.7950439453,0.093,1110.702043945319,289110.70055304526,20,1110.702043945319
96149d3ed4f00afb92f12856101e693e93c4683f030ae6ca6ebfbb7ba5a2a345,e5298aafdbabecd1465ab0eeb24d7633ac7de0284f7ee075209b119c297a3622,289112.3663198948,0.081,1112.285319894785,289112.2838289947,20,1112.285319894785
96149d3ed4f00afb92f12856101e693e93c4683f030ae6ca6ebfbb7ba5a2a345,e5298aafdbabecd1465ab0eeb24d7633ac7de0284f7ee075209b119c297a3622,289114.2129769325,0.066,1114.146976932534,289114.1454860325,20,1114.146976932534
96149d3ed4f00afb92f12856101e693e93c4683f030ae6ca6ebfbb7ba5a2a345,e5298aafdbabecd1465ab0eeb24d7633ac7de0284f7ee075209b119c297a3622,289115.78881907463,0.072,1115.7168190746452,289115.7153281746,20,1115.7168190746452
96149d3ed4f00afb92f12856101e693e93c4683f030ae6ca6ebfbb7ba5a2a345,e5298aafdbabecd1465ab0eeb24d7633ac7de0284f7ee075209b119c297a3622,289117.3513081074,0.061,1117.2903081073891,289117.2888172073,20,1117.2903081073891
96149d3ed4f00afb92f12856101e693e93c4683f030ae6ca6ebfbb7ba5a2a345,e5298aafdbabecd1465ab0eeb24d7633ac7de0284f7ee075209b119c297a3622,289119.2106900215,0.063,1119.1476900214911,289119.14619912143,20,1119.1476900214911
96149d3ed4f00afb92f12856101e693e93c4683f030ae6ca6ebfbb7ba5a2a345,e5298aafdbabecd1465ab0eeb24d7633ac7de0284f7ee075209b119c297a3622,289124.1524870396,0.041,1124.1114870395977,289124.10999613954,20,1124.1114870395977
96149d3ed4f00afb92f12856101e693e93c4683f030ae6ca6ebfbb7ba5a2a345,e5298aafdbabecd1465ab0eeb24d7633ac7de0284f7ee075209b119c297a3622,289125.9769079685,0.086,1125.8909079685109,289125.88941706845,20,1125.8909079685109
96149d3ed4f00afb92f12856101e693e93c4683f030ae6ca6ebfbb7ba5a2a345,e5298aafdbabecd1465ab0eeb24d7633ac7de0284f7ee075209b119c297a3622,289127.5387029648,0.062,1127.4767029648065,289127.47521206475,20,1127.4767029648065
96149d3ed4f00afb92f12856101e693e93c4683f030ae6ca6ebfbb7ba5a2a345,e5298aafdbabecd1465ab0eeb24d7633ac7de0284f7ee075209b119c297a3622,289129.00759100914,0.094,1128.9135910091572,289128.9121001091,20,1128.9135910091572
96149d3ed4f00afb92f12856101e693e93c4683f030ae6ca6ebfbb7ba5a2a345,e5298aafdbabecd1465ab0eeb24d7633ac7de0284f7ee075209b119c297a3622,289130.00913500786,0.064,1129.9451350078452,289129.9436441078,20,1129.9451350078452
96149d3ed4f00afb92f12856101e693e93c4683f030ae6ca6ebfbb7ba5a2a345,e5298aafdbabecd1465ab0eeb24d7633ac7de0284f7ee075209b119c297a3622,289138.4921989441,0.08,1138.4121989440755,289138.410708044,20,1138.4121989440755
96149d3ed4f00afb92f12856101e693e93c4683f030ae6ca6ebfbb7ba5a2a345,e5298aafdbabecd1465ab0eeb24d7633ac7de0284f7ee075209b119c297a3622,289140.2728140354,0.07,1140.2028140354087,289140.20132313535,20,1140.2028140354087
96149d3ed4f00afb92f12856101e693e93c4683f030ae6ca6ebfbb7ba5a2a345,e5298aafdbabecd1465ab0eeb24d7633ac7de0284f7ee075209b119c297a3622,289145.4940829277,0.059,1145.4350829276955,289145.43359202764,20,1145.4350829276955
96149d3ed4f00afb92f12856101e693e93c4683f030ae6ca6ebfbb7ba5a2a345,e5298aafdbabecd1465ab0eeb24d7633ac7de0284f7ee075209b119c297a3622,289150.64261603355,0.039,1150.6036160335643,289150.6021251335,20,1150.6036160335643
96149d3ed4f00afb92f12856101e693e93c4683f030ae6ca6ebfbb7ba5a2a345,e5298aafdbabecd1465ab0eeb24d7633ac7de0284f7ee075209b119c297a3622,289156.6017870903,0.065,1156.5367870902992,289156.53529619024,20,1156.5367870902992
96149d3ed4f00afb92f12856101e693e93c4683f030ae6ca6ebfbb7ba5a2a345,e5298aafdbabecd1465ab0eeb24d7633ac7de0284f7ee075209b119c297a3622,289158.1960821152,0.073,1158.1230821151985,289158.12159121514,20,1158.1230821151985
96149d3ed4f00afb92f12856101e693e93c4683f030ae6ca6ebfbb7ba5a2a345,e5298aafdbabecd1465ab0eeb24d7633ac7de0284f7ee075209b119c297a3622,289164.68964600563,0.04,1164.6496460056514,289164.6481551056,20,1164.6496460056514
96149d3ed4f00afb92f12856101e693e93c4683f030ae6ca6ebfbb7ba5a2a345,e5298aafdbabecd1465ab0eeb24d7633ac7de0284f7ee075209b119c297a3622,289166.32061600685,0.07,1166.2506160068442,289166.2491251068,20,1166.2506160068442
96149d3ed4f00afb92f12856101e693e93c4683f030ae6ca6ebfbb7ba5a2a345,e5298aafdbabecd1465ab0eeb24d7633ac7de0284f7ee075209b119c297a3622,289167.9618229866,0.075,1167.8868229865911,289167.88533208653,20,1167.8868229865911
96149d3ed4f00afb92f12856101e693e93c4683f030ae6ca6ebfbb7ba5a2a345,e5298aafdbabecd1465ab0eeb24d7633ac7de0284f7ee075209b119c297a3622,289169.6506340504,0.088,1169.5626340504386,289169.5611431504,20,1169.5626340504386
96149d3ed4f00afb92f12856101e693e93c4683f030ae6ca6ebfbb7ba5a2a345,e5298aafdbabecd1465ab0eeb24d7633ac7de0284f7ee075209b119c297a3622,289171.39895892143,0.081,1171.317958921427,289171.31646802137,20,1171.317958921427
96149d3ed4f00afb92f12856101e693e93c4683f030ae6ca6ebfbb7ba5a2a345,e5298aafdbabecd1465ab0eeb24d7633ac7de0284f7ee075209b119c297a3622,289183.90370202065,0.039,1183.8647020206554,289183.8632111206,20,1183.8647020206554
96149d3ed4f00afb92f12856101e693e93c4683f030ae6ca6ebfbb7ba5a2a345,e5298aafdbabecd1465ab0eeb24d7633ac7de0284f7ee075209b119c297a3622,289196.5238919258,0.071,1196.4528919258155,289196.45140102576,20,1196.4528919258155
96149d3ed4f00afb92f12856101e693e93c4683f030ae6ca6ebfbb7ba5a2a345,e5298aafdbabecd1465ab0eeb24d7633ac7de0284f7ee075209b119c297a3622,289196.5887429714,0.037,1196.551742971409,289196.55025207135,20,1196.551742971409
96149d3ed4f00afb92f12856101e693e93c4683f030ae6ca6ebfbb7ba5a2a345,e5298aafdbabecd1465ab0eeb24d7633ac7de0284f7ee075209b119c297a3622,289242.43090105057,0.073,1242.3579010505928,289242.35641015053,20,1242.3579010505928
96149d3ed4f00afb92f12856101e693e93c4683f030ae6ca6ebfbb7ba5a2a345,e5298aafdbabecd1465ab0eeb24d7633ac7de0284f7ee075209b119c297a3622,289248.48791098595,0.04,1248.4479109859676,289248.4464200859,20,1248.4479109859676
96149d3ed4f00afb92f12856101e693e93c4683f030ae6ca6ebfbb7ba5a2a345,e5298aafdbabecd1465ab0eeb24d7633ac7de0284f7ee075209b119c297a3622,289257.0087170601,0.088,1256.9207170601003,289256.91922616004,20,1256.9207170601003
96149d3ed4f00afb92f12856101e693e93c4683f030ae6ca6ebfbb7ba5a2a345,e5298aafdbabecd1465ab0eeb24d7633ac7de0284f7ee075209b119c297a3622,289262.2432129383,0.066,1262.177212938317,289262.17572203826,20,1262.177212938317
96149d3ed4f00afb92f12856101e693e93c4683f030ae6ca6ebfbb7ba5a2a345,e5298aafdbabecd1465ab0eeb24d7633ac7de0284f7ee075209b119c297a3622,289269.8692240715,0.187,1269.6822240715264,289269.68073317147,20,1269.6822240715264
96149d3ed4f00afb92f12856101e693e93c4683f030ae6ca6ebfbb7ba5a2a345,e5298aafdbabecd1465ab0eeb24d7633ac7de0284f7ee075209b119c297a3622,289271.1534509659,0.07,1271.0834509658744,289271.0819600658,20,1271.0834509658744
96149d3ed4f00afb92f12856101e693e93c4683f030ae6ca6ebfbb7ba5a2a345,e5298aafdbabecd1465ab0eeb24d7633ac7de0284f7ee075209b119c297a3622,289272.66651296616,0.074,1272.5925129661337,289272.5910220661,20,1272.5925129661337
96149d3ed4f00afb92f12856101e693e93c4683f030ae6ca6ebfbb7ba5a2a345,e5298aafdbabecd1465ab0eeb24d7633ac7de0284f7ee075209b119c297a3622,289273.9942419529,0.072,1273.9222419529106,289273.92075105285,20,1273.9222419529106
96149d3ed4f00afb92f12856101e693e93c4683f030ae6ca6ebfbb7ba5a2a345,e5298aafdbabecd1465ab0eeb24d7633ac7de0284f7ee075209b119c297a3622,289279.4784870148,0.066,1279.412487014837,289279.4109961148,20,1279.412487014837
96149d3ed4f00afb92f12856101e693e93c4683f030ae6ca6ebfbb7ba5a2a345,e5298aafdbabecd1465ab0eeb24d7633ac7de0284f7ee075209b119c297a3622,289280.8216049671,0.068,1280.753604967089,289280.752114067,20,1280.753604967089
96149d3ed4f00afb92f12856101e693e93c4683f030ae6ca6ebfbb7ba5a2a345,e5298aafdbabecd1465ab0eeb24d7633ac7de0284f7ee075209b119c297a3622,289282.0975680351,0.1,1281.997568035149,289281.9960771351,20,1281.997568035149
96149d3ed4f00afb92f12856101e693e93c4683f030ae6ca6ebfbb7ba5a2a345,e5298aafdbabecd1465ab0eeb24d7633ac7de0284f7ee075209b119c297a3622,289283.8419070244,0.25,1283.5919070243835,289283.5904161243,20,1283.5919070243835
96149d3ed4f00afb92f12856101e693e93c4683f030ae6ca6ebfbb7ba5a2a345,e5298aafdbabecd1465ab0eeb24d7633ac7de0284f7ee075209b119c297a3622,289285.3919479847,0.112,1285.2799479846726,289285.2784570846,20,1285.2799479846726
96149d3ed4f00afb92f12856101e693e93c4683f030ae6ca6ebfbb7ba5a2a345,e5298aafdbabecd1465ab0eeb24d7633ac7de0284f7ee075209b119c297a3622,289291.10597991943,0.041,1291.064979919407,289291.06348901935,20,1291.064979919407
96149d3ed4f00afb92f12856101e693e93c4683f030ae6ca6ebfbb7ba5a2a345,e5298aafdbabecd1465ab0eeb24d7633ac7de0284f7ee075209b119c297a3622,289294.2004189491,0.04,1294.1604189491482,289294.1589280491,20,1294.1604189491482
96149d3ed4f00afb92f12856101e693e93c4683f030ae6ca6ebfbb7ba5a2a345,e5298aafdbabecd1465ab0eeb24d7633ac7de0284f7ee075209b119c297a3622,289295.5469360352,0.047,1295.499936035194,289295.49844513513,20,1295.499936035194
96149d3ed4f00afb92f12856101e693e93c4683f030ae6ca6ebfbb7ba5a2a345,e5298aafdbabecd1465ab0eeb24d7633ac7de0284f7ee075209b119c297a3622,289296.9616200924,0.044,1296.9176200923976,289296.91612919234,20,1296.9176200923976
96149d3ed4f00afb92f12856101e693e93c4683f030ae6ca6ebfbb7ba5a2a345,e5298aafdbabecd1465ab0eeb24d7633ac7de0284f7ee075209b119c297a3622,289298.3919479847,0.039,1298.3529479847057,289298.35145708465,20,1298.3529479847057
96149d3ed4f00afb92f12856101e693e93c4683f030ae6ca6ebfbb7ba5a2a345,e5298aafdbabecd1465ab0eeb24d7633ac7de0284f7ee075209b119c297a3622,289299.63230109215,0.04,1299.5923010921688,289299.5908101921,20,1299.5923010921688
96149d3ed4f00afb92f12856101e693e93c4683f030ae6ca6ebfbb7ba5a2a345,e5298aafdbabecd1465ab0eeb24d7633ac7de0284f7ee075209b119c297a3622,289300.96245002747,0.041,1300.9214500274393,289300.9199591274,20,1300.9214500274393
96149d3ed4f00afb92f12856101e693e93c4683f030ae6ca6ebfbb7ba5a2a345,e5298aafdbabecd1465ab0eeb24d7633ac7de0284f7ee075209b119c297a3622,289302.2406630516,0.051,1302.1896630516276,289302.18817215157,20,1302.1896630516276
96149d3ed4f00afb92f12856101e693e93c4683f030ae6ca6ebfbb7ba5a2a345,e5298aafdbabecd1465ab0eeb24d7633ac7de0284f7ee075209b119c297a3622,289303.60385608673,0.04,1303.563856086752,289303.5623651867,20,1303.563856086752
96149d3ed4f00afb92f12856101e693e93c4683f030ae6ca6ebfbb7ba5a2a345,e5298aafdbabecd1465ab0eeb24d7633ac7de0284f7ee075209b119c297a3622,289304.9557070732,0.039,1304.916707073222,289304.91521617316,20,1304.916707073222
96149d3ed4f00afb92f12856101e693e93c4683f030ae6ca6ebfbb7ba5a2a345,e5298aafdbabecd1465ab0eeb24d7633ac7de0284f7ee075209b119c297a3622,289306.3092300892,0.042,1306.2672300891718,289306.2657391891,20,1306.2672300891718
96149d3ed4f00afb92f12856101e693e93c4683f030ae6ca6ebfbb7ba5a2a345,e5298aafdbabecd1465ab0eeb24d7633ac7de0284f7ee075209b119c297a3622,289307.6319859028,0.084,1307.5479859028128,289307.54649500275,20,1307.5479859028128
96149d3ed4f00afb92f12856101e693e93c4683f030ae6ca6ebfbb7ba5a2a345,e5298aafdbabecd1465ab0eeb24d7633ac7de0284f7ee075209b119c297a3622,289308.31407094,0.04,1308.2740709400387,289308.27258004,20,1308.2740709400387
96149d3ed4f00afb92f12856101e693e93c4683f030ae6ca6ebfbb7ba5a2a345,e5298aafdbabecd1465ab0eeb24d7633ac7de0284f7ee075209b119c297a3622,289309.0433139801,0.042,1309.0013139800867,289308.99982308,20,1309.0013139800867
96149d3ed4f00afb92f12856101e693e93c4683f030ae6ca6ebfbb7ba5a2a345,e5298aafdbabecd1465ab0eeb24d7633ac7de0284f7ee075209b119c297a3622,289319.0025129318,0.041,1318.9615129317972,289318.96002203174,20,1318.9615129317972
96149d3ed4f00afb92f12856101e693e93c4683f030ae6ca6ebfbb7ba5a2a345,e5298aafdbabecd1465ab0eeb24d7633ac7de0284f7ee075209b119c297a3622,289320.0912389755,0.045,1320.0462389755412,289320.0447480755,20,1320.0462389755412
96149d3ed4f00afb92f12856101e693e93c4683f030ae6ca6ebfbb7ba5a2a345,e5298aafdbabecd1465ab0eeb24d7633ac7de0284f7ee075209b119c297a3622,289320.3834490776,0.043,1320.340449077601,289320.33895817754,20,1320.340449077601
96149d3ed4f00afb92f12856101e693e93c4683f030ae6ca6ebfbb7ba5a2a345,e5298aafdbabecd1465ab0eeb24d7633ac7de0284f7ee075209b119c297a3622,289321.6345000267,0.046,1321.58850002673,289321.58700912667,20,1321.58850002673
96149d3ed4f00afb92f12856101e693e93c4683f030ae6ca6ebfbb7ba5a2a345,e5298aafdbabecd1465ab0eeb24d7633ac7de0284f7ee075209b119c297a3622,289332.86232995987,0.052,1332.8103299598442,289332.8088390598,20,1332.8103299598442
96149d3ed4f00afb92f12856101e693e93c4683f030ae6ca6ebfbb7ba5a2a345,e5298aafdbabecd1465ab0eeb24d7633ac7de0284f7ee075209b119c297a3622,289335.29451298714,0.043,1335.2515129871317,289335.2500220871,20,1335.2515129871317
96149d3ed4f00afb92f12856101e693e93c4683f030ae6ca6ebfbb7ba5a2a345,e5298aafdbabecd1465ab0eeb24d7633ac7de0284f7ee075209b119c297a3622,289335.7669830322,0.043,1335.7239830322214,289335.72249213216,20,1335.7239830322214
96149d3ed4f00afb92f12856101e693e93c4683f030ae6ca6ebfbb7ba5a2a345,e5298aafdbabecd1465ab0eeb24d7633ac7de0284f7ee075209b119c297a3622,289336.34956502914,0.039,1336.3105650291545,289336.3090741291,20,1336.3105650291545
96149d3ed4f00afb92f12856101e693e93c4683f030ae6ca6ebfbb7ba5a2a345,e5298aafdbabecd1465ab0eeb24d7633ac7de0284f7ee075209b119c297a3622,289337.0775299072,0.042,1337.0355299072107,289337.03403900715,20,1337.0355299072107
96149d3ed4f00afb92f12856101e693e93c4683f030ae6ca6ebfbb7ba5a2a345,e5298aafdbabecd1465ab0eeb24d7633ac7de0284f7ee075209b119c297a3622,289341.2864100933,0.166,1341.120410093281,289341.1189191932,20,1341.120410093281
96149d3ed4f00afb92f12856101e693e93c4683f030ae6ca6ebfbb7ba5a2a345,e5298aafdbabecd1465ab0eeb24d7633ac7de0284f7ee075209b119c297a3622,289342.5100290776,0.043,1342.467029077583,289342.4655381775,20,1342.467029077583
96149d3ed4f00afb92f12856101e693e93c4683f030ae6ca6ebfbb7ba5a2a345,e5298aafdbabecd1465ab0eeb24d7633ac7de0284f7ee075209b119c297a3622,289343.7756590843,0.042,1343.7336590843042,289343.73216818424,20,1343.7336590843042
96149d3ed4f00afb92f12856101e693e93c4683f030ae6ca6ebfbb7ba5a2a345,e5298aafdbabecd1465ab0eeb24d7633ac7de0284f7ee075209b119c297a3622,289344.7305440903,0.045,1344.6855440902873,289344.6840531902,20,1344.6855440902873
96149d3ed4f00afb92f12856101e693e93c4683f030ae6ca6ebfbb7ba5a2a345,e5298aafdbabecd1465ab0eeb24d7633ac7de0284f7ee075209b119c297a3622,289467.27155804634,0.04,1467.231558046362,289467.2300671463,20,1467.231558046362
96149d3ed4f00afb92f12856101e693e93c4683f030ae6ca6ebfbb7ba5a2a345,e5298aafdbabecd1465ab0eeb24d7633ac7de0284f7ee075209b119c297a3622,289471.7922871113,0.047,1471.7452871112619,289471.7437962112,20,1471.7452871112619
96149d3ed4f00afb92f12856101e693e93c4683f030ae6ca6ebfbb7ba5a2a345,e5298aafdbabecd1465ab0eeb24d7633ac7de0284f7ee075209b119c297a3622,289473.0816259384,0.048,1473.0336259384057,289473.03213503835,20,1473.0336259384057
96149d3ed4f00afb92f12856101e693e93c4683f030ae6ca6ebfbb7ba5a2a345,e5298aafdbabecd1465ab0eeb24d7633ac7de0284f7ee075209b119c297a3622,289474.31779909134,0.048,1474.2697990913293,289474.26830819127,20,1474.2697990913293
96149d3ed4f00afb92f12856101e693e93c4683f030ae6ca6ebfbb7ba5a2a345,e5298aafdbabecd1465ab0eeb24d7633ac7de0284f7ee075209b119c297a3622,289517.4600288868,0.039,1517.4210288868053,289517.41953798675,20,1517.4210288868053
96149d3ed4f00afb92f12856101e693e93c4683f030ae6ca6ebfbb7ba5a2a345,e5298aafdbabecd1465ab0eeb24d7633ac7de0284f7ee075209b119c297a3622,289517.58312392235,0.04,1517.543123922369,289517.5416330223,20,1517.543123922369
96149d3ed4f00afb92f12856101e693e93c4683f030ae6ca6ebfbb7ba5a2a345,e5298aafdbabecd1465ab0eeb24d7633ac7de0284f7ee075209b119c297a3622,289518.8274140358,0.04,1518.787414035818,289518.78592313576,20,1518.787414035818
96149d3ed4f00afb92f12856101e693e93c4683f030ae6ca6ebfbb7ba5a2a345,e5298aafdbabecd1465ab0eeb24d7633ac7de0284f7ee075209b119c297a3622,289520.04799604416,0.043,1520.0049960441538,289520.0035051441,20,1520.0049960441538
96149d3ed4f00afb92f12856101e693e93c4683f030ae6ca6ebfbb7ba5a2a345,e5298aafdbabecd1465ab0eeb24d7633ac7de0284f7ee075209b119c297a3622,289540.6562230587,0.16,1540.4962230587262,289540.49473215867,20,1540.4962230587262
96149d3ed4f00afb92f12856101e693e93c4683f030ae6ca6ebfbb7ba5a2a345,e5298aafdbabecd1465ab0eeb24d7633ac7de0284f7ee075209b119c297a3622,289542.6197440624,0.083,1542.5367440624395,289542.5352531624,20,1542.5367440624395
96149d3ed4f00afb92f12856101e693e93c4683f030ae6ca6ebfbb7ba5a2a345,e5298aafdbabecd1465ab0eeb24d7633ac7de0284f7ee075209b119c297a3622,289544.3638269901,0.081,1544.282826990122,289544.28133609006,20,1544.282826990122
96149d3ed4f00afb92f12856101e693e93c4683f030ae6ca6ebfbb7ba5a2a345,e5298aafdbabecd1465ab0eeb24d7633ac7de0284f7ee075209b119c297a3622,289545.6802430153,0.048,1545.6322430152795,289545.6307521152,20,1545.6322430152795
96149d3ed4f00afb92f12856101e693e93c4683f030ae6ca6ebfbb7ba5a2a345,e5298aafdbabecd1465ab0eeb24d7633ac7de0284f7ee075209b119c297a3622,289547.0284309387,0.062,1546.9664309387445,289546.9649400387,20,1546.9664309387445
96149d3ed4f00afb92f12856101e693e93c4683f030ae6ca6ebfbb7ba5a2a345,e5298aafdbabecd1465ab0eeb24d7633ac7de0284f7ee075209b119c297a3622,289548.6391210556,0.051,1548.5881210556254,289548.58663015557,20,1548.5881210556254
96149d3ed4f00afb92f12856101e693e93c4683f030ae6ca6ebfbb7ba5a2a345,e5298aafdbabecd1465ab0eeb24d7633ac7de0284f7ee075209b119c297a3622,289550.25771307945,0.052,1550.2057130794274,289550.20422217937,20,1550.2057130794274
96149d3ed4f00afb92f12856101e693e93c4683f030ae6ca6ebfbb7ba5a2a345,e5298aafdbabecd1465ab0eeb24d7633ac7de0284f7ee075209b119c297a3622,289551.57802796364,0.049,1551.5290279636392,289551.5275370636,20,1551.5290279636392
96149d3ed4f00afb92f12856101e693e93c4683f030ae6ca6ebfbb7ba5a2a345,e5298aafdbabecd1465ab0eeb24d7633ac7de0284f7ee075209b119c297a3622,289552.8513710499,0.048,1552.8033710498712,289552.8018801498,20,1552.8033710498712
96149d3ed4f00afb92f12856101e693e93c4683f030ae6ca6ebfbb7ba5a2a345,e5298aafdbabecd1465ab0eeb24d7633ac7de0284f7ee075209b119c297a3622,289554.47854089737,0.045,1554.4335408973857,289554.4320499973,20,1554.4335408973857
96149d3ed4f00afb92f12856101e693e93c4683f030ae6ca6ebfbb7ba5a2a345,e5298aafdbabecd1465ab0eeb24d7633ac7de0284f7ee075209b119c297a3622,289555.9696960449,0.122,1555.847696044948,289555.8462051449,20,1555.847696044948
96149d3ed4f00afb92f12856101e693e93c4683f030ae6ca6ebfbb7ba5a2a345,e5298aafdbabecd1465ab0eeb24d7633ac7de0284f7ee075209b119c297a3622,289565.06766700745,0.054,1565.0136670074426,289565.0121761074,20,1565.0136670074426
96149d3ed4f00afb92f12856101e693e93c4683f030ae6ca6ebfbb7ba5a2a345,e5298aafdbabecd1465ab0eeb24d7633ac7de0284f7ee075209b119c297a3622,289566.8748950958,0.051,1566.8238950958475,289566.8224041958,20,1566.8238950958475
96149d3ed4f00afb92f12856101e693e93c4683f030ae6ca6ebfbb7ba5a2a345,e5298aafdbabecd1465ab0eeb24d7633ac7de0284f7ee075209b119c297a3622,289569.92041897774,0.051,1569.8694189777598,289569.8679280777,20,1569.8694189777598
96149d3ed4f00afb92f12856101e693e93c4683f030ae6ca6ebfbb7ba5a2a345,e5298aafdbabecd1465ab0eeb24d7633ac7de0284f7ee075209b119c297a3622,289579.2317209244,0.045,1579.1867209243937,289579.18523002433,20,1579.1867209243937
96149d3ed4f00afb92f12856101e693e93c4683f030ae6ca6ebfbb7ba5a2a345,e5298aafdbabecd1465ab0eeb24d7633ac7de0284f7ee075209b119c297a3622,289586.1880829334,0.059,1586.1290829334175,289586.12759203336,20,1586.1290829334175
96149d3ed4f00afb92f12856101e693e93c4683f030ae6ca6ebfbb7ba5a2a345,e5298aafdbabecd1465ab0eeb24d7633ac7de0284f7ee075209b119c297a3622,289586.4629819393,0.045,1586.417981939332,289586.4164910393,20,1586.417981939332
96149d3ed4f00afb92f12856101e693e93c4683f030ae6ca6ebfbb7ba5a2a345,e5298aafdbabecd1465ab0eeb24d7633ac7de0284f7ee075209b119c297a3622,289587.7049469948,0.047,1587.657946994761,289587.6564560947,20,1587.657946994761
96149d3ed4f00afb92f12856101e693e93c4683f030ae6ca6ebfbb7ba5a2a345,e5298aafdbabecd1465ab0eeb24d7633ac7de0284f7ee075209b119c297a3622,289589.607681036,0.045,1589.5626810360118,289589.56119013595,20,1589.5626810360118
96149d3ed4f00afb92f12856101e693e93c4683f030ae6ca6ebfbb7ba5a2a345,e5298aafdbabecd1465ab0eeb24d7633ac7de0284f7ee075209b119c297a3622,289591.0428800583,0.047,1590.995880058268,289590.9943891582,20,1590.995880058268
96149d3ed4f00afb92f12856101e693e93c4683f030ae6ca6ebfbb7ba5a2a345,e5298aafdbabecd1465ab0eeb24d7633ac7de0284f7ee075209b119c297a3622,289592.32081103325,0.047,1592.2738110332284,289592.27232013317,20,1592.2738110332284
96149d3ed4f00afb92f12856101e693e93c4683f030ae6ca6ebfbb7ba5a2a345,e5298aafdbabecd1465ab0eeb24d7633ac7de0284f7ee075209b119c297a3622,289593.9909360409,0.053,1593.9379360408639,289593.9364451408,20,1593.9379360408639
96149d3ed4f00afb92f12856101e693e93c4683f030ae6ca6ebfbb7ba5a2a345,e5298aafdbabecd1465ab0eeb24d7633ac7de0284f7ee075209b119c297a3622,289595.2663259506,0.045,1595.2213259506389,289595.2198350506,20,1595.2213259506389
96149d3ed4f00afb92f12856101e693e93c4683f030ae6ca6ebfbb7ba5a2a345,e5298aafdbabecd1465ab0eeb24d7633ac7de0284f7ee075209b119c297a3622,289599.80226898193,0.05,1599.7522689819452,289599.7507780819,20,1599.7522689819452
96149d3ed4f00afb92f12856101e693e93c4683f030ae6ca6ebfbb7ba5a2a345,e5298aafdbabecd1465ab0eeb24d7633ac7de0284f7ee075209b119c297a3622,289606.0302081108,0.056,1605.974208110827,289605.97271721077,20,1605.974208110827
96149d3ed4f00afb92f12856101e693e93c4683f030ae6ca6ebfbb7ba5a2a345,e5298aafdbabecd1465ab0eeb24d7633ac7de0284f7ee075209b119c297a3622,289607.54350590706,0.064,1607.4795059070457,289607.478015007,20,1607.4795059070457
96149d3ed4f00afb92f12856101e693e93c4683f030ae6ca6ebfbb7ba5a2a345,e5298aafdbabecd1465ab0eeb24d7633ac7de0284f7ee075209b119c297a3622,289609.38667202,0.046,1609.3406720200437,289609.33918112,20,1609.3406720200437
96149d3ed4f00afb92f12856101e693e93c4683f030ae6ca6ebfbb7ba5a2a345,e5298aafdbabecd1465ab0eeb24d7633ac7de0284f7ee075209b119c297a3622,289620.6018819809,0.064,1620.537881980883,289620.5363910808,20,1620.537881980883
96149d3ed4f00afb92f12856101e693e93c4683f030ae6ca6ebfbb7ba5a2a345,e5298aafdbabecd1465ab0eeb24d7633ac7de0284f7ee075209b119c297a3622,289622.04675102234,0.049,1621.9977510223398,289621.9962601223,20,1621.9977510223398
96149d3ed4f00afb92f12856101e693e93c4683f030ae6ca6ebfbb7ba5a2a345,e5298aafdbabecd1465ab0eeb24d7633ac7de0284f7ee075209b119c297a3622,289623.5645329952,0.045,1623.5195329952403,289623.5180420952,20,1623.5195329952403
96149d3ed4f00afb92f12856101e693e93c4683f030ae6ca6ebfbb7ba5a2a345,e5298aafdbabecd1465ab0eeb24d7633ac7de0284f7ee075209b119c297a3622,289625.1056818962,0.045,1625.060681896226,289625.05919099617,20,1625.060681896226
96149d3ed4f00afb92f12856101e693e93c4683f030ae6ca6ebfbb7ba5a2a345,e5298aafdbabecd1465ab0eeb24d7633ac7de0284f7ee075209b119c297a3622,289626.5764040947,0.045,1626.5314040947123,289626.52991319465,20,1626.5314040947123
96149d3ed4f00afb92f12856101e693e93c4683f030ae6ca6ebfbb7ba5a2a345,e5298aafdbabecd1465ab0eeb24d7633ac7de0284f7ee075209b119c297a3622,289628.29219198227,0.043,1628.2491919822642,289628.2477010822,20,1628.2491919822642
96149d3ed4f00afb92f12856101e693e93c4683f030ae6ca6ebfbb7ba5a2a345,e5298aafdbabecd1465ab0eeb24d7633ac7de0284f7ee075209b119c297a3622,289629.8312039376,0.044,1629.7872039375943,289629.78571303753,20,1629.7872039375943
96149d3ed4f00afb92f12856101e693e93c4683f030ae6ca6ebfbb7ba5a2a345,e5298aafdbabecd1465ab0eeb24d7633ac7de0284f7ee075209b119c297a3622,289631.57735705376,0.046,1631.5313570537837,289631.5298661537,20,1631.5313570537837
96149d3ed4f00afb92f12856101e693e93c4683f030ae6ca6ebfbb7ba5a2a345,e5298aafdbabecd1465ab0eeb24d7633ac7de0284f7ee075209b119c297a3622,289634.91048908234,0.045,1634.8654890823527,289634.8639981823,20,1634.8654890823527
96149d3ed4f00afb92f12856101e693e93c4683f030ae6ca6ebfbb7ba5a2a345,e5298aafdbabecd1465ab0eeb24d7633ac7de0284f7ee075209b119c297a3622,289639.5471498966,0.044,1639.5031498966273,289639.50165899657,20,1639.5031498966273
96149d3ed4f00afb92f12856101e693e93c4683f030ae6ca6ebfbb7ba5a2a345,e5298aafdbabecd1465ab0eeb24d7633ac7de0284f7ee075209b119c297a3622,289647.92670607567,0.05,1647.87670607568,289647.8752151756,20,1647.87670607568
96149d3ed4f00afb92f12856101e693e93c4683f030ae6ca6ebfbb7ba5a2a345,e5298aafdbabecd1465ab0eeb24d7633ac7de0284f7ee075209b119c297a3622,289649.4804890156,0.046,1649.4344890156062,289649.43299811555,20,1649.4344890156062
96149d3ed4f00afb92f12856101e693e93c4683f030ae6ca6ebfbb7ba5a2a345,e5298aafdbabecd1465ab0eeb24d7633ac7de0284f7ee075209b119c297a3622,289657.747344017,0.045,1657.702344017045,289657.700853117,20,1657.702344017045
96149d3ed4f00afb92f12856101e693e93c4683f030ae6ca6ebfbb7ba5a2a345,e5298aafdbabecd1465ab0eeb24d7633ac7de0284f7ee075209b119c297a3622,289659.27423501015,0.045,1659.2292350101634,289659.2277441101,20,1659.2292350101634
96149d3ed4f00afb92f12856101e693e93c4683f030ae6ca6ebfbb7ba5a2a345,e5298aafdbabecd1465ab0eeb24d7633ac7de0284f7ee075209b119c297a3622,289660.9483599663,0.043,1660.905359966273,289660.9038690662,20,1660.905359966273
96149d3ed4f00afb92f12856101e693e93c4683f030ae6ca6ebfbb7ba5a2a345,e5298aafdbabecd1465ab0eeb24d7633ac7de0284f7ee075209b119c297a3622,289662.55061101913,0.046,1662.5046110191615,289662.5031201191,20,1662.5046110191615
96149d3ed4f00afb92f12856101e693e93c4683f030ae6ca6ebfbb7ba5a2a345,e5298aafdbabecd1465ab0eeb24d7633ac7de0284f7ee075209b119c297a3622,289663.96551704407,0.046,1663.9195170440944,289663.91802614403,20,1663.9195170440944
96149d3ed4f00afb92f12856101e693e93c4683f030ae6ca6ebfbb7ba5a2a345,e5298aafdbabecd1465ab0eeb24d7633ac7de0284f7ee075209b119c297a3622,289665.71535491943,0.045,1665.67035491945,289665.6688640194,20,1665.67035491945
96149d3ed4f00afb92f12856101e693e93c4683f030ae6ca6ebfbb7ba5a2a345,e5298aafdbabecd1465ab0eeb24d7633ac7de0284f7ee075209b119c297a3622,289668.12733101845,0.052,1668.0753310184227,289668.07384011836,20,1668.0753310184227
96149d3ed4f00afb92f12856101e693e93c4683f030ae6ca6ebfbb7ba5a2a345,e5298aafdbabecd1465ab0eeb24d7633ac7de0284f7ee075209b119c297a3622,289669.6994030476,0.048,1669.65140304761,289669.64991214755,20,1669.65140304761
96149d3ed4f00afb92f12856101e693e93c4683f030ae6ca6ebfbb7ba5a2a345,e5298aafdbabecd1465ab0eeb24d7633ac7de0284f7ee075209b119c297a3622,289671.26133298874,0.047,1671.2143329887185,289671.21284208866,20,1671.2143329887185
96149d3ed4f00afb92f12856101e693e93c4683f030ae6ca6ebfbb7ba5a2a345,e5298aafdbabecd1465ab0eeb24d7633ac7de0284f7ee075209b119c297a3622,289673.2827999592,0.045,1673.237799959199,289673.23630905914,20,1673.237799959199
96149d3ed4f00afb92f12856101e693e93c4683f030ae6ca6ebfbb7ba5a2a345,e5298aafdbabecd1465ab0eeb24d7633ac7de0284f7ee075209b119c297a3622,289678.9340651036,0.04,1678.89406510361,289678.89257420355,20,1678.89406510361
96149d3ed4f00afb92f12856101e693e93c4683f030ae6ca6ebfbb7ba5a2a345,e5298aafdbabecd1465ab0eeb24d7633ac7de0284f7ee075209b119c297a3622,289680.0050890446,0.041,1679.9640890445444,289679.9625981445,20,1679.9640890445444
96149d3ed4f00afb92f12856101e693e93c4683f030ae6ca6ebfbb7ba5a2a345,e5298aafdbabecd1465ab0eeb24d7633ac7de0284f7ee075209b119c297a3622,289680.8991649151,0.04,1680.8591649151058,289680.85767401505,20,1680.8591649151058
96149d3ed4f00afb92f12856101e693e93c4683f030ae6ca6ebfbb7ba5a2a345,e5298aafdbabecd1465ab0eeb24d7633ac7de0284f7ee075209b119c297a3622,289684.08089089394,0.04,1684.040890893957,289684.0393999939,20,1684.040890893957
96149d3ed4f00afb92f12856101e693e93c4683f030ae6ca6ebfbb7ba5a2a345,e5298aafdbabecd1465ab0eeb24d7633ac7de0284f7ee075209b119c297a3622,289685.4659039974,0.044,1685.4219039974269,289685.42041309737,20,1685.4219039974269
96149d3ed4f00afb92f12856101e693e93c4683f030ae6ca6ebfbb7ba5a2a345,e5298aafdbabecd1465ab0eeb24d7633ac7de0284f7ee075209b119c297a3622,289688.3834209442,0.042,1688.341420944198,289688.33993004414,20,1688.341420944198
96149d3ed4f00afb92f12856101e693e93c4683f030ae6ca6ebfbb7ba5a2a345,e5298aafdbabecd1465ab0eeb24d7633ac7de0284f7ee075209b119c297a3622,289692.803000927,0.044,1692.759000926977,289692.7575100269,20,1692.759000926977
96149d3ed4f00afb92f12856101e693e93c4683f030ae6ca6ebfbb7ba5a2a345,e5298aafdbabecd1465ab0eeb24d7633ac7de0284f7ee075209b119c297a3622,289696.6829879284,0.04,1696.6429879284115,289696.64149702835,20,1696.6429879284115
96149d3ed4f00afb92f12856101e693e93c4683f030ae6ca6ebfbb7ba5a2a345,e5298aafdbabecd1465ab0eeb24d7633ac7de0284f7ee075209b119c297a3622,289698.1794600487,0.041,1698.138460048649,289698.1369691486,20,1698.138460048649
96149d3ed4f00afb92f12856101e693e93c4683f030ae6ca6ebfbb7ba5a2a345,e5298aafdbabecd1465ab0eeb24d7633ac7de0284f7ee075209b119c297a3622,289699.4216349125,0.044,1699.3776349124964,289699.37614401244,20,1699.3776349124964
96149d3ed4f00afb92f12856101e693e93c4683f030ae6ca6ebfbb7ba5a2a345,e5298aafdbabecd1465ab0eeb24d7633ac7de0284f7ee075209b119c297a3622,289700.83195090294,0.044,1700.7879509029444,289700.7864600029,20,1700.7879509029444
96149d3ed4f00afb92f12856101e693e93c4683f030ae6ca6ebfbb7ba5a2a345,e5298aafdbabecd1465ab0eeb24d7633ac7de0284f7ee075209b119c297a3622,289702.6113860607,0.039,1702.572386060725,289702.57089516066,20,1702.572386060725
96149d3ed4f00afb92f12856101e693e93c4683f030ae6ca6ebfbb7ba5a2a345,e5298aafdbabecd1465ab0eeb24d7633ac7de0284f7ee075209b119c297a3622,289712.03521609306,0.039,1711.9962160930736,289711.994725193,20,1711.9962160930736
96149d3ed4f00afb92f12856101e693e93c4683f030ae6ca6ebfbb7ba5a2a345,e5298aafdbabecd1465ab0eeb24d7633ac7de0284f7ee075209b119c297a3622,289713.493530035,0.042,1713.451530035003,289713.45003913494,20,1713.451530035003
96149d3ed4f00afb92f12856101e693e93c4683f030ae6ca6ebfbb7ba5a2a345,e5298aafdbabecd1465ab0eeb24d7633ac7de0284f7ee075209b119c297a3622,289717.1122739315,0.063,1717.0492739314795,289717.0477830314,20,1717.0492739314795
96149d3ed4f00afb92f12856101e693e93c4683f030ae6ca6ebfbb7ba5a2a345,e5298aafdbabecd1465ab0eeb24d7633ac7de0284f7ee075209b119c297a3622,289719.0054960251,0.046,1718.9594960251125,289718.95800512505,20,1718.9594960251125
96149d3ed4f00afb92f12856101e693e93c4683f030ae6ca6ebfbb7ba5a2a345,e5298aafdbabecd1465ab0eeb24d7633ac7de0284f7ee075209b119c297a3622,289720.7365899086,0.042,1720.694589908584,289720.6930990085,20,1720.694589908584
96149d3ed4f00afb92f12856101e693e93c4683f030ae6ca6ebfbb7ba5a2a345,e5298aafdbabecd1465ab0eeb24d7633ac7de0284f7ee075209b119c297a3622,289722.52255797386,0.044,1722.4785579738673,289722.4770670738,20,1722.4785579738673
96149d3ed4f00afb92f12856101e693e93c4683f030ae6ca6ebfbb7ba5a2a345,e5298aafdbabecd1465ab0eeb24d7633ac7de0284f7ee075209b119c297a3622,289737.90370607376,0.045,1737.8587060737773,289737.8572151737,20,1737.8587060737773
96149d3ed4f00afb92f12856101e693e93c4683f030ae6ca6ebfbb7ba5a2a345,e5298aafdbabecd1465ab0eeb24d7633ac7de0284f7ee075209b119c297a3622,289739.6620130539,0.047,1739.6150130538736,289739.6135221538,20,1739.6150130538736
96149d3ed4f00afb92f12856101e693e93c4683f030ae6ca6ebfbb7ba5a2a345,e5298aafdbabecd1465ab0eeb24d7633ac7de0284f7ee075209b119c297a3622,289741.43355703354,0.042,1741.391557033523,289741.39006613346,20,1741.391557033523
96149d3ed4f00afb92f12856101e693e93c4683f030ae6ca6ebfbb7ba5a2a345,e5298aafdbabecd1465ab0eeb24d7633ac7de0284f7ee075209b119c297a3622,289742.90526509285,0.041,1742.8642650928232,289742.86277419276,20,1742.8642650928232
96149d3ed4f00afb92f12856101e693e93c4683f030ae6ca6ebfbb7ba5a2a345,e5298aafdbabecd1465ab0eeb24d7633ac7de0284f7ee075209b119c297a3622,289744.6030910015,0.042,1744.5610910014948,289744.55960010143,20,1744.5610910014948
96149d3ed4f00afb92f12856101e693e93c4683f030ae6ca6ebfbb7ba5a2a345,e5298aafdbabecd1465ab0eeb24d7633ac7de0284f7ee075209b119c297a3622,289746.22116804123,0.042,1746.1791680412134,289746.17767714115,20,1746.1791680412134
96149d3ed4f00afb92f12856101e693e93c4683f030ae6ca6ebfbb7ba5a2a345,e5298aafdbabecd1465ab0eeb24d7633ac7de0284f7ee075209b119c297a3622,289747.6563720703,0.05,1747.6063720703241,289747.60488117026,20,1747.6063720703241
96149d3ed4f00afb92f12856101e693e93c4683f030ae6ca6ebfbb7ba5a2a345,e5298aafdbabecd1465ab0eeb24d7633ac7de0284f7ee075209b119c297a3622,289791.1698288917,0.041,1791.1288288916694,289791.1273379916,20,1791.1288288916694
96149d3ed4f00afb92f12856101e693e93c4683f030ae6ca6ebfbb7ba5a2a345,e5298aafdbabecd1465ab0eeb24d7633ac7de0284f7ee075209b119c297a3622,289792.6767439842,0.041,1792.6357439841959,289792.63425308414,20,1792.6357439841959
96149d3ed4f00afb92f12856101e693e93c4683f030ae6ca6ebfbb7ba5a2a345,e5298aafdbabecd1465ab0eeb24d7633ac7de0284f7ee075209b119c297a3622,290235.4549500942,0.062,2235.3929500942468,290235.3914591942,20,2235.3929500942468
96149d3ed4f00afb92f12856101e693e93c4683f030ae6ca6ebfbb7ba5a2a345,e5298aafdbabecd1465ab0eeb24d7633ac7de0284f7ee075209b119c297a3622,290300.4561679363,0.052,2300.4041679363,290300.40267703624,20,2300.4041679363
96149d3ed4f00afb92f12856101e693e93c4683f030ae6ca6ebfbb7ba5a2a345,e5298aafdbabecd1465ab0eeb24d7633ac7de0284f7ee075209b119c297a3622,290313.2527439594,0.062,2313.1907439594506,290313.1892530594,20,2313.1907439594506
96149d3ed4f00afb92f12856101e693e93c4683f030ae6ca6ebfbb7ba5a2a345,e5298aafdbabecd1465ab0eeb24d7633ac7de0284f7ee075209b119c297a3622,290314.4240870476,0.038,2314.3860870475764,290314.3845961475,20,2314.3860870475764
96149d3ed4f00afb92f12856101e693e93c4683f030ae6ca6ebfbb7ba5a2a345,e5298aafdbabecd1465ab0eeb24d7633ac7de0284f7ee075209b119c297a3622,290318.45711898804,0.055,2318.402118988044,290318.400628088,20,2318.402118988044
96149d3ed4f00afb92f12856101e693e93c4683f030ae6ca6ebfbb7ba5a2a345,e5298aafdbabecd1465ab0eeb24d7633ac7de0284f7ee075209b119c297a3622,290319.8635311127,0.063,2319.800531112647,290319.7990402126,20,2319.800531112647
96149d3ed4f00afb92f12856101e693e93c4683f030ae6ca6ebfbb7ba5a2a345,e5298aafdbabecd1465ab0eeb24d7633ac7de0284f7ee075209b119c297a3622,290321.1434750557,0.057,2321.086475055723,290321.08498415566,20,2321.086475055723
96149d3ed4f00afb92f12856101e693e93c4683f030ae6ca6ebfbb7ba5a2a345,e5298aafdbabecd1465ab0eeb24d7633ac7de0284f7ee075209b119c297a3622,290322.5659210682,0.037,2322.5289210681804,290322.5274301681,20,2322.5289210681804
96149d3ed4f00afb92f12856101e693e93c4683f030ae6ca6ebfbb7ba5a2a345,e5298aafdbabecd1465ab0eeb24d7633ac7de0284f7ee075209b119c297a3622,290323.80056500435,0.031,2323.7695650043315,290323.7680741043,20,2323.7695650043315
96149d3ed4f00afb92f12856101e693e93c4683f030ae6ca6ebfbb7ba5a2a345,e5298aafdbabecd1465ab0eeb24d7633ac7de0284f7ee075209b119c297a3622,290330.6745491028,0.045,2330.6295491027995,290330.62805820274,20,2330.6295491027995
96149d3ed4f00afb92f12856101e693e93c4683f030ae6ca6ebfbb7ba5a2a345,e5298aafdbabecd1465ab0eeb24d7633ac7de0284f7ee075209b119c297a3622,290596.9729170799,0.045,2596.927917079942,290596.9264261799,20,2596.927917079942
96149d3ed4f00afb92f12856101e693e93c4683f030ae6ca6ebfbb7ba5a2a345,e5298aafdbabecd1465ab0eeb24d7633ac7de0284f7ee075209b119c297a3622,292818.6493360996,0.096,4818.553336099605,292818.55184519954,20,4818.553336099605
96149d3ed4f00afb92f12856101e693e93c4683f030ae6ca6ebfbb7ba5a2a345,e5298aafdbabecd1465ab0eeb24d7633ac7de0284f7ee075209b119c297a3622,294250.4281680584,0.036,6250.3921680583735,294250.3906771583,20,6250.3921680583735
96149d3ed4f00afb92f12856101e693e93c4683f030ae6ca6ebfbb7ba5a2a345,e5298aafdbabecd1465ab0eeb24d7633ac7de0284f7ee075209b119c297a3622,294433.0160679817,0.014,6433.002067981695,294433.00057708164,20,6433.002067981695
96149d3ed4f00afb92f12856101e693e93c4683f030ae6ca6ebfbb7ba5a2a345,e5298aafdbabecd1465ab0eeb24d7633ac7de0284f7ee075209b119c297a3622,294462.18681406975,0.013,6462.173814069771,294462.1723231697,20,6462.173814069771
96149d3ed4f00afb92f12856101e693e93c4683f030ae6ca6ebfbb7ba5a2a345,e5298aafdbabecd1465ab0eeb24d7633ac7de0284f7ee075209b119c297a3622,294660.09789800644,0.013,6660.084898006462,294660.0834071064,20,6660.084898006462
96149d3ed4f00afb92f12856101e693e93c4683f030ae6ca6ebfbb7ba5a2a345,e5298aafdbabecd1465ab0eeb24d7633ac7de0284f7ee075209b119c297a3622,294663.1819469929,0.052,6663.129946992849,294663.1284560928,20,6663.129946992849
96149d3ed4f00afb92f12856101e693e93c4683f030ae6ca6ebfbb7ba5a2a345,e5298aafdbabecd1465ab0eeb24d7633ac7de0284f7ee075209b119c297a3622,294685.23631095886,0.011,6685.225310958864,294685.2238200588,20,6685.225310958864
96149d3ed4f00afb92f12856101e693e93c4683f030ae6ca6ebfbb7ba5a2a345,e5298aafdbabecd1465ab0eeb24d7633ac7de0284f7ee075209b119c297a3622,294772.9126369953,0.044,6772.868636995321,294772.86714609526,20,6772.868636995321
96149d3ed4f00afb92f12856101e693e93c4683f030ae6ca6ebfbb7ba5a2a345,e5298aafdbabecd1465ab0eeb24d7633ac7de0284f7ee075209b119c297a3622,294775.2461240292,0.062,6775.1841240292415,294775.1826331292,20,6775.1841240292415
96149d3ed4f00afb92f12856101e693e93c4683f030ae6ca6ebfbb7ba5a2a345,e5298aafdbabecd1465ab0eeb24d7633ac7de0284f7ee075209b119c297a3622,294894.2753100395,0.015,6894.260310039506,294894.25881913945,20,6894.260310039506
96149d3ed4f00afb92f12856101e693e93c4683f030ae6ca6ebfbb7ba5a2a345,e5298aafdbabecd1465ab0eeb24d7633ac7de0284f7ee075209b119c297a3622,295172.013669014,0.073,7171.940669014002,295171.93917811394,20,7171.940669014002
96149d3ed4f00afb92f12856101e693e93c4683f030ae6ca6ebfbb7ba5a2a345,e5298aafdbabecd1465ab0eeb24d7633ac7de0284f7ee075209b119c297a3622,300442.2433331013,0.158,12442.085333101277,300442.0838422012,20,12442.085333101277
96149d3ed4f00afb92f12856101e693e93c4683f030ae6ca6ebfbb7ba5a2a345,e5298aafdbabecd1465ab0eeb24d7633ac7de0284f7ee075209b119c297a3622,300479.6541969776,0.065,12479.589196977613,300479.58770607755,20,12479.589196977613
96149d3ed4f00afb92f12856101e693e93c4683f030ae6ca6ebfbb7ba5a2a345,e5298aafdbabecd1465ab0eeb24d7633ac7de0284f7ee075209b119c297a3622,300489.2330811024,0.071,12489.162081102375,300489.1605902023,20,12489.162081102375
96149d3ed4f00afb92f12856101e693e93c4683f030ae6ca6ebfbb7ba5a2a345,e5298aafdbabecd1465ab0eeb24d7633ac7de0284f7ee075209b119c297a3622,300489.77740192413,0.048,12489.729401924124,300489.72791102406,20,12489.729401924124
96149d3ed4f00afb92f12856101e693e93c4683f030ae6ca6ebfbb7ba5a2a345,e5298aafdbabecd1465ab0eeb24d7633ac7de0284f7ee075209b119c297a3622,300570.4513859749,0.098,12570.353385974886,300570.3518950748,20,12570.353385974886
96149d3ed4f00afb92f12856101e693e93c4683f030ae6ca6ebfbb7ba5a2a345,e5298aafdbabecd1465ab0eeb24d7633ac7de0284f7ee075209b119c297a3622,300690.5965330601,0.042,12690.554533060058,300690.55304216,20,12690.554533060058
96149d3ed4f00afb92f12856101e693e93c4683f030ae6ca6ebfbb7ba5a2a345,e5298aafdbabecd1465ab0eeb24d7633ac7de0284f7ee075209b119c297a3622,300690.74931907654,0.079,12690.670319076511,300690.66882817645,20,12690.670319076511
96149d3ed4f00afb92f12856101e693e93c4683f030ae6ca6ebfbb7ba5a2a345,e5298aafdbabecd1465ab0eeb24d7633ac7de0284f7ee075209b119c297a3622,300742.7333869934,0.076,12742.657386993407,300742.65589609335,20,12742.657386993407
96149d3ed4f00afb92f12856101e693e93c4683f030ae6ca6ebfbb7ba5a2a345,e5298aafdbabecd1465ab0eeb24d7633ac7de0284f7ee075209b119c297a3622,300746.6256520748,0.084,12746.54165207484,300746.5401611748,20,12746.54165207484
96149d3ed4f00afb92f12856101e693e93c4683f030ae6ca6ebfbb7ba5a2a345,e5298aafdbabecd1465ab0eeb24d7633ac7de0284f7ee075209b119c297a3622,300976.4557778836,0.084,12976.371777883614,300976.37028698355,20,12976.371777883614
96149d3ed4f00afb92f12856101e693e93c4683f030ae6ca6ebfbb7ba5a2a345,e5298aafdbabecd1465ab0eeb24d7633ac7de0284f7ee075209b119c297a3622,301004.3146300316,0.077,13004.237630031595,301004.23613913154,20,13004.237630031595
96149d3ed4f00afb92f12856101e693e93c4683f030ae6ca6ebfbb7ba5a2a345,e5298aafdbabecd1465ab0eeb24d7633ac7de0284f7ee075209b119c297a3622,301228.75500798225,0.075,13228.680007982242,301228.6785170822,20,13228.680007982242
96149d3ed4f00afb92f12856101e693e93c4683f030ae6ca6ebfbb7ba5a2a345,e5298aafdbabecd1465ab0eeb24d7633ac7de0284f7ee075209b119c297a3622,301243.3006079197,0.083,13243.217607919709,301243.21611701965,20,13243.217607919709
96149d3ed4f00afb92f12856101e693e93c4683f030ae6ca6ebfbb7ba5a2a345,e5298aafdbabecd1465ab0eeb24d7633ac7de0284f7ee075209b119c297a3622,301370.29448509216,0.041,13370.253485092137,301370.2519941921,20,13370.253485092137
96149d3ed4f00afb92f12856101e693e93c4683f030ae6ca6ebfbb7ba5a2a345,e5298aafdbabecd1465ab0eeb24d7633ac7de0284f7ee075209b119c297a3622,301386.86676192284,0.075,13386.791761922825,301386.79027102276,20,13386.791761922825
96149d3ed4f00afb92f12856101e693e93c4683f030ae6ca6ebfbb7ba5a2a345,e5298aafdbabecd1465ab0eeb24d7633ac7de0284f7ee075209b119c297a3622,301389.4745891094,0.076,13389.39858910942,301389.39709820936,20,13389.39858910942
96149d3ed4f00afb92f12856101e693e93c4683f030ae6ca6ebfbb7ba5a2a345,e5298aafdbabecd1465ab0eeb24d7633ac7de0284f7ee075209b119c297a3622,301391.6720609665,0.041,13391.631060966465,301391.6295700664,20,13391.631060966465
96149d3ed4f00afb92f12856101e693e93c4683f030ae6ca6ebfbb7ba5a2a345,e5298aafdbabecd1465ab0eeb24d7633ac7de0284f7ee075209b119c297a3622,301404.7052080631,0.041,13404.664208063099,301404.66271716304,20,13404.664208063099
96149d3ed4f00afb92f12856101e693e93c4683f030ae6ca6ebfbb7ba5a2a345,e5298aafdbabecd1465ab0eeb24d7633ac7de0284f7ee075209b119c297a3622,301452.6671988964,0.042,13452.625198896392,301452.62370799633,20,13452.625198896392
96149d3ed4f00afb92f12856101e693e93c4683f030ae6ca6ebfbb7ba5a2a345,e5298aafdbabecd1465ab0eeb24d7633ac7de0284f7ee075209b119c297a3622,301611.60222291946,0.085,13611.517222919443,301611.5157320194,20,13611.517222919443
96149d3ed4f00afb92f12856101e693e93c4683f030ae6ca6ebfbb7ba5a2a345,e5298aafdbabecd1465ab0eeb24d7633ac7de0284f7ee075209b119c297a3622,301632.8106329441,0.084,13632.726632944134,301632.7251420441,20,13632.726632944134
96149d3ed4f00afb92f12856101e693e93c4683f030ae6ca6ebfbb7ba5a2a345,e5298aafdbabecd1465ab0eeb24d7633ac7de0284f7ee075209b119c297a3622,301635.71368694305,0.165,13635.548686943075,301635.547196043,20,13635.548686943075
96149d3ed4f00afb92f12856101e693e93c4683f030ae6ca6ebfbb7ba5a2a345,e5298aafdbabecd1465ab0eeb24d7633ac7de0284f7ee075209b119c297a3622,301640.1049809456,0.063,13640.041980945563,301640.0404900455,20,13640.041980945563
96149d3ed4f00afb92f12856101e693e93c4683f030ae6ca6ebfbb7ba5a2a345,e5298aafdbabecd1465ab0eeb24d7633ac7de0284f7ee075209b119c297a3622,301661.9924180508,0.074,13661.918418050802,301661.91692715074,20,13661.918418050802
96149d3ed4f00afb92f12856101e693e93c4683f030ae6ca6ebfbb7ba5a2a345,e5298aafdbabecd1465ab0eeb24d7633ac7de0284f7ee075209b119c297a3622,301662.3880701065,0.085,13662.303070106485,301662.3015792064,20,13662.303070106485
96149d3ed4f00afb92f12856101e693e93c4683f030ae6ca6ebfbb7ba5a2a345,e5298aafdbabecd1465ab0eeb24d7633ac7de0284f7ee075209b119c297a3622,301664.6797349453,0.071,13664.608734945301,301664.60724404524,20,13664.608734945301
96149d3ed4f00afb92f12856101e693e93c4683f030ae6ca6ebfbb7ba5a2a345,e5298aafdbabecd1465ab0eeb24d7633ac7de0284f7ee075209b119c297a3622,301988.6208219528,0.115,13988.50582195283,301988.50433105277,20,13988.50582195283
96149d3ed4f00afb92f12856101e693e93c4683f030ae6ca6ebfbb7ba5a2a345,e5298aafdbabecd1465ab0eeb24d7633ac7de0284f7ee075209b119c297a3622,302027.2780969143,0.082,14027.196096914297,302027.19460601424,20,14027.196096914297
96149d3ed4f00afb92f12856101e693e93c4683f030ae6ca6ebfbb7ba5a2a345,e5298aafdbabecd1465ab0eeb24d7633ac7de0284f7ee075209b119c297a3622,302029.17462801933,0.075,14029.099628019321,302029.09813711926,20,14029.099628019321
96149d3ed4f00afb92f12856101e693e93c4683f030ae6ca6ebfbb7ba5a2a345,e5298aafdbabecd1465ab0eeb24d7633ac7de0284f7ee075209b119c297a3622,302090.12588500977,0.094,14090.031885009783,302090.0303941097,20,14090.031885009783
96149d3ed4f00afb92f12856101e693e93c4683f030ae6ca6ebfbb7ba5a2a345,e5298aafdbabecd1465ab0eeb24d7633ac7de0284f7ee075209b119c297a3622,302152.3278160095,0.064,14152.263816009508,302152.26232510945,20,14152.263816009508
96149d3ed4f00afb92f12856101e693e93c4683f030ae6ca6ebfbb7ba5a2a345,e5298aafdbabecd1465ab0eeb24d7633ac7de0284f7ee075209b119c297a3622,302154.0424230099,0.078,14153.964423009893,302153.96293210983,20,14153.964423009893
96149d3ed4f00afb92f12856101e693e93c4683f030ae6ca6ebfbb7ba5a2a345,e5298aafdbabecd1465ab0eeb24d7633ac7de0284f7ee075209b119c297a3622,302293.45083904266,0.068,14293.382839042635,302293.3813481426,20,14293.382839042635
96149d3ed4f00afb92f12856101e693e93c4683f030ae6ca6ebfbb7ba5a2a345,e5298aafdbabecd1465ab0eeb24d7633ac7de0284f7ee075209b119c297a3622,302296.20194101334,0.082,14296.119941013341,302296.1184501133,20,14296.119941013341
96149d3ed4f00afb92f12856101e693e93c4683f030ae6ca6ebfbb7ba5a2a345,e5298aafdbabecd1465ab0eeb24d7633ac7de0284f7ee075209b119c297a3622,302320.92043304443,0.079,14320.841433044407,302320.83994214435,20,14320.841433044407
96149d3ed4f00afb92f12856101e693e93c4683f030ae6ca6ebfbb7ba5a2a345,e5298aafdbabecd1465ab0eeb24d7633ac7de0284f7ee075209b119c297a3622,302320.97559404373,0.041,14320.934594043705,302320.93310314364,20,14320.934594043705
85479ef37b5dc75dd5aeca3bab499129b97a134dac5d740d2c68941de9d63031,49535532e285d1ef68b0a7b8c3bc3973b36ec38a4c594ec9f1412084c27036ff,648006.002163887,5.989,0.013163887080736458,648000.011672987,45,0.013163887080736458
85479ef37b5dc75dd5aeca3bab499129b97a134dac5d740d2c68941de9d63031,49535532e285d1ef68b0a7b8c3bc3973b36ec38a4c594ec9f1412084c27036ff,648060.4142808914,0.39,60.02428089140449,648060.0227899913,45,60.02428089140449
85479ef37b5dc75dd5aeca3bab499129b97a134dac5d740d2c68941de9d63031,49535532e285d1ef68b0a7b8c3bc3973b36ec38a4c594ec9f1412084c27036ff,648120.0833408833,0.015,120.06834088324104,648120.0668499832,45,120.06834088324104
85479ef37b5dc75dd5aeca3bab499129b97a134dac5d740d2c68941de9d63031,49535532e285d1ef68b0a7b8c3bc3973b36ec38a4c594ec9f1412084c27036ff,648188.8065049648,0.0,188.8065049648285,648188.8050140648,45,188.8065049648285
85479ef37b5dc75dd5aeca3bab499129b97a134dac5d740d2c68941de9d63031,49535532e285d1ef68b0a7b8c3bc3973b36ec38a4c594ec9f1412084c27036ff,648240.0156919956,0.0,240.01569199562073,648240.0142010956,45,240.01569199562073
85479ef37b5dc75dd5aeca3bab499129b97a134dac5d740d2c68941de9d63031,49535532e285d1ef68b0a7b8c3bc3973b36ec38a4c594ec9f1412084c27036ff,648300.1496560574,0.124,300.0256560574053,648300.0241651573,45,300.0256560574053
85479ef37b5dc75dd5aeca3bab499129b97a134dac5d740d2c68941de9d63031,49535532e285d1ef68b0a7b8c3bc3973b36ec38a4c594ec9f1412084c27036ff,648419.5598120689,0.018,419.54181206889916,648419.5403211688,45,419.54181206889916
85479ef37b5dc75dd5aeca3bab499129b97a134dac5d740d2c68941de9d63031,49535532e285d1ef68b0a7b8c3bc3973b36ec38a4c594ec9f1412084c27036ff,648420.0066928864,0.0,420.00669288635254,648420.0052019863,45,420.00669288635254
85479ef37b5dc75dd5aeca3bab499129b97a134dac5d740d2c68941de9d63031,49535532e285d1ef68b0a7b8c3bc3973b36ec38a4c594ec9f1412084c27036ff,648480.0152599812,0.0,480.0152599811554,648480.0137690811,45,480.0152599811554
85479ef37b5dc75dd5aeca3bab499129b97a134dac5d740d2c68941de9d63031,49535532e285d1ef68b0a7b8c3bc3973b36ec38a4c594ec9f1412084c27036ff,648540.0800011158,0.015,540.065001115785,648540.0635102157,45,540.065001115785
85479ef37b5dc75dd5aeca3bab499129b97a134dac5d740d2c68941de9d63031,49535532e285d1ef68b0a7b8c3bc3973b36ec38a4c594ec9f1412084c27036ff,648600.004199028,0.0,600.0041990280151,648600.002708128,45,600.0041990280151
85479ef37b5dc75dd5aeca3bab499129b97a134dac5d740d2c68941de9d63031,49535532e285d1ef68b0a7b8c3bc3973b36ec38a4c594ec9f1412084c27036ff,648660.0244920254,0.015,660.0094920253614,648660.0080011253,45,660.0094920253614
85479ef37b5dc75dd5aeca3bab499129b97a134dac5d740d2c68941de9d63031,49535532e285d1ef68b0a7b8c3bc3973b36ec38a4c594ec9f1412084c27036ff,648752.8916320801,0.015,752.8766320800642,648752.87514118,45,752.8766320800642
85479ef37b5dc75dd5aeca3bab499129b97a134dac5d740d2c68941de9d63031,49535532e285d1ef68b0a7b8c3bc3973b36ec38a4c594ec9f1412084c27036ff,648780.0158820152,0.0,780.0158820152283,648780.0143911152,45,780.0158820152283
85479ef37b5dc75dd5aeca3bab499129b97a134dac5d740d2c68941de9d63031,49535532e285d1ef68b0a7b8c3bc3973b36ec38a4c594ec9f1412084c27036ff,648840.012239933,0.0,840.0122399330139,648840.010749033,45,840.0122399330139
85479ef37b5dc75dd5aeca3bab499129b97a134dac5d740d2c68941de9d63031,49535532e285d1ef68b0a7b8c3bc3973b36ec38a4c594ec9f1412084c27036ff,648900.0285580158,0.015,900.0135580158094,648900.0120671157,45,900.0135580158094
85479ef37b5dc75dd5aeca3bab499129b97a134dac5d740d2c68941de9d63031,49535532e285d1ef68b0a7b8c3bc3973b36ec38a4c594ec9f1412084c27036ff,649016.2697620392,0.015,1016.2547620391706,649016.2532711391,45,1016.2547620391706
85479ef37b5dc75dd5aeca3bab499129b97a134dac5d740d2c68941de9d63031,49535532e285d1ef68b0a7b8c3bc3973b36ec38a4c594ec9f1412084c27036ff,649020.3605430126,0.14,1020.220543012605,649020.2190521125,45,1020.220543012605
85479ef37b5dc75dd5aeca3bab499129b97a134dac5d740d2c68941de9d63031,49535532e285d1ef68b0a7b8c3bc3973b36ec38a4c594ec9f1412084c27036ff,649084.5639369488,0.781,1083.7829369488172,649083.7814460488,45,1083.7829369488172
85479ef37b5dc75dd5aeca3bab499129b97a134dac5d740d2c68941de9d63031,49535532e285d1ef68b0a7b8c3bc3973b36ec38a4c594ec9f1412084c27036ff,649140.0323460102,0.015,1140.0173460101942,649140.0158551101,45,1140.0173460101942
85479ef37b5dc75dd5aeca3bab499129b97a134dac5d740d2c68941de9d63031,49535532e285d1ef68b0a7b8c3bc3973b36ec38a4c594ec9f1412084c27036ff,649202.1883070469,2.136,1200.0523070468334,649200.0508161468,45,1200.0523070468334
85479ef37b5dc75dd5aeca3bab499129b97a134dac5d740d2c68941de9d63031,49535532e285d1ef68b0a7b8c3bc3973b36ec38a4c594ec9f1412084c27036ff,649323.084364891,0.015,1323.0693648910383,649323.067873991,45,1323.0693648910383
85479ef37b5dc75dd5aeca3bab499129b97a134dac5d740d2c68941de9d63031,49535532e285d1ef68b0a7b8c3bc3973b36ec38a4c594ec9f1412084c27036ff,649380.0477480888,0.0,1380.0477480888367,649380.0462571888,45,1380.0477480888367
85479ef37b5dc75dd5aeca3bab499129b97a134dac5d740d2c68941de9d63031,49535532e285d1ef68b0a7b8c3bc3973b36ec38a4c594ec9f1412084c27036ff,649440.0183811188,0.0,1440.0183811187744,649440.0168902187,45,1440.0183811187744
85479ef37b5dc75dd5aeca3bab499129b97a134dac5d740d2c68941de9d63031,49535532e285d1ef68b0a7b8c3bc3973b36ec38a4c594ec9f1412084c27036ff,649500.0726430416,0.015,1500.0576430415967,649500.0561521415,45,1500.0576430415967
85479ef37b5dc75dd5aeca3bab499129b97a134dac5d740d2c68941de9d63031,49535532e285d1ef68b0a7b8c3bc3973b36ec38a4c594ec9f1412084c27036ff,649615.4275929928,0.0,1615.4275929927826,649615.4261020927,45,1615.4275929927826
85479ef37b5dc75dd5aeca3bab499129b97a134dac5d740d2c68941de9d63031,49535532e285d1ef68b0a7b8c3bc3973b36ec38a4c594ec9f1412084c27036ff,649620.0821239948,0.018,1620.0641239947872,649620.0626330947,45,1620.0641239947872
85479ef37b5dc75dd5aeca3bab499129b97a134dac5d740d2c68941de9d63031,49535532e285d1ef68b0a7b8c3bc3973b36ec38a4c594ec9f1412084c27036ff,649680.0419900417,0.0,1680.0419900417328,649680.0404991417,45,1680.0419900417328
85479ef37b5dc75dd5aeca3bab499129b97a134dac5d740d2c68941de9d63031,49535532e285d1ef68b0a7b8c3bc3973b36ec38a4c594ec9f1412084c27036ff,649740.008079052,0.0,1740.0080790519714,649740.0065881519,45,1740.0080790519714
85479ef37b5dc75dd5aeca3bab499129b97a134dac5d740d2c68941de9d63031,49535532e285d1ef68b0a7b8c3bc3973b36ec38a4c594ec9f1412084c27036ff,649800.0678520203,0.015,1800.0528520202497,649800.0513611202,45,1800.0528520202497
85479ef37b5dc75dd5aeca3bab499129b97a134dac5d740d2c68941de9d63031,49535532e285d1ef68b0a7b8c3bc3973b36ec38a4c594ec9f1412084c27036ff,649915.4206600189,0.015,1915.405660018907,649915.4041691188,45,1915.405660018907
85479ef37b5dc75dd5aeca3bab499129b97a134dac5d740d2c68941de9d63031,49535532e285d1ef68b0a7b8c3bc3973b36ec38a4c594ec9f1412084c27036ff,649920.0704810619,0.015,1920.0554810619215,649920.0539901619,45,1920.0554810619215
85479ef37b5dc75dd5aeca3bab499129b97a134dac5d740d2c68941de9d63031,49535532e285d1ef68b0a7b8c3bc3973b36ec38a4c594ec9f1412084c27036ff,649980.0789489746,0.015,1980.0639489745954,649980.0624580745,45,1980.0639489745954
85479ef37b5dc75dd5aeca3bab499129b97a134dac5d740d2c68941de9d63031,49535532e285d1ef68b0a7b8c3bc3973b36ec38a4c594ec9f1412084c27036ff,650040.0183019638,0.0,2040.0183019638062,650040.0168110637,45,2040.0183019638062
85479ef37b5dc75dd5aeca3bab499129b97a134dac5d740d2c68941de9d63031,49535532e285d1ef68b0a7b8c3bc3973b36ec38a4c594ec9f1412084c27036ff,650100.0251779556,0.015,2100.0101779556135,650100.0086870556,45,2100.0101779556135
85479ef37b5dc75dd5aeca3bab499129b97a134dac5d740d2c68941de9d63031,49535532e285d1ef68b0a7b8c3bc3973b36ec38a4c594ec9f1412084c27036ff,650216.3602979183,0.0,2216.3602979183197,650216.3588070183,45,2216.3602979183197
85479ef37b5dc75dd5aeca3bab499129b97a134dac5d740d2c68941de9d63031,49535532e285d1ef68b0a7b8c3bc3973b36ec38a4c594ec9f1412084c27036ff,650220.0090289116,0.0,2220.0090289115906,650220.0075380115,45,2220.0090289115906
85479ef37b5dc75dd5aeca3bab499129b97a134dac5d740d2c68941de9d63031,49535532e285d1ef68b0a7b8c3bc3973b36ec38a4c594ec9f1412084c27036ff,650280.01086092,0.0,2280.0108609199524,650280.0093700199,45,2280.0108609199524
85479ef37b5dc75dd5aeca3bab499129b97a134dac5d740d2c68941de9d63031,49535532e285d1ef68b0a7b8c3bc3973b36ec38a4c594ec9f1412084c27036ff,650340.0127079487,0.0,2340.0127079486847,650340.0112170486,45,2340.0127079486847
85479ef37b5dc75dd5aeca3bab499129b97a134dac5d740d2c68941de9d63031,49535532e285d1ef68b0a7b8c3bc3973b36ec38a4c594ec9f1412084c27036ff,650403.1728749275,3.161,2400.011874927557,650400.0103840275,45,2400.011874927557
85479ef37b5dc75dd5aeca3bab499129b97a134dac5d740d2c68941de9d63031,49535532e285d1ef68b0a7b8c3bc3973b36ec38a4c594ec9f1412084c27036ff,650460.0133109093,0.0,2460.0133109092712,650460.0118200092,45,2460.0133109092712
85479ef37b5dc75dd5aeca3bab499129b97a134dac5d740d2c68941de9d63031,49535532e285d1ef68b0a7b8c3bc3973b36ec38a4c594ec9f1412084c27036ff,650520.0447978973,0.015,2520.029797897325,650520.0283069973,45,2520.029797897325
85479ef37b5dc75dd5aeca3bab499129b97a134dac5d740d2c68941de9d63031,49535532e285d1ef68b0a7b8c3bc3973b36ec38a4c594ec9f1412084c27036ff,650580.0121200085,0.0,2580.0121200084686,650580.0106291084,45,2580.0121200084686
85479ef37b5dc75dd5aeca3bab499129b97a134dac5d740d2c68941de9d63031,49535532e285d1ef68b0a7b8c3bc3973b36ec38a4c594ec9f1412084c27036ff,650640.0095040798,0.0,2640.0095040798187,650640.0080131798,45,2640.0095040798187
85479ef37b5dc75dd5aeca3bab499129b97a134dac5d740d2c68941de9d63031,49535532e285d1ef68b0a7b8c3bc3973b36ec38a4c594ec9f1412084c27036ff,650700.0269260406,0.015,2700.0119260406354,650700.0104351406,45,2700.0119260406354
85479ef37b5dc75dd5aeca3bab499129b97a134dac5d740d2c68941de9d63031,49535532e285d1ef68b0a7b8c3bc3973b36ec38a4c594ec9f1412084c27036ff,650817.2179450989,0.0,2817.217945098877,650817.2164541988,45,2817.217945098877
85479ef37b5dc75dd5aeca3bab499129b97a134dac5d740d2c68941de9d63031,49535532e285d1ef68b0a7b8c3bc3973b36ec38a4c594ec9f1412084c27036ff,650820.0211150646,0.0,2820.021115064621,650820.0196241646,45,2820.021115064621
85479ef37b5dc75dd5aeca3bab499129b97a134dac5d740d2c68941de9d63031,49535532e285d1ef68b0a7b8c3bc3973b36ec38a4c594ec9f1412084c27036ff,650880.0168740749,0.0,2880.016874074936,650880.0153831749,45,2880.016874074936
85479ef37b5dc75dd5aeca3bab499129b97a134dac5d740d2c68941de9d63031,49535532e285d1ef68b0a7b8c3bc3973b36ec38a4c594ec9f1412084c27036ff,650940.0097150803,0.0,2940.0097150802612,650940.0082241802,45,2940.0097150802612
85479ef37b5dc75dd5aeca3bab499129b97a134dac5d740d2c68941de9d63031,49535532e285d1ef68b0a7b8c3bc3973b36ec38a4c594ec9f1412084c27036ff,651000.0065200329,0.0,3000.0065200328827,651000.0050291328,45,3000.0065200328827
85479ef37b5dc75dd5aeca3bab499129b97a134dac5d740d2c68941de9d63031,49535532e285d1ef68b0a7b8c3bc3973b36ec38a4c594ec9f1412084c27036ff,651060.0062730312,0.0,3060.0062730312347,651060.0047821312,45,3060.0062730312347
85479ef37b5dc75dd5aeca3bab499129b97a134dac5d740d2c68941de9d63031,49535532e285d1ef68b0a7b8c3bc3973b36ec38a4c594ec9f1412084c27036ff,651161.323941946,0.015,3161.3089419460157,651161.307451046,45,3161.3089419460157
85479ef37b5dc75dd5aeca3bab499129b97a134dac5d740d2c68941de9d63031,49535532e285d1ef68b0a7b8c3bc3973b36ec38a4c594ec9f1412084c27036ff,651180.0179960728,0.0,3180.017996072769,651180.0165051727,45,3180.017996072769
85479ef37b5dc75dd5aeca3bab499129b97a134dac5d740d2c68941de9d63031,49535532e285d1ef68b0a7b8c3bc3973b36ec38a4c594ec9f1412084c27036ff,651240.0152308941,0.0,3240.0152308940887,651240.013739994,45,3240.0152308940887
85479ef37b5dc75dd5aeca3bab499129b97a134dac5d740d2c68941de9d63031,49535532e285d1ef68b0a7b8c3bc3973b36ec38a4c594ec9f1412084c27036ff,651300.0280880928,0.015,3300.01308809279,651300.0115971927,45,3300.01308809279
85479ef37b5dc75dd5aeca3bab499129b97a134dac5d740d2c68941de9d63031,49535532e285d1ef68b0a7b8c3bc3973b36ec38a4c594ec9f1412084c27036ff,651419.7245190144,0.0,3419.7245190143585,651419.7230281143,45,3419.7245190143585
85479ef37b5dc75dd5aeca3bab499129b97a134dac5d740d2c68941de9d63031,49535532e285d1ef68b0a7b8c3bc3973b36ec38a4c594ec9f1412084c27036ff,651420.0214219093,0.0,3420.0214219093323,651420.0199310093,45,3420.0214219093323
85479ef37b5dc75dd5aeca3bab499129b97a134dac5d740d2c68941de9d63031,49535532e285d1ef68b0a7b8c3bc3973b36ec38a4c594ec9f1412084c27036ff,651480.0190160275,0.0,3480.0190160274506,651480.0175251274,45,3480.0190160274506
85479ef37b5dc75dd5aeca3bab499129b97a134dac5d740d2c68941de9d63031,49535532e285d1ef68b0a7b8c3bc3973b36ec38a4c594ec9f1412084c27036ff,651540.0264720917,0.0,3540.026472091675,651540.0249811916,45,3540.026472091675
85479ef37b5dc75dd5aeca3bab499129b97a134dac5d740d2c68941de9d63031,cd9f7f333d59aede8088772edac3bff78c45e2dad8eb498b450b9af511452a36,648010.9231650829,10.91,0.013165082898922265,648000.0116741828,45,0.013165082898922265
85479ef37b5dc75dd5aeca3bab499129b97a134dac5d740d2c68941de9d63031,cd9f7f333d59aede8088772edac3bff78c45e2dad8eb498b450b9af511452a36,648368.4005749226,68.375,300.02557492256165,648300.0240840225,45,300.02557492256165
85479ef37b5dc75dd5aeca3bab499129b97a134dac5d740d2c68941de9d63031,cd9f7f333d59aede8088772edac3bff78c45e2dad8eb498b450b9af511452a36,648695.8814070225,95.72,600.1614070225041,648600.1599161224,45,600.1614070225041
85479ef37b5dc75dd5aeca3bab499129b97a134dac5d740d2c68941de9d63031,cd9f7f333d59aede8088772edac3bff78c45e2dad8eb498b450b9af511452a36,649058.9695780277,158.956,900.0135780277196,648900.0120871277,45,900.0135780277196
85479ef37b5dc75dd5aeca3bab499129b97a134dac5d740d2c68941de9d63031,cd9f7f333d59aede8088772edac3bff78c45e2dad8eb498b450b9af511452a36,649059.2508449554,42.981,1016.2698449554155,649016.2683540554,45,1016.2698449554155
85479ef37b5dc75dd5aeca3bab499129b97a134dac5d740d2c68941de9d63031,cd9f7f333d59aede8088772edac3bff78c45e2dad8eb498b450b9af511452a36,649289.8277580738,89.775,1200.0527580737835,649200.0512671737,45,1200.0527580737835
85479ef37b5dc75dd5aeca3bab499129b97a134dac5d740d2c68941de9d63031,cd9f7f333d59aede8088772edac3bff78c45e2dad8eb498b450b9af511452a36,649561.0843820572,61.027,1500.057382057188,649500.0558911571,45,1500.057382057188
85479ef37b5dc75dd5aeca3bab499129b97a134dac5d740d2c68941de9d63031,cd9f7f333d59aede8088772edac3bff78c45e2dad8eb498b450b9af511452a36,649857.9763150215,57.924,1800.0523150215158,649800.0508241215,45,1800.0523150215158
85479ef37b5dc75dd5aeca3bab499129b97a134dac5d740d2c68941de9d63031,cd9f7f333d59aede8088772edac3bff78c45e2dad8eb498b450b9af511452a36,650156.0222139359,56.012,2100.010213935864,650100.0087230358,45,2100.010213935864
85479ef37b5dc75dd5aeca3bab499129b97a134dac5d740d2c68941de9d63031,cd9f7f333d59aede8088772edac3bff78c45e2dad8eb498b450b9af511452a36,650542.8125789165,140.798,2402.014578916598,650402.0130880165,45,2402.014578916598
85479ef37b5dc75dd5aeca3bab499129b97a134dac5d740d2c68941de9d63031,cd9f7f333d59aede8088772edac3bff78c45e2dad8eb498b450b9af511452a36,650756.1402339935,56.128,2700.012233993504,650700.0107430934,45,2700.012233993504
85479ef37b5dc75dd5aeca3bab499129b97a134dac5d740d2c68941de9d63031,cd9f7f333d59aede8088772edac3bff78c45e2dad8eb498b450b9af511452a36,651118.9347438812,118.912,3000.0227438812144,651000.0212529812,45,3000.0227438812144
85479ef37b5dc75dd5aeca3bab499129b97a134dac5d740d2c68941de9d63031,cd9f7f333d59aede8088772edac3bff78c45e2dad8eb498b450b9af511452a36,651362.6180679798,62.605,3300.0130679798312,651300.0115770798,45,3300.0130679798312
85479ef37b5dc75dd5aeca3bab499129b97a134dac5d740d2c68941de9d63031,cd9f7f333d59aede8088772edac3bff78c45e2dad8eb498b450b9af511452a36,651662.0751760006,62.052,3600.02317600057,651600.0216851005,45,3600.02317600057
85479ef37b5dc75dd5aeca3bab499129b97a134dac5d740d2c68941de9d63031,cd9f7f333d59aede8088772edac3bff78c45e2dad8eb498b450b9af511452a36,652198.3891570568,298.339,3900.050157056772,651900.0486661567,45,3900.050157056772
85479ef37b5dc75dd5aeca3bab499129b97a134dac5d740d2c68941de9d63031,cd9f7f333d59aede8088772edac3bff78c45e2dad8eb498b450b9af511452a36,652122.8124160767,113.892,4008.9204160766676,652008.9189251766,45,4008.9204160766676
85479ef37b5dc75dd5aeca3bab499129b97a134dac5d740d2c68941de9d63031,cd9f7f333d59aede8088772edac3bff78c45e2dad8eb498b450b9af511452a36,652321.6389739513,57.911,4263.727973951376,652263.7264830513,45,4263.727973951376
85479ef37b5dc75dd5aeca3bab499129b97a134dac5d740d2c68941de9d63031,cd9f7f333d59aede8088772edac3bff78c45e2dad8eb498b450b9af511452a36,652555.9979579449,55.984,4500.013957944815,652500.0124670448,45,4500.013957944815
85479ef37b5dc75dd5aeca3bab499129b97a134dac5d740d2c68941de9d63031,cd9f7f333d59aede8088772edac3bff78c45e2dad8eb498b450b9af511452a36,652866.3667199612,66.342,4800.02471996122,652800.0232290612,45,4800.02471996122
85479ef37b5dc75dd5aeca3bab499129b97a134dac5d740d2c68941de9d63031,cd9f7f333d59aede8088772edac3bff78c45e2dad8eb498b450b9af511452a36,653159.1427390575,59.119,5100.023739057593,653100.0222481575,45,5100.023739057593
85479ef37b5dc75dd5aeca3bab499129b97a134dac5d740d2c68941de9d63031,cd9f7f333d59aede8088772edac3bff78c45e2dad8eb498b450b9af511452a36,653472.8431839943,72.806,5400.037183994311,653400.0356930943,45,5400.037183994311
85479ef37b5dc75dd5aeca3bab499129b97a134dac5d740d2c68941de9d63031,cd9f7f333d59aede8088772edac3bff78c45e2dad8eb498b450b9af511452a36,653788.0095191002,88.0,5700.009519100189,653700.0080282001,45,5700.009519100189
85479ef37b5dc75dd5aeca3bab499129b97a134dac5d740d2c68941de9d63031,cd9f7f333d59aede8088772edac3bff78c45e2dad8eb498b450b9af511452a36,654061.7207670212,61.695,6000.02576702123,654000.0242761212,45,6000.02576702123
85479ef37b5dc75dd5aeca3bab499129b97a134dac5d740d2c68941de9d63031,cd9f7f333d59aede8088772edac3bff78c45e2dad8eb498b450b9af511452a36,654368.0468699932,67.88,6300.166869993205,654300.1653790931,45,6300.166869993205
85479ef37b5dc75dd5aeca3bab499129b97a134dac5d740d2c68941de9d63031,cd9f7f333d59aede8088772edac3bff78c45e2dad8eb498b450b9af511452a36,654660.7950699329,60.785,6600.010069932905,654600.0085790328,45,6600.010069932905
85479ef37b5dc75dd5aeca3bab499129b97a134dac5d740d2c68941de9d63031,cd9f7f333d59aede8088772edac3bff78c45e2dad8eb498b450b9af511452a36,655099.6615390778,199.39,6900.271539077745,654900.2700481777,45,6900.271539077745
85479ef37b5dc75dd5aeca3bab499129b97a134dac5d740d2c68941de9d63031,cd9f7f333d59aede8088772edac3bff78c45e2dad8eb498b450b9af511452a36,655103.224198103,78.267,7024.9571981029585,655024.9557072029,45,7024.9571981029585
85479ef37b5dc75dd5aeca3bab499129b97a134dac5d740d2c68941de9d63031,cd9f7f333d59aede8088772edac3bff78c45e2dad8eb498b450b9af511452a36,655264.0457239151,63.831,7200.2147239150945,655200.213233015,45,7200.2147239150945
85479ef37b5dc75dd5aeca3bab499129b97a134dac5d740d2c68941de9d63031,cd9f7f333d59aede8088772edac3bff78c45e2dad8eb498b450b9af511452a36,655567.3288300037,67.312,7500.016830003704,655500.0153391036,45,7500.016830003704
85479ef37b5dc75dd5aeca3bab499129b97a134dac5d740d2c68941de9d63031,cd9f7f333d59aede8088772edac3bff78c45e2dad8eb498b450b9af511452a36,655925.1200740337,17.016,7908.104074033792,655908.1025831337,45,7908.104074033792
85479ef37b5dc75dd5aeca3bab499129b97a134dac5d740d2c68941de9d63031,cd9f7f333d59aede8088772edac3bff78c45e2dad8eb498b450b9af511452a36,656182.7616350651,82.489,8100.272635065136,656100.2711441651,45,8100.272635065136
85479ef37b5dc75dd5aeca3bab499129b97a134dac5d740d2c68941de9d63031,cd9f7f333d59aede8088772edac3bff78c45e2dad8eb498b450b9af511452a36,656457.2385060787,57.215,8400.023506078753,656400.0220151787,45,8400.023506078753
85479ef37b5dc75dd5aeca3bab499129b97a134dac5d740d2c68941de9d63031,cd9f7f333d59aede8088772edac3bff78c45e2dad8eb498b450b9af511452a36,656756.5618329048,56.533,8700.028832904762,656700.0273420047,45,8700.028832904762
85479ef37b5dc75dd5aeca3bab499129b97a134dac5d740d2c68941de9d63031,cd9f7f333d59aede8088772edac3bff78c45e2dad8eb498b450b9af511452a36,657125.5009040833,125.246,9000.25490408321,657000.2534131831,45,9000.25490408321
85479ef37b5dc75dd5aeca3bab499129b97a134dac5d740d2c68941de9d63031,cd9f7f333d59aede8088772edac3bff78c45e2dad8eb498b450b9af511452a36,657383.5095710754,83.285,9300.224571075407,657300.2230801753,45,9300.224571075407
85479ef37b5dc75dd5aeca3bab499129b97a134dac5d740d2c68941de9d63031,cd9f7f333d59aede8088772edac3bff78c45e2dad8eb498b450b9af511452a36,657727.8155579567,127.607,9600.208557956736,657600.2070670567,45,9600.208557956736
85479ef37b5dc75dd5aeca3bab499129b97a134dac5d740d2c68941de9d63031,cd9f7f333d59aede8088772edac3bff78c45e2dad8eb498b450b9af511452a36,658084.0266520977,184.013,9900.013652097667,657900.0121611976,45,9900.013652097667
85479ef37b5dc75dd5aeca3bab499129b97a134dac5d740d2c68941de9d63031,cd9f7f333d59aede8088772edac3bff78c45e2dad8eb498b450b9af511452a36,658294.1136391163,94.104,10200.009639116237,658200.0081482162,45,10200.009639116237
85479ef37b5dc75dd5aeca3bab499129b97a134dac5d740d2c68941de9d63031,cd9f7f333d59aede8088772edac3bff78c45e2dad8eb498b450b9af511452a36,658689.1879220009,189.167,10500.02092200087,658500.0194311008,45,10500.02092200087
85479ef37b5dc75dd5aeca3bab499129b97a134dac5d740d2c68941de9d63031,cd9f7f333d59aede8088772edac3bff78c45e2dad8eb498b450b9af511452a36,658855.5667281151,55.556,10800.0107281151,658800.009237215,45,10800.0107281151
85479ef37b5dc75dd5aeca3bab499129b97a134dac5d740d2c68941de9d63031,cd9f7f333d59aede8088772edac3bff78c45e2dad8eb498b450b9af511452a36,659266.3502631187,166.293,11100.057263118797,659100.0557722187,45,11100.057263118797
85479ef37b5dc75dd5aeca3bab499129b97a134dac5d740d2c68941de9d63031,cd9f7f333d59aede8088772edac3bff78c45e2dad8eb498b450b9af511452a36,659266.4127810001,47.101,11219.311781000113,659219.3102901,45,11219.311781000113
85479ef37b5dc75dd5aeca3bab499129b97a134dac5d740d2c68941de9d63031,cd9f7f333d59aede8088772edac3bff78c45e2dad8eb498b450b9af511452a36,659460.1112930775,59.829,11400.282293077442,659400.2808021774,45,11400.282293077442
85479ef37b5dc75dd5aeca3bab499129b97a134dac5d740d2c68941de9d63031,cd9f7f333d59aede8088772edac3bff78c45e2dad8eb498b450b9af511452a36,659865.485202074,165.299,11700.186202074052,659700.184711174,45,11700.186202074052
85479ef37b5dc75dd5aeca3bab499129b97a134dac5d740d2c68941de9d63031,cd9f7f333d59aede8088772edac3bff78c45e2dad8eb498b450b9af511452a36,659990.9505870342,68.422,11922.528587034205,659922.5270961341,45,11922.528587034205
85479ef37b5dc75dd5aeca3bab499129b97a134dac5d740d2c68941de9d63031,cd9f7f333d59aede8088772edac3bff78c45e2dad8eb498b450b9af511452a36,660118.473623991,58.461,12060.012623991002,660060.011133091,45,12060.012623991002
85479ef37b5dc75dd5aeca3bab499129b97a134dac5d740d2c68941de9d63031,cd9f7f333d59aede8088772edac3bff78c45e2dad8eb498b450b9af511452a36,660370.3234710693,70.312,12300.011471069301,660300.0099801692,45,12300.011471069301
85479ef37b5dc75dd5aeca3bab499129b97a134dac5d740d2c68941de9d63031,cd9f7f333d59aede8088772edac3bff78c45e2dad8eb498b450b9af511452a36,660660.9805290699,60.78,12600.200529069873,660600.1990381698,45,12600.200529069873
85479ef37b5dc75dd5aeca3bab499129b97a134dac5d740d2c68941de9d63031,cd9f7f333d59aede8088772edac3bff78c45e2dad8eb498b450b9af511452a36,661072.0966780186,172.08,12900.016678018612,660900.0151871186,45,12900.016678018612
85479ef37b5dc75dd5aeca3bab499129b97a134dac5d740d2c68941de9d63031,cd9f7f333d59aede8088772edac3bff78c45e2dad8eb498b450b9af511452a36,661257.3182709217,57.291,13200.027270921739,661200.0257800217,45,13200.027270921739
85479ef37b5dc75dd5aeca3bab499129b97a134dac5d740d2c68941de9d63031,cd9f7f333d59aede8088772edac3bff78c45e2dad8eb498b450b9af511452a36,661584.915585041,84.892,13500.023585041054,661500.022094141,45,13500.023585041054
85479ef37b5dc75dd5aeca3bab499129b97a134dac5d740d2c68941de9d63031,cd9f7f333d59aede8088772edac3bff78c45e2dad8eb498b450b9af511452a36,661858.9657440186,58.952,13800.013744018506,661800.0122531184,45,13800.013744018506
85479ef37b5dc75dd5aeca3bab499129b97a134dac5d740d2c68941de9d63031,cd9f7f333d59aede8088772edac3bff78c45e2dad8eb498b450b9af511452a36,662232.7922849655,132.737,14100.05528496555,662100.0537940655,45,14100.05528496555
1573b95c039e51cc012b543a4af3bc7c3ee9485acbb0033ba5648b74969e0556,48cc770d590d3c5a7691b3b4e9302f82ec3be5ddc2a037d94ad2e76f44dd8946,754550.2895920277,80.008,5670.281592027633,754470.2801011276,52,5670.281592027633
1573b95c039e51cc012b543a4af3bc7c3ee9485acbb0033ba5648b74969e0556,48cc770d590d3c5a7691b3b4e9302f82ec3be5ddc2a037d94ad2e76f44dd8946,754603.5955269337,53.285,5750.310526933637,754550.3090360336,52,5750.310526933637
1573b95c039e51cc012b543a4af3bc7c3ee9485acbb0033ba5648b74969e0556,48cc770d590d3c5a7691b3b4e9302f82ec3be5ddc2a037d94ad2e76f44dd8946,754657.9289779663,54.248,5803.680977966287,754603.6794870662,52,5803.680977966287
1573b95c039e51cc012b543a4af3bc7c3ee9485acbb0033ba5648b74969e0556,48cc770d590d3c5a7691b3b4e9302f82ec3be5ddc2a037d94ad2e76f44dd8946,754863.521996975,205.546,5857.975996974972,754657.9745060749,52,5857.975996974972
1573b95c039e51cc012b543a4af3bc7c3ee9485acbb0033ba5648b74969e0556,48cc770d590d3c5a7691b3b4e9302f82ec3be5ddc2a037d94ad2e76f44dd8946,754932.2745420933,68.719,6063.555542093236,754863.5540511932,52,6063.555542093236
1573b95c039e51cc012b543a4af3bc7c3ee9485acbb0033ba5648b74969e0556,48cc770d590d3c5a7691b3b4e9302f82ec3be5ddc2a037d94ad2e76f44dd8946,755007.8177731037,75.53,6132.287773103686,754932.2862822036,52,6132.287773103686
1573b95c039e51cc012b543a4af3bc7c3ee9485acbb0033ba5648b74969e0556,48cc770d590d3c5a7691b3b4e9302f82ec3be5ddc2a037d94ad2e76f44dd8946,755069.8413619995,61.985,6207.856361999526,755007.8548710995,52,6207.856361999526
1573b95c039e51cc012b543a4af3bc7c3ee9485acbb0033ba5648b74969e0556,48cc770d590d3c5a7691b3b4e9302f82ec3be5ddc2a037d94ad2e76f44dd8946,755139.6407930851,69.769,6269.871793085127,755069.8703021851,52,6269.871793085127
1573b95c039e51cc012b543a4af3bc7c3ee9485acbb0033ba5648b74969e0556,48cc770d590d3c5a7691b3b4e9302f82ec3be5ddc2a037d94ad2e76f44dd8946,755196.6539680958,56.988,6339.665968095767,755139.6644771957,52,6339.665968095767
1573b95c039e51cc012b543a4af3bc7c3ee9485acbb0033ba5648b74969e0556,48cc770d590d3c5a7691b3b4e9302f82ec3be5ddc2a037d94ad2e76f44dd8946,755249.6922960281,53.016,6396.676296028192,755196.6748051281,52,6396.676296028192
1573b95c039e51cc012b543a4af3bc7c3ee9485acbb0033ba5648b74969e0556,48cc770d590d3c5a7691b3b4e9302f82ec3be5ddc2a037d94ad2e76f44dd8946,755309.7758669853,60.057,6449.718866985291,755249.7173760852,52,6449.718866985291
1573b95c039e51cc012b543a4af3bc7c3ee9485acbb0033ba5648b74969e0556,48cc770d590d3c5a7691b3b4e9302f82ec3be5ddc2a037d94ad2e76f44dd8946,755410.3895859718,100.594,6509.795585971791,755309.7940950717,52,6509.795585971791
1573b95c039e51cc012b543a4af3bc7c3ee9485acbb0033ba5648b74969e0556,48cc770d590d3c5a7691b3b4e9302f82ec3be5ddc2a037d94ad2e76f44dd8946,755518.7055280209,108.281,6610.4245280209,755410.4230371208,52,6610.4245280209
1573b95c039e51cc012b543a4af3bc7c3ee9485acbb0033ba5648b74969e0556,48cc770d590d3c5a7691b3b4e9302f82ec3be5ddc2a037d94ad2e76f44dd8946,755581.5672841072,62.815,6718.752284107264,755518.7507932072,52,6718.752284107264
1573b95c039e51cc012b543a4af3bc7c3ee9485acbb0033ba5648b74969e0556,48cc770d590d3c5a7691b3b4e9302f82ec3be5ddc2a037d94ad2e76f44dd8946,755648.0819280148,66.485,6781.596928014769,755581.5954371147,52,6781.596928014769
1573b95c039e51cc012b543a4af3bc7c3ee9485acbb0033ba5648b74969e0556,48cc770d590d3c5a7691b3b4e9302f82ec3be5ddc2a037d94ad2e76f44dd8946,755727.9784801006,79.858,6848.120480100624,755648.1189892006,52,6848.120480100624
1573b95c039e51cc012b543a4af3bc7c3ee9485acbb0033ba5648b74969e0556,48cc770d590d3c5a7691b3b4e9302f82ec3be5ddc2a037d94ad2e76f44dd8946,755818.157720089,90.16,6927.997720088926,755727.9962291889,52,6927.997720088926
1573b95c039e51cc012b543a4af3bc7c3ee9485acbb0033ba5648b74969e0556,48cc770d590d3c5a7691b3b4e9302f82ec3be5ddc2a037d94ad2e76f44dd8946,755879.341408968,61.158,7018.183408967918,755818.1819180679,52,7018.183408967918
1573b95c039e51cc012b543a4af3bc7c3ee9485acbb0033ba5648b74969e0556,48cc770d590d3c5a7691b3b4e9302f82ec3be5ddc2a037d94ad2e76f44dd8946,755952.3715410233,73.015,7079.35654102324,755879.3550501232,52,7079.35654102324
1573b95c039e51cc012b543a4af3bc7c3ee9485acbb0033ba5648b74969e0556,48cc770d590d3c5a7691b3b4e9302f82ec3be5ddc2a037d94ad2e76f44dd8946,756022.5067780018,70.116,7152.390778001747,755952.3892871017,52,7152.390778001747
1573b95c039e51cc012b543a4af3bc7c3ee9485acbb0033ba5648b74969e0556,48cc770d590d3c5a7691b3b4e9302f82ec3be5ddc2a037d94ad2e76f44dd8946,756103.2116310596,80.672,7222.539631059626,756022.5381401596,52,7222.539631059626
1573b95c039e51cc012b543a4af3bc7c3ee9485acbb0033ba5648b74969e0556,48cc770d590d3c5a7691b3b4e9302f82ec3be5ddc2a037d94ad2e76f44dd8946,756171.0227720737,67.785,7303.237772073713,756103.2362811737,52,7303.237772073713
1573b95c039e51cc012b543a4af3bc7c3ee9485acbb0033ba5648b74969e0556,48cc770d590d3c5a7691b3b4e9302f82ec3be5ddc2a037d94ad2e76f44dd8946,756230.1276650429,59.087,7371.0406650428195,756171.0391741428,52,7371.0406650428195
1573b95c039e51cc012b543a4af3bc7c3ee9485acbb0033ba5648b74969e0556,48cc770d590d3c5a7691b3b4e9302f82ec3be5ddc2a037d94ad2e76f44dd8946,756314.5764210224,84.419,7430.157421022421,756230.1559301224,52,7430.157421022421
1573b95c039e51cc012b543a4af3bc7c3ee9485acbb0033ba5648b74969e0556,48cc770d590d3c5a7691b3b4e9302f82ec3be5ddc2a037d94ad2e76f44dd8946,756383.7086429596,69.112,7514.59664295963,756314.5951520596,52,7514.59664295963
1573b95c039e51cc012b543a4af3bc7c3ee9485acbb0033ba5648b74969e0556,48cc770d590d3c5a7691b3b4e9302f82ec3be5ddc2a037d94ad2e76f44dd8946,756522.6215159893,138.863,7583.7585159892915,756383.7570250892,52,7583.7585159892915
1573b95c039e51cc012b543a4af3bc7c3ee9485acbb0033ba5648b74969e0556,48cc770d590d3c5a7691b3b4e9302f82ec3be5ddc2a037d94ad2e76f44dd8946,756606.465364933,83.814,7722.651364933001,756522.6498740329,52,7722.651364933001
1573b95c039e51cc012b543a4af3bc7c3ee9485acbb0033ba5648b74969e0556,48cc770d590d3c5a7691b3b4e9302f82ec3be5ddc2a037d94ad2e76f44dd8946,756675.9096450806,69.413,7806.496645080624,756606.4951541806,52,7806.496645080624
1573b95c039e51cc012b543a4af3bc7c3ee9485acbb0033ba5648b74969e0556,48cc770d590d3c5a7691b3b4e9302f82ec3be5ddc2a037d94ad2e76f44dd8946,756761.0179970264,85.084,7875.933997026412,756675.9325061264,52,7875.933997026412
1573b95c039e51cc012b543a4af3bc7c3ee9485acbb0033ba5648b74969e0556,48cc770d590d3c5a7691b3b4e9302f82ec3be5ddc2a037d94ad2e76f44dd8946,756821.7031350136,60.633,7961.07013501355,756761.0686441135,52,7961.07013501355
1573b95c039e51cc012b543a4af3bc7c3ee9485acbb0033ba5648b74969e0556,48cc770d590d3c5a7691b3b4e9302f82ec3be5ddc2a037d94ad2e76f44dd8946,756886.1981229782,64.47,8021.728122978238,756821.7266320782,52,8021.728122978238
1573b95c039e51cc012b543a4af3bc7c3ee9485acbb0033ba5648b74969e0556,48cc770d590d3c5a7691b3b4e9302f82ec3be5ddc2a037d94ad2e76f44dd8946,757125.0691130161,238.844,8086.225113016088,756886.223622116,52,8086.225113016088
1573b95c039e51cc012b543a4af3bc7c3ee9485acbb0033ba5648b74969e0556,48cc770d590d3c5a7691b3b4e9302f82ec3be5ddc2a037d94ad2e76f44dd8946,757259.4324400425,134.324,8325.108440042473,757125.1069491424,52,8325.108440042473
1573b95c039e51cc012b543a4af3bc7c3ee9485acbb0033ba5648b74969e0556,48cc770d590d3c5a7691b3b4e9302f82ec3be5ddc2a037d94ad2e76f44dd8946,757312.6834139824,53.217,8459.466413982445,757259.4649230824,52,8459.466413982445
1573b95c039e51cc012b543a4af3bc7c3ee9485acbb0033ba5648b74969e0556,48cc770d590d3c5a7691b3b4e9302f82ec3be5ddc2a037d94ad2e76f44dd8946,757374.8119559288,62.108,8512.703955928795,757312.7024650287,52,8512.703955928795
1573b95c039e51cc012b543a4af3bc7c3ee9485acbb0033ba5648b74969e0556,48cc770d590d3c5a7691b3b4e9302f82ec3be5ddc2a037d94ad2e76f44dd8946,757431.7786250114,56.941,8574.837625011452,757374.8361341114,52,8574.837625011452
1573b95c039e51cc012b543a4af3bc7c3ee9485acbb0033ba5648b74969e0556,48cc770d590d3c5a7691b3b4e9302f82ec3be5ddc2a037d94ad2e76f44dd8946,757486.8879659176,55.08,8631.80796591763,757431.8064750176,52,8631.80796591763
1573b95c039e51cc012b543a4af3bc7c3ee9485acbb0033ba5648b74969e0556,48cc770d590d3c5a7691b3b4e9302f82ec3be5ddc2a037d94ad2e76f44dd8946,757562.8380870819,75.918,8686.920087081962,757486.9185961819,52,8686.920087081962
1573b95c039e51cc012b543a4af3bc7c3ee9485acbb0033ba5648b74969e0556,48cc770d590d3c5a7691b3b4e9302f82ec3be5ddc2a037d94ad2e76f44dd8946,757628.0900568962,65.224,8762.866056896164,757562.8645659961,52,8762.866056896164
1573b95c039e51cc012b543a4af3bc7c3ee9485acbb0033ba5648b74969e0556,48cc770d590d3c5a7691b3b4e9302f82ec3be5ddc2a037d94ad2e76f44dd8946,757687.2046010494,59.068,8828.136601049453,757628.1351101494,52,8828.136601049453
1573b95c039e51cc012b543a4af3bc7c3ee9485acbb0033ba5648b74969e0556,48cc770d590d3c5a7691b3b4e9302f82ec3be5ddc2a037d94ad2e76f44dd8946,757748.549448967,61.328,8887.221448967,757687.2199580669,52,8887.221448967
1573b95c039e51cc012b543a4af3bc7c3ee9485acbb0033ba5648b74969e0556,48cc770d590d3c5a7691b3b4e9302f82ec3be5ddc2a037d94ad2e76f44dd8946,757814.7744319439,66.181,8948.593431943911,757748.5919410439,52,8948.593431943911
1573b95c039e51cc012b543a4af3bc7c3ee9485acbb0033ba5648b74969e0556,48cc770d590d3c5a7691b3b4e9302f82ec3be5ddc2a037d94ad2e76f44dd8946,757887.9255139828,73.12,9014.805513982777,757814.8040230827,52,9014.805513982777
1573b95c039e51cc012b543a4af3bc7c3ee9485acbb0033ba5648b74969e0556,48cc770d590d3c5a7691b3b4e9302f82ec3be5ddc2a037d94ad2e76f44dd8946,757941.1655910015,53.212,9087.953591001453,757887.9521001014,52,9087.953591001453
1573b95c039e51cc012b543a4af3bc7c3ee9485acbb0033ba5648b74969e0556,48cc770d590d3c5a7691b3b4e9302f82ec3be5ddc2a037d94ad2e76f44dd8946,757997.6615920067,56.396,9141.265592006734,757941.2641011067,52,9141.265592006734
1573b95c039e51cc012b543a4af3bc7c3ee9485acbb0033ba5648b74969e0556,48cc770d590d3c5a7691b3b4e9302f82ec3be5ddc2a037d94ad2e76f44dd8946,758050.8377919197,53.153,9197.684791919659,757997.6833010196,52,9197.684791919659
1573b95c039e51cc012b543a4af3bc7c3ee9485acbb0033ba5648b74969e0556,48cc770d590d3c5a7691b3b4e9302f82ec3be5ddc2a037d94ad2e76f44dd8946,758107.6621489525,56.795,9250.867148952442,758050.8656580524,52,9250.867148952442
1573b95c039e51cc012b543a4af3bc7c3ee9485acbb0033ba5648b74969e0556,48cc770d590d3c5a7691b3b4e9302f82ec3be5ddc2a037d94ad2e76f44dd8946,758171.4867250919,63.777,9307.709725091932,758107.7082341919,52,9307.709725091932
1573b95c039e51cc012b543a4af3bc7c3ee9485acbb0033ba5648b74969e0556,48cc770d590d3c5a7691b3b4e9302f82ec3be5ddc2a037d94ad2e76f44dd8946,758234.3365530968,62.815,9371.521553096827,758171.5200621968,52,9371.521553096827
1573b95c039e51cc012b543a4af3bc7c3ee9485acbb0033ba5648b74969e0556,48cc770d590d3c5a7691b3b4e9302f82ec3be5ddc2a037d94ad2e76f44dd8946,758287.428704977,53.075,9434.353704977082,758234.352214077,52,9434.353704977082
1573b95c039e51cc012b543a4af3bc7c3ee9485acbb0033ba5648b74969e0556,48cc770d590d3c5a7691b3b4e9302f82ec3be5ddc2a037d94ad2e76f44dd8946,758342.0495619774,54.584,9487.465561977355,758287.4640710773,52,9487.465561977355
1573b95c039e51cc012b543a4af3bc7c3ee9485acbb0033ba5648b74969e0556,48cc770d590d3c5a7691b3b4e9302f82ec3be5ddc2a037d94ad2e76f44dd8946,758393.8887059689,51.823,9542.065705968882,758342.0642150688,52,9542.065705968882
1573b95c039e51cc012b543a4af3bc7c3ee9485acbb0033ba5648b74969e0556,48cc770d590d3c5a7691b3b4e9302f82ec3be5ddc2a037d94ad2e76f44dd8946,758461.2414989471,61.221,9600.020498947124,758400.0190080471,52,9600.020498947124
1573b95c039e51cc012b543a4af3bc7c3ee9485acbb0033ba5648b74969e0556,48cc770d590d3c5a7691b3b4e9302f82ec3be5ddc2a037d94ad2e76f44dd8946,758524.4853329659,63.227,9661.258332965896,758461.2568420658,52,9661.258332965896
1573b95c039e51cc012b543a4af3bc7c3ee9485acbb0033ba5648b74969e0556,48cc770d590d3c5a7691b3b4e9302f82ec3be5ddc2a037d94ad2e76f44dd8946,758576.5487480164,52.018,9724.530748016317,758524.5292571163,52,9724.530748016317
1573b95c039e51cc012b543a4af3bc7c3ee9485acbb0033ba5648b74969e0556,48cc770d590d3c5a7691b3b4e9302f82ec3be5ddc2a037d94ad2e76f44dd8946,758625.9296970367,45.923,9780.006697036792,758580.0052061367,52,9780.006697036792
1573b95c039e51cc012b543a4af3bc7c3ee9485acbb0033ba5648b74969e0556,48cc770d590d3c5a7691b3b4e9302f82ec3be5ddc2a037d94ad2e76f44dd8946,758683.2594230175,43.248,9840.01142301748,758640.0099321174,52,9840.01142301748
1573b95c039e51cc012b543a4af3bc7c3ee9485acbb0033ba5648b74969e0556,48cc770d590d3c5a7691b3b4e9302f82ec3be5ddc2a037d94ad2e76f44dd8946,758703.8214418888,3.826,9899.995441888808,758699.9939509887,52,9899.995441888808
1573b95c039e51cc012b543a4af3bc7c3ee9485acbb0033ba5648b74969e0556,48cc770d590d3c5a7691b3b4e9302f82ec3be5ddc2a037d94ad2e76f44dd8946,758764.491904974,4.489,9960.00290497404,758760.001414074,52,9960.00290497404
1573b95c039e51cc012b543a4af3bc7c3ee9485acbb0033ba5648b74969e0556,48cc770d590d3c5a7691b3b4e9302f82ec3be5ddc2a037d94ad2e76f44dd8946,758843.5640380383,23.555,10020.009038038203,758820.0075471381,52,10020.009038038203
1573b95c039e51cc012b543a4af3bc7c3ee9485acbb0033ba5648b74969e0556,48cc770d590d3c5a7691b3b4e9302f82ec3be5ddc2a037d94ad2e76f44dd8946,758902.8624150753,22.851,10080.011415075278,758880.0099241752,52,10080.011415075278
1573b95c039e51cc012b543a4af3bc7c3ee9485acbb0033ba5648b74969e0556,48cc770d590d3c5a7691b3b4e9302f82ec3be5ddc2a037d94ad2e76f44dd8946,758961.8225989342,21.799,10140.023598934175,758940.0221080341,52,10140.023598934175
1573b95c039e51cc012b543a4af3bc7c3ee9485acbb0033ba5648b74969e0556,48cc770d590d3c5a7691b3b4e9302f82ec3be5ddc2a037d94ad2e76f44dd8946,759022.81853199,22.801,10200.017531990074,759000.01604109,52,10200.017531990074
1573b95c039e51cc012b543a4af3bc7c3ee9485acbb0033ba5648b74969e0556,48cc770d590d3c5a7691b3b4e9302f82ec3be5ddc2a037d94ad2e76f44dd8946,759082.4908061028,22.487,10260.003806102788,759060.0023152027,52,10260.003806102788
1573b95c039e51cc012b543a4af3bc7c3ee9485acbb0033ba5648b74969e0556,48cc770d590d3c5a7691b3b4e9302f82ec3be5ddc2a037d94ad2e76f44dd8946,759150.0232100487,30.013,10320.01021004864,759120.0087191486,52,10320.01021004864
1573b95c039e51cc012b543a4af3bc7c3ee9485acbb0033ba5648b74969e0556,48cc770d590d3c5a7691b3b4e9302f82ec3be5ddc2a037d94ad2e76f44dd8946,759205.2996630669,25.284,10380.015663066879,759180.0141721668,52,10380.015663066879
1573b95c039e51cc012b543a4af3bc7c3ee9485acbb0033ba5648b74969e0556,48cc770d590d3c5a7691b3b4e9302f82ec3be5ddc2a037d94ad2e76f44dd8946,759289.3098731041,49.304,10440.005873104092,759240.004382204,52,10440.005873104092
1573b95c039e51cc012b543a4af3bc7c3ee9485acbb0033ba5648b74969e0556,48cc770d590d3c5a7691b3b4e9302f82ec3be5ddc2a037d94ad2e76f44dd8946,759386.187846899,86.186,10500.001846899046,759300.000355999,52,10500.001846899046
1573b95c039e51cc012b543a4af3bc7c3ee9485acbb0033ba5648b74969e0556,48cc770d590d3c5a7691b3b4e9302f82ec3be5ddc2a037d94ad2e76f44dd8946,759458.0828158855,71.858,10586.224815885536,759386.2233249855,52,10586.224815885536
1573b95c039e51cc012b543a4af3bc7c3ee9485acbb0033ba5648b74969e0556,48cc770d590d3c5a7691b3b4e9302f82ec3be5ddc2a037d94ad2e76f44dd8946,759513.5006608963,55.373,10658.12766089628,759458.1261699962,52,10658.12766089628
1573b95c039e51cc012b543a4af3bc7c3ee9485acbb0033ba5648b74969e0556,48cc770d590d3c5a7691b3b4e9302f82ec3be5ddc2a037d94ad2e76f44dd8946,759575.054363966,61.521,10713.533363966038,759513.531873066,52,10713.533363966038
1573b95c039e51cc012b543a4af3bc7c3ee9485acbb0033ba5648b74969e0556,48cc770d590d3c5a7691b3b4e9302f82ec3be5ddc2a037d94ad2e76f44dd8946,759633.7108929157,58.617,10775.093892915756,759575.0924020157,52,10775.093892915756
1573b95c039e51cc012b543a4af3bc7c3ee9485acbb0033ba5648b74969e0556,48cc770d590d3c5a7691b3b4e9302f82ec3be5ddc2a037d94ad2e76f44dd8946,759694.416960001,60.676,10833.740960001014,759633.739469101,52,10833.740960001014
1573b95c039e51cc012b543a4af3bc7c3ee9485acbb0033ba5648b74969e0556,48cc770d590d3c5a7691b3b4e9302f82ec3be5ddc2a037d94ad2e76f44dd8946,759756.1885919571,61.744,10894.444591957144,759694.4431010571,52,10894.444591957144
1573b95c039e51cc012b543a4af3bc7c3ee9485acbb0033ba5648b74969e0556,48cc770d590d3c5a7691b3b4e9302f82ec3be5ddc2a037d94ad2e76f44dd8946,759816.0484249592,59.846,10956.202424959163,759756.2009340591,52,10956.202424959163
1573b95c039e51cc012b543a4af3bc7c3ee9485acbb0033ba5648b74969e0556,48cc770d590d3c5a7691b3b4e9302f82ec3be5ddc2a037d94ad2e76f44dd8946,759904.137554884,88.06,11016.077554883901,759816.0760639838,52,11016.077554883901
1573b95c039e51cc012b543a4af3bc7c3ee9485acbb0033ba5648b74969e0556,48cc770d590d3c5a7691b3b4e9302f82ec3be5ddc2a037d94ad2e76f44dd8946,759986.6385109425,82.466,11104.172510942444,759904.1710200424,52,11104.172510942444
1573b95c039e51cc012b543a4af3bc7c3ee9485acbb0033ba5648b74969e0556,48cc770d590d3c5a7691b3b4e9302f82ec3be5ddc2a037d94ad2e76f44dd8946,760057.6045370102,70.923,11186.681537010241,759986.6800461102,52,11186.681537010241
1573b95c039e51cc012b543a4af3bc7c3ee9485acbb0033ba5648b74969e0556,48cc770d590d3c5a7691b3b4e9302f82ec3be5ddc2a037d94ad2e76f44dd8946,760154.2416470051,96.589,11257.652647005045,760057.651156105,52,11257.652647005045
1573b95c039e51cc012b543a4af3bc7c3ee9485acbb0033ba5648b74969e0556,48cc770d590d3c5a7691b3b4e9302f82ec3be5ddc2a037d94ad2e76f44dd8946,760243.9857230186,89.721,11354.264723018627,760154.2632321186,52,11354.264723018627
1573b95c039e51cc012b543a4af3bc7c3ee9485acbb0033ba5648b74969e0556,48cc770d590d3c5a7691b3b4e9302f82ec3be5ddc2a037d94ad2e76f44dd8946,760310.7174060345,66.714,11444.003406034433,760244.0019151344,52,11444.003406034433
1573b95c039e51cc012b543a4af3bc7c3ee9485acbb0033ba5648b74969e0556,48cc770d590d3c5a7691b3b4e9302f82ec3be5ddc2a037d94ad2e76f44dd8946,760362.776391983,52.023,11510.753391982988,760310.7519010829,52,11510.753391982988
1573b95c039e51cc012b543a4af3bc7c3ee9485acbb0033ba5648b74969e0556,48cc770d590d3c5a7691b3b4e9302f82ec3be5ddc2a037d94ad2e76f44dd8946,760425.0043799877,62.19,11562.814379987773,760362.8128890877,52,11562.814379987773
1573b95c039e51cc012b543a4af3bc7c3ee9485acbb0033ba5648b74969e0556,48cc770d590d3c5a7691b3b4e9302f82ec3be5ddc2a037d94ad2e76f44dd8946,760483.4425079823,58.401,11625.0415079823,760425.0400170822,52,11625.0415079823
1573b95c039e51cc012b543a4af3bc7c3ee9485acbb0033ba5648b74969e0556,48cc770d590d3c5a7691b3b4e9302f82ec3be5ddc2a037d94ad2e76f44dd8946,760563.1322538853,79.65,11683.482253885246,760483.4807629852,52,11683.482253885246
1573b95c039e51cc012b543a4af3bc7c3ee9485acbb0033ba5648b74969e0556,48cc770d590d3c5a7691b3b4e9302f82ec3be5ddc2a037d94ad2e76f44dd8946,760618.9666368961,55.78,11763.186636896105,760563.185145996,52,11763.186636896105
1573b95c039e51cc012b543a4af3bc7c3ee9485acbb0033ba5648b74969e0556,48cc770d590d3c5a7691b3b4e9302f82ec3be5ddc2a037d94ad2e76f44dd8946,760672.2315590382,52.226,11820.005559038138,760620.0040681381,52,11820.005559038138
1573b95c039e51cc012b543a4af3bc7c3ee9485acbb0033ba5648b74969e0556,48cc770d590d3c5a7691b3b4e9302f82ec3be5ddc2a037d94ad2e76f44dd8946,760728.609236002,48.602,11880.007236002013,760680.005745102,52,11880.007236002013
1573b95c039e51cc012b543a4af3bc7c3ee9485acbb0033ba5648b74969e0556,48cc770d590d3c5a7691b3b4e9302f82ec3be5ddc2a037d94ad2e76f44dd8946,760808.3701219559,68.359,11940.011121955817,760740.0096310558,52,11940.011121955817
1573b95c039e51cc012b543a4af3bc7c3ee9485acbb0033ba5648b74969e0556,48cc770d590d3c5a7691b3b4e9302f82ec3be5ddc2a037d94ad2e76f44dd8946,760874.9674599171,66.569,12008.39845991705,760808.396969017,52,12008.39845991705
1573b95c039e51cc012b543a4af3bc7c3ee9485acbb0033ba5648b74969e0556,48cc770d590d3c5a7691b3b4e9302f82ec3be5ddc2a037d94ad2e76f44dd8946,760997.7480750084,122.754,12074.994075008435,760874.9925841084,52,12074.994075008435
1573b95c039e51cc012b543a4af3bc7c3ee9485acbb0033ba5648b74969e0556,48cc770d590d3c5a7691b3b4e9302f82ec3be5ddc2a037d94ad2e76f44dd8946,761058.5694849491,60.794,12197.775484949118,760997.773994049,52,12197.775484949118
1573b95c039e51cc012b543a4af3bc7c3ee9485acbb0033ba5648b74969e0556,48cc770d590d3c5a7691b3b4e9302f82ec3be5ddc2a037d94ad2e76f44dd8946,761132.1311719418,73.549,12258.582171941758,761058.5806810417,52,12258.582171941758
1573b95c039e51cc012b543a4af3bc7c3ee9485acbb0033ba5648b74969e0556,48cc770d590d3c5a7691b3b4e9302f82ec3be5ddc2a037d94ad2e76f44dd8946,761187.8661839962,55.704,12332.162183996174,761132.1606930961,52,12332.162183996174
1573b95c039e51cc012b543a4af3bc7c3ee9485acbb0033ba5648b74969e0556,48cc770d590d3c5a7691b3b4e9302f82ec3be5ddc2a037d94ad2e76f44dd8946,761251.8711669445,63.965,12387.906166944536,761187.9046760445,52,12387.906166944536
1573b95c039e51cc012b543a4af3bc7c3ee9485acbb0033ba5648b74969e0556,48cc770d590d3c5a7691b3b4e9302f82ec3be5ddc2a037d94ad2e76f44dd8946,761317.5789840221,65.678,12451.900984022184,761251.8994931221,52,12451.900984022184
1573b95c039e51cc012b543a4af3bc7c3ee9485acbb0033ba5648b74969e0556,48cc770d590d3c5a7691b3b4e9302f82ec3be5ddc2a037d94ad2e76f44dd8946,761382.66802001,65.055,12517.613020009943,761317.6115291099,52,12517.613020009943
1573b95c039e51cc012b543a4af3bc7c3ee9485acbb0033ba5648b74969e0556,48cc770d590d3c5a7691b3b4e9302f82ec3be5ddc2a037d94ad2e76f44dd8946,761443.797025919,61.1,12582.697025918984,761382.6955350189,52,12582.697025918984
1573b95c039e51cc012b543a4af3bc7c3ee9485acbb0033ba5648b74969e0556,48cc770d590d3c5a7691b3b4e9302f82ec3be5ddc2a037d94ad2e76f44dd8946,761498.3833420277,54.564,12643.819342027651,761443.8178511276,52,12643.819342027651
1573b95c039e51cc012b543a4af3bc7c3ee9485acbb0033ba5648b74969e0556,48cc770d590d3c5a7691b3b4e9302f82ec3be5ddc2a037d94ad2e76f44dd8946,761552.0027561188,53.589,12698.413756118738,761498.4122652187,52,12698.413756118738
1573b95c039e51cc012b543a4af3bc7c3ee9485acbb0033ba5648b74969e0556,48cc770d590d3c5a7691b3b4e9302f82ec3be5ddc2a037d94ad2e76f44dd8946,761615.9149050713,63.876,12752.038905071211,761552.0374141712,52,12752.038905071211
1573b95c039e51cc012b543a4af3bc7c3ee9485acbb0033ba5648b74969e0556,48cc770d590d3c5a7691b3b4e9302f82ec3be5ddc2a037d94ad2e76f44dd8946,761685.6591439247,69.711,12815.948143924703,761615.9466530246,52,12815.948143924703
1573b95c039e51cc012b543a4af3bc7c3ee9485acbb0033ba5648b74969e0556,48cc770d590d3c5a7691b3b4e9302f82ec3be5ddc2a037d94ad2e76f44dd8946,761751.4888470173,65.798,12885.690847017337,761685.6893561173,52,12885.690847017337
1573b95c039e51cc012b543a4af3bc7c3ee9485acbb0033ba5648b74969e0556,48cc770d590d3c5a7691b3b4e9302f82ec3be5ddc2a037d94ad2e76f44dd8946,761804.9168310165,53.39,12951.526831016527,761751.5253401165,52,12951.526831016527
1573b95c039e51cc012b543a4af3bc7c3ee9485acbb0033ba5648b74969e0556,48cc770d590d3c5a7691b3b4e9302f82ec3be5ddc2a037d94ad2e76f44dd8946,761856.7660319805,51.801,13004.965031980537,761804.9635410805,52,13004.965031980537
1573b95c039e51cc012b543a4af3bc7c3ee9485acbb0033ba5648b74969e0556,48cc770d590d3c5a7691b3b4e9302f82ec3be5ddc2a037d94ad2e76f44dd8946,761907.9335319996,51.143,13056.790531999548,761856.7890410995,52,13056.790531999548
1573b95c039e51cc012b543a4af3bc7c3ee9485acbb0033ba5648b74969e0556,48cc770d590d3c5a7691b3b4e9302f82ec3be5ddc2a037d94ad2e76f44dd8946,761968.3871600628,60.418,13107.969160062843,761907.9676691628,52,13107.969160062843
1573b95c039e51cc012b543a4af3bc7c3ee9485acbb0033ba5648b74969e0556,48cc770d590d3c5a7691b3b4e9302f82ec3be5ddc2a037d94ad2e76f44dd8946,762041.981304884,73.556,13168.425304883975,761968.4238139839,52,13168.425304883975
1573b95c039e51cc012b543a4af3bc7c3ee9485acbb0033ba5648b74969e0556,48cc770d590d3c5a7691b3b4e9302f82ec3be5ddc2a037d94ad2e76f44dd8946,762102.44084692,60.429,13242.01184692001,762042.01035602,52,13242.01184692001
1573b95c039e51cc012b543a4af3bc7c3ee9485acbb0033ba5648b74969e0556,48cc770d590d3c5a7691b3b4e9302f82ec3be5ddc2a037d94ad2e76f44dd8946,762156.9875309467,54.516,13302.471530946787,762102.4700400467,52,13302.471530946787
1573b95c039e51cc012b543a4af3bc7c3ee9485acbb0033ba5648b74969e0556,48cc770d590d3c5a7691b3b4e9302f82ec3be5ddc2a037d94ad2e76f44dd8946,762210.2900381088,53.289,13357.001038108836,762156.9995472088,52,13357.001038108836
1573b95c039e51cc012b543a4af3bc7c3ee9485acbb0033ba5648b74969e0556,48cc770d590d3c5a7691b3b4e9302f82ec3be5ddc2a037d94ad2e76f44dd8946,762266.3045179844,55.983,13410.321517984383,762210.3200270843,52,13410.321517984383
1573b95c039e51cc012b543a4af3bc7c3ee9485acbb0033ba5648b74969e0556,48cc770d590d3c5a7691b3b4e9302f82ec3be5ddc2a037d94ad2e76f44dd8946,762341.6791288853,75.348,13466.331128885271,762266.3296379852,52,13466.331128885271
1573b95c039e51cc012b543a4af3bc7c3ee9485acbb0033ba5648b74969e0556,48cc770d590d3c5a7691b3b4e9302f82ec3be5ddc2a037d94ad2e76f44dd8946,762393.629858017,51.921,13541.708858016995,762341.7073671169,52,13541.708858016995
1573b95c039e51cc012b543a4af3bc7c3ee9485acbb0033ba5648b74969e0556,48cc770d590d3c5a7691b3b4e9302f82ec3be5ddc2a037d94ad2e76f44dd8946,762455.9756929874,62.319,13593.656692987424,762393.6552020874,52,13593.656692987424
1573b95c039e51cc012b543a4af3bc7c3ee9485acbb0033ba5648b74969e0556,48cc770d590d3c5a7691b3b4e9302f82ec3be5ddc2a037d94ad2e76f44dd8946,762513.9335660934,57.924,13656.009566093446,762456.0080751934,52,13656.009566093446
1573b95c039e51cc012b543a4af3bc7c3ee9485acbb0033ba5648b74969e0556,48cc770d590d3c5a7691b3b4e9302f82ec3be5ddc2a037d94ad2e76f44dd8946,762577.1618139744,63.191,13713.970813974389,762513.9693230743,52,13713.970813974389
1573b95c039e51cc012b543a4af3bc7c3ee9485acbb0033ba5648b74969e0556,48cc770d590d3c5a7691b3b4e9302f82ec3be5ddc2a037d94ad2e76f44dd8946,762636.1745479107,58.989,13777.185547910747,762577.1840570107,52,13777.185547910747
1573b95c039e51cc012b543a4af3bc7c3ee9485acbb0033ba5648b74969e0556,48cc770d590d3c5a7691b3b4e9302f82ec3be5ddc2a037d94ad2e76f44dd8946,762689.6885120869,53.477,13836.211512086913,762636.2100211869,52,13836.211512086913
1573b95c039e51cc012b543a4af3bc7c3ee9485acbb0033ba5648b74969e0556,48cc770d590d3c5a7691b3b4e9302f82ec3be5ddc2a037d94ad2e76f44dd8946,762749.1781289577,59.467,13889.711128957802,762689.7096380577,52,13889.711128957802
1573b95c039e51cc012b543a4af3bc7c3ee9485acbb0033ba5648b74969e0556,48cc770d590d3c5a7691b3b4e9302f82ec3be5ddc2a037d94ad2e76f44dd8946,762806.0377480984,56.837,13949.200748098316,762749.1992571983,52,13949.200748098316
1573b95c039e51cc012b543a4af3bc7c3ee9485acbb0033ba5648b74969e0556,48cc770d590d3c5a7691b3b4e9302f82ec3be5ddc2a037d94ad2e76f44dd8946,762854.7329149246,48.66,14006.072914924589,762806.0714240245,52,14006.072914924589
1573b95c039e51cc012b543a4af3bc7c3ee9485acbb0033ba5648b74969e0556,48cc770d590d3c5a7691b3b4e9302f82ec3be5ddc2a037d94ad2e76f44dd8946,762906.3199419975,51.548,14054.771941997577,762854.7704510975,52,14054.771941997577
1573b95c039e51cc012b543a4af3bc7c3ee9485acbb0033ba5648b74969e0556,48cc770d590d3c5a7691b3b4e9302f82ec3be5ddc2a037d94ad2e76f44dd8946,762969.3417830467,63.004,14106.337783046765,762906.3362921467,52,14106.337783046765
1573b95c039e51cc012b543a4af3bc7c3ee9485acbb0033ba5648b74969e0556,48cc770d590d3c5a7691b3b4e9302f82ec3be5ddc2a037d94ad2e76f44dd8946,763044.5255439281,75.153,14169.372543928097,762969.371053028,52,14169.372543928097
1573b95c039e51cc012b543a4af3bc7c3ee9485acbb0033ba5648b74969e0556,48cc770d590d3c5a7691b3b4e9302f82ec3be5ddc2a037d94ad2e76f44dd8946,763102.2883040905,57.737,14244.551304090535,763044.5498131905,52,14244.551304090535
1573b95c039e51cc012b543a4af3bc7c3ee9485acbb0033ba5648b74969e0556,48cc770d590d3c5a7691b3b4e9302f82ec3be5ddc2a037d94ad2e76f44dd8946,763157.715075016,55.394,14302.32107501605,763102.319584116,52,14302.32107501605
1573b95c039e51cc012b543a4af3bc7c3ee9485acbb0033ba5648b74969e0556,48cc770d590d3c5a7691b3b4e9302f82ec3be5ddc2a037d94ad2e76f44dd8946,763329.1865980625,171.446,14357.740598062519,763157.7391071625,52,14357.740598062519
1573b95c039e51cc012b543a4af3bc7c3ee9485acbb0033ba5648b74969e0556,4ebfe961fb725aa1b0e95c0f40be44625edbfbbb9b89aa593e23d81211eb3e87,754548.0171639919,77.735,5670.282163991942,754470.2806730919,52,5670.282163991942
1573b95c039e51cc012b543a4af3bc7c3ee9485acbb0033ba5648b74969e0556,4ebfe961fb725aa1b0e95c0f40be44625edbfbbb9b89aa593e23d81211eb3e87,754601.9838941097,53.81,5748.17389410967,754548.1724032096,52,5748.17389410967
1573b95c039e51cc012b543a4af3bc7c3ee9485acbb0033ba5648b74969e0556,4ebfe961fb725aa1b0e95c0f40be44625edbfbbb9b89aa593e23d81211eb3e87,754655.9466569424,53.93,5802.016656942316,754602.0151660423,52,5802.016656942316
1573b95c039e51cc012b543a4af3bc7c3ee9485acbb0033ba5648b74969e0556,4ebfe961fb725aa1b0e95c0f40be44625edbfbbb9b89aa593e23d81211eb3e87,754859.527244091,203.536,5855.99124409107,754655.989753191,52,5855.99124409107
1573b95c039e51cc012b543a4af3bc7c3ee9485acbb0033ba5648b74969e0556,4ebfe961fb725aa1b0e95c0f40be44625edbfbbb9b89aa593e23d81211eb3e87,754930.2655899525,70.617,6059.6485899525,754859.6470990524,52,6059.6485899525
1573b95c039e51cc012b543a4af3bc7c3ee9485acbb0033ba5648b74969e0556,4ebfe961fb725aa1b0e95c0f40be44625edbfbbb9b89aa593e23d81211eb3e87,755005.1368179321,74.824,6130.312817932107,754930.311327032,52,6130.312817932107
1573b95c039e51cc012b543a4af3bc7c3ee9485acbb0033ba5648b74969e0556,4ebfe961fb725aa1b0e95c0f40be44625edbfbbb9b89aa593e23d81211eb3e87,755068.5449569225,63.375,6205.169956922531,755005.1684660225,52,6205.169956922531
1573b95c039e51cc012b543a4af3bc7c3ee9485acbb0033ba5648b74969e0556,4ebfe961fb725aa1b0e95c0f40be44625edbfbbb9b89aa593e23d81211eb3e87,755138.3540639877,69.769,6268.585063987761,755068.5835730877,52,6268.585063987761
1573b95c039e51cc012b543a4af3bc7c3ee9485acbb0033ba5648b74969e0556,4ebfe961fb725aa1b0e95c0f40be44625edbfbbb9b89aa593e23d81211eb3e87,755195.2915620804,56.903,6338.388562080334,755138.3870711803,52,6338.388562080334
1573b95c039e51cc012b543a4af3bc7c3ee9485acbb0033ba5648b74969e0556,4ebfe961fb725aa1b0e95c0f40be44625edbfbbb9b89aa593e23d81211eb3e87,755248.5225670338,53.166,6395.356567033799,755195.3550761337,52,6395.356567033799
1573b95c039e51cc012b543a4af3bc7c3ee9485acbb0033ba5648b74969e0556,4ebfe961fb725aa1b0e95c0f40be44625edbfbbb9b89aa593e23d81211eb3e87,755306.8364078999,58.28,6448.556407899829,755248.5549169998,52,6448.556407899829
1573b95c039e51cc012b543a4af3bc7c3ee9485acbb0033ba5648b74969e0556,4ebfe961fb725aa1b0e95c0f40be44625edbfbbb9b89aa593e23d81211eb3e87,755404.8124608994,97.957,6506.8554608993,755306.8539699992,52,6506.8554608993
1573b95c039e51cc012b543a4af3bc7c3ee9485acbb0033ba5648b74969e0556,4ebfe961fb725aa1b0e95c0f40be44625edbfbbb9b89aa593e23d81211eb3e87,755517.3230500221,112.473,6604.850050022127,755404.8485591221,52,6604.850050022127
1573b95c039e51cc012b543a4af3bc7c3ee9485acbb0033ba5648b74969e0556,4ebfe961fb725aa1b0e95c0f40be44625edbfbbb9b89aa593e23d81211eb3e87,755579.42176795,62.082,6717.339767950005,755517.33827705,52,6717.339767950005
1573b95c039e51cc012b543a4af3bc7c3ee9485acbb0033ba5648b74969e0556,4ebfe961fb725aa1b0e95c0f40be44625edbfbbb9b89aa593e23d81211eb3e87,755644.3736319542,64.907,6779.466631954187,755579.4651410541,52,6779.466631954187
1573b95c039e51cc012b543a4af3bc7c3ee9485acbb0033ba5648b74969e0556,4ebfe961fb725aa1b0e95c0f40be44625edbfbbb9b89aa593e23d81211eb3e87,755726.0575799942,81.666,6844.391579994233,755644.3900890942,52,6844.391579994233
1573b95c039e51cc012b543a4af3bc7c3ee9485acbb0033ba5648b74969e0556,4ebfe961fb725aa1b0e95c0f40be44625edbfbbb9b89aa593e23d81211eb3e87,755811.6081089973,85.511,6926.097108997288,755726.0956180972,52,6926.097108997288
1573b95c039e51cc012b543a4af3bc7c3ee9485acbb0033ba5648b74969e0556,4ebfe961fb725aa1b0e95c0f40be44625edbfbbb9b89aa593e23d81211eb3e87,755877.2782330513,65.643,7011.63523305126,755811.6337421512,52,7011.63523305126
1573b95c039e51cc012b543a4af3bc7c3ee9485acbb0033ba5648b74969e0556,4ebfe961fb725aa1b0e95c0f40be44625edbfbbb9b89aa593e23d81211eb3e87,755946.5421299934,69.215,7077.327129993471,755877.3256390934,52,7077.327129993471
1573b95c039e51cc012b543a4af3bc7c3ee9485acbb0033ba5648b74969e0556,4ebfe961fb725aa1b0e95c0f40be44625edbfbbb9b89aa593e23d81211eb3e87,756006.3759560585,59.803,7146.572956058546,755946.5714651585,52,7146.572956058546
1573b95c039e51cc012b543a4af3bc7c3ee9485acbb0033ba5648b74969e0556,4ebfe961fb725aa1b0e95c0f40be44625edbfbbb9b89aa593e23d81211eb3e87,756100.6779179573,94.264,7206.413917957339,756006.4124270573,52,7206.413917957339
1573b95c039e51cc012b543a4af3bc7c3ee9485acbb0033ba5648b74969e0556,4ebfe961fb725aa1b0e95c0f40be44625edbfbbb9b89aa593e23d81211eb3e87,756167.8651208878,67.145,7300.720120887738,756100.7186299877,52,7300.720120887738
1573b95c039e51cc012b543a4af3bc7c3ee9485acbb0033ba5648b74969e0556,4ebfe961fb725aa1b0e95c0f40be44625edbfbbb9b89aa593e23d81211eb3e87,756228.2440299988,60.347,7367.897029998829,756167.8955390988,52,7367.897029998829
1573b95c039e51cc012b543a4af3bc7c3ee9485acbb0033ba5648b74969e0556,4ebfe961fb725aa1b0e95c0f40be44625edbfbbb9b89aa593e23d81211eb3e87,756305.5472319126,77.285,7428.26223191258,756228.2607410125,52,7428.26223191258
1573b95c039e51cc012b543a4af3bc7c3ee9485acbb0033ba5648b74969e0556,4ebfe961fb725aa1b0e95c0f40be44625edbfbbb9b89aa593e23d81211eb3e87,756382.3592660427,76.773,7505.586266042665,756305.5847751426,52,7505.586266042665
1573b95c039e51cc012b543a4af3bc7c3ee9485acbb0033ba5648b74969e0556,4ebfe961fb725aa1b0e95c0f40be44625edbfbbb9b89aa593e23d81211eb3e87,756520.3566300869,137.971,7582.385630086879,756382.3841391868,52,7582.385630086879
1573b95c039e51cc012b543a4af3bc7c3ee9485acbb0033ba5648b74969e0556,4ebfe961fb725aa1b0e95c0f40be44625edbfbbb9b89aa593e23d81211eb3e87,756604.6664690971,84.28,7720.3864690971095,756520.384978197,52,7720.3864690971095
1573b95c039e51cc012b543a4af3bc7c3ee9485acbb0033ba5648b74969e0556,4ebfe961fb725aa1b0e95c0f40be44625edbfbbb9b89aa593e23d81211eb3e87,756673.6838309765,68.99,7804.6938309764955,756604.6923400764,52,7804.6938309764955
1573b95c039e51cc012b543a4af3bc7c3ee9485acbb0033ba5648b74969e0556,4ebfe961fb725aa1b0e95c0f40be44625edbfbbb9b89aa593e23d81211eb3e87,756756.378262043,82.676,7873.702262043022,756673.700771143,52,7873.702262043022
1573b95c039e51cc012b543a4af3bc7c3ee9485acbb0033ba5648b74969e0556,4ebfe961fb725aa1b0e95c0f40be44625edbfbbb9b89aa593e23d81211eb3e87,756820.3589859009,63.957,7956.401985900826,756756.4004950008,52,7956.401985900826
1573b95c039e51cc012b543a4af3bc7c3ee9485acbb0033ba5648b74969e0556,4ebfe961fb725aa1b0e95c0f40be44625edbfbbb9b89aa593e23d81211eb3e87,756883.6777009964,63.284,8020.393700996414,756820.3922100964,52,8020.393700996414
1573b95c039e51cc012b543a4af3bc7c3ee9485acbb0033ba5648b74969e0556,4ebfe961fb725aa1b0e95c0f40be44625edbfbbb9b89aa593e23d81211eb3e87,757064.6686820984,180.965,8083.703682098421,756883.7021911984,52,8083.703682098421
1573b95c039e51cc012b543a4af3bc7c3ee9485acbb0033ba5648b74969e0556,4ebfe961fb725aa1b0e95c0f40be44625edbfbbb9b89aa593e23d81211eb3e87,757257.4459209442,192.745,8264.700920944219,757064.6994300442,52,8264.700920944219
1573b95c039e51cc012b543a4af3bc7c3ee9485acbb0033ba5648b74969e0556,4ebfe961fb725aa1b0e95c0f40be44625edbfbbb9b89aa593e23d81211eb3e87,757310.3518350124,52.606,8457.745835012407,757257.7443441123,52,8457.745835012407
1573b95c039e51cc012b543a4af3bc7c3ee9485acbb0033ba5648b74969e0556,4ebfe961fb725aa1b0e95c0f40be44625edbfbbb9b89aa593e23d81211eb3e87,757373.3310959339,62.961,8510.370095933904,757310.3686050338,52,8510.370095933904
1573b95c039e51cc012b543a4af3bc7c3ee9485acbb0033ba5648b74969e0556,4ebfe961fb725aa1b0e95c0f40be44625edbfbbb9b89aa593e23d81211eb3e87,757430.4590880871,57.106,8573.353088087053,757373.351597187,52,8573.353088087053
1573b95c039e51cc012b543a4af3bc7c3ee9485acbb0033ba5648b74969e0556,4ebfe961fb725aa1b0e95c0f40be44625edbfbbb9b89aa593e23d81211eb3e87,757485.5628409386,55.086,8630.476840938558,757430.4753500385,52,8630.476840938558
1573b95c039e51cc012b543a4af3bc7c3ee9485acbb0033ba5648b74969e0556,4ebfe961fb725aa1b0e95c0f40be44625edbfbbb9b89aa593e23d81211eb3e87,757561.4345910549,75.834,8685.600591054885,757485.5991001548,52,8685.600591054885
1573b95c039e51cc012b543a4af3bc7c3ee9485acbb0033ba5648b74969e0556,4ebfe961fb725aa1b0e95c0f40be44625edbfbbb9b89aa593e23d81211eb3e87,757626.7277669907,65.256,8761.47176699061,757561.4702760905,52,8761.47176699061
1573b95c039e51cc012b543a4af3bc7c3ee9485acbb0033ba5648b74969e0556,4ebfe961fb725aa1b0e95c0f40be44625edbfbbb9b89aa593e23d81211eb3e87,757685.4471700191,58.678,8826.769170019194,757626.7676791191,52,8826.769170019194
1573b95c039e51cc012b543a4af3bc7c3ee9485acbb0033ba5648b74969e0556,4ebfe961fb725aa1b0e95c0f40be44625edbfbbb9b89aa593e23d81211eb3e87,757746.213737011,60.741,8885.472737010918,757685.4712461109,52,8885.472737010918
1573b95c039e51cc012b543a4af3bc7c3ee9485acbb0033ba5648b74969e0556,4ebfe961fb725aa1b0e95c0f40be44625edbfbbb9b89aa593e23d81211eb3e87,757813.0771529675,66.828,8946.249152967473,757746.2476620674,52,8946.249152967473
1573b95c039e51cc012b543a4af3bc7c3ee9485acbb0033ba5648b74969e0556,4ebfe961fb725aa1b0e95c0f40be44625edbfbbb9b89aa593e23d81211eb3e87,757883.108588934,70.006,9013.102588933893,757813.1010980338,52,9013.102588933893
1573b95c039e51cc012b543a4af3bc7c3ee9485acbb0033ba5648b74969e0556,4ebfe961fb725aa1b0e95c0f40be44625edbfbbb9b89aa593e23d81211eb3e87,757938.4722518921,55.331,9083.141251892084,757883.139760992,52,9083.141251892084
1573b95c039e51cc012b543a4af3bc7c3ee9485acbb0033ba5648b74969e0556,4ebfe961fb725aa1b0e95c0f40be44625edbfbbb9b89aa593e23d81211eb3e87,757995.5357000828,57.038,9138.497700082837,757938.4962091828,52,9138.497700082837
1573b95c039e51cc012b543a4af3bc7c3ee9485acbb0033ba5648b74969e0556,4ebfe961fb725aa1b0e95c0f40be44625edbfbbb9b89aa593e23d81211eb3e87,758048.780422926,53.214,9195.566422925913,757995.5649320259,52,9195.566422925913
1573b95c039e51cc012b543a4af3bc7c3ee9485acbb0033ba5648b74969e0556,4ebfe961fb725aa1b0e95c0f40be44625edbfbbb9b89aa593e23d81211eb3e87,758105.405009985,56.586,9248.81900998496,758048.8175190849,52,9248.81900998496
1573b95c039e51cc012b543a4af3bc7c3ee9485acbb0033ba5648b74969e0556,4ebfe961fb725aa1b0e95c0f40be44625edbfbbb9b89aa593e23d81211eb3e87,758169.5455799103,64.105,9305.440579910297,758105.4390890102,52,9305.440579910297
1573b95c039e51cc012b543a4af3bc7c3ee9485acbb0033ba5648b74969e0556,4ebfe961fb725aa1b0e95c0f40be44625edbfbbb9b89aa593e23d81211eb3e87,758232.6309010983,63.048,9369.5829010983,758169.5814101982,52,9369.5829010983
1573b95c039e51cc012b543a4af3bc7c3ee9485acbb0033ba5648b74969e0556,4ebfe961fb725aa1b0e95c0f40be44625edbfbbb9b89aa593e23d81211eb3e87,758285.5628409386,52.915,9432.64784093853,758232.6463500385,52,9432.64784093853
1573b95c039e51cc012b543a4af3bc7c3ee9485acbb0033ba5648b74969e0556,4ebfe961fb725aa1b0e95c0f40be44625edbfbbb9b89aa593e23d81211eb3e87,758340.3625919819,54.764,9485.598591981921,758285.5971010819,52,9485.598591981921
1573b95c039e51cc012b543a4af3bc7c3ee9485acbb0033ba5648b74969e0556,4ebfe961fb725aa1b0e95c0f40be44625edbfbbb9b89aa593e23d81211eb3e87,758392.287101984,51.904,9540.383101984044,758340.381611084,52,9540.383101984044
1573b95c039e51cc012b543a4af3bc7c3ee9485acbb0033ba5648b74969e0556,4ebfe961fb725aa1b0e95c0f40be44625edbfbbb9b89aa593e23d81211eb3e87,758459.9158139229,59.896,9600.019813922932,758400.0183230229,52,9600.019813922932
1573b95c039e51cc012b543a4af3bc7c3ee9485acbb0033ba5648b74969e0556,4ebfe961fb725aa1b0e95c0f40be44625edbfbbb9b89aa593e23d81211eb3e87,758482.3294579983,22.332,9659.997457998223,758459.9959670982,52,9659.997457998223
1573b95c039e51cc012b543a4af3bc7c3ee9485acbb0033ba5648b74969e0556,4ebfe961fb725aa1b0e95c0f40be44625edbfbbb9b89aa593e23d81211eb3e87,758536.386040926,16.381,9720.005040925927,758520.0035500259,52,9720.005040925927
1573b95c039e51cc012b543a4af3bc7c3ee9485acbb0033ba5648b74969e0556,4ebfe961fb725aa1b0e95c0f40be44625edbfbbb9b89aa593e23d81211eb3e87,758635.9727580547,55.967,9780.005758054787,758580.0042671547,52,9780.005758054787
1573b95c039e51cc012b543a4af3bc7c3ee9485acbb0033ba5648b74969e0556,4ebfe961fb725aa1b0e95c0f40be44625edbfbbb9b89aa593e23d81211eb3e87,758697.7631599903,57.752,9840.011159990332,758640.0096690903,52,9840.011159990332
1573b95c039e51cc012b543a4af3bc7c3ee9485acbb0033ba5648b74969e0556,4ebfe961fb725aa1b0e95c0f40be44625edbfbbb9b89aa593e23d81211eb3e87,758719.9027199745,19.907,9899.995719974511,758699.9942290745,52,9899.995719974511
1573b95c039e51cc012b543a4af3bc7c3ee9485acbb0033ba5648b74969e0556,4ebfe961fb725aa1b0e95c0f40be44625edbfbbb9b89aa593e23d81211eb3e87,758780.6681098938,20.665,9960.003109893762,758760.0016189937,52,9960.003109893762
1573b95c039e51cc012b543a4af3bc7c3ee9485acbb0033ba5648b74969e0556,4ebfe961fb725aa1b0e95c0f40be44625edbfbbb9b89aa593e23d81211eb3e87,758856.0175540447,36.008,10020.009554044693,758820.0080631446,52,10020.009554044693
1573b95c039e51cc012b543a4af3bc7c3ee9485acbb0033ba5648b74969e0556,4ebfe961fb725aa1b0e95c0f40be44625edbfbbb9b89aa593e23d81211eb3e87,758914.6194989681,34.608,10080.011498968117,758880.010008068,52,10080.011498968117
1573b95c039e51cc012b543a4af3bc7c3ee9485acbb0033ba5648b74969e0556,4ebfe961fb725aa1b0e95c0f40be44625edbfbbb9b89aa593e23d81211eb3e87,758974.8907659054,34.863,10140.027765905368,758940.0262750053,52,10140.027765905368
1573b95c039e51cc012b543a4af3bc7c3ee9485acbb0033ba5648b74969e0556,4ebfe961fb725aa1b0e95c0f40be44625edbfbbb9b89aa593e23d81211eb3e87,759039.1555950642,39.137,10200.018595064175,759000.0171041641,52,10200.018595064175
1573b95c039e51cc012b543a4af3bc7c3ee9485acbb0033ba5648b74969e0556,4ebfe961fb725aa1b0e95c0f40be44625edbfbbb9b89aa593e23d81211eb3e87,759095.7761559486,35.772,10260.004155948642,759060.0026650486,52,10260.004155948642
1573b95c039e51cc012b543a4af3bc7c3ee9485acbb0033ba5648b74969e0556,4ebfe961fb725aa1b0e95c0f40be44625edbfbbb9b89aa593e23d81211eb3e87,759148.5529010296,28.558,10319.994901029626,759119.9934101296,52,10319.994901029626
1573b95c039e51cc012b543a4af3bc7c3ee9485acbb0033ba5648b74969e0556,4ebfe961fb725aa1b0e95c0f40be44625edbfbbb9b89aa593e23d81211eb3e87,759202.1775889397,22.163,10380.014588939724,759180.0130980397,52,10380.014588939724
1573b95c039e51cc012b543a4af3bc7c3ee9485acbb0033ba5648b74969e0556,4ebfe961fb725aa1b0e95c0f40be44625edbfbbb9b89aa593e23d81211eb3e87,759287.138710022,47.133,10440.005710021942,759240.0042191219,52,10440.005710021942
1573b95c039e51cc012b543a4af3bc7c3ee9485acbb0033ba5648b74969e0556,4ebfe961fb725aa1b0e95c0f40be44625edbfbbb9b89aa593e23d81211eb3e87,759384.8349590302,84.833,10500.001959030167,759300.0004681301,52,10500.001959030167
1573b95c039e51cc012b543a4af3bc7c3ee9485acbb0033ba5648b74969e0556,4ebfe961fb725aa1b0e95c0f40be44625edbfbbb9b89aa593e23d81211eb3e87,759456.3189160824,71.453,10584.865916082403,759384.8644251823,52,10584.865916082403
1573b95c039e51cc012b543a4af3bc7c3ee9485acbb0033ba5648b74969e0556,4ebfe961fb725aa1b0e95c0f40be44625edbfbbb9b89aa593e23d81211eb3e87,759512.2676680088,55.922,10656.345668008784,759456.3441771087,52,10656.345668008784
1573b95c039e51cc012b543a4af3bc7c3ee9485acbb0033ba5648b74969e0556,4ebfe961fb725aa1b0e95c0f40be44625edbfbbb9b89aa593e23d81211eb3e87,759573.416533947,61.124,10712.292533947038,759512.291043047,52,10712.292533947038
1573b95c039e51cc012b543a4af3bc7c3ee9485acbb0033ba5648b74969e0556,4ebfe961fb725aa1b0e95c0f40be44625edbfbbb9b89aa593e23d81211eb3e87,759632.0059769154,58.57,10773.43597691541,759573.4344860154,52,10773.43597691541
1573b95c039e51cc012b543a4af3bc7c3ee9485acbb0033ba5648b74969e0556,4ebfe961fb725aa1b0e95c0f40be44625edbfbbb9b89aa593e23d81211eb3e87,759692.5518360138,60.521,10832.030836013844,759632.0293451138,52,10832.030836013844
1573b95c039e51cc012b543a4af3bc7c3ee9485acbb0033ba5648b74969e0556,4ebfe961fb725aa1b0e95c0f40be44625edbfbbb9b89aa593e23d81211eb3e87,759752.076816082,59.476,10892.600816081977,759692.5993251819,52,10892.600816081977
1573b95c039e51cc012b543a4af3bc7c3ee9485acbb0033ba5648b74969e0556,4ebfe961fb725aa1b0e95c0f40be44625edbfbbb9b89aa593e23d81211eb3e87,759814.2981829643,62.201,10952.097182964324,759752.0956920643,52,10952.097182964324
1573b95c039e51cc012b543a4af3bc7c3ee9485acbb0033ba5648b74969e0556,4ebfe961fb725aa1b0e95c0f40be44625edbfbbb9b89aa593e23d81211eb3e87,759901.9080300331,87.588,11014.320030033123,759814.3185391331,52,11014.320030033123
1573b95c039e51cc012b543a4af3bc7c3ee9485acbb0033ba5648b74969e0556,4ebfe961fb725aa1b0e95c0f40be44625edbfbbb9b89aa593e23d81211eb3e87,759984.7930839062,82.838,11101.955083906185,759901.9535930061,52,11101.955083906185
1573b95c039e51cc012b543a4af3bc7c3ee9485acbb0033ba5648b74969e0556,4ebfe961fb725aa1b0e95c0f40be44625edbfbbb9b89aa593e23d81211eb3e87,760055.7617108822,70.936,11184.8257108822,759984.8242199821,52,11184.8257108822
1573b95c039e51cc012b543a4af3bc7c3ee9485acbb0033ba5648b74969e0556,4ebfe961fb725aa1b0e95c0f40be44625edbfbbb9b89aa593e23d81211eb3e87,760152.8854150772,97.101,11255.784415077185,760055.7829241771,52,11255.784415077185
1573b95c039e51cc012b543a4af3bc7c3ee9485acbb0033ba5648b74969e0556,4ebfe961fb725aa1b0e95c0f40be44625edbfbbb9b89aa593e23d81211eb3e87,760242.3818390369,89.479,11352.902839036891,760152.9013481368,52,11352.902839036891
1573b95c039e51cc012b543a4af3bc7c3ee9485acbb0033ba5648b74969e0556,4ebfe961fb725aa1b0e95c0f40be44625edbfbbb9b89aa593e23d81211eb3e87,760307.0461440086,64.652,11442.394144008635,760242.3926531086,52,11442.394144008635
1573b95c039e51cc012b543a4af3bc7c3ee9485acbb0033ba5648b74969e0556,4ebfe961fb725aa1b0e95c0f40be44625edbfbbb9b89aa593e23d81211eb3e87,760361.0345349312,53.946,11507.088534931187,760307.0870440311,52,11507.088534931187
1573b95c039e51cc012b543a4af3bc7c3ee9485acbb0033ba5648b74969e0556,4ebfe961fb725aa1b0e95c0f40be44625edbfbbb9b89aa593e23d81211eb3e87,760423.0638461113,61.997,11561.066846111324,760361.0653552113,52,11561.066846111324
1573b95c039e51cc012b543a4af3bc7c3ee9485acbb0033ba5648b74969e0556,4ebfe961fb725aa1b0e95c0f40be44625edbfbbb9b89aa593e23d81211eb3e87,760482.0538439751,58.946,11623.10784397507,760423.106353075,52,11623.10784397507
1573b95c039e51cc012b543a4af3bc7c3ee9485acbb0033ba5648b74969e0556,4ebfe961fb725aa1b0e95c0f40be44625edbfbbb9b89aa593e23d81211eb3e87,760561.3495690823,79.254,11682.095569082303,760482.0940781822,52,11682.095569082303
1573b95c039e51cc012b543a4af3bc7c3ee9485acbb0033ba5648b74969e0556,4ebfe961fb725aa1b0e95c0f40be44625edbfbbb9b89aa593e23d81211eb3e87,760617.401293993,56.021,11761.380293993047,760561.378803093,52,11761.380293993047
1573b95c039e51cc012b543a4af3bc7c3ee9485acbb0033ba5648b74969e0556,4ebfe961fb725aa1b0e95c0f40be44625edbfbbb9b89aa593e23d81211eb3e87,760670.0037651062,49.999,11820.004765106249,760620.0032742062,52,11820.004765106249
1573b95c039e51cc012b543a4af3bc7c3ee9485acbb0033ba5648b74969e0556,4ebfe961fb725aa1b0e95c0f40be44625edbfbbb9b89aa593e23d81211eb3e87,760727.3535480499,47.352,11880.001548049971,760680.0000571499,52,11880.001548049971
1573b95c039e51cc012b543a4af3bc7c3ee9485acbb0033ba5648b74969e0556,4ebfe961fb725aa1b0e95c0f40be44625edbfbbb9b89aa593e23d81211eb3e87,760805.1762139797,65.165,11940.011213979684,760740.0097230796,52,11940.011213979684
1573b95c039e51cc012b543a4af3bc7c3ee9485acbb0033ba5648b74969e0556,4ebfe961fb725aa1b0e95c0f40be44625edbfbbb9b89aa593e23d81211eb3e87,760873.1029160023,67.888,12005.214916002238,760805.2134251022,52,12005.214916002238
1573b95c039e51cc012b543a4af3bc7c3ee9485acbb0033ba5648b74969e0556,4ebfe961fb725aa1b0e95c0f40be44625edbfbbb9b89aa593e23d81211eb3e87,760995.8055679798,122.663,12073.14256797987,760873.1410770798,52,12073.14256797987
1573b95c039e51cc012b543a4af3bc7c3ee9485acbb0033ba5648b74969e0556,4ebfe961fb725aa1b0e95c0f40be44625edbfbbb9b89aa593e23d81211eb3e87,761056.6610500813,60.838,12195.823050081264,760995.8215591812,52,12195.823050081264
1573b95c039e51cc012b543a4af3bc7c3ee9485acbb0033ba5648b74969e0556,4ebfe961fb725aa1b0e95c0f40be44625edbfbbb9b89aa593e23d81211eb3e87,761130.3885788918,73.689,12256.699578891741,761056.6980879917,52,12256.699578891741
1573b95c039e51cc012b543a4af3bc7c3ee9485acbb0033ba5648b74969e0556,4ebfe961fb725aa1b0e95c0f40be44625edbfbbb9b89aa593e23d81211eb3e87,761186.0163280964,55.589,12330.427328096353,761130.4258371963,52,12330.427328096353
1573b95c039e51cc012b543a4af3bc7c3ee9485acbb0033ba5648b74969e0556,4ebfe961fb725aa1b0e95c0f40be44625edbfbbb9b89aa593e23d81211eb3e87,761240.6140160561,54.549,12386.065016056062,761186.063525156,52,12386.065016056062
1573b95c039e51cc012b543a4af3bc7c3ee9485acbb0033ba5648b74969e0556,4ebfe961fb725aa1b0e95c0f40be44625edbfbbb9b89aa593e23d81211eb3e87,761315.6137280464,74.948,12440.665728046442,761240.6642371464,52,12440.665728046442
1573b95c039e51cc012b543a4af3bc7c3ee9485acbb0033ba5648b74969e0556,4ebfe961fb725aa1b0e95c0f40be44625edbfbbb9b89aa593e23d81211eb3e87,761381.2001540661,65.554,12515.646154066082,761315.644663166,52,12515.646154066082
1573b95c039e51cc012b543a4af3bc7c3ee9485acbb0033ba5648b74969e0556,4ebfe961fb725aa1b0e95c0f40be44625edbfbbb9b89aa593e23d81211eb3e87,761442.4691560268,61.233,12581.236156026833,761381.2346651268,52,12581.236156026833
1573b95c039e51cc012b543a4af3bc7c3ee9485acbb0033ba5648b74969e0556,4ebfe961fb725aa1b0e95c0f40be44625edbfbbb9b89aa593e23d81211eb3e87,761496.2554969788,53.771,12642.48449697881,761442.4830060787,52,12642.48449697881
1573b95c039e51cc012b543a4af3bc7c3ee9485acbb0033ba5648b74969e0556,4ebfe961fb725aa1b0e95c0f40be44625edbfbbb9b89aa593e23d81211eb3e87,761550.0921440125,53.809,12696.283144012443,761496.2816531124,52,12696.283144012443
1573b95c039e51cc012b543a4af3bc7c3ee9485acbb0033ba5648b74969e0556,4ebfe961fb725aa1b0e95c0f40be44625edbfbbb9b89aa593e23d81211eb3e87,761614.1849279404,64.071,12750.113927940372,761550.1124370403,52,12750.113927940372
1573b95c039e51cc012b543a4af3bc7c3ee9485acbb0033ba5648b74969e0556,4ebfe961fb725aa1b0e95c0f40be44625edbfbbb9b89aa593e23d81211eb3e87,761684.1382548809,69.922,12814.216254880885,761614.2147639808,52,12814.216254880885
1573b95c039e51cc012b543a4af3bc7c3ee9485acbb0033ba5648b74969e0556,4ebfe961fb725aa1b0e95c0f40be44625edbfbbb9b89aa593e23d81211eb3e87,761749.7093760967,65.541,12884.168376096757,761684.1668851967,52,12884.168376096757
1573b95c039e51cc012b543a4af3bc7c3ee9485acbb0033ba5648b74969e0556,4ebfe961fb725aa1b0e95c0f40be44625edbfbbb9b89aa593e23d81211eb3e87,761803.6820828915,53.947,12949.73508289142,761749.7335919914,52,12949.73508289142
1573b95c039e51cc012b543a4af3bc7c3ee9485acbb0033ba5648b74969e0556,4ebfe961fb725aa1b0e95c0f40be44625edbfbbb9b89aa593e23d81211eb3e87,761854.6642780304,50.936,13003.728278030409,761803.7267871303,52,13003.728278030409
1573b95c039e51cc012b543a4af3bc7c3ee9485acbb0033ba5648b74969e0556,4ebfe961fb725aa1b0e95c0f40be44625edbfbbb9b89aa593e23d81211eb3e87,761906.503715992,51.741,13054.762715991936,761854.7612250919,52,13054.762715991936
1573b95c039e51cc012b543a4af3bc7c3ee9485acbb0033ba5648b74969e0556,4ebfe961fb725aa1b0e95c0f40be44625edbfbbb9b89aa593e23d81211eb3e87,761966.388792038,59.851,13106.53779203794,761906.5363011379,52,13106.53779203794
1573b95c039e51cc012b543a4af3bc7c3ee9485acbb0033ba5648b74969e0556,4ebfe961fb725aa1b0e95c0f40be44625edbfbbb9b89aa593e23d81211eb3e87,762038.9067249298,72.492,13166.41472492984,761966.4132340298,52,13166.41472492984
1573b95c039e51cc012b543a4af3bc7c3ee9485acbb0033ba5648b74969e0556,4ebfe961fb725aa1b0e95c0f40be44625edbfbbb9b89aa593e23d81211eb3e87,762100.2971379757,61.362,13238.935137975728,762038.9336470757,52,13238.935137975728
1573b95c039e51cc012b543a4af3bc7c3ee9485acbb0033ba5648b74969e0556,4ebfe961fb725aa1b0e95c0f40be44625edbfbbb9b89aa593e23d81211eb3e87,762154.9953210354,54.662,13300.333321035374,762100.3318301353,52,13300.333321035374
1573b95c039e51cc012b543a4af3bc7c3ee9485acbb0033ba5648b74969e0556,4ebfe961fb725aa1b0e95c0f40be44625edbfbbb9b89aa593e23d81211eb3e87,762208.4307980537,53.401,13355.029798053787,762155.0283071537,52,13355.029798053787
1573b95c039e51cc012b543a4af3bc7c3ee9485acbb0033ba5648b74969e0556,4ebfe961fb725aa1b0e95c0f40be44625edbfbbb9b89aa593e23d81211eb3e87,762264.3762071133,55.897,13408.479207113269,762208.4777162132,52,13408.479207113269
1573b95c039e51cc012b543a4af3bc7c3ee9485acbb0033ba5648b74969e0556,4ebfe961fb725aa1b0e95c0f40be44625edbfbbb9b89aa593e23d81211eb3e87,762339.2204999924,74.81,13464.410499992315,762264.4090090923,52,13464.410499992315
1573b95c039e51cc012b543a4af3bc7c3ee9485acbb0033ba5648b74969e0556,4ebfe961fb725aa1b0e95c0f40be44625edbfbbb9b89aa593e23d81211eb3e87,762392.3993780613,53.133,13539.266378061264,762339.2648871612,52,13539.266378061264
1573b95c039e51cc012b543a4af3bc7c3ee9485acbb0033ba5648b74969e0556,4ebfe961fb725aa1b0e95c0f40be44625edbfbbb9b89aa593e23d81211eb3e87,762454.1075398922,61.669,13592.438539892202,762392.4370489921,52,13592.438539892202
1573b95c039e51cc012b543a4af3bc7c3ee9485acbb0033ba5648b74969e0556,4ebfe961fb725aa1b0e95c0f40be44625edbfbbb9b89aa593e23d81211eb3e87,762512.2563509941,58.114,13654.142350994167,762454.1408600941,52,13654.142350994167
1573b95c039e51cc012b543a4af3bc7c3ee9485acbb0033ba5648b74969e0556,4ebfe961fb725aa1b0e95c0f40be44625edbfbbb9b89aa593e23d81211eb3e87,762575.6476619244,63.366,13712.281661924324,762512.2801710243,52,13712.281661924324
1573b95c039e51cc012b543a4af3bc7c3ee9485acbb0033ba5648b74969e0556,4ebfe961fb725aa1b0e95c0f40be44625edbfbbb9b89aa593e23d81211eb3e87,762634.0674099922,58.386,13775.681409992161,762575.6799190921,52,13775.681409992161
1573b95c039e51cc012b543a4af3bc7c3ee9485acbb0033ba5648b74969e0556,4ebfe961fb725aa1b0e95c0f40be44625edbfbbb9b89aa593e23d81211eb3e87,762688.3823730946,54.288,13834.094373094616,762634.0928821946,52,13834.094373094616
1573b95c039e51cc012b543a4af3bc7c3ee9485acbb0033ba5648b74969e0556,4ebfe961fb725aa1b0e95c0f40be44625edbfbbb9b89aa593e23d81211eb3e87,762747.9342110157,59.522,13888.412211015704,762688.4107201156,52,13888.412211015704
1573b95c039e51cc012b543a4af3bc7c3ee9485acbb0033ba5648b74969e0556,4ebfe961fb725aa1b0e95c0f40be44625edbfbbb9b89aa593e23d81211eb3e87,762804.2500360012,56.295,13947.955036001164,762747.9535451011,52,13947.955036001164
1573b95c039e51cc012b543a4af3bc7c3ee9485acbb0033ba5648b74969e0556,4ebfe961fb725aa1b0e95c0f40be44625edbfbbb9b89aa593e23d81211eb3e87,762852.7735710144,48.49,14004.283571014414,762804.2820801144,52,14004.283571014414
1573b95c039e51cc012b543a4af3bc7c3ee9485acbb0033ba5648b74969e0556,4ebfe961fb725aa1b0e95c0f40be44625edbfbbb9b89aa593e23d81211eb3e87,762903.2743370533,50.465,14052.809337053332,762852.8078461533,52,14052.809337053332
1573b95c039e51cc012b543a4af3bc7c3ee9485acbb0033ba5648b74969e0556,4ebfe961fb725aa1b0e95c0f40be44625edbfbbb9b89aa593e23d81211eb3e87,762967.8642370701,64.564,14103.30023707007,762903.29874617,52,14103.30023707007
1573b95c039e51cc012b543a4af3bc7c3ee9485acbb0033ba5648b74969e0556,4ebfe961fb725aa1b0e95c0f40be44625edbfbbb9b89aa593e23d81211eb3e87,763042.9717810154,75.071,14167.9007810154,762967.8992901153,52,14167.9007810154
1573b95c039e51cc012b543a4af3bc7c3ee9485acbb0033ba5648b74969e0556,4ebfe961fb725aa1b0e95c0f40be44625edbfbbb9b89aa593e23d81211eb3e87,763100.6696560383,57.672,14242.997656038264,763042.9961651382,52,14242.997656038264
1573b95c039e51cc012b543a4af3bc7c3ee9485acbb0033ba5648b74969e0556,4ebfe961fb725aa1b0e95c0f40be44625edbfbbb9b89aa593e23d81211eb3e87,763154.1689050198,53.469,14300.69990501972,763100.6984141197,52,14300.69990501972
1573b95c039e51cc012b543a4af3bc7c3ee9485acbb0033ba5648b74969e0556,4ebfe961fb725aa1b0e95c0f40be44625edbfbbb9b89aa593e23d81211eb3e87,763327.4688780308,173.138,14354.330878030742,763154.3293871307,52,14354.330878030742
