app,func,end_timestamp,duration,arrival_time,trace_id,arrival_time_norm,func_id,arrival_time_hr
96149d3ed4f00afb92f12856101e693e93c4683f030ae6ca6ebfbb7ba5a2a345,1cf618f9ee318fecbc31aa059ded8328581b9a9b092f1069b9f7679b6f89e52e,288669.2918589115,0.038,669.2538589115138,20,669.2538589115138,resnet50,0.18590384969764273
96149d3ed4f00afb92f12856101e693e93c4683f030ae6ca6ebfbb7ba5a2a345,1cf618f9ee318fecbc31aa059ded8328581b9a9b092f1069b9f7679b6f89e52e,288671.2193319797,0.046,671.1733319797204,20,671.1733319797204,resnet50,0.18643703666103345
96149d3ed4f00afb92f12856101e693e93c4683f030ae6ca6ebfbb7ba5a2a345,1cf618f9ee318fecbc31aa059ded8328581b9a9b092f1069b9f7679b6f89e52e,288672.5303759575,0.037,672.4933759574778,20,672.4933759574778,resnet50,0.18680371554374384
96149d3ed4f00afb92f12856101e693e93c4683f030ae6ca6ebfbb7ba5a2a345,1cf618f9ee318fecbc31aa059ded8328581b9a9b092f1069b9f7679b6f89e52e,288674.5983641148,0.04,674.5583641148405,20,674.5583641148405,resnet50,0.18737732336523347
96149d3ed4f00afb92f12856101e693e93c4683f030ae6ca6ebfbb7ba5a2a345,1cf618f9ee318fecbc31aa059ded8328581b9a9b092f1069b9f7679b6f89e52e,288676.4557321072,0.039,676.4167321072309,20,676.4167321072309,resnet50,0.18789353669645303
96149d3ed4f00afb92f12856101e693e93c4683f030ae6ca6ebfbb7ba5a2a345,1cf618f9ee318fecbc31aa059ded8328581b9a9b092f1069b9f7679b6f89e52e,288678.00601911545,0.044,677.9620191154536,20,677.9620191154536,resnet50,0.18832278308762598
96149d3ed4f00afb92f12856101e693e93c4683f030ae6ca6ebfbb7ba5a2a345,1cf618f9ee318fecbc31aa059ded8328581b9a9b092f1069b9f7679b6f89e52e,288679.5942521095,0.041,679.553252109501,20,679.553252109501,resnet50,0.18876479225263917
96149d3ed4f00afb92f12856101e693e93c4683f030ae6ca6ebfbb7ba5a2a345,1cf618f9ee318fecbc31aa059ded8328581b9a9b092f1069b9f7679b6f89e52e,288681.04321599007,0.041,681.00221599004,20,681.00221599004,resnet50,0.18916728221945556
96149d3ed4f00afb92f12856101e693e93c4683f030ae6ca6ebfbb7ba5a2a345,1cf618f9ee318fecbc31aa059ded8328581b9a9b092f1069b9f7679b6f89e52e,288691.3642179966,0.042,691.3222179965815,20,691.3222179965815,resnet50,0.19203394944349486
96149d3ed4f00afb92f12856101e693e93c4683f030ae6ca6ebfbb7ba5a2a345,1cf618f9ee318fecbc31aa059ded8328581b9a9b092f1069b9f7679b6f89e52e,288691.5982749462,0.038,691.5602749462123,20,691.5602749462123,resnet50,0.19210007637394785
96149d3ed4f00afb92f12856101e693e93c4683f030ae6ca6ebfbb7ba5a2a345,1cf618f9ee318fecbc31aa059ded8328581b9a9b092f1069b9f7679b6f89e52e,288699.67465901375,0.052,699.622659013723,20,699.622659013723,resnet50,0.19433962750381195
96149d3ed4f00afb92f12856101e693e93c4683f030ae6ca6ebfbb7ba5a2a345,1cf618f9ee318fecbc31aa059ded8328581b9a9b092f1069b9f7679b6f89e52e,288701.30337691307,0.039,701.2643769130809,20,701.2643769130809,resnet50,0.1947956602536336
96149d3ed4f00afb92f12856101e693e93c4683f030ae6ca6ebfbb7ba5a2a345,1cf618f9ee318fecbc31aa059ded8328581b9a9b092f1069b9f7679b6f89e52e,288703.0009329319,0.038,702.9629329318996,20,702.9629329318996,resnet50,0.1952674813699721
96149d3ed4f00afb92f12856101e693e93c4683f030ae6ca6ebfbb7ba5a2a345,1cf618f9ee318fecbc31aa059ded8328581b9a9b092f1069b9f7679b6f89e52e,288708.15352988243,0.038,708.1155298824306,20,708.1155298824306,resnet50,0.19669875830067515
96149d3ed4f00afb92f12856101e693e93c4683f030ae6ca6ebfbb7ba5a2a345,1cf618f9ee318fecbc31aa059ded8328581b9a9b092f1069b9f7679b6f89e52e,288709.4226989746,0.039,709.3836989746196,20,709.3836989746196,resnet50,0.1970510274929499
96149d3ed4f00afb92f12856101e693e93c4683f030ae6ca6ebfbb7ba5a2a345,1cf618f9ee318fecbc31aa059ded8328581b9a9b092f1069b9f7679b6f89e52e,288711.212223053,0.041,711.171223052952,20,711.171223052952,resnet50,0.19754756195915332
96149d3ed4f00afb92f12856101e693e93c4683f030ae6ca6ebfbb7ba5a2a345,1cf618f9ee318fecbc31aa059ded8328581b9a9b092f1069b9f7679b6f89e52e,288713.5171070099,0.038,713.4791070098872,20,713.4791070098872,resnet50,0.1981886408360798
96149d3ed4f00afb92f12856101e693e93c4683f030ae6ca6ebfbb7ba5a2a345,1cf618f9ee318fecbc31aa059ded8328581b9a9b092f1069b9f7679b6f89e52e,288714.9136490822,0.041,714.8726490821573,20,714.8726490821573,resnet50,0.19857573585615482
96149d3ed4f00afb92f12856101e693e93c4683f030ae6ca6ebfbb7ba5a2a345,1cf618f9ee318fecbc31aa059ded8328581b9a9b092f1069b9f7679b6f89e52e,288716.66307997704,0.039,716.6240799770458,20,716.6240799770458,resnet50,0.19906224443806828
96149d3ed4f00afb92f12856101e693e93c4683f030ae6ca6ebfbb7ba5a2a345,1cf618f9ee318fecbc31aa059ded8328581b9a9b092f1069b9f7679b6f89e52e,288720.08346009254,0.04,720.0434600925655,20,720.0434600925655,resnet50,0.20001207224793485
96149d3ed4f00afb92f12856101e693e93c4683f030ae6ca6ebfbb7ba5a2a345,1cf618f9ee318fecbc31aa059ded8328581b9a9b092f1069b9f7679b6f89e52e,288721.64447903633,0.039,721.6054790363414,20,721.6054790363414,resnet50,0.20044596639898374
96149d3ed4f00afb92f12856101e693e93c4683f030ae6ca6ebfbb7ba5a2a345,1cf618f9ee318fecbc31aa059ded8328581b9a9b092f1069b9f7679b6f89e52e,288723.7182869911,0.039,723.6792869911296,20,723.6792869911296,resnet50,0.20102202416420267
96149d3ed4f00afb92f12856101e693e93c4683f030ae6ca6ebfbb7ba5a2a345,1cf618f9ee318fecbc31aa059ded8328581b9a9b092f1069b9f7679b6f89e52e,288725.7547750473,0.039,725.7157750473125,20,725.7157750473125,resnet50,0.20158771529092015
96149d3ed4f00afb92f12856101e693e93c4683f030ae6ca6ebfbb7ba5a2a345,1cf618f9ee318fecbc31aa059ded8328581b9a9b092f1069b9f7679b6f89e52e,288727.3717780113,0.038,727.3337780113216,20,727.3337780113216,resnet50,0.20203716055870044
96149d3ed4f00afb92f12856101e693e93c4683f030ae6ca6ebfbb7ba5a2a345,1cf618f9ee318fecbc31aa059ded8328581b9a9b092f1069b9f7679b6f89e52e,288728.63166594505,0.041,728.5906659450266,20,728.5906659450266,resnet50,0.20238629609584072
96149d3ed4f00afb92f12856101e693e93c4683f030ae6ca6ebfbb7ba5a2a345,1cf618f9ee318fecbc31aa059ded8328581b9a9b092f1069b9f7679b6f89e52e,288730.11571097374,0.04,730.0757109737606,20,730.0757109737606,resnet50,0.20279880860382238
96149d3ed4f00afb92f12856101e693e93c4683f030ae6ca6ebfbb7ba5a2a345,1cf618f9ee318fecbc31aa059ded8328581b9a9b092f1069b9f7679b6f89e52e,288731.70241594315,0.043,731.6594159431406,20,731.6594159431406,resnet50,0.2032387266508724
96149d3ed4f00afb92f12856101e693e93c4683f030ae6ca6ebfbb7ba5a2a345,1cf618f9ee318fecbc31aa059ded8328581b9a9b092f1069b9f7679b6f89e52e,288733.3461999893,0.04,733.3061999893398,20,733.3061999893398,resnet50,0.2036961666637055
96149d3ed4f00afb92f12856101e693e93c4683f030ae6ca6ebfbb7ba5a2a345,1cf618f9ee318fecbc31aa059ded8328581b9a9b092f1069b9f7679b6f89e52e,288736.8469159603,0.039,736.8079159603221,20,736.8079159603221,resnet50,0.20466886554453392
96149d3ed4f00afb92f12856101e693e93c4683f030ae6ca6ebfbb7ba5a2a345,1cf618f9ee318fecbc31aa059ded8328581b9a9b092f1069b9f7679b6f89e52e,288741.77981996536,0.037,741.7428199653514,20,741.7428199653514,resnet50,0.2060396722125976
96149d3ed4f00afb92f12856101e693e93c4683f030ae6ca6ebfbb7ba5a2a345,1cf618f9ee318fecbc31aa059ded8328581b9a9b092f1069b9f7679b6f89e52e,288743.960324049,0.044,743.9163240490016,20,743.9163240490016,resnet50,0.20664342334694488
96149d3ed4f00afb92f12856101e693e93c4683f030ae6ca6ebfbb7ba5a2a345,1cf618f9ee318fecbc31aa059ded8328581b9a9b092f1069b9f7679b6f89e52e,288752.24908208847,0.038,752.21108208847,20,752.21108208847,resnet50,0.20894752280235276
96149d3ed4f00afb92f12856101e693e93c4683f030ae6ca6ebfbb7ba5a2a345,1cf618f9ee318fecbc31aa059ded8328581b9a9b092f1069b9f7679b6f89e52e,288754.4428360462,0.051,754.3918360462412,20,754.3918360462412,resnet50,0.20955328779062257
96149d3ed4f00afb92f12856101e693e93c4683f030ae6ca6ebfbb7ba5a2a345,1cf618f9ee318fecbc31aa059ded8328581b9a9b092f1069b9f7679b6f89e52e,288756.2125840187,0.042,756.1705840186914,20,756.1705840186914,resnet50,0.2100473844496365
96149d3ed4f00afb92f12856101e693e93c4683f030ae6ca6ebfbb7ba5a2a345,1cf618f9ee318fecbc31aa059ded8328581b9a9b092f1069b9f7679b6f89e52e,288762.1717479229,0.042,762.1297479228815,20,762.1297479228815,resnet50,0.21170270775635597
96149d3ed4f00afb92f12856101e693e93c4683f030ae6ca6ebfbb7ba5a2a345,1cf618f9ee318fecbc31aa059ded8328581b9a9b092f1069b9f7679b6f89e52e,288764.05081391335,0.04,764.0108139133663,20,764.0108139133663,resnet50,0.2122252260870462
96149d3ed4f00afb92f12856101e693e93c4683f030ae6ca6ebfbb7ba5a2a345,1cf618f9ee318fecbc31aa059ded8328581b9a9b092f1069b9f7679b6f89e52e,288765.79146695137,0.041,765.7504669513437,20,765.7504669513437,resnet50,0.2127084630420399
96149d3ed4f00afb92f12856101e693e93c4683f030ae6ca6ebfbb7ba5a2a345,1cf618f9ee318fecbc31aa059ded8328581b9a9b092f1069b9f7679b6f89e52e,288767.6425230503,0.042,767.6005230502924,20,767.6005230502924,resnet50,0.2132223675139701
96149d3ed4f00afb92f12856101e693e93c4683f030ae6ca6ebfbb7ba5a2a345,1cf618f9ee318fecbc31aa059ded8328581b9a9b092f1069b9f7679b6f89e52e,288769.2729101181,0.041,769.2319101180765,20,769.2319101180765,resnet50,0.2136755305883546
96149d3ed4f00afb92f12856101e693e93c4683f030ae6ca6ebfbb7ba5a2a345,1cf618f9ee318fecbc31aa059ded8328581b9a9b092f1069b9f7679b6f89e52e,288771.10006809235,0.041,771.0590680923196,20,771.0590680923196,resnet50,0.2141830744700888
96149d3ed4f00afb92f12856101e693e93c4683f030ae6ca6ebfbb7ba5a2a345,1cf618f9ee318fecbc31aa059ded8328581b9a9b092f1069b9f7679b6f89e52e,288774.0002090931,0.085,773.9152090930729,20,773.9152090930729,resnet50,0.21497644697029802
96149d3ed4f00afb92f12856101e693e93c4683f030ae6ca6ebfbb7ba5a2a345,1cf618f9ee318fecbc31aa059ded8328581b9a9b092f1069b9f7679b6f89e52e,288774.7374660969,0.039,774.6984660968883,20,774.6984660968883,resnet50,0.21519401836024674
96149d3ed4f00afb92f12856101e693e93c4683f030ae6ca6ebfbb7ba5a2a345,1cf618f9ee318fecbc31aa059ded8328581b9a9b092f1069b9f7679b6f89e52e,288776.3159470558,0.04,776.2759470558376,20,776.2759470558376,resnet50,0.21563220751551043
96149d3ed4f00afb92f12856101e693e93c4683f030ae6ca6ebfbb7ba5a2a345,1cf618f9ee318fecbc31aa059ded8328581b9a9b092f1069b9f7679b6f89e52e,288802.1171569824,0.04,802.0771569824428,20,802.0771569824428,resnet50,0.22279921027290078
96149d3ed4f00afb92f12856101e693e93c4683f030ae6ca6ebfbb7ba5a2a345,1cf618f9ee318fecbc31aa059ded8328581b9a9b092f1069b9f7679b6f89e52e,288837.3519089222,0.041,837.3109089221689,20,837.3109089221689,resnet50,0.23258636358949136
96149d3ed4f00afb92f12856101e693e93c4683f030ae6ca6ebfbb7ba5a2a345,1cf618f9ee318fecbc31aa059ded8328581b9a9b092f1069b9f7679b6f89e52e,288839.37701010704,0.047,839.3300101070199,20,839.3300101070199,resnet50,0.23314722502972776
96149d3ed4f00afb92f12856101e693e93c4683f030ae6ca6ebfbb7ba5a2a345,1cf618f9ee318fecbc31aa059ded8328581b9a9b092f1069b9f7679b6f89e52e,288841.197824955,0.04,841.1578249550075,20,841.1578249550075,resnet50,0.23365495137639097
96149d3ed4f00afb92f12856101e693e93c4683f030ae6ca6ebfbb7ba5a2a345,1cf618f9ee318fecbc31aa059ded8328581b9a9b092f1069b9f7679b6f89e52e,288854.0273549557,0.039,853.9883549556835,20,853.9883549556835,resnet50,0.23721898748768985
96149d3ed4f00afb92f12856101e693e93c4683f030ae6ca6ebfbb7ba5a2a345,1cf618f9ee318fecbc31aa059ded8328581b9a9b092f1069b9f7679b6f89e52e,288874.73085188866,0.069,874.6618518886389,20,874.6618518886389,resnet50,0.24296162552462192
96149d3ed4f00afb92f12856101e693e93c4683f030ae6ca6ebfbb7ba5a2a345,1cf618f9ee318fecbc31aa059ded8328581b9a9b092f1069b9f7679b6f89e52e,288878.4825398922,0.041,878.4415398921701,20,878.4415398921701,resnet50,0.24401153885893614
96149d3ed4f00afb92f12856101e693e93c4683f030ae6ca6ebfbb7ba5a2a345,1cf618f9ee318fecbc31aa059ded8328581b9a9b092f1069b9f7679b6f89e52e,288880.3182990551,0.039,880.2792990551097,20,880.2792990551097,resnet50,0.24452202751530827
96149d3ed4f00afb92f12856101e693e93c4683f030ae6ca6ebfbb7ba5a2a345,1cf618f9ee318fecbc31aa059ded8328581b9a9b092f1069b9f7679b6f89e52e,288894.0432970524,0.042,894.0012970523676,20,894.0012970523676,resnet50,0.24833369362565766
96149d3ed4f00afb92f12856101e693e93c4683f030ae6ca6ebfbb7ba5a2a345,1cf618f9ee318fecbc31aa059ded8328581b9a9b092f1069b9f7679b6f89e52e,288896.208122015,0.095,896.1131220150273,20,896.1131220150273,resnet50,0.24892031167084092
96149d3ed4f00afb92f12856101e693e93c4683f030ae6ca6ebfbb7ba5a2a345,1cf618f9ee318fecbc31aa059ded8328581b9a9b092f1069b9f7679b6f89e52e,288898.3214249611,0.038,898.2834249610896,20,898.2834249610896,resnet50,0.24952317360030268
96149d3ed4f00afb92f12856101e693e93c4683f030ae6ca6ebfbb7ba5a2a345,1cf618f9ee318fecbc31aa059ded8328581b9a9b092f1069b9f7679b6f89e52e,288900.1635940075,0.041,900.1225940074655,20,900.1225940074655,resnet50,0.25003405389096267
96149d3ed4f00afb92f12856101e693e93c4683f030ae6ca6ebfbb7ba5a2a345,1cf618f9ee318fecbc31aa059ded8328581b9a9b092f1069b9f7679b6f89e52e,288902.074862957,0.053,902.0218629569863,20,902.0218629569863,resnet50,0.25056162859916287
96149d3ed4f00afb92f12856101e693e93c4683f030ae6ca6ebfbb7ba5a2a345,1cf618f9ee318fecbc31aa059ded8328581b9a9b092f1069b9f7679b6f89e52e,288925.91147994995,0.043,925.868479949946,20,925.868479949946,resnet50,0.257185688874985
96149d3ed4f00afb92f12856101e693e93c4683f030ae6ca6ebfbb7ba5a2a345,1cf618f9ee318fecbc31aa059ded8328581b9a9b092f1069b9f7679b6f89e52e,288927.8484239578,0.039,927.809423957835,20,927.809423957835,resnet50,0.2577248399882875
96149d3ed4f00afb92f12856101e693e93c4683f030ae6ca6ebfbb7ba5a2a345,1cf618f9ee318fecbc31aa059ded8328581b9a9b092f1069b9f7679b6f89e52e,288934.884814024,0.041,934.843814023945,20,934.843814023945,resnet50,0.25967883722887364
96149d3ed4f00afb92f12856101e693e93c4683f030ae6ca6ebfbb7ba5a2a345,1cf618f9ee318fecbc31aa059ded8328581b9a9b092f1069b9f7679b6f89e52e,288936.634732008,0.04,936.5947320080013,20,936.5947320080013,resnet50,0.26016520333555593
96149d3ed4f00afb92f12856101e693e93c4683f030ae6ca6ebfbb7ba5a2a345,1cf618f9ee318fecbc31aa059ded8328581b9a9b092f1069b9f7679b6f89e52e,288941.8993809223,0.047,941.852380922297,20,941.852380922297,resnet50,0.26162566136730475
96149d3ed4f00afb92f12856101e693e93c4683f030ae6ca6ebfbb7ba5a2a345,1cf618f9ee318fecbc31aa059ded8328581b9a9b092f1069b9f7679b6f89e52e,288943.4502110481,0.044,943.4062110481318,20,943.4062110481318,resnet50,0.26205728084670327
96149d3ed4f00afb92f12856101e693e93c4683f030ae6ca6ebfbb7ba5a2a345,1cf618f9ee318fecbc31aa059ded8328581b9a9b092f1069b9f7679b6f89e52e,288944.88118195534,0.045,944.8361819553538,20,944.8361819553538,resnet50,0.26245449498759826
96149d3ed4f00afb92f12856101e693e93c4683f030ae6ca6ebfbb7ba5a2a345,1cf618f9ee318fecbc31aa059ded8328581b9a9b092f1069b9f7679b6f89e52e,288946.3804690838,0.051,946.3294690838084,20,946.3294690838084,resnet50,0.26286929696772454
96149d3ed4f00afb92f12856101e693e93c4683f030ae6ca6ebfbb7ba5a2a345,1cf618f9ee318fecbc31aa059ded8328581b9a9b092f1069b9f7679b6f89e52e,288948.4369339943,0.05,948.3869339943049,20,948.3869339943049,resnet50,0.26344081499841804
96149d3ed4f00afb92f12856101e693e93c4683f030ae6ca6ebfbb7ba5a2a345,1cf618f9ee318fecbc31aa059ded8328581b9a9b092f1069b9f7679b6f89e52e,288950.1380159855,0.051,950.0870159855112,20,950.0870159855112,resnet50,0.26391305999597536
96149d3ed4f00afb92f12856101e693e93c4683f030ae6ca6ebfbb7ba5a2a345,1cf618f9ee318fecbc31aa059ded8328581b9a9b092f1069b9f7679b6f89e52e,288951.9902830124,0.043,951.947283012385,20,951.947283012385,resnet50,0.2644298008367736
96149d3ed4f00afb92f12856101e693e93c4683f030ae6ca6ebfbb7ba5a2a345,1cf618f9ee318fecbc31aa059ded8328581b9a9b092f1069b9f7679b6f89e52e,288955.0841360092,0.46,954.6241360091954,20,954.6241360091954,resnet50,0.2651733711136654
96149d3ed4f00afb92f12856101e693e93c4683f030ae6ca6ebfbb7ba5a2a345,1cf618f9ee318fecbc31aa059ded8328581b9a9b092f1069b9f7679b6f89e52e,288966.3846809864,0.047,966.3376809863839,20,966.3376809863839,resnet50,0.2684271336073289
96149d3ed4f00afb92f12856101e693e93c4683f030ae6ca6ebfbb7ba5a2a345,1cf618f9ee318fecbc31aa059ded8328581b9a9b092f1069b9f7679b6f89e52e,288968.74429798126,0.04,968.7042979812832,20,968.7042979812832,resnet50,0.2690845272170231
96149d3ed4f00afb92f12856101e693e93c4683f030ae6ca6ebfbb7ba5a2a345,1cf618f9ee318fecbc31aa059ded8328581b9a9b092f1069b9f7679b6f89e52e,288972.54476594925,0.039,972.5057659492595,20,972.5057659492595,resnet50,0.270140490541461
96149d3ed4f00afb92f12856101e693e93c4683f030ae6ca6ebfbb7ba5a2a345,1cf618f9ee318fecbc31aa059ded8328581b9a9b092f1069b9f7679b6f89e52e,288997.85293602943,0.038,997.8149360294337,20,997.8149360294337,resnet50,0.2771708155637316
96149d3ed4f00afb92f12856101e693e93c4683f030ae6ca6ebfbb7ba5a2a345,1cf618f9ee318fecbc31aa059ded8328581b9a9b092f1069b9f7679b6f89e52e,288999.21291399,0.096,999.1169139900012,20,999.1169139900012,resnet50,0.27753247610833365
96149d3ed4f00afb92f12856101e693e93c4683f030ae6ca6ebfbb7ba5a2a345,1cf618f9ee318fecbc31aa059ded8328581b9a9b092f1069b9f7679b6f89e52e,289000.56899404526,0.043,1000.5259940452524,20,1000.5259940452524,resnet50,0.27792388723479233
96149d3ed4f00afb92f12856101e693e93c4683f030ae6ca6ebfbb7ba5a2a345,1cf618f9ee318fecbc31aa059ded8328581b9a9b092f1069b9f7679b6f89e52e,289002.0561630726,0.052,1002.0041630725609,20,1002.0041630725609,resnet50,0.278334489742378
96149d3ed4f00afb92f12856101e693e93c4683f030ae6ca6ebfbb7ba5a2a345,1cf618f9ee318fecbc31aa059ded8328581b9a9b092f1069b9f7679b6f89e52e,289003.2867410183,0.042,1003.2447410182795,20,1003.2447410182795,resnet50,0.27867909472729985
96149d3ed4f00afb92f12856101e693e93c4683f030ae6ca6ebfbb7ba5a2a345,1cf618f9ee318fecbc31aa059ded8328581b9a9b092f1069b9f7679b6f89e52e,289004.72165203094,0.041,1004.6806520309183,20,1004.6806520309183,resnet50,0.2790779588974773
96149d3ed4f00afb92f12856101e693e93c4683f030ae6ca6ebfbb7ba5a2a345,1cf618f9ee318fecbc31aa059ded8328581b9a9b092f1069b9f7679b6f89e52e,289006.02978396416,0.04,1005.9897839641781,20,1005.9897839641781,resnet50,0.27944160665671613
96149d3ed4f00afb92f12856101e693e93c4683f030ae6ca6ebfbb7ba5a2a345,1cf618f9ee318fecbc31aa059ded8328581b9a9b092f1069b9f7679b6f89e52e,289007.6601829529,0.039,1007.6211829528911,20,1007.6211829528911,resnet50,0.27989477304246974
96149d3ed4f00afb92f12856101e693e93c4683f030ae6ca6ebfbb7ba5a2a345,1cf618f9ee318fecbc31aa059ded8328581b9a9b092f1069b9f7679b6f89e52e,289010.4801518917,0.04,1010.4401518917293,20,1010.4401518917293,resnet50,0.2806778199699248
96149d3ed4f00afb92f12856101e693e93c4683f030ae6ca6ebfbb7ba5a2a345,1cf618f9ee318fecbc31aa059ded8328581b9a9b092f1069b9f7679b6f89e52e,289011.9367620945,0.037,1011.8997620944865,20,1011.8997620944865,resnet50,0.2810832672484685
96149d3ed4f00afb92f12856101e693e93c4683f030ae6ca6ebfbb7ba5a2a345,1cf618f9ee318fecbc31aa059ded8328581b9a9b092f1069b9f7679b6f89e52e,289013.3326499462,0.047,1013.2856499461923,20,1013.2856499461923,resnet50,0.2814682360961645
96149d3ed4f00afb92f12856101e693e93c4683f030ae6ca6ebfbb7ba5a2a345,1cf618f9ee318fecbc31aa059ded8328581b9a9b092f1069b9f7679b6f89e52e,289014.70399594307,0.045,1014.6589959430858,20,1014.6589959430858,resnet50,0.2818497210953016
96149d3ed4f00afb92f12856101e693e93c4683f030ae6ca6ebfbb7ba5a2a345,1cf618f9ee318fecbc31aa059ded8328581b9a9b092f1069b9f7679b6f89e52e,289016.1281480789,0.043,1016.0851480789133,20,1016.0851480789133,resnet50,0.2822458744663648
96149d3ed4f00afb92f12856101e693e93c4683f030ae6ca6ebfbb7ba5a2a345,1cf618f9ee318fecbc31aa059ded8328581b9a9b092f1069b9f7679b6f89e52e,289017.5675880909,0.041,1017.5265880908701,20,1017.5265880908701,resnet50,0.28264627446968615
96149d3ed4f00afb92f12856101e693e93c4683f030ae6ca6ebfbb7ba5a2a345,1cf618f9ee318fecbc31aa059ded8328581b9a9b092f1069b9f7679b6f89e52e,289019.2868769169,0.04,1019.2468769169063,20,1019.2468769169063,resnet50,0.2831241324769184
96149d3ed4f00afb92f12856101e693e93c4683f030ae6ca6ebfbb7ba5a2a345,1cf618f9ee318fecbc31aa059ded8328581b9a9b092f1069b9f7679b6f89e52e,289031.09368896484,0.039,1031.054688964854,20,1031.054688964854,resnet50,0.286404080268015
96149d3ed4f00afb92f12856101e693e93c4683f030ae6ca6ebfbb7ba5a2a345,1cf618f9ee318fecbc31aa059ded8328581b9a9b092f1069b9f7679b6f89e52e,289035.3839008808,0.041,1035.342900880787,20,1035.342900880787,resnet50,0.2875952502446631
96149d3ed4f00afb92f12856101e693e93c4683f030ae6ca6ebfbb7ba5a2a345,1cf618f9ee318fecbc31aa059ded8328581b9a9b092f1069b9f7679b6f89e52e,289039.99103307724,0.039,1039.9520330772502,20,1039.9520330772502,resnet50,0.28887556474368065
96149d3ed4f00afb92f12856101e693e93c4683f030ae6ca6ebfbb7ba5a2a345,1cf618f9ee318fecbc31aa059ded8328581b9a9b092f1069b9f7679b6f89e52e,289041.26630711555,0.037,1041.2293071155436,20,1041.2293071155436,resnet50,0.289230363087651
96149d3ed4f00afb92f12856101e693e93c4683f030ae6ca6ebfbb7ba5a2a345,1cf618f9ee318fecbc31aa059ded8328581b9a9b092f1069b9f7679b6f89e52e,289042.88186597824,0.038,1042.8438659782405,20,1042.8438659782405,resnet50,0.28967885166062235
96149d3ed4f00afb92f12856101e693e93c4683f030ae6ca6ebfbb7ba5a2a345,1cf618f9ee318fecbc31aa059ded8328581b9a9b092f1069b9f7679b6f89e52e,289053.1537940502,0.038,1053.1157940502162,20,1053.1157940502162,resnet50,0.29253216501394896
96149d3ed4f00afb92f12856101e693e93c4683f030ae6ca6ebfbb7ba5a2a345,1cf618f9ee318fecbc31aa059ded8328581b9a9b092f1069b9f7679b6f89e52e,289066.3077099323,0.039,1066.2687099323375,20,1066.2687099323375,resnet50,0.2961857527589826
96149d3ed4f00afb92f12856101e693e93c4683f030ae6ca6ebfbb7ba5a2a345,1cf618f9ee318fecbc31aa059ded8328581b9a9b092f1069b9f7679b6f89e52e,289090.85019898415,0.038,1090.8121989841457,20,1090.8121989841457,resnet50,0.3030033886067071
96149d3ed4f00afb92f12856101e693e93c4683f030ae6ca6ebfbb7ba5a2a345,1cf618f9ee318fecbc31aa059ded8328581b9a9b092f1069b9f7679b6f89e52e,289097.18678689003,0.038,1097.1487868900294,20,1097.1487868900294,resnet50,0.3047635519138971
96149d3ed4f00afb92f12856101e693e93c4683f030ae6ca6ebfbb7ba5a2a345,1cf618f9ee318fecbc31aa059ded8328581b9a9b092f1069b9f7679b6f89e52e,289099.55446505547,0.041,1099.5134650554392,20,1099.5134650554392,resnet50,0.30542040695984424
96149d3ed4f00afb92f12856101e693e93c4683f030ae6ca6ebfbb7ba5a2a345,1cf618f9ee318fecbc31aa059ded8328581b9a9b092f1069b9f7679b6f89e52e,289100.8557600975,0.036,1100.8197600974818,20,1100.8197600974818,resnet50,0.30578326669374495
96149d3ed4f00afb92f12856101e693e93c4683f030ae6ca6ebfbb7ba5a2a345,1cf618f9ee318fecbc31aa059ded8328581b9a9b092f1069b9f7679b6f89e52e,289102.15928697586,0.043,1102.1162869758555,20,1102.1162869758555,resnet50,0.30614341304884873
96149d3ed4f00afb92f12856101e693e93c4683f030ae6ca6ebfbb7ba5a2a345,1cf618f9ee318fecbc31aa059ded8328581b9a9b092f1069b9f7679b6f89e52e,289103.5828061104,0.038,1103.5448061103816,20,1103.5448061103816,resnet50,0.30654022391955044
96149d3ed4f00afb92f12856101e693e93c4683f030ae6ca6ebfbb7ba5a2a345,1cf618f9ee318fecbc31aa059ded8328581b9a9b092f1069b9f7679b6f89e52e,289105.3610239029,0.04,1105.321023902914,20,1105.321023902914,resnet50,0.30703361775080945
96149d3ed4f00afb92f12856101e693e93c4683f030ae6ca6ebfbb7ba5a2a345,1cf618f9ee318fecbc31aa059ded8328581b9a9b092f1069b9f7679b6f89e52e,289109.0941250324,0.036,1109.058125032403,20,1109.058125032403,resnet50,0.30807170139788975
96149d3ed4f00afb92f12856101e693e93c4683f030ae6ca6ebfbb7ba5a2a345,1cf618f9ee318fecbc31aa059ded8328581b9a9b092f1069b9f7679b6f89e52e,289110.5302350521,0.037,1110.4932350520976,20,1110.4932350520976,resnet50,0.30847034307002713
96149d3ed4f00afb92f12856101e693e93c4683f030ae6ca6ebfbb7ba5a2a345,1cf618f9ee318fecbc31aa059ded8328581b9a9b092f1069b9f7679b6f89e52e,289111.9743449688,0.036,1111.938344968774,20,1111.938344968774,resnet50,0.3088717624913261
96149d3ed4f00afb92f12856101e693e93c4683f030ae6ca6ebfbb7ba5a2a345,1cf618f9ee318fecbc31aa059ded8328581b9a9b092f1069b9f7679b6f89e52e,289114.02663111687,0.04,1113.986631116888,20,1113.986631116888,resnet50,0.3094407308658022
96149d3ed4f00afb92f12856101e693e93c4683f030ae6ca6ebfbb7ba5a2a345,1cf618f9ee318fecbc31aa059ded8328581b9a9b092f1069b9f7679b6f89e52e,289115.6046590805,0.037,1115.5676590804942,20,1115.5676590804942,resnet50,0.30987990530013726
96149d3ed4f00afb92f12856101e693e93c4683f030ae6ca6ebfbb7ba5a2a345,1cf618f9ee318fecbc31aa059ded8328581b9a9b092f1069b9f7679b6f89e52e,289117.1781730652,0.036,1117.1421730651637,20,1117.1421730651637,resnet50,0.3103172702958788
96149d3ed4f00afb92f12856101e693e93c4683f030ae6ca6ebfbb7ba5a2a345,1cf618f9ee318fecbc31aa059ded8328581b9a9b092f1069b9f7679b6f89e52e,289119.03628993034,0.036,1119.0002899303217,20,1119.0002899303217,resnet50,0.31083341386953384
96149d3ed4f00afb92f12856101e693e93c4683f030ae6ca6ebfbb7ba5a2a345,1cf618f9ee318fecbc31aa059ded8328581b9a9b092f1069b9f7679b6f89e52e,289125.77583003044,0.036,1125.7398300304194,20,1125.7398300304194,resnet50,0.3127055083417832
96149d3ed4f00afb92f12856101e693e93c4683f030ae6ca6ebfbb7ba5a2a345,1cf618f9ee318fecbc31aa059ded8328581b9a9b092f1069b9f7679b6f89e52e,289127.3649940491,0.036,1127.3289940490504,20,1127.3289940490504,resnet50,0.31314694279140287
96149d3ed4f00afb92f12856101e693e93c4683f030ae6ca6ebfbb7ba5a2a345,1cf618f9ee318fecbc31aa059ded8328581b9a9b092f1069b9f7679b6f89e52e,289128.79704093933,0.038,1128.7590409393306,20,1128.7590409393306,resnet50,0.31354417803870294
96149d3ed4f00afb92f12856101e693e93c4683f030ae6ca6ebfbb7ba5a2a345,1cf618f9ee318fecbc31aa059ded8328581b9a9b092f1069b9f7679b6f89e52e,289129.72300100327,0.04,1129.6830010032863,20,1129.6830010032863,resnet50,0.313800833612024
96149d3ed4f00afb92f12856101e693e93c4683f030ae6ca6ebfbb7ba5a2a345,1cf618f9ee318fecbc31aa059ded8328581b9a9b092f1069b9f7679b6f89e52e,289130.2456231117,0.114,1130.1316231117235,20,1130.1316231117235,resnet50,0.31392545086436763
96149d3ed4f00afb92f12856101e693e93c4683f030ae6ca6ebfbb7ba5a2a345,1cf618f9ee318fecbc31aa059ded8328581b9a9b092f1069b9f7679b6f89e52e,289138.2922239304,0.036,1138.2562239303952,20,1138.2562239303952,resnet50,0.31618228442510976
96149d3ed4f00afb92f12856101e693e93c4683f030ae6ca6ebfbb7ba5a2a345,1cf618f9ee318fecbc31aa059ded8328581b9a9b092f1069b9f7679b6f89e52e,289140.08803105354,0.042,1140.0460310535273,20,1140.0460310535273,resnet50,0.3166794530704242
96149d3ed4f00afb92f12856101e693e93c4683f030ae6ca6ebfbb7ba5a2a345,1cf618f9ee318fecbc31aa059ded8328581b9a9b092f1069b9f7679b6f89e52e,289142.0065689087,0.037,1141.9695689086802,20,1141.9695689086802,resnet50,0.31721376914130006
96149d3ed4f00afb92f12856101e693e93c4683f030ae6ca6ebfbb7ba5a2a345,1cf618f9ee318fecbc31aa059ded8328581b9a9b092f1069b9f7679b6f89e52e,289142.12426400185,0.038,1142.0862640018458,20,1142.0862640018458,resnet50,0.31724618444495717
96149d3ed4f00afb92f12856101e693e93c4683f030ae6ca6ebfbb7ba5a2a345,1cf618f9ee318fecbc31aa059ded8328581b9a9b092f1069b9f7679b6f89e52e,289145.31684088707,0.038,1145.2788408870692,20,1145.2788408870692,resnet50,0.31813301135751926
96149d3ed4f00afb92f12856101e693e93c4683f030ae6ca6ebfbb7ba5a2a345,1cf618f9ee318fecbc31aa059ded8328581b9a9b092f1069b9f7679b6f89e52e,289156.42538690567,0.04,1156.3853869056911,20,1156.3853869056911,resnet50,0.3212181630293586
96149d3ed4f00afb92f12856101e693e93c4683f030ae6ca6ebfbb7ba5a2a345,1cf618f9ee318fecbc31aa059ded8328581b9a9b092f1069b9f7679b6f89e52e,289158.0093729496,0.036,1157.9733729495783,20,1157.9733729495783,resnet50,0.3216592702637718
96149d3ed4f00afb92f12856101e693e93c4683f030ae6ca6ebfbb7ba5a2a345,1cf618f9ee318fecbc31aa059ded8328581b9a9b092f1069b9f7679b6f89e52e,289166.0960080624,0.041,1166.0550080623943,20,1166.0550080623943,resnet50,0.32390416890622065
96149d3ed4f00afb92f12856101e693e93c4683f030ae6ca6ebfbb7ba5a2a345,1cf618f9ee318fecbc31aa059ded8328581b9a9b092f1069b9f7679b6f89e52e,289167.6004869938,0.045,1167.555486993806,20,1167.555486993806,resnet50,0.3243209686093905
96149d3ed4f00afb92f12856101e693e93c4683f030ae6ca6ebfbb7ba5a2a345,1cf618f9ee318fecbc31aa059ded8328581b9a9b092f1069b9f7679b6f89e52e,289167.7463750839,0.036,1167.7103750839015,20,1167.7103750839015,resnet50,0.3243639930788615
96149d3ed4f00afb92f12856101e693e93c4683f030ae6ca6ebfbb7ba5a2a345,1cf618f9ee318fecbc31aa059ded8328581b9a9b092f1069b9f7679b6f89e52e,289169.4519109726,0.036,1169.4159109725733,20,1169.4159109725733,resnet50,0.32483775304793705
96149d3ed4f00afb92f12856101e693e93c4683f030ae6ca6ebfbb7ba5a2a345,1cf618f9ee318fecbc31aa059ded8328581b9a9b092f1069b9f7679b6f89e52e,289171.2049160004,0.036,1171.1689160004025,20,1171.1689160004025,resnet50,0.32532469888900073
96149d3ed4f00afb92f12856101e693e93c4683f030ae6ca6ebfbb7ba5a2a345,1cf618f9ee318fecbc31aa059ded8328581b9a9b092f1069b9f7679b6f89e52e,289196.4375,0.038,1196.3994999999995,20,1196.3994999999995,resnet50,0.3323331944444443
96149d3ed4f00afb92f12856101e693e93c4683f030ae6ca6ebfbb7ba5a2a345,1cf618f9ee318fecbc31aa059ded8328581b9a9b092f1069b9f7679b6f89e52e,289200.2126688957,0.036,1200.1766688956995,20,1200.1766688956995,resnet50,0.3333824080265832
96149d3ed4f00afb92f12856101e693e93c4683f030ae6ca6ebfbb7ba5a2a345,1cf618f9ee318fecbc31aa059ded8328581b9a9b092f1069b9f7679b6f89e52e,289256.7992579937,0.038,1256.7612579936977,20,1256.7612579936977,resnet50,0.3491003494426938
96149d3ed4f00afb92f12856101e693e93c4683f030ae6ca6ebfbb7ba5a2a345,1cf618f9ee318fecbc31aa059ded8328581b9a9b092f1069b9f7679b6f89e52e,289262.0637860298,0.04,1262.0237860298366,20,1262.0237860298366,resnet50,0.3505621627860657
96149d3ed4f00afb92f12856101e693e93c4683f030ae6ca6ebfbb7ba5a2a345,1cf618f9ee318fecbc31aa059ded8328581b9a9b092f1069b9f7679b6f89e52e,289263.57681298256,0.038,1263.5388129825587,20,1263.5388129825587,resnet50,0.35098300360626633
96149d3ed4f00afb92f12856101e693e93c4683f030ae6ca6ebfbb7ba5a2a345,1cf618f9ee318fecbc31aa059ded8328581b9a9b092f1069b9f7679b6f89e52e,289265.0253610611,0.037,1264.988361061085,20,1264.988361061085,resnet50,0.3513856558503014
96149d3ed4f00afb92f12856101e693e93c4683f030ae6ca6ebfbb7ba5a2a345,1cf618f9ee318fecbc31aa059ded8328581b9a9b092f1069b9f7679b6f89e52e,289269.56669306755,0.038,1269.5286930675502,20,1269.5286930675502,resnet50,0.3526468591854306
96149d3ed4f00afb92f12856101e693e93c4683f030ae6ca6ebfbb7ba5a2a345,1cf618f9ee318fecbc31aa059ded8328581b9a9b092f1069b9f7679b6f89e52e,289270.97433900833,0.038,1270.9363390083308,20,1270.9363390083308,resnet50,0.35303787194675856
96149d3ed4f00afb92f12856101e693e93c4683f030ae6ca6ebfbb7ba5a2a345,1cf618f9ee318fecbc31aa059ded8328581b9a9b092f1069b9f7679b6f89e52e,289272.4810450077,0.039,1272.442045007716,20,1272.442045007716,resnet50,0.3534561236132544
96149d3ed4f00afb92f12856101e693e93c4683f030ae6ca6ebfbb7ba5a2a345,1cf618f9ee318fecbc31aa059ded8328581b9a9b092f1069b9f7679b6f89e52e,289273.7669699192,0.039,1273.727969919215,20,1273.727969919215,resnet50,0.3538133249775597
96149d3ed4f00afb92f12856101e693e93c4683f030ae6ca6ebfbb7ba5a2a345,1cf618f9ee318fecbc31aa059ded8328581b9a9b092f1069b9f7679b6f89e52e,289279.3029959202,0.043,1279.2599959201762,20,1279.2599959201762,resnet50,0.3553499988667156
96149d3ed4f00afb92f12856101e693e93c4683f030ae6ca6ebfbb7ba5a2a345,1cf618f9ee318fecbc31aa059ded8328581b9a9b092f1069b9f7679b6f89e52e,289280.64343094826,0.039,1280.6044309482677,20,1280.6044309482677,resnet50,0.35572345304118547
96149d3ed4f00afb92f12856101e693e93c4683f030ae6ca6ebfbb7ba5a2a345,1cf618f9ee318fecbc31aa059ded8328581b9a9b092f1069b9f7679b6f89e52e,289281.8901450634,0.043,1281.8471450633951,20,1281.8471450633951,resnet50,0.3560686514064986
96149d3ed4f00afb92f12856101e693e93c4683f030ae6ca6ebfbb7ba5a2a345,1cf618f9ee318fecbc31aa059ded8328581b9a9b092f1069b9f7679b6f89e52e,289283.3615190983,0.042,1283.319519098266,20,1283.319519098266,resnet50,0.3564776441939628
96149d3ed4f00afb92f12856101e693e93c4683f030ae6ca6ebfbb7ba5a2a345,1cf618f9ee318fecbc31aa059ded8328581b9a9b092f1069b9f7679b6f89e52e,289285.17187809944,0.04,1285.1318780994625,20,1285.1318780994625,resnet50,0.3569810772498507
96149d3ed4f00afb92f12856101e693e93c4683f030ae6ca6ebfbb7ba5a2a345,1cf618f9ee318fecbc31aa059ded8328581b9a9b092f1069b9f7679b6f89e52e,289290.9539139271,0.039,1290.9149139270885,20,1290.9149139270885,resnet50,0.3585874760908579
96149d3ed4f00afb92f12856101e693e93c4683f030ae6ca6ebfbb7ba5a2a345,1cf618f9ee318fecbc31aa059ded8328581b9a9b092f1069b9f7679b6f89e52e,289294.0446410179,0.039,1294.005641017924,20,1294.005641017924,resnet50,0.3594460113938678
96149d3ed4f00afb92f12856101e693e93c4683f030ae6ca6ebfbb7ba5a2a345,1cf618f9ee318fecbc31aa059ded8328581b9a9b092f1069b9f7679b6f89e52e,289295.3883581161,0.046,1295.3423581161187,20,1295.3423581161187,resnet50,0.3598173216989219
96149d3ed4f00afb92f12856101e693e93c4683f030ae6ca6ebfbb7ba5a2a345,1cf618f9ee318fecbc31aa059ded8328581b9a9b092f1069b9f7679b6f89e52e,289296.8037970066,0.04,1296.763797006628,20,1296.763797006628,resnet50,0.36021216583517446
96149d3ed4f00afb92f12856101e693e93c4683f030ae6ca6ebfbb7ba5a2a345,1cf618f9ee318fecbc31aa059ded8328581b9a9b092f1069b9f7679b6f89e52e,289298.11919498444,0.04,1298.079194984457,20,1298.079194984457,resnet50,0.36057755416234916
96149d3ed4f00afb92f12856101e693e93c4683f030ae6ca6ebfbb7ba5a2a345,1cf618f9ee318fecbc31aa059ded8328581b9a9b092f1069b9f7679b6f89e52e,289299.4799439907,0.042,1299.4379439906916,20,1299.4379439906916,resnet50,0.36095498444185875
96149d3ed4f00afb92f12856101e693e93c4683f030ae6ca6ebfbb7ba5a2a345,1cf618f9ee318fecbc31aa059ded8328581b9a9b092f1069b9f7679b6f89e52e,289300.79836010933,0.045,1300.7533601093455,20,1300.7533601093455,resnet50,0.3613203778081515
96149d3ed4f00afb92f12856101e693e93c4683f030ae6ca6ebfbb7ba5a2a345,1cf618f9ee318fecbc31aa059ded8328581b9a9b092f1069b9f7679b6f89e52e,289302.07933688164,0.04,1302.0393368816585,20,1302.0393368816585,resnet50,0.3616775935782385
96149d3ed4f00afb92f12856101e693e93c4683f030ae6ca6ebfbb7ba5a2a345,1cf618f9ee318fecbc31aa059ded8328581b9a9b092f1069b9f7679b6f89e52e,289303.4463338852,0.038,1303.4083338851924,20,1303.4083338851924,resnet50,0.36205787052366456
96149d3ed4f00afb92f12856101e693e93c4683f030ae6ca6ebfbb7ba5a2a345,1cf618f9ee318fecbc31aa059ded8328581b9a9b092f1069b9f7679b6f89e52e,289304.8050830364,0.041,1304.7640830363962,20,1304.7640830363962,resnet50,0.36243446751011005
96149d3ed4f00afb92f12856101e693e93c4683f030ae6ca6ebfbb7ba5a2a345,1cf618f9ee318fecbc31aa059ded8328581b9a9b092f1069b9f7679b6f89e52e,289306.1527590752,0.043,1306.1097590752179,20,1306.1097590752179,resnet50,0.36280826640978275
96149d3ed4f00afb92f12856101e693e93c4683f030ae6ca6ebfbb7ba5a2a345,1cf618f9ee318fecbc31aa059ded8328581b9a9b092f1069b9f7679b6f89e52e,289307.43658804893,0.041,1307.3955880489084,20,1307.3955880489084,resnet50,0.3631654411246968
96149d3ed4f00afb92f12856101e693e93c4683f030ae6ca6ebfbb7ba5a2a345,1cf618f9ee318fecbc31aa059ded8328581b9a9b092f1069b9f7679b6f89e52e,289308.2226679325,0.038,1308.18466793251,20,1308.18466793251,resnet50,0.36338462998125276
96149d3ed4f00afb92f12856101e693e93c4683f030ae6ca6ebfbb7ba5a2a345,1cf618f9ee318fecbc31aa059ded8328581b9a9b092f1069b9f7679b6f89e52e,289308.8894920349,0.038,1308.8514920349116,20,1308.8514920349116,resnet50,0.36356985889858656
96149d3ed4f00afb92f12856101e693e93c4683f030ae6ca6ebfbb7ba5a2a345,1cf618f9ee318fecbc31aa059ded8328581b9a9b092f1069b9f7679b6f89e52e,289313.83116889,0.041,1313.7901688899728,20,1313.7901688899728,resnet50,0.364941713580548
96149d3ed4f00afb92f12856101e693e93c4683f030ae6ca6ebfbb7ba5a2a345,1cf618f9ee318fecbc31aa059ded8328581b9a9b092f1069b9f7679b6f89e52e,289318.8495628834,0.039,1318.8105628833873,20,1318.8105628833873,resnet50,0.3663362674676076
96149d3ed4f00afb92f12856101e693e93c4683f030ae6ca6ebfbb7ba5a2a345,1cf618f9ee318fecbc31aa059ded8328581b9a9b092f1069b9f7679b6f89e52e,289320.2271029949,0.04,1320.1871029949398,20,1320.1871029949398,resnet50,0.3667186397208166
96149d3ed4f00afb92f12856101e693e93c4683f030ae6ca6ebfbb7ba5a2a345,1cf618f9ee318fecbc31aa059ded8328581b9a9b092f1069b9f7679b6f89e52e,289321.4709069729,0.044,1321.4269069728907,20,1321.4269069728907,resnet50,0.36706302971469185
96149d3ed4f00afb92f12856101e693e93c4683f030ae6ca6ebfbb7ba5a2a345,1cf618f9ee318fecbc31aa059ded8328581b9a9b092f1069b9f7679b6f89e52e,289332.6983449459,0.039,1332.6593449459178,20,1332.6593449459178,resnet50,0.3701831513738661
96149d3ed4f00afb92f12856101e693e93c4683f030ae6ca6ebfbb7ba5a2a345,1cf618f9ee318fecbc31aa059ded8328581b9a9b092f1069b9f7679b6f89e52e,289335.0653688908,0.039,1335.0263688908308,20,1335.0263688908308,resnet50,0.37084065802523075
96149d3ed4f00afb92f12856101e693e93c4683f030ae6ca6ebfbb7ba5a2a345,1cf618f9ee318fecbc31aa059ded8328581b9a9b092f1069b9f7679b6f89e52e,289335.6101179123,0.04,1335.5701179123134,20,1335.5701179123134,resnet50,0.3709916994200871
96149d3ed4f00afb92f12856101e693e93c4683f030ae6ca6ebfbb7ba5a2a345,1cf618f9ee318fecbc31aa059ded8328581b9a9b092f1069b9f7679b6f89e52e,289336.12138295174,0.045,1336.0763829517527,20,1336.0763829517527,resnet50,0.3711323285977091
96149d3ed4f00afb92f12856101e693e93c4683f030ae6ca6ebfbb7ba5a2a345,1cf618f9ee318fecbc31aa059ded8328581b9a9b092f1069b9f7679b6f89e52e,289336.9239308834,0.044,1336.8799308834132,20,1336.8799308834132,resnet50,0.37135553635650365
96149d3ed4f00afb92f12856101e693e93c4683f030ae6ca6ebfbb7ba5a2a345,1cf618f9ee318fecbc31aa059ded8328581b9a9b092f1069b9f7679b6f89e52e,289340.9931139946,0.04,1340.9531139946193,20,1340.9531139946193,resnet50,0.3724869761096165
96149d3ed4f00afb92f12856101e693e93c4683f030ae6ca6ebfbb7ba5a2a345,1cf618f9ee318fecbc31aa059ded8328581b9a9b092f1069b9f7679b6f89e52e,289343.6174650192,0.041,1343.5764650191995,20,1343.5764650191995,resnet50,0.37321568472755545
96149d3ed4f00afb92f12856101e693e93c4683f030ae6ca6ebfbb7ba5a2a345,1cf618f9ee318fecbc31aa059ded8328581b9a9b092f1069b9f7679b6f89e52e,289344.42643404007,0.041,1344.385434040043,20,1344.385434040043,resnet50,0.3734403983444564
96149d3ed4f00afb92f12856101e693e93c4683f030ae6ca6ebfbb7ba5a2a345,1cf618f9ee318fecbc31aa059ded8328581b9a9b092f1069b9f7679b6f89e52e,289466.2475819588,0.042,1466.2055819588131,20,1466.2055819588131,resnet50,0.4072793283218925
96149d3ed4f00afb92f12856101e693e93c4683f030ae6ca6ebfbb7ba5a2a345,1cf618f9ee318fecbc31aa059ded8328581b9a9b092f1069b9f7679b6f89e52e,289467.698319912,0.042,1467.6563199119992,20,1467.6563199119992,resnet50,0.4076823110866664
96149d3ed4f00afb92f12856101e693e93c4683f030ae6ca6ebfbb7ba5a2a345,1cf618f9ee318fecbc31aa059ded8328581b9a9b092f1069b9f7679b6f89e52e,289471.6349289417,0.044,1471.5909289417323,20,1471.5909289417323,resnet50,0.4087752580393701
96149d3ed4f00afb92f12856101e693e93c4683f030ae6ca6ebfbb7ba5a2a345,1cf618f9ee318fecbc31aa059ded8328581b9a9b092f1069b9f7679b6f89e52e,289472.91782188416,0.038,1472.8798218841548,20,1472.8798218841548,resnet50,0.40913328385670966
96149d3ed4f00afb92f12856101e693e93c4683f030ae6ca6ebfbb7ba5a2a345,1cf618f9ee318fecbc31aa059ded8328581b9a9b092f1069b9f7679b6f89e52e,289474.1515889168,0.039,1474.1125889167888,20,1474.1125889167888,resnet50,0.40947571914355246
96149d3ed4f00afb92f12856101e693e93c4683f030ae6ca6ebfbb7ba5a2a345,1cf618f9ee318fecbc31aa059ded8328581b9a9b092f1069b9f7679b6f89e52e,289496.18767905235,0.044,1496.1436790523585,20,1496.1436790523585,resnet50,0.4155954664034329
96149d3ed4f00afb92f12856101e693e93c4683f030ae6ca6ebfbb7ba5a2a345,1cf618f9ee318fecbc31aa059ded8328581b9a9b092f1069b9f7679b6f89e52e,289518.6764299869,0.041,1518.635429986869,20,1518.635429986869,resnet50,0.4218431749963525
96149d3ed4f00afb92f12856101e693e93c4683f030ae6ca6ebfbb7ba5a2a345,1cf618f9ee318fecbc31aa059ded8328581b9a9b092f1069b9f7679b6f89e52e,289519.8910300732,0.045,1519.8460300732404,20,1519.8460300732404,resnet50,0.42217945279812236
96149d3ed4f00afb92f12856101e693e93c4683f030ae6ca6ebfbb7ba5a2a345,1cf618f9ee318fecbc31aa059ded8328581b9a9b092f1069b9f7679b6f89e52e,289542.40362906456,0.131,1542.272629064566,20,1542.272629064566,resnet50,0.4284090636290461
96149d3ed4f00afb92f12856101e693e93c4683f030ae6ca6ebfbb7ba5a2a345,1cf618f9ee318fecbc31aa059ded8328581b9a9b092f1069b9f7679b6f89e52e,289544.01925706863,0.08,1543.9392570686177,20,1543.9392570686177,resnet50,0.4288720158523938
96149d3ed4f00afb92f12856101e693e93c4683f030ae6ca6ebfbb7ba5a2a345,1cf618f9ee318fecbc31aa059ded8328581b9a9b092f1069b9f7679b6f89e52e,289545.51954603195,0.043,1545.4765460319468,20,1545.4765460319468,resnet50,0.42929904056442963
96149d3ed4f00afb92f12856101e693e93c4683f030ae6ca6ebfbb7ba5a2a345,1cf618f9ee318fecbc31aa059ded8328581b9a9b092f1069b9f7679b6f89e52e,289546.8542261124,0.044,1546.8102261124295,20,1546.8102261124295,resnet50,0.42966950725345265
96149d3ed4f00afb92f12856101e693e93c4683f030ae6ca6ebfbb7ba5a2a345,1cf618f9ee318fecbc31aa059ded8328581b9a9b092f1069b9f7679b6f89e52e,289548.47412610054,0.052,1548.422126100515,20,1548.422126100515,resnet50,0.43011725725014305
96149d3ed4f00afb92f12856101e693e93c4683f030ae6ca6ebfbb7ba5a2a345,1cf618f9ee318fecbc31aa059ded8328581b9a9b092f1069b9f7679b6f89e52e,289550.0815310478,0.116,1549.965531047841,20,1549.965531047841,resnet50,0.43054598084662254
96149d3ed4f00afb92f12856101e693e93c4683f030ae6ca6ebfbb7ba5a2a345,1cf618f9ee318fecbc31aa059ded8328581b9a9b092f1069b9f7679b6f89e52e,289551.41422891617,0.048,1551.3662289161584,20,1551.3662289161584,resnet50,0.4309350635878218
96149d3ed4f00afb92f12856101e693e93c4683f030ae6ca6ebfbb7ba5a2a345,1cf618f9ee318fecbc31aa059ded8328581b9a9b092f1069b9f7679b6f89e52e,289552.67736291885,0.043,1552.6343629188486,20,1552.6343629188486,resnet50,0.43128732303301354
96149d3ed4f00afb92f12856101e693e93c4683f030ae6ca6ebfbb7ba5a2a345,1cf618f9ee318fecbc31aa059ded8328581b9a9b092f1069b9f7679b6f89e52e,289554.3098421097,0.049,1554.260842109681,20,1554.260842109681,resnet50,0.4317391228082448
96149d3ed4f00afb92f12856101e693e93c4683f030ae6ca6ebfbb7ba5a2a345,1cf618f9ee318fecbc31aa059ded8328581b9a9b092f1069b9f7679b6f89e52e,289555.734167099,0.049,1555.685167099,20,1555.685167099,resnet50,0.4321347686386111
96149d3ed4f00afb92f12856101e693e93c4683f030ae6ca6ebfbb7ba5a2a345,1cf618f9ee318fecbc31aa059ded8328581b9a9b092f1069b9f7679b6f89e52e,289566.7031509876,0.043,1566.66015098762,20,1566.66015098762,resnet50,0.43518337527433887
96149d3ed4f00afb92f12856101e693e93c4683f030ae6ca6ebfbb7ba5a2a345,1cf618f9ee318fecbc31aa059ded8328581b9a9b092f1069b9f7679b6f89e52e,289568.491697073,0.047,1568.4446970729623,20,1568.4446970729623,resnet50,0.4356790825202673
96149d3ed4f00afb92f12856101e693e93c4683f030ae6ca6ebfbb7ba5a2a345,1cf618f9ee318fecbc31aa059ded8328581b9a9b092f1069b9f7679b6f89e52e,289569.7559759617,0.045,1569.7109759617015,20,1569.7109759617015,resnet50,0.4360308266560282
96149d3ed4f00afb92f12856101e693e93c4683f030ae6ca6ebfbb7ba5a2a345,1cf618f9ee318fecbc31aa059ded8328581b9a9b092f1069b9f7679b6f89e52e,289579.07730698586,0.044,1579.0333069858607,20,1579.0333069858607,resnet50,0.438620363051628
96149d3ed4f00afb92f12856101e693e93c4683f030ae6ca6ebfbb7ba5a2a345,1cf618f9ee318fecbc31aa059ded8328581b9a9b092f1069b9f7679b6f89e52e,289581.782738924,0.046,1581.7367389240535,20,1581.7367389240535,resnet50,0.43937131636779264
96149d3ed4f00afb92f12856101e693e93c4683f030ae6ca6ebfbb7ba5a2a345,1cf618f9ee318fecbc31aa059ded8328581b9a9b092f1069b9f7679b6f89e52e,289586.3068869114,0.042,1586.2648869113764,20,1586.2648869113764,resnet50,0.4406291352531601
96149d3ed4f00afb92f12856101e693e93c4683f030ae6ca6ebfbb7ba5a2a345,1cf618f9ee318fecbc31aa059ded8328581b9a9b092f1069b9f7679b6f89e52e,289587.5450820923,0.046,1587.4990820923122,20,1587.4990820923122,resnet50,0.44097196724786447
96149d3ed4f00afb92f12856101e693e93c4683f030ae6ca6ebfbb7ba5a2a345,1cf618f9ee318fecbc31aa059ded8328581b9a9b092f1069b9f7679b6f89e52e,289589.4490609169,0.045,1589.404060916917,20,1589.404060916917,resnet50,0.44150112803247693
96149d3ed4f00afb92f12856101e693e93c4683f030ae6ca6ebfbb7ba5a2a345,1cf618f9ee318fecbc31aa059ded8328581b9a9b092f1069b9f7679b6f89e52e,289590.8832709789,0.045,1590.838270978944,20,1590.838270978944,resnet50,0.4418995197163733
96149d3ed4f00afb92f12856101e693e93c4683f030ae6ca6ebfbb7ba5a2a345,1cf618f9ee318fecbc31aa059ded8328581b9a9b092f1069b9f7679b6f89e52e,289592.1555719376,0.042,1592.1135719376034,20,1592.1135719376034,resnet50,0.44225376998266763
96149d3ed4f00afb92f12856101e693e93c4683f030ae6ca6ebfbb7ba5a2a345,1cf618f9ee318fecbc31aa059ded8328581b9a9b092f1069b9f7679b6f89e52e,289593.8181490898,0.046,1593.7721490898402,20,1593.7721490898402,resnet50,0.44271448585828893
96149d3ed4f00afb92f12856101e693e93c4683f030ae6ca6ebfbb7ba5a2a345,1cf618f9ee318fecbc31aa059ded8328581b9a9b092f1069b9f7679b6f89e52e,289595.1070389748,0.044,1595.0630389748258,20,1595.0630389748258,resnet50,0.44307306638189603
96149d3ed4f00afb92f12856101e693e93c4683f030ae6ca6ebfbb7ba5a2a345,1cf618f9ee318fecbc31aa059ded8328581b9a9b092f1069b9f7679b6f89e52e,289596.703097105,0.055,1596.6480971050332,20,1596.6480971050332,resnet50,0.44351336030695365
96149d3ed4f00afb92f12856101e693e93c4683f030ae6ca6ebfbb7ba5a2a345,1cf618f9ee318fecbc31aa059ded8328581b9a9b092f1069b9f7679b6f89e52e,289599.6220788956,0.052,1599.570078895602,20,1599.570078895602,resnet50,0.444325021915445
96149d3ed4f00afb92f12856101e693e93c4683f030ae6ca6ebfbb7ba5a2a345,1cf618f9ee318fecbc31aa059ded8328581b9a9b092f1069b9f7679b6f89e52e,289605.8355669975,0.047,1605.7885669975076,20,1605.7885669975076,resnet50,0.4460523797215299
96149d3ed4f00afb92f12856101e693e93c4683f030ae6ca6ebfbb7ba5a2a345,1cf618f9ee318fecbc31aa059ded8328581b9a9b092f1069b9f7679b6f89e52e,289607.36148905754,0.044,1607.3174890575465,20,1607.3174890575465,resnet50,0.44647708029376293
96149d3ed4f00afb92f12856101e693e93c4683f030ae6ca6ebfbb7ba5a2a345,1cf618f9ee318fecbc31aa059ded8328581b9a9b092f1069b9f7679b6f89e52e,289609.22874188423,0.044,1609.1847418842372,20,1609.1847418842372,resnet50,0.4469957616345103
96149d3ed4f00afb92f12856101e693e93c4683f030ae6ca6ebfbb7ba5a2a345,1cf618f9ee318fecbc31aa059ded8328581b9a9b092f1069b9f7679b6f89e52e,289620.4292809963,0.042,1620.3872809963068,20,1620.3872809963068,resnet50,0.45010757805452967
96149d3ed4f00afb92f12856101e693e93c4683f030ae6ca6ebfbb7ba5a2a345,1cf618f9ee318fecbc31aa059ded8328581b9a9b092f1069b9f7679b6f89e52e,289621.8847711086,0.048,1621.8367711086175,20,1621.8367711086175,resnet50,0.45051021419683823
96149d3ed4f00afb92f12856101e693e93c4683f030ae6ca6ebfbb7ba5a2a345,1cf618f9ee318fecbc31aa059ded8328581b9a9b092f1069b9f7679b6f89e52e,289623.40982198715,0.043,1623.366821987147,20,1623.366821987147,resnet50,0.45093522832976307
96149d3ed4f00afb92f12856101e693e93c4683f030ae6ca6ebfbb7ba5a2a345,1cf618f9ee318fecbc31aa059ded8328581b9a9b092f1069b9f7679b6f89e52e,289624.9485869408,0.045,1624.90358694084,20,1624.90358694084,resnet50,0.45136210748356664
96149d3ed4f00afb92f12856101e693e93c4683f030ae6ca6ebfbb7ba5a2a345,1cf618f9ee318fecbc31aa059ded8328581b9a9b092f1069b9f7679b6f89e52e,289626.4205560684,0.046,1626.3745560684474,20,1626.3745560684474,resnet50,0.45177071001901314
96149d3ed4f00afb92f12856101e693e93c4683f030ae6ca6ebfbb7ba5a2a345,1cf618f9ee318fecbc31aa059ded8328581b9a9b092f1069b9f7679b6f89e52e,289628.1385319233,0.043,1628.095531923289,20,1628.095531923289,resnet50,0.45224875886758026
96149d3ed4f00afb92f12856101e693e93c4683f030ae6ca6ebfbb7ba5a2a345,1cf618f9ee318fecbc31aa059ded8328581b9a9b092f1069b9f7679b6f89e52e,289629.6753060818,0.043,1629.6323060817667,20,1629.6323060817667,resnet50,0.45267564057826853
96149d3ed4f00afb92f12856101e693e93c4683f030ae6ca6ebfbb7ba5a2a345,1cf618f9ee318fecbc31aa059ded8328581b9a9b092f1069b9f7679b6f89e52e,289631.4204070568,0.044,1631.376407056814,20,1631.376407056814,resnet50,0.45316011307133724
96149d3ed4f00afb92f12856101e693e93c4683f030ae6ca6ebfbb7ba5a2a345,1cf618f9ee318fecbc31aa059ded8328581b9a9b092f1069b9f7679b6f89e52e,289634.7490119934,0.045,1634.7040119934245,20,1634.7040119934245,resnet50,0.45408444777595125
96149d3ed4f00afb92f12856101e693e93c4683f030ae6ca6ebfbb7ba5a2a345,1cf618f9ee318fecbc31aa059ded8328581b9a9b092f1069b9f7679b6f89e52e,289639.3698859215,0.045,1639.3248859214946,20,1639.3248859214946,resnet50,0.4553680238670818
96149d3ed4f00afb92f12856101e693e93c4683f030ae6ca6ebfbb7ba5a2a345,1cf618f9ee318fecbc31aa059ded8328581b9a9b092f1069b9f7679b6f89e52e,289640.6730289459,0.045,1640.6280289459391,20,1640.6280289459391,resnet50,0.45573000804053865
96149d3ed4f00afb92f12856101e693e93c4683f030ae6ca6ebfbb7ba5a2a345,1cf618f9ee318fecbc31aa059ded8328581b9a9b092f1069b9f7679b6f89e52e,289647.74934601784,0.043,1647.7063460178324,20,1647.7063460178324,resnet50,0.4576962072271757
96149d3ed4f00afb92f12856101e693e93c4683f030ae6ca6ebfbb7ba5a2a345,1cf618f9ee318fecbc31aa059ded8328581b9a9b092f1069b9f7679b6f89e52e,289648.72774100304,0.045,1648.6827410030528,20,1648.6827410030528,resnet50,0.45796742805640356
96149d3ed4f00afb92f12856101e693e93c4683f030ae6ca6ebfbb7ba5a2a345,1cf618f9ee318fecbc31aa059ded8328581b9a9b092f1069b9f7679b6f89e52e,289649.315253973,0.043,1649.272253973002,20,1649.272253973002,resnet50,0.4581311816591672
96149d3ed4f00afb92f12856101e693e93c4683f030ae6ca6ebfbb7ba5a2a345,1cf618f9ee318fecbc31aa059ded8328581b9a9b092f1069b9f7679b6f89e52e,289655.895704031,0.042,1655.8537040309748,20,1655.8537040309748,resnet50,0.45995936223082634
96149d3ed4f00afb92f12856101e693e93c4683f030ae6ca6ebfbb7ba5a2a345,1cf618f9ee318fecbc31aa059ded8328581b9a9b092f1069b9f7679b6f89e52e,289657.5929019451,0.043,1657.549901945109,20,1657.549901945109,resnet50,0.46043052831808584
96149d3ed4f00afb92f12856101e693e93c4683f030ae6ca6ebfbb7ba5a2a345,1cf618f9ee318fecbc31aa059ded8328581b9a9b092f1069b9f7679b6f89e52e,289659.11898708344,0.047,1659.0719870834146,20,1659.0719870834146,resnet50,0.46085332974539295
96149d3ed4f00afb92f12856101e693e93c4683f030ae6ca6ebfbb7ba5a2a345,1cf618f9ee318fecbc31aa059ded8328581b9a9b092f1069b9f7679b6f89e52e,289660.76774811745,0.047,1660.7207481174264,20,1660.7207481174264,resnet50,0.46131131892150734
96149d3ed4f00afb92f12856101e693e93c4683f030ae6ca6ebfbb7ba5a2a345,1cf618f9ee318fecbc31aa059ded8328581b9a9b092f1069b9f7679b6f89e52e,289662.4169089794,0.042,1662.3749089794,20,1662.3749089794,resnet50,0.46177080804983334
96149d3ed4f00afb92f12856101e693e93c4683f030ae6ca6ebfbb7ba5a2a345,1cf618f9ee318fecbc31aa059ded8328581b9a9b092f1069b9f7679b6f89e52e,289663.8055000305,0.045,1663.7605000305339,20,1663.7605000305339,resnet50,0.4621556944529261
96149d3ed4f00afb92f12856101e693e93c4683f030ae6ca6ebfbb7ba5a2a345,1cf618f9ee318fecbc31aa059ded8328581b9a9b092f1069b9f7679b6f89e52e,289665.5586218834,0.042,1665.5166218833765,20,1665.5166218833765,resnet50,0.4626435060787157
96149d3ed4f00afb92f12856101e693e93c4683f030ae6ca6ebfbb7ba5a2a345,1cf618f9ee318fecbc31aa059ded8328581b9a9b092f1069b9f7679b6f89e52e,289669.5010550022,0.05,1669.4510550022242,20,1669.4510550022242,resnet50,0.4637364041672845
96149d3ed4f00afb92f12856101e693e93c4683f030ae6ca6ebfbb7ba5a2a345,1cf618f9ee318fecbc31aa059ded8328581b9a9b092f1069b9f7679b6f89e52e,289671.09451293945,0.044,1671.0505129394587,20,1671.0505129394587,resnet50,0.4641806980387385
96149d3ed4f00afb92f12856101e693e93c4683f030ae6ca6ebfbb7ba5a2a345,1cf618f9ee318fecbc31aa059ded8328581b9a9b092f1069b9f7679b6f89e52e,289671.92620801926,0.044,1671.8822080192622,20,1671.8822080192622,resnet50,0.46441172444979506
96149d3ed4f00afb92f12856101e693e93c4683f030ae6ca6ebfbb7ba5a2a345,1cf618f9ee318fecbc31aa059ded8328581b9a9b092f1069b9f7679b6f89e52e,289673.1221470833,0.048,1673.0741470832727,20,1673.0741470832727,resnet50,0.46474281863424244
96149d3ed4f00afb92f12856101e693e93c4683f030ae6ca6ebfbb7ba5a2a345,1cf618f9ee318fecbc31aa059ded8328581b9a9b092f1069b9f7679b6f89e52e,289678.7810740471,0.038,1678.7430740470882,20,1678.7430740470882,resnet50,0.4663175205686356
96149d3ed4f00afb92f12856101e693e93c4683f030ae6ca6ebfbb7ba5a2a345,1cf618f9ee318fecbc31aa059ded8328581b9a9b092f1069b9f7679b6f89e52e,289679.70811009407,0.047,1679.66111009405,20,1679.66111009405,resnet50,0.4665725305816805
96149d3ed4f00afb92f12856101e693e93c4683f030ae6ca6ebfbb7ba5a2a345,1cf618f9ee318fecbc31aa059ded8328581b9a9b092f1069b9f7679b6f89e52e,289680.7441549301,0.039,1680.705154930125,20,1680.705154930125,resnet50,0.4668625430361458
96149d3ed4f00afb92f12856101e693e93c4683f030ae6ca6ebfbb7ba5a2a345,1cf618f9ee318fecbc31aa059ded8328581b9a9b092f1069b9f7679b6f89e52e,289683.92849588394,0.038,1683.8904958839412,20,1683.8904958839412,resnet50,0.46774735996776146
96149d3ed4f00afb92f12856101e693e93c4683f030ae6ca6ebfbb7ba5a2a345,1cf618f9ee318fecbc31aa059ded8328581b9a9b092f1069b9f7679b6f89e52e,289685.29926395416,0.043,1685.2562639541575,20,1685.2562639541575,resnet50,0.46812673998726595
96149d3ed4f00afb92f12856101e693e93c4683f030ae6ca6ebfbb7ba5a2a345,1cf618f9ee318fecbc31aa059ded8328581b9a9b092f1069b9f7679b6f89e52e,289688.2148389816,0.039,1688.1758389816387,20,1688.1758389816387,resnet50,0.46893773305045516
96149d3ed4f00afb92f12856101e693e93c4683f030ae6ca6ebfbb7ba5a2a345,1cf618f9ee318fecbc31aa059ded8328581b9a9b092f1069b9f7679b6f89e52e,289692.6468369961,0.037,1692.6098369960673,20,1692.6098369960673,resnet50,0.47016939916557426
96149d3ed4f00afb92f12856101e693e93c4683f030ae6ca6ebfbb7ba5a2a345,1cf618f9ee318fecbc31aa059ded8328581b9a9b092f1069b9f7679b6f89e52e,289696.5308279991,0.038,1696.4928279991145,20,1696.4928279991145,resnet50,0.4712480077775318
96149d3ed4f00afb92f12856101e693e93c4683f030ae6ca6ebfbb7ba5a2a345,1cf618f9ee318fecbc31aa059ded8328581b9a9b092f1069b9f7679b6f89e52e,289698.0091280937,0.042,1697.9671280937036,20,1697.9671280937036,resnet50,0.47165753558158435
96149d3ed4f00afb92f12856101e693e93c4683f030ae6ca6ebfbb7ba5a2a345,1cf618f9ee318fecbc31aa059ded8328581b9a9b092f1069b9f7679b6f89e52e,289699.2654519081,0.039,1699.2264519081218,20,1699.2264519081218,resnet50,0.47200734775225606
96149d3ed4f00afb92f12856101e693e93c4683f030ae6ca6ebfbb7ba5a2a345,1cf618f9ee318fecbc31aa059ded8328581b9a9b092f1069b9f7679b6f89e52e,289700.66466999054,0.038,1700.626669990539,20,1700.626669990539,resnet50,0.4723962972195942
96149d3ed4f00afb92f12856101e693e93c4683f030ae6ca6ebfbb7ba5a2a345,1cf618f9ee318fecbc31aa059ded8328581b9a9b092f1069b9f7679b6f89e52e,289702.4479510784,0.039,1702.4089510784252,20,1702.4089510784252,resnet50,0.47289137529956254
96149d3ed4f00afb92f12856101e693e93c4683f030ae6ca6ebfbb7ba5a2a345,1cf618f9ee318fecbc31aa059ded8328581b9a9b092f1069b9f7679b6f89e52e,289703.9017510414,0.043,1703.8587510414072,20,1703.8587510414072,resnet50,0.47329409751150203
96149d3ed4f00afb92f12856101e693e93c4683f030ae6ca6ebfbb7ba5a2a345,1cf618f9ee318fecbc31aa059ded8328581b9a9b092f1069b9f7679b6f89e52e,289711.8856530189,0.038,1711.8476530188927,20,1711.8476530188927,resnet50,0.47551323694969244
96149d3ed4f00afb92f12856101e693e93c4683f030ae6ca6ebfbb7ba5a2a345,1cf618f9ee318fecbc31aa059ded8328581b9a9b092f1069b9f7679b6f89e52e,289713.33980202675,0.037,1713.3028020267375,20,1713.3028020267375,resnet50,0.47591744500742705
96149d3ed4f00afb92f12856101e693e93c4683f030ae6ca6ebfbb7ba5a2a345,1cf618f9ee318fecbc31aa059ded8328581b9a9b092f1069b9f7679b6f89e52e,289715.0821990967,0.047,1715.0351990966592,20,1715.0351990966592,resnet50,0.4763986664157387
96149d3ed4f00afb92f12856101e693e93c4683f030ae6ca6ebfbb7ba5a2a345,1cf618f9ee318fecbc31aa059ded8328581b9a9b092f1069b9f7679b6f89e52e,289716.9347400665,0.039,1716.8957400665386,20,1716.8957400665386,resnet50,0.47691548335181627
96149d3ed4f00afb92f12856101e693e93c4683f030ae6ca6ebfbb7ba5a2a345,1cf618f9ee318fecbc31aa059ded8328581b9a9b092f1069b9f7679b6f89e52e,289718.8473610878,0.041,1718.8063610877725,20,1718.8063610877725,resnet50,0.47744621141327015
96149d3ed4f00afb92f12856101e693e93c4683f030ae6ca6ebfbb7ba5a2a345,1cf618f9ee318fecbc31aa059ded8328581b9a9b092f1069b9f7679b6f89e52e,289720.5827291012,0.038,1720.5447291011806,20,1720.5447291011806,resnet50,0.4779290914169946
96149d3ed4f00afb92f12856101e693e93c4683f030ae6ca6ebfbb7ba5a2a345,1cf618f9ee318fecbc31aa059ded8328581b9a9b092f1069b9f7679b6f89e52e,289739.4960119724,0.042,1739.4540119724115,20,1739.4540119724115,resnet50,0.4831816699923365
96149d3ed4f00afb92f12856101e693e93c4683f030ae6ca6ebfbb7ba5a2a345,1cf618f9ee318fecbc31aa059ded8328581b9a9b092f1069b9f7679b6f89e52e,289741.281799078,0.039,1741.242799077998,20,1741.242799077998,resnet50,0.48367855529944387
96149d3ed4f00afb92f12856101e693e93c4683f030ae6ca6ebfbb7ba5a2a345,1cf618f9ee318fecbc31aa059ded8328581b9a9b092f1069b9f7679b6f89e52e,289742.749958992,0.04,1742.7099589920253,20,1742.7099589920253,resnet50,0.48408609972000705
96149d3ed4f00afb92f12856101e693e93c4683f030ae6ca6ebfbb7ba5a2a345,1cf618f9ee318fecbc31aa059ded8328581b9a9b092f1069b9f7679b6f89e52e,289744.4471769333,0.043,1744.4041769332835,20,1744.4041769332835,resnet50,0.484556715814801
96149d3ed4f00afb92f12856101e693e93c4683f030ae6ca6ebfbb7ba5a2a345,1cf618f9ee318fecbc31aa059ded8328581b9a9b092f1069b9f7679b6f89e52e,289746.06682896614,0.044,1746.0228289661463,20,1746.0228289661463,resnet50,0.4850063413794851
96149d3ed4f00afb92f12856101e693e93c4683f030ae6ca6ebfbb7ba5a2a345,1cf618f9ee318fecbc31aa059ded8328581b9a9b092f1069b9f7679b6f89e52e,289747.4958410263,0.039,1747.4568410263164,20,1747.4568410263164,resnet50,0.4854046780628657
96149d3ed4f00afb92f12856101e693e93c4683f030ae6ca6ebfbb7ba5a2a345,1cf618f9ee318fecbc31aa059ded8328581b9a9b092f1069b9f7679b6f89e52e,289749.1071989536,0.041,1749.066198953602,20,1749.066198953602,resnet50,0.4858517219315561
96149d3ed4f00afb92f12856101e693e93c4683f030ae6ca6ebfbb7ba5a2a345,1cf618f9ee318fecbc31aa059ded8328581b9a9b092f1069b9f7679b6f89e52e,289779.3023779392,0.041,1779.2613779391977,20,1779.2613779391977,resnet50,0.49423927164977716
96149d3ed4f00afb92f12856101e693e93c4683f030ae6ca6ebfbb7ba5a2a345,1cf618f9ee318fecbc31aa059ded8328581b9a9b092f1069b9f7679b6f89e52e,289792.52742791176,0.039,1792.4884279117687,20,1792.4884279117687,resnet50,0.49791345219771355
96149d3ed4f00afb92f12856101e693e93c4683f030ae6ca6ebfbb7ba5a2a345,1cf618f9ee318fecbc31aa059ded8328581b9a9b092f1069b9f7679b6f89e52e,290235.28480196,0.141,2235.143801959988,20,2235.143801959988,resnet50,0.620873278322219
96149d3ed4f00afb92f12856101e693e93c4683f030ae6ca6ebfbb7ba5a2a345,1cf618f9ee318fecbc31aa059ded8328581b9a9b092f1069b9f7679b6f89e52e,290237.7804610729,0.011,2237.769461072923,20,2237.769461072923,resnet50,0.621602628075812
96149d3ed4f00afb92f12856101e693e93c4683f030ae6ca6ebfbb7ba5a2a345,1cf618f9ee318fecbc31aa059ded8328581b9a9b092f1069b9f7679b6f89e52e,290300.2920320034,0.01,2300.2820320033934,20,2300.2820320033934,resnet50,0.6389672311120537
96149d3ed4f00afb92f12856101e693e93c4683f030ae6ca6ebfbb7ba5a2a345,1cf618f9ee318fecbc31aa059ded8328581b9a9b092f1069b9f7679b6f89e52e,290301.63856601715,0.01,2301.6285660171416,20,2301.6285660171416,resnet50,0.6393412683380949
96149d3ed4f00afb92f12856101e693e93c4683f030ae6ca6ebfbb7ba5a2a345,1cf618f9ee318fecbc31aa059ded8328581b9a9b092f1069b9f7679b6f89e52e,290314.2738831043,0.015,2314.2588831043104,20,2314.2588831043104,resnet50,0.6428496897511973
96149d3ed4f00afb92f12856101e693e93c4683f030ae6ca6ebfbb7ba5a2a345,1cf618f9ee318fecbc31aa059ded8328581b9a9b092f1069b9f7679b6f89e52e,290315.64413809776,0.011,2315.6331380977645,20,2315.6331380977645,resnet50,0.643231427249379
96149d3ed4f00afb92f12856101e693e93c4683f030ae6ca6ebfbb7ba5a2a345,1cf618f9ee318fecbc31aa059ded8328581b9a9b092f1069b9f7679b6f89e52e,290318.2919809818,0.012,2318.279980981839,20,2318.279980981839,resnet50,0.6439666613838442
96149d3ed4f00afb92f12856101e693e93c4683f030ae6ca6ebfbb7ba5a2a345,1cf618f9ee318fecbc31aa059ded8328581b9a9b092f1069b9f7679b6f89e52e,290319.6864900589,0.01,2319.6764900588896,20,2319.6764900588896,resnet50,0.6443545805719137
96149d3ed4f00afb92f12856101e693e93c4683f030ae6ca6ebfbb7ba5a2a345,1cf618f9ee318fecbc31aa059ded8328581b9a9b092f1069b9f7679b6f89e52e,290320.959348917,0.012,2320.9473489170196,20,2320.9473489170196,resnet50,0.6447075969213943
96149d3ed4f00afb92f12856101e693e93c4683f030ae6ca6ebfbb7ba5a2a345,1cf618f9ee318fecbc31aa059ded8328581b9a9b092f1069b9f7679b6f89e52e,290322.4179019928,0.015,2322.402901992784,20,2322.402901992784,resnet50,0.6451119172202178
96149d3ed4f00afb92f12856101e693e93c4683f030ae6ca6ebfbb7ba5a2a345,1cf618f9ee318fecbc31aa059ded8328581b9a9b092f1069b9f7679b6f89e52e,290323.655258894,0.01,2323.6452588940156,20,2323.6452588940156,resnet50,0.6454570163594487
96149d3ed4f00afb92f12856101e693e93c4683f030ae6ca6ebfbb7ba5a2a345,1cf618f9ee318fecbc31aa059ded8328581b9a9b092f1069b9f7679b6f89e52e,290330.5112569332,0.01,2330.501256933203,20,2330.501256933203,resnet50,0.647361460259223
96149d3ed4f00afb92f12856101e693e93c4683f030ae6ca6ebfbb7ba5a2a345,1cf618f9ee318fecbc31aa059ded8328581b9a9b092f1069b9f7679b6f89e52e,290596.7573699951,0.065,2596.692369995115,20,2596.692369995115,resnet50,0.7213034361097541
96149d3ed4f00afb92f12856101e693e93c4683f030ae6ca6ebfbb7ba5a2a345,1cf618f9ee318fecbc31aa059ded8328581b9a9b092f1069b9f7679b6f89e52e,292818.488656044,0.173,4818.315656043997,20,4818.315656043997,resnet50,1.338421015567777
96149d3ed4f00afb92f12856101e693e93c4683f030ae6ca6ebfbb7ba5a2a345,1cf618f9ee318fecbc31aa059ded8328581b9a9b092f1069b9f7679b6f89e52e,294250.25593709946,0.077,6250.178937099467,20,6250.178937099467,resnet50,1.736160815860963
96149d3ed4f00afb92f12856101e693e93c4683f030ae6ca6ebfbb7ba5a2a345,1cf618f9ee318fecbc31aa059ded8328581b9a9b092f1069b9f7679b6f89e52e,294662.955288887,0.011,6662.944288887025,20,6662.944288887025,resnet50,1.8508178580241736
96149d3ed4f00afb92f12856101e693e93c4683f030ae6ca6ebfbb7ba5a2a345,1cf618f9ee318fecbc31aa059ded8328581b9a9b092f1069b9f7679b6f89e52e,294775.0172820091,0.01,6775.007282009115,20,6775.007282009115,resnet50,1.8819464672247543
96149d3ed4f00afb92f12856101e693e93c4683f030ae6ca6ebfbb7ba5a2a345,1cf618f9ee318fecbc31aa059ded8328581b9a9b092f1069b9f7679b6f89e52e,294897.1497271061,0.012,6897.1377271061065,20,6897.1377271061065,resnet50,1.9158715908628074
96149d3ed4f00afb92f12856101e693e93c4683f030ae6ca6ebfbb7ba5a2a345,1cf618f9ee318fecbc31aa059ded8328581b9a9b092f1069b9f7679b6f89e52e,294956.9356350899,0.014,6956.92163508985,20,6956.92163508985,resnet50,1.9324782319694027
96149d3ed4f00afb92f12856101e693e93c4683f030ae6ca6ebfbb7ba5a2a345,1cf618f9ee318fecbc31aa059ded8328581b9a9b092f1069b9f7679b6f89e52e,295171.7021739483,0.041,7171.661173948261,20,7171.661173948261,resnet50,1.992128103874517
96149d3ed4f00afb92f12856101e693e93c4683f030ae6ca6ebfbb7ba5a2a345,1cf618f9ee318fecbc31aa059ded8328581b9a9b092f1069b9f7679b6f89e52e,300285.8560049534,0.125,12285.731004953384,20,12285.731004953384,resnet50,3.4127030569314956
96149d3ed4f00afb92f12856101e693e93c4683f030ae6ca6ebfbb7ba5a2a345,1cf618f9ee318fecbc31aa059ded8328581b9a9b092f1069b9f7679b6f89e52e,300476.40956902504,0.04,12476.36956902506,20,12476.36956902506,resnet50,3.4656582136180725
96149d3ed4f00afb92f12856101e693e93c4683f030ae6ca6ebfbb7ba5a2a345,1cf618f9ee318fecbc31aa059ded8328581b9a9b092f1069b9f7679b6f89e52e,300479.4756169319,0.039,12479.436616931926,20,12479.436616931926,resnet50,3.4665101713699795
96149d3ed4f00afb92f12856101e693e93c4683f030ae6ca6ebfbb7ba5a2a345,1cf618f9ee318fecbc31aa059ded8328581b9a9b092f1069b9f7679b6f89e52e,300488.9914660454,0.041,12488.950466045353,20,12488.950466045353,resnet50,3.4691529072348204
96149d3ed4f00afb92f12856101e693e93c4683f030ae6ca6ebfbb7ba5a2a345,1cf618f9ee318fecbc31aa059ded8328581b9a9b092f1069b9f7679b6f89e52e,300498.898788929,0.043,12498.85578892898,20,12498.85578892898,resnet50,3.471904385813606
96149d3ed4f00afb92f12856101e693e93c4683f030ae6ca6ebfbb7ba5a2a345,1cf618f9ee318fecbc31aa059ded8328581b9a9b092f1069b9f7679b6f89e52e,300570.19228196144,0.045,12570.147281961457,20,12570.147281961457,resnet50,3.491707578322627
96149d3ed4f00afb92f12856101e693e93c4683f030ae6ca6ebfbb7ba5a2a345,1cf618f9ee318fecbc31aa059ded8328581b9a9b092f1069b9f7679b6f89e52e,300651.1179380417,0.042,12651.075938041671,20,12651.075938041671,resnet50,3.514187760567131
96149d3ed4f00afb92f12856101e693e93c4683f030ae6ca6ebfbb7ba5a2a345,1cf618f9ee318fecbc31aa059ded8328581b9a9b092f1069b9f7679b6f89e52e,300690.50613188744,0.038,12690.468131887435,20,12690.468131887435,resnet50,3.5251300366353986
96149d3ed4f00afb92f12856101e693e93c4683f030ae6ca6ebfbb7ba5a2a345,1cf618f9ee318fecbc31aa059ded8328581b9a9b092f1069b9f7679b6f89e52e,300717.69111800194,0.039,12717.652118001948,20,12717.652118001948,resnet50,3.53268114388943
96149d3ed4f00afb92f12856101e693e93c4683f030ae6ca6ebfbb7ba5a2a345,1cf618f9ee318fecbc31aa059ded8328581b9a9b092f1069b9f7679b6f89e52e,300742.56720995903,0.058,12742.509209959011,20,12742.509209959011,resnet50,3.539585891655281
96149d3ed4f00afb92f12856101e693e93c4683f030ae6ca6ebfbb7ba5a2a345,1cf618f9ee318fecbc31aa059ded8328581b9a9b092f1069b9f7679b6f89e52e,300746.31394290924,0.041,12746.272942909214,20,12746.272942909214,resnet50,3.540631373030337
96149d3ed4f00afb92f12856101e693e93c4683f030ae6ca6ebfbb7ba5a2a345,1cf618f9ee318fecbc31aa059ded8328581b9a9b092f1069b9f7679b6f89e52e,300757.85581707954,0.039,12757.816817079554,20,12757.816817079554,resnet50,3.5438380047443205
96149d3ed4f00afb92f12856101e693e93c4683f030ae6ca6ebfbb7ba5a2a345,1cf618f9ee318fecbc31aa059ded8328581b9a9b092f1069b9f7679b6f89e52e,300789.4780859947,0.039,12789.43908599473,20,12789.43908599473,resnet50,3.5526219683318696
96149d3ed4f00afb92f12856101e693e93c4683f030ae6ca6ebfbb7ba5a2a345,1cf618f9ee318fecbc31aa059ded8328581b9a9b092f1069b9f7679b6f89e52e,300914.1452031136,0.048,12914.097203113604,20,12914.097203113604,resnet50,3.5872492230871122
96149d3ed4f00afb92f12856101e693e93c4683f030ae6ca6ebfbb7ba5a2a345,1cf618f9ee318fecbc31aa059ded8328581b9a9b092f1069b9f7679b6f89e52e,300975.87906193733,0.043,12975.836061937327,20,12975.836061937327,resnet50,3.604398906093702
96149d3ed4f00afb92f12856101e693e93c4683f030ae6ca6ebfbb7ba5a2a345,1cf618f9ee318fecbc31aa059ded8328581b9a9b092f1069b9f7679b6f89e52e,301004.0804960728,0.039,13004.041496072838,20,13004.041496072838,resnet50,3.6122337489091216
96149d3ed4f00afb92f12856101e693e93c4683f030ae6ca6ebfbb7ba5a2a345,1cf618f9ee318fecbc31aa059ded8328581b9a9b092f1069b9f7679b6f89e52e,301005.8977320194,0.044,13005.85373201943,20,13005.85373201943,resnet50,3.612737147783175
96149d3ed4f00afb92f12856101e693e93c4683f030ae6ca6ebfbb7ba5a2a345,1cf618f9ee318fecbc31aa059ded8328581b9a9b092f1069b9f7679b6f89e52e,301006.0662269592,0.039,13006.027226959239,20,13006.027226959239,resnet50,3.6127853408220107
96149d3ed4f00afb92f12856101e693e93c4683f030ae6ca6ebfbb7ba5a2a345,1cf618f9ee318fecbc31aa059ded8328581b9a9b092f1069b9f7679b6f89e52e,301228.57310009,0.039,13228.534100090037,20,13228.534100090037,resnet50,3.674592805580566
96149d3ed4f00afb92f12856101e693e93c4683f030ae6ca6ebfbb7ba5a2a345,1cf618f9ee318fecbc31aa059ded8328581b9a9b092f1069b9f7679b6f89e52e,301242.9511630535,0.039,13242.912163053523,20,13242.912163053523,resnet50,3.678586711959312
96149d3ed4f00afb92f12856101e693e93c4683f030ae6ca6ebfbb7ba5a2a345,1cf618f9ee318fecbc31aa059ded8328581b9a9b092f1069b9f7679b6f89e52e,301386.0388829708,0.044,13385.994882970816,20,13385.994882970816,resnet50,3.7183319119363376
96149d3ed4f00afb92f12856101e693e93c4683f030ae6ca6ebfbb7ba5a2a345,1cf618f9ee318fecbc31aa059ded8328581b9a9b092f1069b9f7679b6f89e52e,301388.67271208763,0.064,13388.608712087618,20,13388.608712087618,resnet50,3.719057975579894
96149d3ed4f00afb92f12856101e693e93c4683f030ae6ca6ebfbb7ba5a2a345,1cf618f9ee318fecbc31aa059ded8328581b9a9b092f1069b9f7679b6f89e52e,301425.0109870434,0.038,13424.97298704338,20,13424.97298704338,resnet50,3.7291591630676058
96149d3ed4f00afb92f12856101e693e93c4683f030ae6ca6ebfbb7ba5a2a345,1cf618f9ee318fecbc31aa059ded8328581b9a9b092f1069b9f7679b6f89e52e,301452.4686989784,0.04,13452.428698978445,20,13452.428698978445,resnet50,3.7367857497162347
96149d3ed4f00afb92f12856101e693e93c4683f030ae6ca6ebfbb7ba5a2a345,1cf618f9ee318fecbc31aa059ded8328581b9a9b092f1069b9f7679b6f89e52e,301632.5939629078,0.039,13632.554962907801,20,13632.554962907801,resnet50,3.7868208230299447
96149d3ed4f00afb92f12856101e693e93c4683f030ae6ca6ebfbb7ba5a2a345,1cf618f9ee318fecbc31aa059ded8328581b9a9b092f1069b9f7679b6f89e52e,301661.717222929,0.039,13661.678222929011,20,13661.678222929011,resnet50,3.794910617480281
96149d3ed4f00afb92f12856101e693e93c4683f030ae6ca6ebfbb7ba5a2a345,1cf618f9ee318fecbc31aa059ded8328581b9a9b092f1069b9f7679b6f89e52e,301662.1354188919,0.044,13662.091418891912,20,13662.091418891912,resnet50,3.7950253941366423
96149d3ed4f00afb92f12856101e693e93c4683f030ae6ca6ebfbb7ba5a2a345,1cf618f9ee318fecbc31aa059ded8328581b9a9b092f1069b9f7679b6f89e52e,301664.5216729641,0.038,13664.483672964096,20,13664.483672964096,resnet50,3.7956899091566934
96149d3ed4f00afb92f12856101e693e93c4683f030ae6ca6ebfbb7ba5a2a345,1cf618f9ee318fecbc31aa059ded8328581b9a9b092f1069b9f7679b6f89e52e,301989.0062420368,0.037,13988.969242036808,20,13988.969242036808,resnet50,3.885824789454669
96149d3ed4f00afb92f12856101e693e93c4683f030ae6ca6ebfbb7ba5a2a345,1cf618f9ee318fecbc31aa059ded8328581b9a9b092f1069b9f7679b6f89e52e,302028.9406580925,0.038,14028.902658092498,20,14028.902658092498,resnet50,3.896917405025694
96149d3ed4f00afb92f12856101e693e93c4683f030ae6ca6ebfbb7ba5a2a345,1cf618f9ee318fecbc31aa059ded8328581b9a9b092f1069b9f7679b6f89e52e,302080.11223101616,0.038,14080.074231016159,20,14080.074231016159,resnet50,3.911131730837822
96149d3ed4f00afb92f12856101e693e93c4683f030ae6ca6ebfbb7ba5a2a345,1cf618f9ee318fecbc31aa059ded8328581b9a9b092f1069b9f7679b6f89e52e,302089.8917090893,0.039,14089.85270908929,20,14089.85270908929,resnet50,3.913847974747025
96149d3ed4f00afb92f12856101e693e93c4683f030ae6ca6ebfbb7ba5a2a345,1cf618f9ee318fecbc31aa059ded8328581b9a9b092f1069b9f7679b6f89e52e,302152.15332102776,0.04,14152.113321027777,20,14152.113321027777,resnet50,3.9311425891743825
96149d3ed4f00afb92f12856101e693e93c4683f030ae6ca6ebfbb7ba5a2a345,1cf618f9ee318fecbc31aa059ded8328581b9a9b092f1069b9f7679b6f89e52e,302156.1388499737,0.037,14156.101849973667,20,14156.101849973667,resnet50,3.9322505138815744
96149d3ed4f00afb92f12856101e693e93c4683f030ae6ca6ebfbb7ba5a2a345,1cf618f9ee318fecbc31aa059ded8328581b9a9b092f1069b9f7679b6f89e52e,302295.9569048881,0.039,14295.917904888105,20,14295.917904888105,resnet50,3.9710883069133627
96149d3ed4f00afb92f12856101e693e93c4683f030ae6ca6ebfbb7ba5a2a345,1cf618f9ee318fecbc31aa059ded8328581b9a9b092f1069b9f7679b6f89e52e,302320.60469794273,0.038,14320.566697942733,20,14320.566697942733,resnet50,3.9779351938729817
96149d3ed4f00afb92f12856101e693e93c4683f030ae6ca6ebfbb7ba5a2a345,1cf618f9ee318fecbc31aa059ded8328581b9a9b092f1069b9f7679b6f89e52e,302320.79202604294,0.044,14320.748026042944,20,14320.748026042944,resnet50,3.9779855627897067
96149d3ed4f00afb92f12856101e693e93c4683f030ae6ca6ebfbb7ba5a2a345,b89efb5e9d1b7e5900ef441b098d4c8b01600af5e673a9f9d607b3598f0fe548,288656.6016778946,1.707,654.8946778945974,20,654.8946778945974,googlenet,0.18191518830405484
96149d3ed4f00afb92f12856101e693e93c4683f030ae6ca6ebfbb7ba5a2a345,b89efb5e9d1b7e5900ef441b098d4c8b01600af5e673a9f9d607b3598f0fe548,288668.1578810215,0.642,667.5158810215071,20,667.5158810215071,googlenet,0.18542107806152974
96149d3ed4f00afb92f12856101e693e93c4683f030ae6ca6ebfbb7ba5a2a345,b89efb5e9d1b7e5900ef441b098d4c8b01600af5e673a9f9d607b3598f0fe548,288680.70207190514,0.707,679.9950719051412,20,679.9950719051412,googlenet,0.18888751997365033
96149d3ed4f00afb92f12856101e693e93c4683f030ae6ca6ebfbb7ba5a2a345,b89efb5e9d1b7e5900ef441b098d4c8b01600af5e673a9f9d607b3598f0fe548,288686.0586709976,0.813,685.2456709975959,20,685.2456709975959,googlenet,0.1903460197215544
96149d3ed4f00afb92f12856101e693e93c4683f030ae6ca6ebfbb7ba5a2a345,b89efb5e9d1b7e5900ef441b098d4c8b01600af5e673a9f9d607b3598f0fe548,288696.39511203766,0.63,695.765112037654,20,695.765112037654,googlenet,0.1932680866771261
96149d3ed4f00afb92f12856101e693e93c4683f030ae6ca6ebfbb7ba5a2a345,b89efb5e9d1b7e5900ef441b098d4c8b01600af5e673a9f9d607b3598f0fe548,288702.15614008904,0.626,701.5301400890457,20,701.5301400890457,googlenet,0.19486948335806825
96149d3ed4f00afb92f12856101e693e93c4683f030ae6ca6ebfbb7ba5a2a345,b89efb5e9d1b7e5900ef441b098d4c8b01600af5e673a9f9d607b3598f0fe548,288706.7451529503,0.685,706.0601529502892,20,706.0601529502892,googlenet,0.19612782026396922
96149d3ed4f00afb92f12856101e693e93c4683f030ae6ca6ebfbb7ba5a2a345,b89efb5e9d1b7e5900ef441b098d4c8b01600af5e673a9f9d607b3598f0fe548,288738.7734129429,0.629,738.144412942871,20,738.144412942871,googlenet,0.20504011470635305
96149d3ed4f00afb92f12856101e693e93c4683f030ae6ca6ebfbb7ba5a2a345,b89efb5e9d1b7e5900ef441b098d4c8b01600af5e673a9f9d607b3598f0fe548,288746.0485999584,0.651,745.3975999584072,20,745.3975999584072,googlenet,0.20705488887733534
96149d3ed4f00afb92f12856101e693e93c4683f030ae6ca6ebfbb7ba5a2a345,b89efb5e9d1b7e5900ef441b098d4c8b01600af5e673a9f9d607b3598f0fe548,288752.90432310104,0.65,752.2543231010204,20,752.2543231010204,googlenet,0.2089595341947279
96149d3ed4f00afb92f12856101e693e93c4683f030ae6ca6ebfbb7ba5a2a345,b89efb5e9d1b7e5900ef441b098d4c8b01600af5e673a9f9d607b3598f0fe548,288760.38656497,0.644,759.7425649700454,20,759.7425649700454,googlenet,0.21103960138056815
96149d3ed4f00afb92f12856101e693e93c4683f030ae6ca6ebfbb7ba5a2a345,b89efb5e9d1b7e5900ef441b098d4c8b01600af5e673a9f9d607b3598f0fe548,288770.5440979004,0.726,769.8180979003664,20,769.8180979003664,googlenet,0.21383836052787955
96149d3ed4f00afb92f12856101e693e93c4683f030ae6ca6ebfbb7ba5a2a345,b89efb5e9d1b7e5900ef441b098d4c8b01600af5e673a9f9d607b3598f0fe548,288773.20736408234,0.619,772.5883640823304,20,772.5883640823304,googlenet,0.21460787891175845
96149d3ed4f00afb92f12856101e693e93c4683f030ae6ca6ebfbb7ba5a2a345,b89efb5e9d1b7e5900ef441b098d4c8b01600af5e673a9f9d607b3598f0fe548,288785.2823200226,0.77,784.5123200225644,20,784.5123200225644,googlenet,0.21792008889515677
96149d3ed4f00afb92f12856101e693e93c4683f030ae6ca6ebfbb7ba5a2a345,b89efb5e9d1b7e5900ef441b098d4c8b01600af5e673a9f9d607b3598f0fe548,288791.23683190346,0.08,791.1568319034413,20,791.1568319034413,googlenet,0.2197657866398448
96149d3ed4f00afb92f12856101e693e93c4683f030ae6ca6ebfbb7ba5a2a345,b89efb5e9d1b7e5900ef441b098d4c8b01600af5e673a9f9d607b3598f0fe548,288874.55283999443,0.628,873.9248399944045,20,873.9248399944045,googlenet,0.24275689999844569
96149d3ed4f00afb92f12856101e693e93c4683f030ae6ca6ebfbb7ba5a2a345,b89efb5e9d1b7e5900ef441b098d4c8b01600af5e673a9f9d607b3598f0fe548,288884.5309650898,0.623,883.9079650897766,20,883.9079650897766,googlenet,0.24552999030271572
96149d3ed4f00afb92f12856101e693e93c4683f030ae6ca6ebfbb7ba5a2a345,b89efb5e9d1b7e5900ef441b098d4c8b01600af5e673a9f9d607b3598f0fe548,288886.80883288383,0.846,885.9628328838153,20,885.9628328838153,googlenet,0.2461007869121709
96149d3ed4f00afb92f12856101e693e93c4683f030ae6ca6ebfbb7ba5a2a345,b89efb5e9d1b7e5900ef441b098d4c8b01600af5e673a9f9d607b3598f0fe548,288888.2323219776,0.642,887.5903219776228,20,887.5903219776228,googlenet,0.24655286721600633
96149d3ed4f00afb92f12856101e693e93c4683f030ae6ca6ebfbb7ba5a2a345,b89efb5e9d1b7e5900ef441b098d4c8b01600af5e673a9f9d607b3598f0fe548,288893.87008309364,0.64,893.2300830936292,20,893.2300830936292,googlenet,0.2481194675260081
96149d3ed4f00afb92f12856101e693e93c4683f030ae6ca6ebfbb7ba5a2a345,b89efb5e9d1b7e5900ef441b098d4c8b01600af5e673a9f9d607b3598f0fe548,288938.77530407906,0.63,938.1453040790511,20,938.1453040790511,googlenet,0.2605959177997364
96149d3ed4f00afb92f12856101e693e93c4683f030ae6ca6ebfbb7ba5a2a345,b89efb5e9d1b7e5900ef441b098d4c8b01600af5e673a9f9d607b3598f0fe548,288970.15488004684,0.701,969.4538800468436,20,969.4538800468436,googlenet,0.26929274445745655
96149d3ed4f00afb92f12856101e693e93c4683f030ae6ca6ebfbb7ba5a2a345,b89efb5e9d1b7e5900ef441b098d4c8b01600af5e673a9f9d607b3598f0fe548,288993.4852409363,0.671,992.8142409363063,20,992.8142409363063,googlenet,0.2757817335934184
96149d3ed4f00afb92f12856101e693e93c4683f030ae6ca6ebfbb7ba5a2a345,b89efb5e9d1b7e5900ef441b098d4c8b01600af5e673a9f9d607b3598f0fe548,288997.557888031,0.668,996.8898880310007,20,996.8898880310007,googlenet,0.2769138577863891
96149d3ed4f00afb92f12856101e693e93c4683f030ae6ca6ebfbb7ba5a2a345,b89efb5e9d1b7e5900ef441b098d4c8b01600af5e673a9f9d607b3598f0fe548,289006.92962789536,0.675,1006.2546278953669,20,1006.2546278953669,googlenet,0.2795151744153797
96149d3ed4f00afb92f12856101e693e93c4683f030ae6ca6ebfbb7ba5a2a345,b89efb5e9d1b7e5900ef441b098d4c8b01600af5e673a9f9d607b3598f0fe548,289037.5580589771,0.847,1036.7110589771182,20,1036.7110589771182,googlenet,0.28797529416031065
96149d3ed4f00afb92f12856101e693e93c4683f030ae6ca6ebfbb7ba5a2a345,b89efb5e9d1b7e5900ef441b098d4c8b01600af5e673a9f9d607b3598f0fe548,289039.2195661068,0.696,1038.5235661068,20,1038.5235661068,googlenet,0.288478768363
96149d3ed4f00afb92f12856101e693e93c4683f030ae6ca6ebfbb7ba5a2a345,b89efb5e9d1b7e5900ef441b098d4c8b01600af5e673a9f9d607b3598f0fe548,289040.98718595505,0.668,1040.3191859550425,20,1040.3191859550425,googlenet,0.2889775516541785
96149d3ed4f00afb92f12856101e693e93c4683f030ae6ca6ebfbb7ba5a2a345,b89efb5e9d1b7e5900ef441b098d4c8b01600af5e673a9f9d607b3598f0fe548,289073.582201004,0.648,1072.9342010040418,20,1072.9342010040418,googlenet,0.2980372780566783
96149d3ed4f00afb92f12856101e693e93c4683f030ae6ca6ebfbb7ba5a2a345,b89efb5e9d1b7e5900ef441b098d4c8b01600af5e673a9f9d607b3598f0fe548,289085.69230008125,0.653,1085.039300081262,20,1085.039300081262,googlenet,0.3013998055781283
96149d3ed4f00afb92f12856101e693e93c4683f030ae6ca6ebfbb7ba5a2a345,b89efb5e9d1b7e5900ef441b098d4c8b01600af5e673a9f9d607b3598f0fe548,289088.39217209816,0.662,1087.7301720981486,20,1087.7301720981486,googlenet,0.3021472700272635
96149d3ed4f00afb92f12856101e693e93c4683f030ae6ca6ebfbb7ba5a2a345,b89efb5e9d1b7e5900ef441b098d4c8b01600af5e673a9f9d607b3598f0fe548,289089.20288300514,0.637,1088.5658830051543,20,1088.5658830051543,googlenet,0.3023794119458762
96149d3ed4f00afb92f12856101e693e93c4683f030ae6ca6ebfbb7ba5a2a345,b89efb5e9d1b7e5900ef441b098d4c8b01600af5e673a9f9d607b3598f0fe548,289107.66385889053,0.879,1106.784858890518,20,1106.784858890518,googlenet,0.30744023858069947
96149d3ed4f00afb92f12856101e693e93c4683f030ae6ca6ebfbb7ba5a2a345,b89efb5e9d1b7e5900ef441b098d4c8b01600af5e673a9f9d607b3598f0fe548,289113.4203140736,0.698,1112.722314073646,20,1112.722314073646,googlenet,0.3090895316871239
96149d3ed4f00afb92f12856101e693e93c4683f030ae6ca6ebfbb7ba5a2a345,b89efb5e9d1b7e5900ef441b098d4c8b01600af5e673a9f9d607b3598f0fe548,289157.72504401207,0.701,1157.0240440120688,20,1157.0240440120688,googlenet,0.3213955677811302
96149d3ed4f00afb92f12856101e693e93c4683f030ae6ca6ebfbb7ba5a2a345,b89efb5e9d1b7e5900ef441b098d4c8b01600af5e673a9f9d607b3598f0fe548,289242.34592294693,0.661,1241.684922946908,20,1241.684922946908,googlenet,0.34491247859636337
96149d3ed4f00afb92f12856101e693e93c4683f030ae6ca6ebfbb7ba5a2a345,b89efb5e9d1b7e5900ef441b098d4c8b01600af5e673a9f9d607b3598f0fe548,289264.97982406616,0.618,1264.3618240661453,20,1264.3618240661453,googlenet,0.3512116177961515
96149d3ed4f00afb92f12856101e693e93c4683f030ae6ca6ebfbb7ba5a2a345,b89efb5e9d1b7e5900ef441b098d4c8b01600af5e673a9f9d607b3598f0fe548,289267.6536090374,0.825,1266.8286090373877,20,1266.8286090373877,googlenet,0.3518968358437188
96149d3ed4f00afb92f12856101e693e93c4683f030ae6ca6ebfbb7ba5a2a345,b89efb5e9d1b7e5900ef441b098d4c8b01600af5e673a9f9d607b3598f0fe548,289268.5635089874,0.625,1267.9385089874268,20,1267.9385089874268,googlenet,0.3522051413853963
96149d3ed4f00afb92f12856101e693e93c4683f030ae6ca6ebfbb7ba5a2a345,b89efb5e9d1b7e5900ef441b098d4c8b01600af5e673a9f9d607b3598f0fe548,289275.4228889942,0.64,1274.782888994203,20,1274.782888994203,googlenet,0.35410635805394525
96149d3ed4f00afb92f12856101e693e93c4683f030ae6ca6ebfbb7ba5a2a345,b89efb5e9d1b7e5900ef441b098d4c8b01600af5e673a9f9d607b3598f0fe548,289276.1563630104,0.644,1275.5123630104354,20,1275.5123630104354,googlenet,0.3543089897251209
96149d3ed4f00afb92f12856101e693e93c4683f030ae6ca6ebfbb7ba5a2a345,b89efb5e9d1b7e5900ef441b098d4c8b01600af5e673a9f9d607b3598f0fe548,289286.973651886,0.795,1286.1786518860026,20,1286.1786518860026,googlenet,0.3572718477461118
96149d3ed4f00afb92f12856101e693e93c4683f030ae6ca6ebfbb7ba5a2a345,b89efb5e9d1b7e5900ef441b098d4c8b01600af5e673a9f9d607b3598f0fe548,289293.1515169144,1.343,1291.8085169144324,20,1291.8085169144324,googlenet,0.35883569914289787
96149d3ed4f00afb92f12856101e693e93c4683f030ae6ca6ebfbb7ba5a2a345,b89efb5e9d1b7e5900ef441b098d4c8b01600af5e673a9f9d607b3598f0fe548,289571.76856708527,0.633,1571.1355670852936,20,1571.1355670852936,googlenet,0.43642654641258155
96149d3ed4f00afb92f12856101e693e93c4683f030ae6ca6ebfbb7ba5a2a345,b89efb5e9d1b7e5900ef441b098d4c8b01600af5e673a9f9d607b3598f0fe548,289580.8545730114,0.633,1580.2215730114258,20,1580.2215730114258,googlenet,0.43895043694761826
96149d3ed4f00afb92f12856101e693e93c4683f030ae6ca6ebfbb7ba5a2a345,b89efb5e9d1b7e5900ef441b098d4c8b01600af5e673a9f9d607b3598f0fe548,289632.75141096115,0.696,1632.0554109611548,20,1632.0554109611548,googlenet,0.45334872526698744
96149d3ed4f00afb92f12856101e693e93c4683f030ae6ca6ebfbb7ba5a2a345,b89efb5e9d1b7e5900ef441b098d4c8b01600af5e673a9f9d607b3598f0fe548,289633.58147001266,0.629,1632.9524700126494,20,1632.9524700126494,googlenet,0.45359790833684704
96149d3ed4f00afb92f12856101e693e93c4683f030ae6ca6ebfbb7ba5a2a345,b89efb5e9d1b7e5900ef441b098d4c8b01600af5e673a9f9d607b3598f0fe548,289636.6067790985,0.816,1635.7907790985191,20,1635.7907790985191,googlenet,0.4543863275273664
96149d3ed4f00afb92f12856101e693e93c4683f030ae6ca6ebfbb7ba5a2a345,b89efb5e9d1b7e5900ef441b098d4c8b01600af5e673a9f9d607b3598f0fe548,289638.80383610725,0.957,1637.8468361072592,20,1637.8468361072592,googlenet,0.45495745447423863
96149d3ed4f00afb92f12856101e693e93c4683f030ae6ca6ebfbb7ba5a2a345,b89efb5e9d1b7e5900ef441b098d4c8b01600af5e673a9f9d607b3598f0fe548,289647.2403600216,0.871,1646.3693600216066,20,1646.3693600216066,googlenet,0.457324822228224
96149d3ed4f00afb92f12856101e693e93c4683f030ae6ca6ebfbb7ba5a2a345,b89efb5e9d1b7e5900ef441b098d4c8b01600af5e673a9f9d607b3598f0fe548,289651.01265501976,0.783,1650.2296550197643,20,1650.2296550197643,googlenet,0.45839712639437896
96149d3ed4f00afb92f12856101e693e93c4683f030ae6ca6ebfbb7ba5a2a345,b89efb5e9d1b7e5900ef441b098d4c8b01600af5e673a9f9d607b3598f0fe548,289672.93380498886,0.905,1672.0288049888331,20,1672.0288049888331,googlenet,0.46445244583023143
96149d3ed4f00afb92f12856101e693e93c4683f030ae6ca6ebfbb7ba5a2a345,b89efb5e9d1b7e5900ef441b098d4c8b01600af5e673a9f9d607b3598f0fe548,289687.8183751106,1.169,1686.6493751106318,20,1686.6493751106318,googlenet,0.4685137153085088
96149d3ed4f00afb92f12856101e693e93c4683f030ae6ca6ebfbb7ba5a2a345,b89efb5e9d1b7e5900ef441b098d4c8b01600af5e673a9f9d607b3598f0fe548,289689.56241488457,0.976,1688.586414884543,20,1688.586414884543,googlenet,0.46905178191237307
96149d3ed4f00afb92f12856101e693e93c4683f030ae6ca6ebfbb7ba5a2a345,b89efb5e9d1b7e5900ef441b098d4c8b01600af5e673a9f9d607b3598f0fe548,289690.5956530571,0.901,1689.6946530570858,20,1689.6946530570858,googlenet,0.4693596258491905
96149d3ed4f00afb92f12856101e693e93c4683f030ae6ca6ebfbb7ba5a2a345,b89efb5e9d1b7e5900ef441b098d4c8b01600af5e673a9f9d607b3598f0fe548,289728.8169488907,0.636,1728.1809488906874,20,1728.1809488906874,googlenet,0.4800502635807465
96149d3ed4f00afb92f12856101e693e93c4683f030ae6ca6ebfbb7ba5a2a345,b89efb5e9d1b7e5900ef441b098d4c8b01600af5e673a9f9d607b3598f0fe548,289748.6729879379,0.932,1747.7409879379557,20,1747.7409879379557,googlenet,0.4854836077605432
96149d3ed4f00afb92f12856101e693e93c4683f030ae6ca6ebfbb7ba5a2a345,b89efb5e9d1b7e5900ef441b098d4c8b01600af5e673a9f9d607b3598f0fe548,290329.5619049072,0.892,2328.669904907234,20,2328.669904907234,googlenet,0.6468527513631206
96149d3ed4f00afb92f12856101e693e93c4683f030ae6ca6ebfbb7ba5a2a345,b89efb5e9d1b7e5900ef441b098d4c8b01600af5e673a9f9d607b3598f0fe548,290332.6208059788,0.794,2331.8268059787806,20,2331.8268059787806,googlenet,0.6477296683274391
96149d3ed4f00afb92f12856101e693e93c4683f030ae6ca6ebfbb7ba5a2a345,b89efb5e9d1b7e5900ef441b098d4c8b01600af5e673a9f9d607b3598f0fe548,290518.6330769062,0.914,2517.7190769062145,20,2517.7190769062145,googlenet,0.6993664102517262
96149d3ed4f00afb92f12856101e693e93c4683f030ae6ca6ebfbb7ba5a2a345,b89efb5e9d1b7e5900ef441b098d4c8b01600af5e673a9f9d607b3598f0fe548,290523.0802760124,0.778,2522.3022760124295,20,2522.3022760124295,googlenet,0.7006395211145637
96149d3ed4f00afb92f12856101e693e93c4683f030ae6ca6ebfbb7ba5a2a345,b89efb5e9d1b7e5900ef441b098d4c8b01600af5e673a9f9d607b3598f0fe548,290524.61265206337,0.734,2523.878652063373,20,2523.878652063373,googlenet,0.7010774033509369
96149d3ed4f00afb92f12856101e693e93c4683f030ae6ca6ebfbb7ba5a2a345,b89efb5e9d1b7e5900ef441b098d4c8b01600af5e673a9f9d607b3598f0fe548,290531.3821799755,0.645,2530.737179975491,20,2530.737179975491,googlenet,0.702982549993192
96149d3ed4f00afb92f12856101e693e93c4683f030ae6ca6ebfbb7ba5a2a345,b89efb5e9d1b7e5900ef441b098d4c8b01600af5e673a9f9d607b3598f0fe548,290532.2951068878,0.665,2531.6301068878383,20,2531.6301068878383,googlenet,0.7032305852466217
96149d3ed4f00afb92f12856101e693e93c4683f030ae6ca6ebfbb7ba5a2a345,b89efb5e9d1b7e5900ef441b098d4c8b01600af5e673a9f9d607b3598f0fe548,290545.5480349064,0.692,2544.8560349064064,20,2544.8560349064064,googlenet,0.7069044541406685
96149d3ed4f00afb92f12856101e693e93c4683f030ae6ca6ebfbb7ba5a2a345,b89efb5e9d1b7e5900ef441b098d4c8b01600af5e673a9f9d607b3598f0fe548,290592.0778369904,0.601,2591.4768369903904,20,2591.4768369903904,googlenet,0.7198546769417751
96149d3ed4f00afb92f12856101e693e93c4683f030ae6ca6ebfbb7ba5a2a345,b89efb5e9d1b7e5900ef441b098d4c8b01600af5e673a9f9d607b3598f0fe548,290600.02070999146,0.603,2599.4177099914523,20,2599.4177099914523,googlenet,0.7220604749976256
96149d3ed4f00afb92f12856101e693e93c4683f030ae6ca6ebfbb7ba5a2a345,b89efb5e9d1b7e5900ef441b098d4c8b01600af5e673a9f9d607b3598f0fe548,290626.02651906013,0.876,2625.1505190601456,20,2625.1505190601456,googlenet,0.7292084775167071
96149d3ed4f00afb92f12856101e693e93c4683f030ae6ca6ebfbb7ba5a2a345,b89efb5e9d1b7e5900ef441b098d4c8b01600af5e673a9f9d607b3598f0fe548,290627.24871611595,0.713,2626.5357161159627,20,2626.5357161159627,googlenet,0.7295932544766563
96149d3ed4f00afb92f12856101e693e93c4683f030ae6ca6ebfbb7ba5a2a345,b89efb5e9d1b7e5900ef441b098d4c8b01600af5e673a9f9d607b3598f0fe548,291031.6379740238,1.282,3030.3559740238125,20,3030.3559740238125,googlenet,0.8417655483399479
96149d3ed4f00afb92f12856101e693e93c4683f030ae6ca6ebfbb7ba5a2a345,b89efb5e9d1b7e5900ef441b098d4c8b01600af5e673a9f9d607b3598f0fe548,291134.1417338848,9.668,3124.4737338848063,20,3124.4737338848063,googlenet,0.8679093705235573
96149d3ed4f00afb92f12856101e693e93c4683f030ae6ca6ebfbb7ba5a2a345,b89efb5e9d1b7e5900ef441b098d4c8b01600af5e673a9f9d607b3598f0fe548,291137.302022934,1.104,3136.198022934026,20,3136.198022934026,googlenet,0.8711661174816739
96149d3ed4f00afb92f12856101e693e93c4683f030ae6ca6ebfbb7ba5a2a345,b89efb5e9d1b7e5900ef441b098d4c8b01600af5e673a9f9d607b3598f0fe548,291145.15469002724,1.068,3144.0866900272085,20,3144.0866900272085,googlenet,0.8733574138964468
96149d3ed4f00afb92f12856101e693e93c4683f030ae6ca6ebfbb7ba5a2a345,b89efb5e9d1b7e5900ef441b098d4c8b01600af5e673a9f9d607b3598f0fe548,291146.6546521187,0.929,3145.725652118679,20,3145.725652118679,googlenet,0.8738126811440775
96149d3ed4f00afb92f12856101e693e93c4683f030ae6ca6ebfbb7ba5a2a345,b89efb5e9d1b7e5900ef441b098d4c8b01600af5e673a9f9d607b3598f0fe548,291148.3743259907,1.542,3146.832325990661,20,3146.832325990661,googlenet,0.8741200905529614
96149d3ed4f00afb92f12856101e693e93c4683f030ae6ca6ebfbb7ba5a2a345,b89efb5e9d1b7e5900ef441b098d4c8b01600af5e673a9f9d607b3598f0fe548,291161.7077009678,1.043,3160.6647009677836,20,3160.6647009677836,googlenet,0.8779624169354955
96149d3ed4f00afb92f12856101e693e93c4683f030ae6ca6ebfbb7ba5a2a345,b89efb5e9d1b7e5900ef441b098d4c8b01600af5e673a9f9d607b3598f0fe548,291163.6999320984,1.609,3162.090932098392,20,3162.090932098392,googlenet,0.8783585922495533
96149d3ed4f00afb92f12856101e693e93c4683f030ae6ca6ebfbb7ba5a2a345,b89efb5e9d1b7e5900ef441b098d4c8b01600af5e673a9f9d607b3598f0fe548,291164.9055008888,0.757,3164.148500888841,20,3164.148500888841,googlenet,0.8789301391357892
96149d3ed4f00afb92f12856101e693e93c4683f030ae6ca6ebfbb7ba5a2a345,b89efb5e9d1b7e5900ef441b098d4c8b01600af5e673a9f9d607b3598f0fe548,291166.5412979126,0.868,3165.673297912581,20,3165.673297912581,googlenet,0.8793536938646058
96149d3ed4f00afb92f12856101e693e93c4683f030ae6ca6ebfbb7ba5a2a345,b89efb5e9d1b7e5900ef441b098d4c8b01600af5e673a9f9d607b3598f0fe548,291228.0139429569,0.974,3227.039942956937,20,3227.039942956937,googlenet,0.8963999841547047
96149d3ed4f00afb92f12856101e693e93c4683f030ae6ca6ebfbb7ba5a2a345,b89efb5e9d1b7e5900ef441b098d4c8b01600af5e673a9f9d607b3598f0fe548,291230.081056118,0.789,3229.2920561180217,20,3229.2920561180217,googlenet,0.8970255711438949
96149d3ed4f00afb92f12856101e693e93c4683f030ae6ca6ebfbb7ba5a2a345,b89efb5e9d1b7e5900ef441b098d4c8b01600af5e673a9f9d607b3598f0fe548,291238.0254049301,0.99,3237.035404930124,20,3237.035404930124,googlenet,0.8991765013694789
96149d3ed4f00afb92f12856101e693e93c4683f030ae6ca6ebfbb7ba5a2a345,b89efb5e9d1b7e5900ef441b098d4c8b01600af5e673a9f9d607b3598f0fe548,291243.40802001953,0.758,3242.6500200195587,20,3242.6500200195587,googlenet,0.9007361166720996
96149d3ed4f00afb92f12856101e693e93c4683f030ae6ca6ebfbb7ba5a2a345,b89efb5e9d1b7e5900ef441b098d4c8b01600af5e673a9f9d607b3598f0fe548,291244.5764479637,0.768,3243.8084479637328,20,3243.8084479637328,googlenet,0.901057902212148
96149d3ed4f00afb92f12856101e693e93c4683f030ae6ca6ebfbb7ba5a2a345,b89efb5e9d1b7e5900ef441b098d4c8b01600af5e673a9f9d607b3598f0fe548,291246.4279639721,1.029,3245.3989639721112,20,3245.3989639721112,googlenet,0.9014997122144753
96149d3ed4f00afb92f12856101e693e93c4683f030ae6ca6ebfbb7ba5a2a345,b89efb5e9d1b7e5900ef441b098d4c8b01600af5e673a9f9d607b3598f0fe548,291253.2246670723,0.806,3252.418667072314,20,3252.418667072314,googlenet,0.9034496297423094
96149d3ed4f00afb92f12856101e693e93c4683f030ae6ca6ebfbb7ba5a2a345,b89efb5e9d1b7e5900ef441b098d4c8b01600af5e673a9f9d607b3598f0fe548,291259.7185370922,0.918,3258.8005370922037,20,3258.8005370922037,googlenet,0.905222371414501
96149d3ed4f00afb92f12856101e693e93c4683f030ae6ca6ebfbb7ba5a2a345,b89efb5e9d1b7e5900ef441b098d4c8b01600af5e673a9f9d607b3598f0fe548,291268.433093071,0.761,3267.6720930709853,20,3267.6720930709853,googlenet,0.9076866925197181
96149d3ed4f00afb92f12856101e693e93c4683f030ae6ca6ebfbb7ba5a2a345,b89efb5e9d1b7e5900ef441b098d4c8b01600af5e673a9f9d607b3598f0fe548,291270.1807510853,0.818,3269.362751085253,20,3269.362751085253,googlenet,0.9081563197459036
96149d3ed4f00afb92f12856101e693e93c4683f030ae6ca6ebfbb7ba5a2a345,b89efb5e9d1b7e5900ef441b098d4c8b01600af5e673a9f9d607b3598f0fe548,291278.98154997826,0.729,3278.252549978264,20,3278.252549978264,googlenet,0.9106257083272956
96149d3ed4f00afb92f12856101e693e93c4683f030ae6ca6ebfbb7ba5a2a345,b89efb5e9d1b7e5900ef441b098d4c8b01600af5e673a9f9d607b3598f0fe548,291280.22454309464,0.741,3279.483543094655,20,3279.483543094655,googlenet,0.9109676508596264
96149d3ed4f00afb92f12856101e693e93c4683f030ae6ca6ebfbb7ba5a2a345,b89efb5e9d1b7e5900ef441b098d4c8b01600af5e673a9f9d607b3598f0fe548,291296.2487590313,1.06,3295.188759031298,20,3295.188759031298,googlenet,0.9153302108420273
96149d3ed4f00afb92f12856101e693e93c4683f030ae6ca6ebfbb7ba5a2a345,b89efb5e9d1b7e5900ef441b098d4c8b01600af5e673a9f9d607b3598f0fe548,291300.66110396385,0.82,3299.841103963845,20,3299.841103963845,googlenet,0.9166225288788458
96149d3ed4f00afb92f12856101e693e93c4683f030ae6ca6ebfbb7ba5a2a345,b89efb5e9d1b7e5900ef441b098d4c8b01600af5e673a9f9d607b3598f0fe548,291326.7582910061,1.147,3325.611291006091,20,3325.611291006091,googlenet,0.9237809141683586
96149d3ed4f00afb92f12856101e693e93c4683f030ae6ca6ebfbb7ba5a2a345,b89efb5e9d1b7e5900ef441b098d4c8b01600af5e673a9f9d607b3598f0fe548,291418.74100089073,1.363,3417.3780008907197,20,3417.3780008907197,googlenet,0.9492716669140888
96149d3ed4f00afb92f12856101e693e93c4683f030ae6ca6ebfbb7ba5a2a345,b89efb5e9d1b7e5900ef441b098d4c8b01600af5e673a9f9d607b3598f0fe548,291420.69397711754,0.895,3419.79897711752,20,3419.79897711752,googlenet,0.9499441603104222
96149d3ed4f00afb92f12856101e693e93c4683f030ae6ca6ebfbb7ba5a2a345,b89efb5e9d1b7e5900ef441b098d4c8b01600af5e673a9f9d607b3598f0fe548,291470.0321960449,1.164,3468.868196044932,20,3468.868196044932,googlenet,0.96357449890137
96149d3ed4f00afb92f12856101e693e93c4683f030ae6ca6ebfbb7ba5a2a345,b89efb5e9d1b7e5900ef441b098d4c8b01600af5e673a9f9d607b3598f0fe548,292816.3015398979,1.294,4815.007539897924,20,4815.007539897924,googlenet,1.33750209441609
96149d3ed4f00afb92f12856101e693e93c4683f030ae6ca6ebfbb7ba5a2a345,b89efb5e9d1b7e5900ef441b098d4c8b01600af5e673a9f9d607b3598f0fe548,292829.17127609253,1.209,4827.962276092556,20,4827.962276092556,googlenet,1.3411006322479322
96149d3ed4f00afb92f12856101e693e93c4683f030ae6ca6ebfbb7ba5a2a345,b89efb5e9d1b7e5900ef441b098d4c8b01600af5e673a9f9d607b3598f0fe548,294197.1491789818,0.758,6196.3911789818085,20,6196.3911789818085,googlenet,1.7212197719393914
96149d3ed4f00afb92f12856101e693e93c4683f030ae6ca6ebfbb7ba5a2a345,b89efb5e9d1b7e5900ef441b098d4c8b01600af5e673a9f9d607b3598f0fe548,294207.6255590916,0.845,6206.780559091654,20,6206.780559091654,googlenet,1.7241057108587927
96149d3ed4f00afb92f12856101e693e93c4683f030ae6ca6ebfbb7ba5a2a345,b89efb5e9d1b7e5900ef441b098d4c8b01600af5e673a9f9d607b3598f0fe548,294208.5198330879,0.765,6207.754833087907,20,6207.754833087907,googlenet,1.7243763425244187
96149d3ed4f00afb92f12856101e693e93c4683f030ae6ca6ebfbb7ba5a2a345,b89efb5e9d1b7e5900ef441b098d4c8b01600af5e673a9f9d607b3598f0fe548,294274.9046919346,0.723,6274.181691934587,20,6274.181691934587,googlenet,1.7428282477596075
96149d3ed4f00afb92f12856101e693e93c4683f030ae6ca6ebfbb7ba5a2a345,b89efb5e9d1b7e5900ef441b098d4c8b01600af5e673a9f9d607b3598f0fe548,294292.8052749634,0.768,6292.037274963397,20,6292.037274963397,googlenet,1.747788131934277
96149d3ed4f00afb92f12856101e693e93c4683f030ae6ca6ebfbb7ba5a2a345,b89efb5e9d1b7e5900ef441b098d4c8b01600af5e673a9f9d607b3598f0fe548,294295.23838710785,0.617,6294.621387107822,20,6294.621387107822,googlenet,1.7485059408632837
96149d3ed4f00afb92f12856101e693e93c4683f030ae6ca6ebfbb7ba5a2a345,b89efb5e9d1b7e5900ef441b098d4c8b01600af5e673a9f9d607b3598f0fe548,294306.0460190773,0.618,6305.428019077284,20,6305.428019077284,googlenet,1.7515077830770234
96149d3ed4f00afb92f12856101e693e93c4683f030ae6ca6ebfbb7ba5a2a345,b89efb5e9d1b7e5900ef441b098d4c8b01600af5e673a9f9d607b3598f0fe548,294332.693267107,1.002,6331.691267107031,20,6331.691267107031,googlenet,1.758803129751953
96149d3ed4f00afb92f12856101e693e93c4683f030ae6ca6ebfbb7ba5a2a345,b89efb5e9d1b7e5900ef441b098d4c8b01600af5e673a9f9d607b3598f0fe548,294342.29962301254,0.807,6341.492623012571,20,6341.492623012571,googlenet,1.761525728614603
96149d3ed4f00afb92f12856101e693e93c4683f030ae6ca6ebfbb7ba5a2a345,b89efb5e9d1b7e5900ef441b098d4c8b01600af5e673a9f9d607b3598f0fe548,294343.9635939598,1.531,6342.432593959791,20,6342.432593959791,googlenet,1.7617868316554974
96149d3ed4f00afb92f12856101e693e93c4683f030ae6ca6ebfbb7ba5a2a345,b89efb5e9d1b7e5900ef441b098d4c8b01600af5e673a9f9d607b3598f0fe548,294350.1137330532,0.88,6349.233733053203,20,6349.233733053203,googlenet,1.763676036959223
96149d3ed4f00afb92f12856101e693e93c4683f030ae6ca6ebfbb7ba5a2a345,b89efb5e9d1b7e5900ef441b098d4c8b01600af5e673a9f9d607b3598f0fe548,294358.2743771076,0.957,6357.317377107625,20,6357.317377107625,googlenet,1.765921493641007
96149d3ed4f00afb92f12856101e693e93c4683f030ae6ca6ebfbb7ba5a2a345,b89efb5e9d1b7e5900ef441b098d4c8b01600af5e673a9f9d607b3598f0fe548,294366.1193640232,0.828,6365.291364023229,20,6365.291364023229,googlenet,1.7681364900064525
96149d3ed4f00afb92f12856101e693e93c4683f030ae6ca6ebfbb7ba5a2a345,b89efb5e9d1b7e5900ef441b098d4c8b01600af5e673a9f9d607b3598f0fe548,294371.0674099922,0.787,6370.280409992207,20,6370.280409992207,googlenet,1.7695223361089463
96149d3ed4f00afb92f12856101e693e93c4683f030ae6ca6ebfbb7ba5a2a345,b89efb5e9d1b7e5900ef441b098d4c8b01600af5e673a9f9d607b3598f0fe548,294415.0759019852,0.937,6414.13890198525,20,6414.13890198525,googlenet,1.7817052505514583
96149d3ed4f00afb92f12856101e693e93c4683f030ae6ca6ebfbb7ba5a2a345,b89efb5e9d1b7e5900ef441b098d4c8b01600af5e673a9f9d607b3598f0fe548,294418.2431280613,0.737,6417.506128061272,20,6417.506128061272,googlenet,1.7826405911281311
96149d3ed4f00afb92f12856101e693e93c4683f030ae6ca6ebfbb7ba5a2a345,b89efb5e9d1b7e5900ef441b098d4c8b01600af5e673a9f9d607b3598f0fe548,294476.14863801,0.849,6475.299638010038,20,6475.299638010038,googlenet,1.7986943438916771
96149d3ed4f00afb92f12856101e693e93c4683f030ae6ca6ebfbb7ba5a2a345,b89efb5e9d1b7e5900ef441b098d4c8b01600af5e673a9f9d607b3598f0fe548,294487.2332339287,0.73,6486.503233928699,20,6486.503233928699,googlenet,1.801806453869083
96149d3ed4f00afb92f12856101e693e93c4683f030ae6ca6ebfbb7ba5a2a345,b89efb5e9d1b7e5900ef441b098d4c8b01600af5e673a9f9d607b3598f0fe548,294513.7437400818,0.732,6513.011740081769,20,6513.011740081769,googlenet,1.8091699278004914
96149d3ed4f00afb92f12856101e693e93c4683f030ae6ca6ebfbb7ba5a2a345,b89efb5e9d1b7e5900ef441b098d4c8b01600af5e673a9f9d607b3598f0fe548,294515.07537794113,0.581,6514.494377941126,20,6514.494377941126,googlenet,1.8095817716503129
96149d3ed4f00afb92f12856101e693e93c4683f030ae6ca6ebfbb7ba5a2a345,b89efb5e9d1b7e5900ef441b098d4c8b01600af5e673a9f9d607b3598f0fe548,294515.82283711433,0.626,6515.196837114345,20,6515.196837114345,googlenet,1.809776899198429
96149d3ed4f00afb92f12856101e693e93c4683f030ae6ca6ebfbb7ba5a2a345,b89efb5e9d1b7e5900ef441b098d4c8b01600af5e673a9f9d607b3598f0fe548,294517.1609740257,0.704,6516.456974025699,20,6516.456974025699,googlenet,1.810126937229361
96149d3ed4f00afb92f12856101e693e93c4683f030ae6ca6ebfbb7ba5a2a345,b89efb5e9d1b7e5900ef441b098d4c8b01600af5e673a9f9d607b3598f0fe548,294520.1687989235,1.438,6518.730798923469,20,6518.730798923469,googlenet,1.810758555256519
96149d3ed4f00afb92f12856101e693e93c4683f030ae6ca6ebfbb7ba5a2a345,b89efb5e9d1b7e5900ef441b098d4c8b01600af5e673a9f9d607b3598f0fe548,294526.8436141014,0.792,6526.051614101394,20,6526.051614101394,googlenet,1.812792115028165
96149d3ed4f00afb92f12856101e693e93c4683f030ae6ca6ebfbb7ba5a2a345,b89efb5e9d1b7e5900ef441b098d4c8b01600af5e673a9f9d607b3598f0fe548,294527.6250650883,0.769,6526.856065088301,20,6526.856065088301,googlenet,1.8130155736356393
96149d3ed4f00afb92f12856101e693e93c4683f030ae6ca6ebfbb7ba5a2a345,b89efb5e9d1b7e5900ef441b098d4c8b01600af5e673a9f9d607b3598f0fe548,294571.3332591057,0.796,6570.537259105709,20,6570.537259105709,googlenet,1.8251492386404748
96149d3ed4f00afb92f12856101e693e93c4683f030ae6ca6ebfbb7ba5a2a345,b89efb5e9d1b7e5900ef441b098d4c8b01600af5e673a9f9d607b3598f0fe548,294582.43213009834,0.656,6581.776130098326,20,6581.776130098326,googlenet,1.828271147249535
96149d3ed4f00afb92f12856101e693e93c4683f030ae6ca6ebfbb7ba5a2a345,b89efb5e9d1b7e5900ef441b098d4c8b01600af5e673a9f9d607b3598f0fe548,294583.3540670872,0.662,6582.692067087162,20,6582.692067087162,googlenet,1.8285255741908784
96149d3ed4f00afb92f12856101e693e93c4683f030ae6ca6ebfbb7ba5a2a345,b89efb5e9d1b7e5900ef441b098d4c8b01600af5e673a9f9d607b3598f0fe548,294584.3039429188,0.641,6583.662942918774,20,6583.662942918774,googlenet,1.8287952619218817
96149d3ed4f00afb92f12856101e693e93c4683f030ae6ca6ebfbb7ba5a2a345,b89efb5e9d1b7e5900ef441b098d4c8b01600af5e673a9f9d607b3598f0fe548,294589.4115960598,0.672,6588.739596059779,20,6588.739596059779,googlenet,1.8302054433499386
96149d3ed4f00afb92f12856101e693e93c4683f030ae6ca6ebfbb7ba5a2a345,b89efb5e9d1b7e5900ef441b098d4c8b01600af5e673a9f9d607b3598f0fe548,294596.09477996826,0.869,6595.225779968256,20,6595.225779968256,googlenet,1.8320071611022932
96149d3ed4f00afb92f12856101e693e93c4683f030ae6ca6ebfbb7ba5a2a345,b89efb5e9d1b7e5900ef441b098d4c8b01600af5e673a9f9d607b3598f0fe548,294652.92420101166,0.73,6652.194201011676,20,6652.194201011676,googlenet,1.8478317225032435
96149d3ed4f00afb92f12856101e693e93c4683f030ae6ca6ebfbb7ba5a2a345,b89efb5e9d1b7e5900ef441b098d4c8b01600af5e673a9f9d607b3598f0fe548,294695.1265940666,0.825,6694.301594066608,20,6694.301594066608,googlenet,1.8595282205740578
96149d3ed4f00afb92f12856101e693e93c4683f030ae6ca6ebfbb7ba5a2a345,b89efb5e9d1b7e5900ef441b098d4c8b01600af5e673a9f9d607b3598f0fe548,294704.84198498726,0.904,6703.9379849872785,20,6703.9379849872785,googlenet,1.8622049958297995
96149d3ed4f00afb92f12856101e693e93c4683f030ae6ca6ebfbb7ba5a2a345,b89efb5e9d1b7e5900ef441b098d4c8b01600af5e673a9f9d607b3598f0fe548,294705.9660899639,1.028,6704.938089963922,20,6704.938089963922,googlenet,1.862482802767756
96149d3ed4f00afb92f12856101e693e93c4683f030ae6ca6ebfbb7ba5a2a345,b89efb5e9d1b7e5900ef441b098d4c8b01600af5e673a9f9d607b3598f0fe548,294744.36331892014,0.596,6743.767318920116,20,6743.767318920116,googlenet,1.8732686997000323
96149d3ed4f00afb92f12856101e693e93c4683f030ae6ca6ebfbb7ba5a2a345,b89efb5e9d1b7e5900ef441b098d4c8b01600af5e673a9f9d607b3598f0fe548,294746.2258429527,1.419,6744.806842952734,20,6744.806842952734,googlenet,1.8735574563757593
96149d3ed4f00afb92f12856101e693e93c4683f030ae6ca6ebfbb7ba5a2a345,b89efb5e9d1b7e5900ef441b098d4c8b01600af5e673a9f9d607b3598f0fe548,294831.53569197655,0.844,6830.6916919765645,20,6830.6916919765645,googlenet,1.897414358882379
96149d3ed4f00afb92f12856101e693e93c4683f030ae6ca6ebfbb7ba5a2a345,b89efb5e9d1b7e5900ef441b098d4c8b01600af5e673a9f9d607b3598f0fe548,294842.1280179024,0.679,6841.4490179023705,20,6841.4490179023705,googlenet,1.9004025049728808
96149d3ed4f00afb92f12856101e693e93c4683f030ae6ca6ebfbb7ba5a2a345,b89efb5e9d1b7e5900ef441b098d4c8b01600af5e673a9f9d607b3598f0fe548,294846.1370880604,0.713,6845.42408806039,20,6845.42408806039,googlenet,1.9015066911278862
96149d3ed4f00afb92f12856101e693e93c4683f030ae6ca6ebfbb7ba5a2a345,b89efb5e9d1b7e5900ef441b098d4c8b01600af5e673a9f9d607b3598f0fe548,294868.60192990303,0.693,6867.908929903002,20,6867.908929903002,googlenet,1.9077524805286117
96149d3ed4f00afb92f12856101e693e93c4683f030ae6ca6ebfbb7ba5a2a345,b89efb5e9d1b7e5900ef441b098d4c8b01600af5e673a9f9d607b3598f0fe548,294881.61262393,0.746,6880.866623929993,20,6880.866623929993,googlenet,1.9113518399805536
96149d3ed4f00afb92f12856101e693e93c4683f030ae6ca6ebfbb7ba5a2a345,b89efb5e9d1b7e5900ef441b098d4c8b01600af5e673a9f9d607b3598f0fe548,294885.6866829396,0.706,6884.980682939582,20,6884.980682939582,googlenet,1.9124946341498839
96149d3ed4f00afb92f12856101e693e93c4683f030ae6ca6ebfbb7ba5a2a345,b89efb5e9d1b7e5900ef441b098d4c8b01600af5e673a9f9d607b3598f0fe548,294901.0771319866,0.757,6900.320131986635,20,6900.320131986635,googlenet,1.9167555922185098
96149d3ed4f00afb92f12856101e693e93c4683f030ae6ca6ebfbb7ba5a2a345,b89efb5e9d1b7e5900ef441b098d4c8b01600af5e673a9f9d607b3598f0fe548,294912.1919350624,0.72,6911.471935062436,20,6911.471935062436,googlenet,1.9198533152951212
96149d3ed4f00afb92f12856101e693e93c4683f030ae6ca6ebfbb7ba5a2a345,b89efb5e9d1b7e5900ef441b098d4c8b01600af5e673a9f9d607b3598f0fe548,294913.10458898544,0.679,6912.425588985439,20,6912.425588985439,googlenet,1.920118219162622
96149d3ed4f00afb92f12856101e693e93c4683f030ae6ca6ebfbb7ba5a2a345,b89efb5e9d1b7e5900ef441b098d4c8b01600af5e673a9f9d607b3598f0fe548,294949.0913910866,0.752,6948.3393910866,20,6948.3393910866,googlenet,1.9300942753018333
96149d3ed4f00afb92f12856101e693e93c4683f030ae6ca6ebfbb7ba5a2a345,b89efb5e9d1b7e5900ef441b098d4c8b01600af5e673a9f9d607b3598f0fe548,294953.7051780224,0.744,6952.961178022379,20,6952.961178022379,googlenet,1.9313781050062162
96149d3ed4f00afb92f12856101e693e93c4683f030ae6ca6ebfbb7ba5a2a345,b89efb5e9d1b7e5900ef441b098d4c8b01600af5e673a9f9d607b3598f0fe548,294969.4053759575,0.689,6968.716375957476,20,6968.716375957476,googlenet,1.9357545488770767
96149d3ed4f00afb92f12856101e693e93c4683f030ae6ca6ebfbb7ba5a2a345,b89efb5e9d1b7e5900ef441b098d4c8b01600af5e673a9f9d607b3598f0fe548,294970.92914009094,0.627,6970.302140090964,20,6970.302140090964,googlenet,1.9361950389141567
96149d3ed4f00afb92f12856101e693e93c4683f030ae6ca6ebfbb7ba5a2a345,b89efb5e9d1b7e5900ef441b098d4c8b01600af5e673a9f9d607b3598f0fe548,294975.8006219864,0.807,6974.993621986418,20,6974.993621986418,googlenet,1.9374982283295605
96149d3ed4f00afb92f12856101e693e93c4683f030ae6ca6ebfbb7ba5a2a345,b89efb5e9d1b7e5900ef441b098d4c8b01600af5e673a9f9d607b3598f0fe548,295163.7509739399,1.133,7162.617973939923,20,7162.617973939923,googlenet,1.989616103872201
96149d3ed4f00afb92f12856101e693e93c4683f030ae6ca6ebfbb7ba5a2a345,b89efb5e9d1b7e5900ef441b098d4c8b01600af5e673a9f9d607b3598f0fe548,295173.6652519703,1.108,7172.557251970284,20,7172.557251970284,googlenet,1.9923770144361899
96149d3ed4f00afb92f12856101e693e93c4683f030ae6ca6ebfbb7ba5a2a345,b89efb5e9d1b7e5900ef441b098d4c8b01600af5e673a9f9d607b3598f0fe548,297351.1464691162,0.748,9350.39846911619,20,9350.39846911619,googlenet,2.5973329080878305
96149d3ed4f00afb92f12856101e693e93c4683f030ae6ca6ebfbb7ba5a2a345,b89efb5e9d1b7e5900ef441b098d4c8b01600af5e673a9f9d607b3598f0fe548,300273.3078119755,1.46,12271.847811975458,20,12271.847811975458,googlenet,3.4088466144376275
96149d3ed4f00afb92f12856101e693e93c4683f030ae6ca6ebfbb7ba5a2a345,b89efb5e9d1b7e5900ef441b098d4c8b01600af5e673a9f9d607b3598f0fe548,300282.51642394066,0.668,12281.848423940653,20,12281.848423940653,googlenet,3.4116245622057373
96149d3ed4f00afb92f12856101e693e93c4683f030ae6ca6ebfbb7ba5a2a345,b89efb5e9d1b7e5900ef441b098d4c8b01600af5e673a9f9d607b3598f0fe548,300283.4454050064,0.684,12282.7614050064,20,12282.7614050064,googlenet,3.4118781680573336
96149d3ed4f00afb92f12856101e693e93c4683f030ae6ca6ebfbb7ba5a2a345,b89efb5e9d1b7e5900ef441b098d4c8b01600af5e673a9f9d607b3598f0fe548,300423.3586559296,1.356,12422.002655929595,20,12422.002655929595,googlenet,3.450556293313776
96149d3ed4f00afb92f12856101e693e93c4683f030ae6ca6ebfbb7ba5a2a345,b89efb5e9d1b7e5900ef441b098d4c8b01600af5e673a9f9d607b3598f0fe548,300427.7164030075,1.249,12426.467403007497,20,12426.467403007497,googlenet,3.4517965008354157
96149d3ed4f00afb92f12856101e693e93c4683f030ae6ca6ebfbb7ba5a2a345,b89efb5e9d1b7e5900ef441b098d4c8b01600af5e673a9f9d607b3598f0fe548,300440.0565979481,0.946,12439.110597948078,20,12439.110597948078,googlenet,3.455308499430022
96149d3ed4f00afb92f12856101e693e93c4683f030ae6ca6ebfbb7ba5a2a345,b89efb5e9d1b7e5900ef441b098d4c8b01600af5e673a9f9d607b3598f0fe548,300444.86902689934,0.86,12444.009026899352,20,12444.009026899352,googlenet,3.456669174138709
96149d3ed4f00afb92f12856101e693e93c4683f030ae6ca6ebfbb7ba5a2a345,b89efb5e9d1b7e5900ef441b098d4c8b01600af5e673a9f9d607b3598f0fe548,300447.0299549103,0.892,12446.137954910286,20,12446.137954910286,googlenet,3.457260543030635
96149d3ed4f00afb92f12856101e693e93c4683f030ae6ca6ebfbb7ba5a2a345,b89efb5e9d1b7e5900ef441b098d4c8b01600af5e673a9f9d607b3598f0fe548,300450.9236369133,1.591,12449.332636913285,20,12449.332636913285,googlenet,3.4581479546981346
96149d3ed4f00afb92f12856101e693e93c4683f030ae6ca6ebfbb7ba5a2a345,b89efb5e9d1b7e5900ef441b098d4c8b01600af5e673a9f9d607b3598f0fe548,300480.85210204124,0.928,12479.92410204123,20,12479.92410204123,googlenet,3.4666455839003416
96149d3ed4f00afb92f12856101e693e93c4683f030ae6ca6ebfbb7ba5a2a345,b89efb5e9d1b7e5900ef441b098d4c8b01600af5e673a9f9d607b3598f0fe548,300485.9931650162,1.267,12484.726165016182,20,12484.726165016182,googlenet,3.4679794902822727
96149d3ed4f00afb92f12856101e693e93c4683f030ae6ca6ebfbb7ba5a2a345,b89efb5e9d1b7e5900ef441b098d4c8b01600af5e673a9f9d607b3598f0fe548,300496.0089569092,1.332,12494.676956909185,20,12494.676956909185,googlenet,3.47074359914144
96149d3ed4f00afb92f12856101e693e93c4683f030ae6ca6ebfbb7ba5a2a345,b89efb5e9d1b7e5900ef441b098d4c8b01600af5e673a9f9d607b3598f0fe548,300497.39250302315,0.996,12496.396503023163,20,12496.396503023163,googlenet,3.4712212508397675
96149d3ed4f00afb92f12856101e693e93c4683f030ae6ca6ebfbb7ba5a2a345,b89efb5e9d1b7e5900ef441b098d4c8b01600af5e673a9f9d607b3598f0fe548,300500.3358569145,1.185,12499.150856914523,20,12499.150856914523,googlenet,3.471986349142923
96149d3ed4f00afb92f12856101e693e93c4683f030ae6ca6ebfbb7ba5a2a345,b89efb5e9d1b7e5900ef441b098d4c8b01600af5e673a9f9d607b3598f0fe548,300510.0433189869,0.949,12509.09431898687,20,12509.09431898687,googlenet,3.4747484219407974
96149d3ed4f00afb92f12856101e693e93c4683f030ae6ca6ebfbb7ba5a2a345,b89efb5e9d1b7e5900ef441b098d4c8b01600af5e673a9f9d607b3598f0fe548,300515.09401392937,1.163,12513.931013929367,20,12513.931013929367,googlenet,3.476091948313713
96149d3ed4f00afb92f12856101e693e93c4683f030ae6ca6ebfbb7ba5a2a345,b89efb5e9d1b7e5900ef441b098d4c8b01600af5e673a9f9d607b3598f0fe548,300518.264179945,0.93,12517.334179944999,20,12517.334179944999,googlenet,3.4770372722069443
96149d3ed4f00afb92f12856101e693e93c4683f030ae6ca6ebfbb7ba5a2a345,b89efb5e9d1b7e5900ef441b098d4c8b01600af5e673a9f9d607b3598f0fe548,300540.4233939648,0.996,12539.427393964841,20,12539.427393964841,googlenet,3.483174276101345
96149d3ed4f00afb92f12856101e693e93c4683f030ae6ca6ebfbb7ba5a2a345,b89efb5e9d1b7e5900ef441b098d4c8b01600af5e673a9f9d607b3598f0fe548,300568.252571106,0.982,12567.270571105997,20,12567.270571105997,googlenet,3.490908491973888
96149d3ed4f00afb92f12856101e693e93c4683f030ae6ca6ebfbb7ba5a2a345,b89efb5e9d1b7e5900ef441b098d4c8b01600af5e673a9f9d607b3598f0fe548,300576.209651947,0.838,12575.371651947033,20,12575.371651947033,googlenet,3.493158792207509
96149d3ed4f00afb92f12856101e693e93c4683f030ae6ca6ebfbb7ba5a2a345,b89efb5e9d1b7e5900ef441b098d4c8b01600af5e673a9f9d607b3598f0fe548,300644.6153700352,1.098,12643.517370035173,20,12643.517370035173,googlenet,3.512088158343104
96149d3ed4f00afb92f12856101e693e93c4683f030ae6ca6ebfbb7ba5a2a345,b89efb5e9d1b7e5900ef441b098d4c8b01600af5e673a9f9d607b3598f0fe548,300649.59260106087,0.976,12648.616601060843,20,12648.616601060843,googlenet,3.5135046114057897
96149d3ed4f00afb92f12856101e693e93c4683f030ae6ca6ebfbb7ba5a2a345,b89efb5e9d1b7e5900ef441b098d4c8b01600af5e673a9f9d607b3598f0fe548,300659.0622370243,1.54,12657.522237024328,20,12657.522237024328,googlenet,3.5159783991734246
96149d3ed4f00afb92f12856101e693e93c4683f030ae6ca6ebfbb7ba5a2a345,b89efb5e9d1b7e5900ef441b098d4c8b01600af5e673a9f9d607b3598f0fe548,300669.0278480053,0.932,12668.095848005323,20,12668.095848005323,googlenet,3.518915513334812
96149d3ed4f00afb92f12856101e693e93c4683f030ae6ca6ebfbb7ba5a2a345,b89efb5e9d1b7e5900ef441b098d4c8b01600af5e673a9f9d607b3598f0fe548,300673.835999012,0.831,12673.004999011988,20,12673.004999011988,googlenet,3.520279166392219
96149d3ed4f00afb92f12856101e693e93c4683f030ae6ca6ebfbb7ba5a2a345,b89efb5e9d1b7e5900ef441b098d4c8b01600af5e673a9f9d607b3598f0fe548,300684.5668349266,0.966,12683.60083492659,20,12683.60083492659,googlenet,3.523222454146275
96149d3ed4f00afb92f12856101e693e93c4683f030ae6ca6ebfbb7ba5a2a345,b89efb5e9d1b7e5900ef441b098d4c8b01600af5e673a9f9d607b3598f0fe548,300691.9220249653,1.059,12690.863024965278,20,12690.863024965278,googlenet,3.5252397291570214
96149d3ed4f00afb92f12856101e693e93c4683f030ae6ca6ebfbb7ba5a2a345,b89efb5e9d1b7e5900ef441b098d4c8b01600af5e673a9f9d607b3598f0fe548,300695.3952469826,0.851,12694.54424698255,20,12694.54424698255,googlenet,3.526262290828486
96149d3ed4f00afb92f12856101e693e93c4683f030ae6ca6ebfbb7ba5a2a345,b89efb5e9d1b7e5900ef441b098d4c8b01600af5e673a9f9d607b3598f0fe548,300697.0758559704,0.771,12696.304855970375,20,12696.304855970375,googlenet,3.5267513488806594
96149d3ed4f00afb92f12856101e693e93c4683f030ae6ca6ebfbb7ba5a2a345,b89efb5e9d1b7e5900ef441b098d4c8b01600af5e673a9f9d607b3598f0fe548,300718.77461600304,0.967,12717.807616003032,20,12717.807616003032,googlenet,3.53272433777862
96149d3ed4f00afb92f12856101e693e93c4683f030ae6ca6ebfbb7ba5a2a345,b89efb5e9d1b7e5900ef441b098d4c8b01600af5e673a9f9d607b3598f0fe548,300748.7275209427,0.795,12747.932520942704,20,12747.932520942704,googlenet,3.541092366928529
96149d3ed4f00afb92f12856101e693e93c4683f030ae6ca6ebfbb7ba5a2a345,b89efb5e9d1b7e5900ef441b098d4c8b01600af5e673a9f9d607b3598f0fe548,300752.3806760311,1.227,12751.1536760311,20,12751.1536760311,googlenet,3.5419871322308607
96149d3ed4f00afb92f12856101e693e93c4683f030ae6ca6ebfbb7ba5a2a345,b89efb5e9d1b7e5900ef441b098d4c8b01600af5e673a9f9d607b3598f0fe548,300756.98904109,0.955,12756.034041089995,20,12756.034041089995,googlenet,3.5433427891916653
96149d3ed4f00afb92f12856101e693e93c4683f030ae6ca6ebfbb7ba5a2a345,b89efb5e9d1b7e5900ef441b098d4c8b01600af5e673a9f9d607b3598f0fe548,300760.65330195427,0.958,12759.695301954285,20,12759.695301954285,googlenet,3.5443598060984125
96149d3ed4f00afb92f12856101e693e93c4683f030ae6ca6ebfbb7ba5a2a345,b89efb5e9d1b7e5900ef441b098d4c8b01600af5e673a9f9d607b3598f0fe548,300850.00508499146,1.071,12848.934084991459,20,12848.934084991459,googlenet,3.569148356942072
96149d3ed4f00afb92f12856101e693e93c4683f030ae6ca6ebfbb7ba5a2a345,b89efb5e9d1b7e5900ef441b098d4c8b01600af5e673a9f9d607b3598f0fe548,300893.53828811646,0.859,12892.679288116458,20,12892.679288116458,googlenet,3.5812998022545717
96149d3ed4f00afb92f12856101e693e93c4683f030ae6ca6ebfbb7ba5a2a345,b89efb5e9d1b7e5900ef441b098d4c8b01600af5e673a9f9d607b3598f0fe548,300894.6188349724,0.825,12893.79383497237,20,12893.79383497237,googlenet,3.5816093986034363
96149d3ed4f00afb92f12856101e693e93c4683f030ae6ca6ebfbb7ba5a2a345,b89efb5e9d1b7e5900ef441b098d4c8b01600af5e673a9f9d607b3598f0fe548,300895.48457694054,0.792,12894.69257694052,20,12894.69257694052,googlenet,3.5818590491501445
96149d3ed4f00afb92f12856101e693e93c4683f030ae6ca6ebfbb7ba5a2a345,b89efb5e9d1b7e5900ef441b098d4c8b01600af5e673a9f9d607b3598f0fe548,300906.1239490509,0.975,12905.148949050927,20,12905.148949050927,googlenet,3.5847635969585907
96149d3ed4f00afb92f12856101e693e93c4683f030ae6ca6ebfbb7ba5a2a345,b89efb5e9d1b7e5900ef441b098d4c8b01600af5e673a9f9d607b3598f0fe548,300915.0967180729,0.77,12914.326718072873,20,12914.326718072873,googlenet,3.5873129772424646
96149d3ed4f00afb92f12856101e693e93c4683f030ae6ca6ebfbb7ba5a2a345,b89efb5e9d1b7e5900ef441b098d4c8b01600af5e673a9f9d607b3598f0fe548,300919.93281292915,0.832,12919.100812929159,20,12919.100812929159,googlenet,3.588639114702544
96149d3ed4f00afb92f12856101e693e93c4683f030ae6ca6ebfbb7ba5a2a345,b89efb5e9d1b7e5900ef441b098d4c8b01600af5e673a9f9d607b3598f0fe548,300922.7017290592,1.186,12921.515729059232,20,12921.515729059232,googlenet,3.5893099247386755
96149d3ed4f00afb92f12856101e693e93c4683f030ae6ca6ebfbb7ba5a2a345,b89efb5e9d1b7e5900ef441b098d4c8b01600af5e673a9f9d607b3598f0fe548,300925.2202260494,0.76,12924.460226049414,20,12924.460226049414,googlenet,3.5901278405692816
96149d3ed4f00afb92f12856101e693e93c4683f030ae6ca6ebfbb7ba5a2a345,b89efb5e9d1b7e5900ef441b098d4c8b01600af5e673a9f9d607b3598f0fe548,300931.4033629894,0.795,12930.608362989442,20,12930.608362989442,googlenet,3.591835656385956
96149d3ed4f00afb92f12856101e693e93c4683f030ae6ca6ebfbb7ba5a2a345,b89efb5e9d1b7e5900ef441b098d4c8b01600af5e673a9f9d607b3598f0fe548,300951.0903589725,0.829,12950.261358972464,20,12950.261358972464,googlenet,3.5972948219367957
96149d3ed4f00afb92f12856101e693e93c4683f030ae6ca6ebfbb7ba5a2a345,b89efb5e9d1b7e5900ef441b098d4c8b01600af5e673a9f9d607b3598f0fe548,300951.9725530148,0.827,12951.145553014823,20,12951.145553014823,googlenet,3.5975404313930066
96149d3ed4f00afb92f12856101e693e93c4683f030ae6ca6ebfbb7ba5a2a345,b89efb5e9d1b7e5900ef441b098d4c8b01600af5e673a9f9d607b3598f0fe548,300958.116355896,0.783,12957.333355896,20,12957.333355896,googlenet,3.599259265526667
96149d3ed4f00afb92f12856101e693e93c4683f030ae6ca6ebfbb7ba5a2a345,b89efb5e9d1b7e5900ef441b098d4c8b01600af5e673a9f9d607b3598f0fe548,300961.8488240242,0.821,12961.027824024204,20,12961.027824024204,googlenet,3.60028550667339
96149d3ed4f00afb92f12856101e693e93c4683f030ae6ca6ebfbb7ba5a2a345,b89efb5e9d1b7e5900ef441b098d4c8b01600af5e673a9f9d607b3598f0fe548,300975.42565107346,0.849,12974.576651073468,20,12974.576651073468,googlenet,3.60404906974263
96149d3ed4f00afb92f12856101e693e93c4683f030ae6ca6ebfbb7ba5a2a345,b89efb5e9d1b7e5900ef441b098d4c8b01600af5e673a9f9d607b3598f0fe548,300978.52326893806,0.803,12977.72026893805,20,12977.72026893805,googlenet,3.6049222969272363
96149d3ed4f00afb92f12856101e693e93c4683f030ae6ca6ebfbb7ba5a2a345,b89efb5e9d1b7e5900ef441b098d4c8b01600af5e673a9f9d607b3598f0fe548,300981.398485899,0.774,12980.624485898996,20,12980.624485898996,googlenet,3.605729023860832
96149d3ed4f00afb92f12856101e693e93c4683f030ae6ca6ebfbb7ba5a2a345,b89efb5e9d1b7e5900ef441b098d4c8b01600af5e673a9f9d607b3598f0fe548,300986.13800406456,0.704,12985.434004064533,20,12985.434004064533,googlenet,3.607065001129037
96149d3ed4f00afb92f12856101e693e93c4683f030ae6ca6ebfbb7ba5a2a345,b89efb5e9d1b7e5900ef441b098d4c8b01600af5e673a9f9d607b3598f0fe548,301013.67750906944,0.895,13012.782509069424,20,13012.782509069424,googlenet,3.61466180807484
96149d3ed4f00afb92f12856101e693e93c4683f030ae6ca6ebfbb7ba5a2a345,b89efb5e9d1b7e5900ef441b098d4c8b01600af5e673a9f9d607b3598f0fe548,301064.04633688927,0.882,13063.164336889284,20,13063.164336889284,googlenet,3.6286567602470234
96149d3ed4f00afb92f12856101e693e93c4683f030ae6ca6ebfbb7ba5a2a345,b89efb5e9d1b7e5900ef441b098d4c8b01600af5e673a9f9d607b3598f0fe548,301070.16213798523,1.719,13068.443137985247,20,13068.443137985247,googlenet,3.630123093884791
96149d3ed4f00afb92f12856101e693e93c4683f030ae6ca6ebfbb7ba5a2a345,b89efb5e9d1b7e5900ef441b098d4c8b01600af5e673a9f9d607b3598f0fe548,301079.4017930031,1.088,13078.313793003093,20,13078.313793003093,googlenet,3.6328649425008592
96149d3ed4f00afb92f12856101e693e93c4683f030ae6ca6ebfbb7ba5a2a345,b89efb5e9d1b7e5900ef441b098d4c8b01600af5e673a9f9d607b3598f0fe548,301101.808549881,1.371,13100.437549880997,20,13100.437549880997,googlenet,3.6390104305224993
96149d3ed4f00afb92f12856101e693e93c4683f030ae6ca6ebfbb7ba5a2a345,b89efb5e9d1b7e5900ef441b098d4c8b01600af5e673a9f9d607b3598f0fe548,301108.97929406166,0.788,13108.19129406166,20,13108.19129406166,googlenet,3.6411642483504614
96149d3ed4f00afb92f12856101e693e93c4683f030ae6ca6ebfbb7ba5a2a345,b89efb5e9d1b7e5900ef441b098d4c8b01600af5e673a9f9d607b3598f0fe548,301161.8842959404,0.868,13161.016295940382,20,13161.016295940382,googlenet,3.6558378599834396
96149d3ed4f00afb92f12856101e693e93c4683f030ae6ca6ebfbb7ba5a2a345,b89efb5e9d1b7e5900ef441b098d4c8b01600af5e673a9f9d607b3598f0fe548,301164.15895295143,1.812,13162.346952951455,20,13162.346952951455,googlenet,3.6562074869309598
96149d3ed4f00afb92f12856101e693e93c4683f030ae6ca6ebfbb7ba5a2a345,b89efb5e9d1b7e5900ef441b098d4c8b01600af5e673a9f9d607b3598f0fe548,301171.7005090713,1.003,13170.697509071266,20,13170.697509071266,googlenet,3.6585270858531294
96149d3ed4f00afb92f12856101e693e93c4683f030ae6ca6ebfbb7ba5a2a345,b89efb5e9d1b7e5900ef441b098d4c8b01600af5e673a9f9d607b3598f0fe548,301176.03671503067,0.785,13175.251715030696,20,13175.251715030696,googlenet,3.6597921430640823
96149d3ed4f00afb92f12856101e693e93c4683f030ae6ca6ebfbb7ba5a2a345,b89efb5e9d1b7e5900ef441b098d4c8b01600af5e673a9f9d607b3598f0fe548,301182.71465301514,0.792,13181.92265301512,20,13181.92265301512,googlenet,3.661645181393089
96149d3ed4f00afb92f12856101e693e93c4683f030ae6ca6ebfbb7ba5a2a345,b89efb5e9d1b7e5900ef441b098d4c8b01600af5e673a9f9d607b3598f0fe548,301197.175399065,0.915,13196.260399065039,20,13196.260399065039,googlenet,3.6656278886291775
96149d3ed4f00afb92f12856101e693e93c4683f030ae6ca6ebfbb7ba5a2a345,b89efb5e9d1b7e5900ef441b098d4c8b01600af5e673a9f9d607b3598f0fe548,301203.7631869316,0.871,13202.892186931625,20,13202.892186931625,googlenet,3.6674700519254517
96149d3ed4f00afb92f12856101e693e93c4683f030ae6ca6ebfbb7ba5a2a345,b89efb5e9d1b7e5900ef441b098d4c8b01600af5e673a9f9d607b3598f0fe548,301206.2409288883,0.99,13205.25092888833,20,13205.25092888833,googlenet,3.6681252580245363
96149d3ed4f00afb92f12856101e693e93c4683f030ae6ca6ebfbb7ba5a2a345,b89efb5e9d1b7e5900ef441b098d4c8b01600af5e673a9f9d607b3598f0fe548,301207.0829820633,0.755,13206.327982063289,20,13206.327982063289,googlenet,3.6684244394620245
96149d3ed4f00afb92f12856101e693e93c4683f030ae6ca6ebfbb7ba5a2a345,b89efb5e9d1b7e5900ef441b098d4c8b01600af5e673a9f9d607b3598f0fe548,301210.36426997185,0.757,13209.607269971864,20,13209.607269971864,googlenet,3.6693353527699624
96149d3ed4f00afb92f12856101e693e93c4683f030ae6ca6ebfbb7ba5a2a345,b89efb5e9d1b7e5900ef441b098d4c8b01600af5e673a9f9d607b3598f0fe548,301218.8479309082,0.833,13218.014930908219,20,13218.014930908219,googlenet,3.671670814141172
96149d3ed4f00afb92f12856101e693e93c4683f030ae6ca6ebfbb7ba5a2a345,b89efb5e9d1b7e5900ef441b098d4c8b01600af5e673a9f9d607b3598f0fe548,301222.5993208885,1.169,13221.430320888525,20,13221.430320888525,googlenet,3.672619533580146
96149d3ed4f00afb92f12856101e693e93c4683f030ae6ca6ebfbb7ba5a2a345,b89efb5e9d1b7e5900ef441b098d4c8b01600af5e673a9f9d607b3598f0fe548,301225.288132906,1.734,13223.554132906022,20,13223.554132906022,googlenet,3.673209481362784
96149d3ed4f00afb92f12856101e693e93c4683f030ae6ca6ebfbb7ba5a2a345,b89efb5e9d1b7e5900ef441b098d4c8b01600af5e673a9f9d607b3598f0fe548,301227.20218896866,1.044,13226.158188968664,20,13226.158188968664,googlenet,3.6739328302690732
96149d3ed4f00afb92f12856101e693e93c4683f030ae6ca6ebfbb7ba5a2a345,b89efb5e9d1b7e5900ef441b098d4c8b01600af5e673a9f9d607b3598f0fe548,301229.78622603416,0.084,13229.702226034191,20,13229.702226034191,googlenet,3.6749172850094975
96149d3ed4f00afb92f12856101e693e93c4683f030ae6ca6ebfbb7ba5a2a345,b89efb5e9d1b7e5900ef441b098d4c8b01600af5e673a9f9d607b3598f0fe548,301234.79705810547,0.992,13233.805058105441,20,13233.805058105441,googlenet,3.676056960584845
96149d3ed4f00afb92f12856101e693e93c4683f030ae6ca6ebfbb7ba5a2a345,b89efb5e9d1b7e5900ef441b098d4c8b01600af5e673a9f9d607b3598f0fe548,301254.716299057,1.349,13253.36729905702,20,13253.36729905702,googlenet,3.681490916404728
96149d3ed4f00afb92f12856101e693e93c4683f030ae6ca6ebfbb7ba5a2a345,b89efb5e9d1b7e5900ef441b098d4c8b01600af5e673a9f9d607b3598f0fe548,301359.9881899357,0.947,13359.041189935699,20,13359.041189935699,googlenet,3.7108447749821387
96149d3ed4f00afb92f12856101e693e93c4683f030ae6ca6ebfbb7ba5a2a345,b89efb5e9d1b7e5900ef441b098d4c8b01600af5e673a9f9d607b3598f0fe548,301362.9919319153,1.027,13361.964931915281,20,13361.964931915281,googlenet,3.7116569255320226
96149d3ed4f00afb92f12856101e693e93c4683f030ae6ca6ebfbb7ba5a2a345,b89efb5e9d1b7e5900ef441b098d4c8b01600af5e673a9f9d607b3598f0fe548,301371.4242310524,0.827,13370.597231052408,20,13370.597231052408,googlenet,3.7140547864034468
96149d3ed4f00afb92f12856101e693e93c4683f030ae6ca6ebfbb7ba5a2a345,b89efb5e9d1b7e5900ef441b098d4c8b01600af5e673a9f9d607b3598f0fe548,301384.9198279381,0.816,13384.103827938088,20,13384.103827938088,googlenet,3.717806618871691
96149d3ed4f00afb92f12856101e693e93c4683f030ae6ca6ebfbb7ba5a2a345,b89efb5e9d1b7e5900ef441b098d4c8b01600af5e673a9f9d607b3598f0fe548,301393.6299729347,1.21,13392.419972934702,20,13392.419972934702,googlenet,3.720116659148528
96149d3ed4f00afb92f12856101e693e93c4683f030ae6ca6ebfbb7ba5a2a345,b89efb5e9d1b7e5900ef441b098d4c8b01600af5e673a9f9d607b3598f0fe548,301396.79144001007,0.758,13396.033440010098,20,13396.033440010098,googlenet,3.721120400002805
96149d3ed4f00afb92f12856101e693e93c4683f030ae6ca6ebfbb7ba5a2a345,b89efb5e9d1b7e5900ef441b098d4c8b01600af5e673a9f9d607b3598f0fe548,301415.2603919506,1.052,13414.208391950582,20,13414.208391950582,googlenet,3.7261689977640504
96149d3ed4f00afb92f12856101e693e93c4683f030ae6ca6ebfbb7ba5a2a345,b89efb5e9d1b7e5900ef441b098d4c8b01600af5e673a9f9d607b3598f0fe548,301429.8614640236,0.914,13428.9474640236,20,13428.9474640236,googlenet,3.730263184451
96149d3ed4f00afb92f12856101e693e93c4683f030ae6ca6ebfbb7ba5a2a345,b89efb5e9d1b7e5900ef441b098d4c8b01600af5e673a9f9d607b3598f0fe548,301430.7275629044,0.776,13429.951562904404,20,13429.951562904404,googlenet,3.7305421008067787
96149d3ed4f00afb92f12856101e693e93c4683f030ae6ca6ebfbb7ba5a2a345,b89efb5e9d1b7e5900ef441b098d4c8b01600af5e673a9f9d607b3598f0fe548,301442.948210001,0.841,13442.107210000977,20,13442.107210000977,googlenet,3.7339186694447157
96149d3ed4f00afb92f12856101e693e93c4683f030ae6ca6ebfbb7ba5a2a345,b89efb5e9d1b7e5900ef441b098d4c8b01600af5e673a9f9d607b3598f0fe548,301445.4223558903,0.798,13444.624355890264,20,13444.624355890264,googlenet,3.7346178766361846
96149d3ed4f00afb92f12856101e693e93c4683f030ae6ca6ebfbb7ba5a2a345,b89efb5e9d1b7e5900ef441b098d4c8b01600af5e673a9f9d607b3598f0fe548,301456.8969950676,0.844,13456.052995067614,20,13456.052995067614,googlenet,3.7377924986298927
96149d3ed4f00afb92f12856101e693e93c4683f030ae6ca6ebfbb7ba5a2a345,b89efb5e9d1b7e5900ef441b098d4c8b01600af5e673a9f9d607b3598f0fe548,301462.2194008827,0.927,13461.292400882696,20,13461.292400882696,googlenet,3.739247889134082
96149d3ed4f00afb92f12856101e693e93c4683f030ae6ca6ebfbb7ba5a2a345,b89efb5e9d1b7e5900ef441b098d4c8b01600af5e673a9f9d607b3598f0fe548,301529.82925510406,1.503,13528.326255104039,20,13528.326255104039,googlenet,3.7578684041955666
96149d3ed4f00afb92f12856101e693e93c4683f030ae6ca6ebfbb7ba5a2a345,b89efb5e9d1b7e5900ef441b098d4c8b01600af5e673a9f9d607b3598f0fe548,301575.92678403854,1.193,13574.733784038515,20,13574.733784038515,googlenet,3.7707593844551432
96149d3ed4f00afb92f12856101e693e93c4683f030ae6ca6ebfbb7ba5a2a345,b89efb5e9d1b7e5900ef441b098d4c8b01600af5e673a9f9d607b3598f0fe548,301579.1757750511,1.251,13577.924775051128,20,13577.924775051128,googlenet,3.7716457708475355
96149d3ed4f00afb92f12856101e693e93c4683f030ae6ca6ebfbb7ba5a2a345,b89efb5e9d1b7e5900ef441b098d4c8b01600af5e673a9f9d607b3598f0fe548,301616.1549220085,1.506,13614.64892200852,20,13614.64892200852,googlenet,3.7818469227801446
96149d3ed4f00afb92f12856101e693e93c4683f030ae6ca6ebfbb7ba5a2a345,b89efb5e9d1b7e5900ef441b098d4c8b01600af5e673a9f9d607b3598f0fe548,301619.3686668873,1.14,13618.22866688727,20,13618.22866688727,googlenet,3.782841296357575
96149d3ed4f00afb92f12856101e693e93c4683f030ae6ca6ebfbb7ba5a2a345,b89efb5e9d1b7e5900ef441b098d4c8b01600af5e673a9f9d607b3598f0fe548,301620.5440900326,1.09,13619.454090032552,20,13619.454090032552,googlenet,3.783181691675709
96149d3ed4f00afb92f12856101e693e93c4683f030ae6ca6ebfbb7ba5a2a345,b89efb5e9d1b7e5900ef441b098d4c8b01600af5e673a9f9d607b3598f0fe548,301622.77250409126,1.013,13621.759504091286,20,13621.759504091286,googlenet,3.7838220844698016
96149d3ed4f00afb92f12856101e693e93c4683f030ae6ca6ebfbb7ba5a2a345,b89efb5e9d1b7e5900ef441b098d4c8b01600af5e673a9f9d607b3598f0fe548,301632.1387870312,0.93,13631.20878703118,20,13631.20878703118,googlenet,3.786446885286439
96149d3ed4f00afb92f12856101e693e93c4683f030ae6ca6ebfbb7ba5a2a345,b89efb5e9d1b7e5900ef441b098d4c8b01600af5e673a9f9d607b3598f0fe548,301639.9888830185,0.965,13639.023883018468,20,13639.023883018468,googlenet,3.7886177452829077
96149d3ed4f00afb92f12856101e693e93c4683f030ae6ca6ebfbb7ba5a2a345,b89efb5e9d1b7e5900ef441b098d4c8b01600af5e673a9f9d607b3598f0fe548,301641.0257730484,0.889,13640.136773048376,20,13640.136773048376,googlenet,3.7889268814023267
96149d3ed4f00afb92f12856101e693e93c4683f030ae6ca6ebfbb7ba5a2a345,b89efb5e9d1b7e5900ef441b098d4c8b01600af5e673a9f9d607b3598f0fe548,301648.5554931164,1.251,13647.30449311639,20,13647.30449311639,googlenet,3.7909179147545524
96149d3ed4f00afb92f12856101e693e93c4683f030ae6ca6ebfbb7ba5a2a345,b89efb5e9d1b7e5900ef441b098d4c8b01600af5e673a9f9d607b3598f0fe548,301659.46522808075,0.837,13658.62822808075,20,13658.62822808075,googlenet,3.794063396689097
96149d3ed4f00afb92f12856101e693e93c4683f030ae6ca6ebfbb7ba5a2a345,b89efb5e9d1b7e5900ef441b098d4c8b01600af5e673a9f9d607b3598f0fe548,301660.51870799065,0.774,13659.74470799067,20,13659.74470799067,googlenet,3.7943735299974084
96149d3ed4f00afb92f12856101e693e93c4683f030ae6ca6ebfbb7ba5a2a345,b89efb5e9d1b7e5900ef441b098d4c8b01600af5e673a9f9d607b3598f0fe548,301661.3495590687,0.765,13660.584559068666,20,13660.584559068666,googlenet,3.7946068219635185
96149d3ed4f00afb92f12856101e693e93c4683f030ae6ca6ebfbb7ba5a2a345,b89efb5e9d1b7e5900ef441b098d4c8b01600af5e673a9f9d607b3598f0fe548,301663.4886291027,0.931,13662.557629102725,20,13662.557629102725,googlenet,3.795154896972979
96149d3ed4f00afb92f12856101e693e93c4683f030ae6ca6ebfbb7ba5a2a345,b89efb5e9d1b7e5900ef441b098d4c8b01600af5e673a9f9d607b3598f0fe548,301666.1088020801,0.979,13665.129802080104,20,13665.129802080104,googlenet,3.7958693894666955
96149d3ed4f00afb92f12856101e693e93c4683f030ae6ca6ebfbb7ba5a2a345,b89efb5e9d1b7e5900ef441b098d4c8b01600af5e673a9f9d607b3598f0fe548,301983.20944809914,1.119,13982.09044809913,20,13982.09044809913,googlenet,3.8839140133608696
96149d3ed4f00afb92f12856101e693e93c4683f030ae6ca6ebfbb7ba5a2a345,b89efb5e9d1b7e5900ef441b098d4c8b01600af5e673a9f9d607b3598f0fe548,302001.3617529869,1.126,14000.235752986919,20,14000.235752986919,googlenet,3.8889543758297
96149d3ed4f00afb92f12856101e693e93c4683f030ae6ca6ebfbb7ba5a2a345,b89efb5e9d1b7e5900ef441b098d4c8b01600af5e673a9f9d607b3598f0fe548,302002.6601829529,1.142,14001.518182952888,20,14001.518182952888,googlenet,3.8893106063758025
96149d3ed4f00afb92f12856101e693e93c4683f030ae6ca6ebfbb7ba5a2a345,b89efb5e9d1b7e5900ef441b098d4c8b01600af5e673a9f9d607b3598f0fe548,302017.58140301704,1.216,14016.36540301703,20,14016.36540301703,googlenet,3.893434834171397
96149d3ed4f00afb92f12856101e693e93c4683f030ae6ca6ebfbb7ba5a2a345,b89efb5e9d1b7e5900ef441b098d4c8b01600af5e673a9f9d607b3598f0fe548,302028.8610930443,0.901,14027.960093044268,20,14027.960093044268,googlenet,3.896655581401186
96149d3ed4f00afb92f12856101e693e93c4683f030ae6ca6ebfbb7ba5a2a345,b89efb5e9d1b7e5900ef441b098d4c8b01600af5e673a9f9d607b3598f0fe548,302040.74398207664,1.045,14039.698982076661,20,14039.698982076661,googlenet,3.899916383910184
96149d3ed4f00afb92f12856101e693e93c4683f030ae6ca6ebfbb7ba5a2a345,b89efb5e9d1b7e5900ef441b098d4c8b01600af5e673a9f9d607b3598f0fe548,302042.887237072,0.92,14041.967237072007,20,14041.967237072007,googlenet,3.900546454742224
96149d3ed4f00afb92f12856101e693e93c4683f030ae6ca6ebfbb7ba5a2a345,b89efb5e9d1b7e5900ef441b098d4c8b01600af5e673a9f9d607b3598f0fe548,302044.82423496246,0.877,14043.947234962485,20,14043.947234962485,googlenet,3.901096454156246
96149d3ed4f00afb92f12856101e693e93c4683f030ae6ca6ebfbb7ba5a2a345,b89efb5e9d1b7e5900ef441b098d4c8b01600af5e673a9f9d607b3598f0fe548,302046.8655350208,0.834,14046.031535020855,20,14046.031535020855,googlenet,3.901675426394682
96149d3ed4f00afb92f12856101e693e93c4683f030ae6ca6ebfbb7ba5a2a345,b89efb5e9d1b7e5900ef441b098d4c8b01600af5e673a9f9d607b3598f0fe548,302059.73106598854,0.869,14058.862065988535,20,14058.862065988535,googlenet,3.9052394627745928
96149d3ed4f00afb92f12856101e693e93c4683f030ae6ca6ebfbb7ba5a2a345,b89efb5e9d1b7e5900ef441b098d4c8b01600af5e673a9f9d607b3598f0fe548,302062.4914250374,1.283,14061.208425037388,20,14061.208425037388,googlenet,3.9058912291770524
96149d3ed4f00afb92f12856101e693e93c4683f030ae6ca6ebfbb7ba5a2a345,b89efb5e9d1b7e5900ef441b098d4c8b01600af5e673a9f9d607b3598f0fe548,302065.33561110497,1.194,14064.141611104948,20,14064.141611104948,googlenet,3.906706003084708
96149d3ed4f00afb92f12856101e693e93c4683f030ae6ca6ebfbb7ba5a2a345,b89efb5e9d1b7e5900ef441b098d4c8b01600af5e673a9f9d607b3598f0fe548,302079.36579298973,1.125,14078.24079298973,20,14078.24079298973,googlenet,3.9106224424971474
96149d3ed4f00afb92f12856101e693e93c4683f030ae6ca6ebfbb7ba5a2a345,b89efb5e9d1b7e5900ef441b098d4c8b01600af5e673a9f9d607b3598f0fe548,302085.88100099564,0.858,14085.023000995629,20,14085.023000995629,googlenet,3.9125063891654523
96149d3ed4f00afb92f12856101e693e93c4683f030ae6ca6ebfbb7ba5a2a345,b89efb5e9d1b7e5900ef441b098d4c8b01600af5e673a9f9d607b3598f0fe548,302087.2965459824,1.228,14086.068545982416,20,14086.068545982416,googlenet,3.912796818328449
96149d3ed4f00afb92f12856101e693e93c4683f030ae6ca6ebfbb7ba5a2a345,b89efb5e9d1b7e5900ef441b098d4c8b01600af5e673a9f9d607b3598f0fe548,302089.597548008,1.048,14088.549548008014,20,14088.549548008014,googlenet,3.9134859855577817
96149d3ed4f00afb92f12856101e693e93c4683f030ae6ca6ebfbb7ba5a2a345,b89efb5e9d1b7e5900ef441b098d4c8b01600af5e673a9f9d607b3598f0fe548,302095.0365819931,0.911,14094.125581993081,20,14094.125581993081,googlenet,3.915034883886967
96149d3ed4f00afb92f12856101e693e93c4683f030ae6ca6ebfbb7ba5a2a345,b89efb5e9d1b7e5900ef441b098d4c8b01600af5e673a9f9d607b3598f0fe548,302102.2444689274,1.164,14101.080468927394,20,14101.080468927394,googlenet,3.916966796924276
96149d3ed4f00afb92f12856101e693e93c4683f030ae6ca6ebfbb7ba5a2a345,b89efb5e9d1b7e5900ef441b098d4c8b01600af5e673a9f9d607b3598f0fe548,302104.71645998955,0.868,14103.848459989531,20,14103.848459989531,googlenet,3.917735683330425
96149d3ed4f00afb92f12856101e693e93c4683f030ae6ca6ebfbb7ba5a2a345,b89efb5e9d1b7e5900ef441b098d4c8b01600af5e673a9f9d607b3598f0fe548,302109.613902092,1.239,14108.374902091979,20,14108.374902091979,googlenet,3.9189930283588827
96149d3ed4f00afb92f12856101e693e93c4683f030ae6ca6ebfbb7ba5a2a345,b89efb5e9d1b7e5900ef441b098d4c8b01600af5e673a9f9d607b3598f0fe548,302111.9721939564,0.981,14110.991193956346,20,14110.991193956346,googlenet,3.9197197760989853
96149d3ed4f00afb92f12856101e693e93c4683f030ae6ca6ebfbb7ba5a2a345,b89efb5e9d1b7e5900ef441b098d4c8b01600af5e673a9f9d607b3598f0fe548,302127.2868440151,0.922,14126.364844015101,20,14126.364844015101,googlenet,3.923990234448639
96149d3ed4f00afb92f12856101e693e93c4683f030ae6ca6ebfbb7ba5a2a345,b89efb5e9d1b7e5900ef441b098d4c8b01600af5e673a9f9d607b3598f0fe548,302128.9460449219,1.46,14127.486044921854,20,14127.486044921854,googlenet,3.9243016791449596
96149d3ed4f00afb92f12856101e693e93c4683f030ae6ca6ebfbb7ba5a2a345,b89efb5e9d1b7e5900ef441b098d4c8b01600af5e673a9f9d607b3598f0fe548,302148.2929170132,0.764,14147.528917013202,20,14147.528917013202,googlenet,3.9298691436147783
96149d3ed4f00afb92f12856101e693e93c4683f030ae6ca6ebfbb7ba5a2a345,b89efb5e9d1b7e5900ef441b098d4c8b01600af5e673a9f9d607b3598f0fe548,302150.6512169838,1.036,14149.615216983773,20,14149.615216983773,googlenet,3.9304486713843816
96149d3ed4f00afb92f12856101e693e93c4683f030ae6ca6ebfbb7ba5a2a345,b89efb5e9d1b7e5900ef441b098d4c8b01600af5e673a9f9d607b3598f0fe548,302151.9914329052,1.023,14150.96843290521,20,14150.96843290521,googlenet,3.9308245646958917
96149d3ed4f00afb92f12856101e693e93c4683f030ae6ca6ebfbb7ba5a2a345,b89efb5e9d1b7e5900ef441b098d4c8b01600af5e673a9f9d607b3598f0fe548,302179.7977209091,0.792,14179.005720909103,20,14179.005720909103,googlenet,3.9386127002525284
96149d3ed4f00afb92f12856101e693e93c4683f030ae6ca6ebfbb7ba5a2a345,b89efb5e9d1b7e5900ef441b098d4c8b01600af5e673a9f9d607b3598f0fe548,302196.4252460003,1.488,14194.937246000278,20,14194.937246000278,googlenet,3.9430381238889662
96149d3ed4f00afb92f12856101e693e93c4683f030ae6ca6ebfbb7ba5a2a345,b89efb5e9d1b7e5900ef441b098d4c8b01600af5e673a9f9d607b3598f0fe548,302204.7366349697,0.824,14203.912634969689,20,14203.912634969689,googlenet,3.94553128749158
96149d3ed4f00afb92f12856101e693e93c4683f030ae6ca6ebfbb7ba5a2a345,b89efb5e9d1b7e5900ef441b098d4c8b01600af5e673a9f9d607b3598f0fe548,302205.8385119438,0.863,14204.975511943805,20,14204.975511943805,googlenet,3.945826531095501
96149d3ed4f00afb92f12856101e693e93c4683f030ae6ca6ebfbb7ba5a2a345,b89efb5e9d1b7e5900ef441b098d4c8b01600af5e673a9f9d607b3598f0fe548,302243.7818160057,1.862,14241.919816005684,20,14241.919816005684,googlenet,3.956088837779357
96149d3ed4f00afb92f12856101e693e93c4683f030ae6ca6ebfbb7ba5a2a345,b89efb5e9d1b7e5900ef441b098d4c8b01600af5e673a9f9d607b3598f0fe548,302246.6978039741,0.972,14245.725803974085,20,14245.725803974085,googlenet,3.957146056659468
96149d3ed4f00afb92f12856101e693e93c4683f030ae6ca6ebfbb7ba5a2a345,b89efb5e9d1b7e5900ef441b098d4c8b01600af5e673a9f9d607b3598f0fe548,302255.67554807663,1.208,14254.467548076645,20,14254.467548076645,googlenet,3.959574318910179
96149d3ed4f00afb92f12856101e693e93c4683f030ae6ca6ebfbb7ba5a2a345,b89efb5e9d1b7e5900ef441b098d4c8b01600af5e673a9f9d607b3598f0fe548,302263.2413349152,1.274,14261.967334915244,20,14261.967334915244,googlenet,3.961657593032012
96149d3ed4f00afb92f12856101e693e93c4683f030ae6ca6ebfbb7ba5a2a345,b89efb5e9d1b7e5900ef441b098d4c8b01600af5e673a9f9d607b3598f0fe548,302267.9026288986,1.018,14266.884628898639,20,14266.884628898639,googlenet,3.9630235080273994
96149d3ed4f00afb92f12856101e693e93c4683f030ae6ca6ebfbb7ba5a2a345,b89efb5e9d1b7e5900ef441b098d4c8b01600af5e673a9f9d607b3598f0fe548,302278.0849289894,1.367,14276.717928989383,20,14276.717928989383,googlenet,3.9657549802748284
96149d3ed4f00afb92f12856101e693e93c4683f030ae6ca6ebfbb7ba5a2a345,b89efb5e9d1b7e5900ef441b098d4c8b01600af5e673a9f9d607b3598f0fe548,302282.67498111725,0.962,14281.712981117249,20,14281.712981117249,googlenet,3.9671424947547913
96149d3ed4f00afb92f12856101e693e93c4683f030ae6ca6ebfbb7ba5a2a345,b89efb5e9d1b7e5900ef441b098d4c8b01600af5e673a9f9d607b3598f0fe548,302285.0902879238,1.604,14283.48628792382,20,14283.48628792382,googlenet,3.967635079978839
96149d3ed4f00afb92f12856101e693e93c4683f030ae6ca6ebfbb7ba5a2a345,b89efb5e9d1b7e5900ef441b098d4c8b01600af5e673a9f9d607b3598f0fe548,302291.562128067,0.971,14290.591128066997,20,14290.591128066997,googlenet,3.969608646685277
96149d3ed4f00afb92f12856101e693e93c4683f030ae6ca6ebfbb7ba5a2a345,b89efb5e9d1b7e5900ef441b098d4c8b01600af5e673a9f9d607b3598f0fe548,302299.02621006966,1.647,14297.37921006966,20,14297.37921006966,googlenet,3.9714942250193497
96149d3ed4f00afb92f12856101e693e93c4683f030ae6ca6ebfbb7ba5a2a345,b89efb5e9d1b7e5900ef441b098d4c8b01600af5e673a9f9d607b3598f0fe548,302310.08169293404,1.331,14308.75069293403,20,14308.75069293403,googlenet,3.974652970259453
96149d3ed4f00afb92f12856101e693e93c4683f030ae6ca6ebfbb7ba5a2a345,b89efb5e9d1b7e5900ef441b098d4c8b01600af5e673a9f9d607b3598f0fe548,302313.99906492233,1.092,14312.907064922329,20,14312.907064922329,googlenet,3.9758075180339802
96149d3ed4f00afb92f12856101e693e93c4683f030ae6ca6ebfbb7ba5a2a345,b89efb5e9d1b7e5900ef441b098d4c8b01600af5e673a9f9d607b3598f0fe548,302315.8429450989,0.967,14314.875945098873,20,14314.875945098873,googlenet,3.9763544291941315
96149d3ed4f00afb92f12856101e693e93c4683f030ae6ca6ebfbb7ba5a2a345,b89efb5e9d1b7e5900ef441b098d4c8b01600af5e673a9f9d607b3598f0fe548,302325.141518116,0.967,14324.174518115993,20,14324.174518115993,googlenet,3.9789373661433314
96149d3ed4f00afb92f12856101e693e93c4683f030ae6ca6ebfbb7ba5a2a345,b89efb5e9d1b7e5900ef441b098d4c8b01600af5e673a9f9d607b3598f0fe548,302330.98901200294,1.324,14329.665012002923,20,14329.665012002923,googlenet,3.980462503334145
96149d3ed4f00afb92f12856101e693e93c4683f030ae6ca6ebfbb7ba5a2a345,b89efb5e9d1b7e5900ef441b098d4c8b01600af5e673a9f9d607b3598f0fe548,302332.4457728863,1.279,14331.166772886296,20,14331.166772886296,googlenet,3.9808796591350823
96149d3ed4f00afb92f12856101e693e93c4683f030ae6ca6ebfbb7ba5a2a345,b89efb5e9d1b7e5900ef441b098d4c8b01600af5e673a9f9d607b3598f0fe548,302334.81696105003,0.816,14334.000961050042,20,14334.000961050042,googlenet,3.9816669336250117
96149d3ed4f00afb92f12856101e693e93c4683f030ae6ca6ebfbb7ba5a2a345,b89efb5e9d1b7e5900ef441b098d4c8b01600af5e673a9f9d607b3598f0fe548,302380.5786600113,1.246,14379.332660011307,20,14379.332660011307,googlenet,3.994259072225363
96149d3ed4f00afb92f12856101e693e93c4683f030ae6ca6ebfbb7ba5a2a345,b89efb5e9d1b7e5900ef441b098d4c8b01600af5e673a9f9d607b3598f0fe548,302385.97586011887,0.998,14384.977860118845,20,14384.977860118845,googlenet,3.995827183366346
96149d3ed4f00afb92f12856101e693e93c4683f030ae6ca6ebfbb7ba5a2a345,b89efb5e9d1b7e5900ef441b098d4c8b01600af5e673a9f9d607b3598f0fe548,302397.39447689056,0.749,14396.645476890553,20,14396.645476890553,googlenet,3.9990681880251535
96149d3ed4f00afb92f12856101e693e93c4683f030ae6ca6ebfbb7ba5a2a345,b89efb5e9d1b7e5900ef441b098d4c8b01600af5e673a9f9d607b3598f0fe548,302399.61270809174,0.88,14398.732708091731,20,14398.732708091731,googlenet,3.999647974469925
96149d3ed4f00afb92f12856101e693e93c4683f030ae6ca6ebfbb7ba5a2a345,e5298aafdbabecd1465ab0eeb24d7633ac7de0284f7ee075209b119c297a3622,288658.17199993134,0.1,658.0719999313587,20,658.0719999313587,inception,0.18279777775871076
96149d3ed4f00afb92f12856101e693e93c4683f030ae6ca6ebfbb7ba5a2a345,e5298aafdbabecd1465ab0eeb24d7633ac7de0284f7ee075209b119c297a3622,288669.47215509415,0.068,669.4041550941183,20,669.4041550941183,inception,0.1859455986372551
96149d3ed4f00afb92f12856101e693e93c4683f030ae6ca6ebfbb7ba5a2a345,e5298aafdbabecd1465ab0eeb24d7633ac7de0284f7ee075209b119c297a3622,288671.4249639511,0.089,671.3359639511327,20,671.3359639511327,inception,0.18648221220864797
96149d3ed4f00afb92f12856101e693e93c4683f030ae6ca6ebfbb7ba5a2a345,e5298aafdbabecd1465ab0eeb24d7633ac7de0284f7ee075209b119c297a3622,288672.72170996666,0.08,672.6417099666432,20,672.6417099666432,inception,0.18684491943517867
96149d3ed4f00afb92f12856101e693e93c4683f030ae6ca6ebfbb7ba5a2a345,e5298aafdbabecd1465ab0eeb24d7633ac7de0284f7ee075209b119c297a3622,288674.7842490673,0.075,674.7092490672949,20,674.7092490672949,inception,0.18741923585202636
96149d3ed4f00afb92f12856101e693e93c4683f030ae6ca6ebfbb7ba5a2a345,e5298aafdbabecd1465ab0eeb24d7633ac7de0284f7ee075209b119c297a3622,288676.65926003456,0.091,676.5682600345463,20,676.5682600345463,inception,0.18793562778737397
96149d3ed4f00afb92f12856101e693e93c4683f030ae6ca6ebfbb7ba5a2a345,e5298aafdbabecd1465ab0eeb24d7633ac7de0284f7ee075209b119c297a3622,288678.1905629635,0.074,678.1165629634634,20,678.1165629634634,inception,0.18836571193429538
96149d3ed4f00afb92f12856101e693e93c4683f030ae6ca6ebfbb7ba5a2a345,e5298aafdbabecd1465ab0eeb24d7633ac7de0284f7ee075209b119c297a3622,288679.78486704826,0.075,679.7098670482519,20,679.7098670482519,inception,0.1888082964022922
96149d3ed4f00afb92f12856101e693e93c4683f030ae6ca6ebfbb7ba5a2a345,e5298aafdbabecd1465ab0eeb24d7633ac7de0284f7ee075209b119c297a3622,288681.23793411255,0.082,681.155934112554,20,681.155934112554,inception,0.18920998169793166
96149d3ed4f00afb92f12856101e693e93c4683f030ae6ca6ebfbb7ba5a2a345,e5298aafdbabecd1465ab0eeb24d7633ac7de0284f7ee075209b119c297a3622,288687.39615798,0.045,687.3511579800397,20,687.3511579800397,inception,0.1909308772166777
96149d3ed4f00afb92f12856101e693e93c4683f030ae6ca6ebfbb7ba5a2a345,e5298aafdbabecd1465ab0eeb24d7633ac7de0284f7ee075209b119c297a3622,288691.55004000664,0.074,691.4760400066152,20,691.4760400066152,inception,0.19207667777961535
96149d3ed4f00afb92f12856101e693e93c4683f030ae6ca6ebfbb7ba5a2a345,e5298aafdbabecd1465ab0eeb24d7633ac7de0284f7ee075209b119c297a3622,288699.8639409542,0.076,699.7879409542074,20,699.7879409542074,inception,0.19438553915394652
96149d3ed4f00afb92f12856101e693e93c4683f030ae6ca6ebfbb7ba5a2a345,e5298aafdbabecd1465ab0eeb24d7633ac7de0284f7ee075209b119c297a3622,288701.50357604027,0.09,701.4135760402423,20,701.4135760402423,inception,0.19483710445562288
96149d3ed4f00afb92f12856101e693e93c4683f030ae6ca6ebfbb7ba5a2a345,e5298aafdbabecd1465ab0eeb24d7633ac7de0284f7ee075209b119c297a3622,288703.1754209995,0.061,703.11442099954,20,703.11442099954,inception,0.19530956138876113
96149d3ed4f00afb92f12856101e693e93c4683f030ae6ca6ebfbb7ba5a2a345,e5298aafdbabecd1465ab0eeb24d7633ac7de0284f7ee075209b119c297a3622,288708.3315410614,0.066,708.2655410614097,20,708.2655410614097,inception,0.19674042807261383
96149d3ed4f00afb92f12856101e693e93c4683f030ae6ca6ebfbb7ba5a2a345,e5298aafdbabecd1465ab0eeb24d7633ac7de0284f7ee075209b119c297a3622,288709.59761309624,0.066,709.5316130962456,20,709.5316130962456,inception,0.1970921147489571
96149d3ed4f00afb92f12856101e693e93c4683f030ae6ca6ebfbb7ba5a2a345,e5298aafdbabecd1465ab0eeb24d7633ac7de0284f7ee075209b119c297a3622,288711.41005802155,0.088,711.3220580215566,20,711.3220580215566,inception,0.1975894605615435
96149d3ed4f00afb92f12856101e693e93c4683f030ae6ca6ebfbb7ba5a2a345,e5298aafdbabecd1465ab0eeb24d7633ac7de0284f7ee075209b119c297a3622,288713.69140410423,0.062,713.6294041042565,20,713.6294041042565,inception,0.19823039002896015
96149d3ed4f00afb92f12856101e693e93c4683f030ae6ca6ebfbb7ba5a2a345,e5298aafdbabecd1465ab0eeb24d7633ac7de0284f7ee075209b119c297a3622,288715.1151099205,0.09,715.0251099204761,20,715.0251099204761,inception,0.19861808608902115
96149d3ed4f00afb92f12856101e693e93c4683f030ae6ca6ebfbb7ba5a2a345,e5298aafdbabecd1465ab0eeb24d7633ac7de0284f7ee075209b119c297a3622,288716.84775710106,0.075,716.7727571010473,20,716.7727571010473,inception,0.19910354363917981
96149d3ed4f00afb92f12856101e693e93c4683f030ae6ca6ebfbb7ba5a2a345,e5298aafdbabecd1465ab0eeb24d7633ac7de0284f7ee075209b119c297a3622,288720.2846829891,0.091,720.1936829891056,20,720.1936829891056,inception,0.2000538008303071
96149d3ed4f00afb92f12856101e693e93c4683f030ae6ca6ebfbb7ba5a2a345,e5298aafdbabecd1465ab0eeb24d7633ac7de0284f7ee075209b119c297a3622,288721.8323199749,0.077,721.7553199749091,20,721.7553199749091,inception,0.2004875888819192
96149d3ed4f00afb92f12856101e693e93c4683f030ae6ca6ebfbb7ba5a2a345,e5298aafdbabecd1465ab0eeb24d7633ac7de0284f7ee075209b119c297a3622,288723.9109709263,0.081,723.8299709262792,20,723.8299709262792,inception,0.20106388081285534
96149d3ed4f00afb92f12856101e693e93c4683f030ae6ca6ebfbb7ba5a2a345,e5298aafdbabecd1465ab0eeb24d7633ac7de0284f7ee075209b119c297a3622,288725.94214200974,0.07,725.8721420097281,20,725.8721420097281,inception,0.2016311505582578
96149d3ed4f00afb92f12856101e693e93c4683f030ae6ca6ebfbb7ba5a2a345,e5298aafdbabecd1465ab0eeb24d7633ac7de0284f7ee075209b119c297a3622,288727.55037903786,0.066,727.4843790378654,20,727.4843790378654,inception,0.20207899417718483
96149d3ed4f00afb92f12856101e693e93c4683f030ae6ca6ebfbb7ba5a2a345,e5298aafdbabecd1465ab0eeb24d7633ac7de0284f7ee075209b119c297a3622,288728.8325519562,0.083,728.7495519561926,20,728.7495519561926,inception,0.20243043109894238
96149d3ed4f00afb92f12856101e693e93c4683f030ae6ca6ebfbb7ba5a2a345,e5298aafdbabecd1465ab0eeb24d7633ac7de0284f7ee075209b119c297a3622,288730.30143404007,0.075,730.2264340400579,20,730.2264340400579,inception,0.20284067612223833
96149d3ed4f00afb92f12856101e693e93c4683f030ae6ca6ebfbb7ba5a2a345,e5298aafdbabecd1465ab0eeb24d7633ac7de0284f7ee075209b119c297a3622,288731.89652609825,0.083,731.8135260982672,20,731.8135260982672,inception,0.20328153502729643
96149d3ed4f00afb92f12856101e693e93c4683f030ae6ca6ebfbb7ba5a2a345,e5298aafdbabecd1465ab0eeb24d7633ac7de0284f7ee075209b119c297a3622,288733.5191628933,0.06,733.4591628932976,20,733.4591628932976,inception,0.20373865635924934
96149d3ed4f00afb92f12856101e693e93c4683f030ae6ca6ebfbb7ba5a2a345,e5298aafdbabecd1465ab0eeb24d7633ac7de0284f7ee075209b119c297a3622,288737.0352549553,0.074,736.9612549552694,20,736.9612549552694,inception,0.20471145970979707
96149d3ed4f00afb92f12856101e693e93c4683f030ae6ca6ebfbb7ba5a2a345,e5298aafdbabecd1465ab0eeb24d7633ac7de0284f7ee075209b119c297a3622,288741.97446107864,0.077,741.8974610786536,20,741.8974610786536,inception,0.20608262807740377
96149d3ed4f00afb92f12856101e693e93c4683f030ae6ca6ebfbb7ba5a2a345,e5298aafdbabecd1465ab0eeb24d7633ac7de0284f7ee075209b119c297a3622,288744.16128110886,0.085,744.0762811088352,20,744.0762811088352,inception,0.20668785586356533
96149d3ed4f00afb92f12856101e693e93c4683f030ae6ca6ebfbb7ba5a2a345,e5298aafdbabecd1465ab0eeb24d7633ac7de0284f7ee075209b119c297a3622,288754.62890696526,0.075,754.5539069652441,20,754.5539069652441,inception,0.20959830749034558
96149d3ed4f00afb92f12856101e693e93c4683f030ae6ca6ebfbb7ba5a2a345,e5298aafdbabecd1465ab0eeb24d7633ac7de0284f7ee075209b119c297a3622,288756.3960618973,0.072,756.3240618972923,20,756.3240618972923,inception,0.2100900171936923
96149d3ed4f00afb92f12856101e693e93c4683f030ae6ca6ebfbb7ba5a2a345,e5298aafdbabecd1465ab0eeb24d7633ac7de0284f7ee075209b119c297a3622,288760.5297739506,0.039,760.490773950587,20,760.490773950587,inception,0.2112474372084964
96149d3ed4f00afb92f12856101e693e93c4683f030ae6ca6ebfbb7ba5a2a345,e5298aafdbabecd1465ab0eeb24d7633ac7de0284f7ee075209b119c297a3622,288762.3484299183,0.065,762.2834299182869,20,762.2834299182869,inception,0.21174539719952412
96149d3ed4f00afb92f12856101e693e93c4683f030ae6ca6ebfbb7ba5a2a345,e5298aafdbabecd1465ab0eeb24d7633ac7de0284f7ee075209b119c297a3622,288764.2390069961,0.073,764.1660069961217,20,764.1660069961217,inception,0.21226833527670047
96149d3ed4f00afb92f12856101e693e93c4683f030ae6ca6ebfbb7ba5a2a345,e5298aafdbabecd1465ab0eeb24d7633ac7de0284f7ee075209b119c297a3622,288765.97330904007,0.07,765.9033090400626,20,765.9033090400626,inception,0.21275091917779518
96149d3ed4f00afb92f12856101e693e93c4683f030ae6ca6ebfbb7ba5a2a345,e5298aafdbabecd1465ab0eeb24d7633ac7de0284f7ee075209b119c297a3622,288767.8488500118,0.094,767.7548500118428,20,767.7548500118428,inception,0.21326523611440076
96149d3ed4f00afb92f12856101e693e93c4683f030ae6ca6ebfbb7ba5a2a345,e5298aafdbabecd1465ab0eeb24d7633ac7de0284f7ee075209b119c297a3622,288769.48914194107,0.086,769.4031419410603,20,769.4031419410603,inception,0.21372309498362788
96149d3ed4f00afb92f12856101e693e93c4683f030ae6ca6ebfbb7ba5a2a345,e5298aafdbabecd1465ab0eeb24d7633ac7de0284f7ee075209b119c297a3622,288771.288476944,0.071,771.2174769440317,20,771.2174769440317,inception,0.21422707692889767
96149d3ed4f00afb92f12856101e693e93c4683f030ae6ca6ebfbb7ba5a2a345,e5298aafdbabecd1465ab0eeb24d7633ac7de0284f7ee075209b119c297a3622,288774.23815107346,0.067,774.1711510734749,20,774.1711510734749,inception,0.21504754196485415
96149d3ed4f00afb92f12856101e693e93c4683f030ae6ca6ebfbb7ba5a2a345,e5298aafdbabecd1465ab0eeb24d7633ac7de0284f7ee075209b119c297a3622,288774.91408109665,0.064,774.8500810966361,20,774.8500810966361,inception,0.2152361336379545
96149d3ed4f00afb92f12856101e693e93c4683f030ae6ca6ebfbb7ba5a2a345,e5298aafdbabecd1465ab0eeb24d7633ac7de0284f7ee075209b119c297a3622,288776.5202550888,0.089,776.431255088828,20,776.431255088828,inception,0.21567534863578558
96149d3ed4f00afb92f12856101e693e93c4683f030ae6ca6ebfbb7ba5a2a345,e5298aafdbabecd1465ab0eeb24d7633ac7de0284f7ee075209b119c297a3622,288791.351099968,0.043,791.3080999680096,20,791.3080999680096,inception,0.21980780554666934
96149d3ed4f00afb92f12856101e693e93c4683f030ae6ca6ebfbb7ba5a2a345,e5298aafdbabecd1465ab0eeb24d7633ac7de0284f7ee075209b119c297a3622,288837.5365459919,0.073,837.4635459919227,20,837.4635459919227,inception,0.2326287627755341
96149d3ed4f00afb92f12856101e693e93c4683f030ae6ca6ebfbb7ba5a2a345,e5298aafdbabecd1465ab0eeb24d7633ac7de0284f7ee075209b119c297a3622,288839.55149292946,0.063,839.4884929294349,20,839.4884929294349,inception,0.23319124803595412
96149d3ed4f00afb92f12856101e693e93c4683f030ae6ca6ebfbb7ba5a2a345,e5298aafdbabecd1465ab0eeb24d7633ac7de0284f7ee075209b119c297a3622,288854.2083849907,0.07,854.1383849906852,20,854.1383849906852,inception,0.23726066249741254
96149d3ed4f00afb92f12856101e693e93c4683f030ae6ca6ebfbb7ba5a2a345,e5298aafdbabecd1465ab0eeb24d7633ac7de0284f7ee075209b119c297a3622,288874.91219592094,0.071,874.8411959209479,20,874.8411959209479,inception,0.24301144331137442
96149d3ed4f00afb92f12856101e693e93c4683f030ae6ca6ebfbb7ba5a2a345,e5298aafdbabecd1465ab0eeb24d7633ac7de0284f7ee075209b119c297a3622,288880.49106001854,0.063,880.4280600185157,20,880.4280600185157,inception,0.24456335000514323
96149d3ed4f00afb92f12856101e693e93c4683f030ae6ca6ebfbb7ba5a2a345,e5298aafdbabecd1465ab0eeb24d7633ac7de0284f7ee075209b119c297a3622,288894.2405099869,0.084,894.156509986904,20,894.156509986904,inception,0.24837680832969555
96149d3ed4f00afb92f12856101e693e93c4683f030ae6ca6ebfbb7ba5a2a345,e5298aafdbabecd1465ab0eeb24d7633ac7de0284f7ee075209b119c297a3622,288896.4431760311,0.082,896.3611760311178,20,896.3611760311178,inception,0.2489892155641994
96149d3ed4f00afb92f12856101e693e93c4683f030ae6ca6ebfbb7ba5a2a345,e5298aafdbabecd1465ab0eeb24d7633ac7de0284f7ee075209b119c297a3622,288898.50554299355,0.07,898.4355429935385,20,898.4355429935385,inception,0.24956542860931627
96149d3ed4f00afb92f12856101e693e93c4683f030ae6ca6ebfbb7ba5a2a345,e5298aafdbabecd1465ab0eeb24d7633ac7de0284f7ee075209b119c297a3622,288900.35083699226,0.066,900.2848369922722,20,900.2848369922722,inception,0.25007912138674226
96149d3ed4f00afb92f12856101e693e93c4683f030ae6ca6ebfbb7ba5a2a345,e5298aafdbabecd1465ab0eeb24d7633ac7de0284f7ee075209b119c297a3622,288926.0842380524,0.061,926.0232380524394,20,926.0232380524394,inception,0.2572286772367887
96149d3ed4f00afb92f12856101e693e93c4683f030ae6ca6ebfbb7ba5a2a345,e5298aafdbabecd1465ab0eeb24d7633ac7de0284f7ee075209b119c297a3622,288928.03711795807,0.075,927.9621179580572,20,927.9621179580572,inception,0.25776725498834924
96149d3ed4f00afb92f12856101e693e93c4683f030ae6ca6ebfbb7ba5a2a345,e5298aafdbabecd1465ab0eeb24d7633ac7de0284f7ee075209b119c297a3622,288933.5050990581,0.044,933.4610990580986,20,933.4610990580986,inception,0.25929474973836075
96149d3ed4f00afb92f12856101e693e93c4683f030ae6ca6ebfbb7ba5a2a345,e5298aafdbabecd1465ab0eeb24d7633ac7de0284f7ee075209b119c297a3622,288935.0688669681,0.065,935.0038669680944,20,935.0038669680944,inception,0.2597232963800262
96149d3ed4f00afb92f12856101e693e93c4683f030ae6ca6ebfbb7ba5a2a345,e5298aafdbabecd1465ab0eeb24d7633ac7de0284f7ee075209b119c297a3622,288936.8992071152,0.113,936.7862071151612,20,936.7862071151612,inception,0.26021839086532256
96149d3ed4f00afb92f12856101e693e93c4683f030ae6ca6ebfbb7ba5a2a345,e5298aafdbabecd1465ab0eeb24d7633ac7de0284f7ee075209b119c297a3622,288942.1481459141,0.113,942.0351459140657,20,942.0351459140657,inception,0.2616764294205738
96149d3ed4f00afb92f12856101e693e93c4683f030ae6ca6ebfbb7ba5a2a345,e5298aafdbabecd1465ab0eeb24d7633ac7de0284f7ee075209b119c297a3622,288943.668667078,0.108,943.5606670780107,20,943.5606670780107,inception,0.26210018529944745
96149d3ed4f00afb92f12856101e693e93c4683f030ae6ca6ebfbb7ba5a2a345,e5298aafdbabecd1465ab0eeb24d7633ac7de0284f7ee075209b119c297a3622,288945.07279896736,0.08,944.9927989673452,20,944.9927989673452,inception,0.2624979997131514
96149d3ed4f00afb92f12856101e693e93c4683f030ae6ca6ebfbb7ba5a2a345,e5298aafdbabecd1465ab0eeb24d7633ac7de0284f7ee075209b119c297a3622,288946.60261392593,0.095,946.5076139259618,20,946.5076139259618,inception,0.2629187816461005
96149d3ed4f00afb92f12856101e693e93c4683f030ae6ca6ebfbb7ba5a2a345,e5298aafdbabecd1465ab0eeb24d7633ac7de0284f7ee075209b119c297a3622,288948.6514019966,0.083,948.5684019966284,20,948.5684019966284,inception,0.2634912227768412
96149d3ed4f00afb92f12856101e693e93c4683f030ae6ca6ebfbb7ba5a2a345,e5298aafdbabecd1465ab0eeb24d7633ac7de0284f7ee075209b119c297a3622,288950.3742389679,0.092,950.2822389678913,20,950.2822389678913,inception,0.26396728860219204
96149d3ed4f00afb92f12856101e693e93c4683f030ae6ca6ebfbb7ba5a2a345,e5298aafdbabecd1465ab0eeb24d7633ac7de0284f7ee075209b119c297a3622,288952.210021019,0.081,952.1290210189763,20,952.1290210189763,inception,0.2644802836163823
96149d3ed4f00afb92f12856101e693e93c4683f030ae6ca6ebfbb7ba5a2a345,e5298aafdbabecd1465ab0eeb24d7633ac7de0284f7ee075209b119c297a3622,288961.6816620827,0.068,961.6136620826437,20,961.6136620826437,inception,0.2671149061340677
96149d3ed4f00afb92f12856101e693e93c4683f030ae6ca6ebfbb7ba5a2a345,e5298aafdbabecd1465ab0eeb24d7633ac7de0284f7ee075209b119c297a3622,288965.8492848873,0.125,965.7242848873138,20,965.7242848873138,inception,0.2682567458020316
96149d3ed4f00afb92f12856101e693e93c4683f030ae6ca6ebfbb7ba5a2a345,e5298aafdbabecd1465ab0eeb24d7633ac7de0284f7ee075209b119c297a3622,288968.92837905884,0.075,968.8533790588262,20,968.8533790588262,inception,0.2691259386274517
96149d3ed4f00afb92f12856101e693e93c4683f030ae6ca6ebfbb7ba5a2a345,e5298aafdbabecd1465ab0eeb24d7633ac7de0284f7ee075209b119c297a3622,288994.11630892754,0.067,994.0493089275551,20,994.0493089275551,inception,0.276124808035432
96149d3ed4f00afb92f12856101e693e93c4683f030ae6ca6ebfbb7ba5a2a345,e5298aafdbabecd1465ab0eeb24d7633ac7de0284f7ee075209b119c297a3622,288998.0553750992,0.091,997.9643750991672,20,997.9643750991672,inception,0.27721232641643534
96149d3ed4f00afb92f12856101e693e93c4683f030ae6ca6ebfbb7ba5a2a345,e5298aafdbabecd1465ab0eeb24d7633ac7de0284f7ee075209b119c297a3622,288999.4155828953,0.09,999.3255828952533,20,999.3255828952533,inception,0.2775904396931259
96149d3ed4f00afb92f12856101e693e93c4683f030ae6ca6ebfbb7ba5a2a345,e5298aafdbabecd1465ab0eeb24d7633ac7de0284f7ee075209b119c297a3622,289000.9319579601,0.115,1000.8169579601381,20,1000.8169579601381,inception,0.2780047105444828
96149d3ed4f00afb92f12856101e693e93c4683f030ae6ca6ebfbb7ba5a2a345,e5298aafdbabecd1465ab0eeb24d7633ac7de0284f7ee075209b119c297a3622,289002.2408180237,0.072,1002.1688180236961,20,1002.1688180236961,inception,0.27838022722880446
96149d3ed4f00afb92f12856101e693e93c4683f030ae6ca6ebfbb7ba5a2a345,e5298aafdbabecd1465ab0eeb24d7633ac7de0284f7ee075209b119c297a3622,289003.4758770466,0.074,1003.4018770465627,20,1003.4018770465627,inception,0.2787227436240452
96149d3ed4f00afb92f12856101e693e93c4683f030ae6ca6ebfbb7ba5a2a345,e5298aafdbabecd1465ab0eeb24d7633ac7de0284f7ee075209b119c297a3622,289004.8979270458,0.061,1004.8369270458352,20,1004.8369270458352,inception,0.2791213686238431
96149d3ed4f00afb92f12856101e693e93c4683f030ae6ca6ebfbb7ba5a2a345,e5298aafdbabecd1465ab0eeb24d7633ac7de0284f7ee075209b119c297a3622,289006.2360560894,0.092,1006.144056089397,20,1006.144056089397,inception,0.2794844600248325
96149d3ed4f00afb92f12856101e693e93c4683f030ae6ca6ebfbb7ba5a2a345,e5298aafdbabecd1465ab0eeb24d7633ac7de0284f7ee075209b119c297a3622,289012.14719200134,0.084,1012.0631920013693,20,1012.0631920013693,inception,0.2811286644448248
96149d3ed4f00afb92f12856101e693e93c4683f030ae6ca6ebfbb7ba5a2a345,e5298aafdbabecd1465ab0eeb24d7633ac7de0284f7ee075209b119c297a3622,289013.50825095177,0.067,1013.4412509517861,20,1013.4412509517861,inception,0.28151145859771837
96149d3ed4f00afb92f12856101e693e93c4683f030ae6ca6ebfbb7ba5a2a345,e5298aafdbabecd1465ab0eeb24d7633ac7de0284f7ee075209b119c297a3622,289014.8963139057,0.064,1014.8323139057029,20,1014.8323139057029,inception,0.28189786497380637
96149d3ed4f00afb92f12856101e693e93c4683f030ae6ca6ebfbb7ba5a2a345,e5298aafdbabecd1465ab0eeb24d7633ac7de0284f7ee075209b119c297a3622,289016.3359360695,0.09,1016.2459360694629,20,1016.2459360694629,inception,0.282290537797073
96149d3ed4f00afb92f12856101e693e93c4683f030ae6ca6ebfbb7ba5a2a345,e5298aafdbabecd1465ab0eeb24d7633ac7de0284f7ee075209b119c297a3622,289017.75852799416,0.082,1017.676527994161,20,1017.676527994161,inception,0.2826879244428225
96149d3ed4f00afb92f12856101e693e93c4683f030ae6ca6ebfbb7ba5a2a345,e5298aafdbabecd1465ab0eeb24d7633ac7de0284f7ee075209b119c297a3622,289019.47633600235,0.079,1019.3973360023228,20,1019.3973360023228,inception,0.2831659266673119
96149d3ed4f00afb92f12856101e693e93c4683f030ae6ca6ebfbb7ba5a2a345,e5298aafdbabecd1465ab0eeb24d7633ac7de0284f7ee075209b119c297a3622,289031.2874209881,0.081,1031.2064209880773,20,1031.2064209880773,inception,0.2864462280522437
96149d3ed4f00afb92f12856101e693e93c4683f030ae6ca6ebfbb7ba5a2a345,e5298aafdbabecd1465ab0eeb24d7633ac7de0284f7ee075209b119c297a3622,289035.6180560589,0.072,1035.546056058898,20,1035.546056058898,inception,0.2876516822385828
96149d3ed4f00afb92f12856101e693e93c4683f030ae6ca6ebfbb7ba5a2a345,e5298aafdbabecd1465ab0eeb24d7633ac7de0284f7ee075209b119c297a3622,289040.16418504715,0.062,1040.1021850471734,20,1040.1021850471734,inception,0.2889172736242148
96149d3ed4f00afb92f12856101e693e93c4683f030ae6ca6ebfbb7ba5a2a345,e5298aafdbabecd1465ab0eeb24d7633ac7de0284f7ee075209b119c297a3622,289041.4445569515,0.067,1041.377556951542,20,1041.377556951542,inception,0.28927154359765056
96149d3ed4f00afb92f12856101e693e93c4683f030ae6ca6ebfbb7ba5a2a345,e5298aafdbabecd1465ab0eeb24d7633ac7de0284f7ee075209b119c297a3622,289043.0734460354,0.08,1042.9934460353688,20,1042.9934460353688,inception,0.2897204016764913
96149d3ed4f00afb92f12856101e693e93c4683f030ae6ca6ebfbb7ba5a2a345,e5298aafdbabecd1465ab0eeb24d7633ac7de0284f7ee075209b119c297a3622,289053.3354649544,0.066,1053.2694649543846,20,1053.2694649543846,inception,0.29257485137621797
96149d3ed4f00afb92f12856101e693e93c4683f030ae6ca6ebfbb7ba5a2a345,e5298aafdbabecd1465ab0eeb24d7633ac7de0284f7ee075209b119c297a3622,289064.964468956,0.039,1064.925468956004,20,1064.925468956004,inception,0.29581263026555665
96149d3ed4f00afb92f12856101e693e93c4683f030ae6ca6ebfbb7ba5a2a345,e5298aafdbabecd1465ab0eeb24d7633ac7de0284f7ee075209b119c297a3622,289091.03862810135,0.076,1090.962628101348,20,1090.962628101348,inception,0.30304517447259666
96149d3ed4f00afb92f12856101e693e93c4683f030ae6ca6ebfbb7ba5a2a345,e5298aafdbabecd1465ab0eeb24d7633ac7de0284f7ee075209b119c297a3622,289095.83273792267,0.041,1095.791737922642,20,1095.791737922642,inception,0.3043865938674005
96149d3ed4f00afb92f12856101e693e93c4683f030ae6ca6ebfbb7ba5a2a345,e5298aafdbabecd1465ab0eeb24d7633ac7de0284f7ee075209b119c297a3622,289097.3825759888,0.074,1097.3085759888054,20,1097.3085759888054,inception,0.30480793777466814
96149d3ed4f00afb92f12856101e693e93c4683f030ae6ca6ebfbb7ba5a2a345,e5298aafdbabecd1465ab0eeb24d7633ac7de0284f7ee075209b119c297a3622,289099.7419450283,0.076,1099.6659450283041,20,1099.6659450283041,inception,0.30546276250786225
96149d3ed4f00afb92f12856101e693e93c4683f030ae6ca6ebfbb7ba5a2a345,e5298aafdbabecd1465ab0eeb24d7633ac7de0284f7ee075209b119c297a3622,289101.0552868843,0.078,1100.9772868843284,20,1100.9772868843284,inception,0.30582702413453566
96149d3ed4f00afb92f12856101e693e93c4683f030ae6ca6ebfbb7ba5a2a345,e5298aafdbabecd1465ab0eeb24d7633ac7de0284f7ee075209b119c297a3622,289102.3522698879,0.077,1102.275269887934,20,1102.275269887934,inception,0.30618757496887056
96149d3ed4f00afb92f12856101e693e93c4683f030ae6ca6ebfbb7ba5a2a345,e5298aafdbabecd1465ab0eeb24d7633ac7de0284f7ee075209b119c297a3622,289103.7574930191,0.062,1103.6954930191278,20,1103.6954930191278,inception,0.3065820813942022
96149d3ed4f00afb92f12856101e693e93c4683f030ae6ca6ebfbb7ba5a2a345,e5298aafdbabecd1465ab0eeb24d7633ac7de0284f7ee075209b119c297a3622,289105.5391139984,0.067,1105.4721139984322,20,1105.4721139984322,inception,0.30707558722178674
96149d3ed4f00afb92f12856101e693e93c4683f030ae6ca6ebfbb7ba5a2a345,e5298aafdbabecd1465ab0eeb24d7633ac7de0284f7ee075209b119c297a3622,289109.2731280327,0.069,1109.2041280326666,20,1109.2041280326666,inception,0.30811225778685186
96149d3ed4f00afb92f12856101e693e93c4683f030ae6ca6ebfbb7ba5a2a345,e5298aafdbabecd1465ab0eeb24d7633ac7de0284f7ee075209b119c297a3622,289110.7950439453,0.093,1110.702043945319,20,1110.702043945319,inception,0.3085283455403664
96149d3ed4f00afb92f12856101e693e93c4683f030ae6ca6ebfbb7ba5a2a345,e5298aafdbabecd1465ab0eeb24d7633ac7de0284f7ee075209b119c297a3622,289112.3663198948,0.081,1112.285319894785,20,1112.285319894785,inception,0.3089681444152181
96149d3ed4f00afb92f12856101e693e93c4683f030ae6ca6ebfbb7ba5a2a345,e5298aafdbabecd1465ab0eeb24d7633ac7de0284f7ee075209b119c297a3622,289114.2129769325,0.066,1114.146976932534,20,1114.146976932534,inception,0.30948527137014836
96149d3ed4f00afb92f12856101e693e93c4683f030ae6ca6ebfbb7ba5a2a345,e5298aafdbabecd1465ab0eeb24d7633ac7de0284f7ee075209b119c297a3622,289115.78881907463,0.072,1115.7168190746452,20,1115.7168190746452,inception,0.3099213386318459
96149d3ed4f00afb92f12856101e693e93c4683f030ae6ca6ebfbb7ba5a2a345,e5298aafdbabecd1465ab0eeb24d7633ac7de0284f7ee075209b119c297a3622,289117.3513081074,0.061,1117.2903081073891,20,1117.2903081073891,inception,0.3103584189187192
96149d3ed4f00afb92f12856101e693e93c4683f030ae6ca6ebfbb7ba5a2a345,e5298aafdbabecd1465ab0eeb24d7633ac7de0284f7ee075209b119c297a3622,289119.2106900215,0.063,1119.1476900214911,20,1119.1476900214911,inception,0.3108743583393031
96149d3ed4f00afb92f12856101e693e93c4683f030ae6ca6ebfbb7ba5a2a345,e5298aafdbabecd1465ab0eeb24d7633ac7de0284f7ee075209b119c297a3622,289124.1524870396,0.041,1124.1114870395977,20,1124.1114870395977,inception,0.3122531908443327
96149d3ed4f00afb92f12856101e693e93c4683f030ae6ca6ebfbb7ba5a2a345,e5298aafdbabecd1465ab0eeb24d7633ac7de0284f7ee075209b119c297a3622,289125.9769079685,0.086,1125.8909079685109,20,1125.8909079685109,inception,0.31274747443569745
96149d3ed4f00afb92f12856101e693e93c4683f030ae6ca6ebfbb7ba5a2a345,e5298aafdbabecd1465ab0eeb24d7633ac7de0284f7ee075209b119c297a3622,289127.5387029648,0.062,1127.4767029648065,20,1127.4767029648065,inception,0.31318797304577956
96149d3ed4f00afb92f12856101e693e93c4683f030ae6ca6ebfbb7ba5a2a345,e5298aafdbabecd1465ab0eeb24d7633ac7de0284f7ee075209b119c297a3622,289129.00759100914,0.094,1128.9135910091572,20,1128.9135910091572,inception,0.3135871086136548
96149d3ed4f00afb92f12856101e693e93c4683f030ae6ca6ebfbb7ba5a2a345,e5298aafdbabecd1465ab0eeb24d7633ac7de0284f7ee075209b119c297a3622,289130.00913500786,0.064,1129.9451350078452,20,1129.9451350078452,inception,0.31387364861329037
96149d3ed4f00afb92f12856101e693e93c4683f030ae6ca6ebfbb7ba5a2a345,e5298aafdbabecd1465ab0eeb24d7633ac7de0284f7ee075209b119c297a3622,289138.4921989441,0.08,1138.4121989440755,20,1138.4121989440755,inception,0.31622561081779876
96149d3ed4f00afb92f12856101e693e93c4683f030ae6ca6ebfbb7ba5a2a345,e5298aafdbabecd1465ab0eeb24d7633ac7de0284f7ee075209b119c297a3622,289140.2728140354,0.07,1140.2028140354087,20,1140.2028140354087,inception,0.31672300389872465
96149d3ed4f00afb92f12856101e693e93c4683f030ae6ca6ebfbb7ba5a2a345,e5298aafdbabecd1465ab0eeb24d7633ac7de0284f7ee075209b119c297a3622,289145.4940829277,0.059,1145.4350829276955,20,1145.4350829276955,inception,0.31817641192435986
96149d3ed4f00afb92f12856101e693e93c4683f030ae6ca6ebfbb7ba5a2a345,e5298aafdbabecd1465ab0eeb24d7633ac7de0284f7ee075209b119c297a3622,289150.64261603355,0.039,1150.6036160335643,20,1150.6036160335643,inception,0.31961211556487895
96149d3ed4f00afb92f12856101e693e93c4683f030ae6ca6ebfbb7ba5a2a345,e5298aafdbabecd1465ab0eeb24d7633ac7de0284f7ee075209b119c297a3622,289156.6017870903,0.065,1156.5367870902992,20,1156.5367870902992,inception,0.3212602186361942
96149d3ed4f00afb92f12856101e693e93c4683f030ae6ca6ebfbb7ba5a2a345,e5298aafdbabecd1465ab0eeb24d7633ac7de0284f7ee075209b119c297a3622,289158.1960821152,0.073,1158.1230821151985,20,1158.1230821151985,inception,0.32170085614311067
96149d3ed4f00afb92f12856101e693e93c4683f030ae6ca6ebfbb7ba5a2a345,e5298aafdbabecd1465ab0eeb24d7633ac7de0284f7ee075209b119c297a3622,289164.68964600563,0.04,1164.6496460056514,20,1164.6496460056514,inception,0.3235137905571254
96149d3ed4f00afb92f12856101e693e93c4683f030ae6ca6ebfbb7ba5a2a345,e5298aafdbabecd1465ab0eeb24d7633ac7de0284f7ee075209b119c297a3622,289166.32061600685,0.07,1166.2506160068442,20,1166.2506160068442,inception,0.3239585044463456
96149d3ed4f00afb92f12856101e693e93c4683f030ae6ca6ebfbb7ba5a2a345,e5298aafdbabecd1465ab0eeb24d7633ac7de0284f7ee075209b119c297a3622,289167.9618229866,0.075,1167.8868229865911,20,1167.8868229865911,inception,0.3244130063851642
96149d3ed4f00afb92f12856101e693e93c4683f030ae6ca6ebfbb7ba5a2a345,e5298aafdbabecd1465ab0eeb24d7633ac7de0284f7ee075209b119c297a3622,289169.6506340504,0.088,1169.5626340504386,20,1169.5626340504386,inception,0.3248785094584552
96149d3ed4f00afb92f12856101e693e93c4683f030ae6ca6ebfbb7ba5a2a345,e5298aafdbabecd1465ab0eeb24d7633ac7de0284f7ee075209b119c297a3622,289171.39895892143,0.081,1171.317958921427,20,1171.317958921427,inception,0.32536609970039637
96149d3ed4f00afb92f12856101e693e93c4683f030ae6ca6ebfbb7ba5a2a345,e5298aafdbabecd1465ab0eeb24d7633ac7de0284f7ee075209b119c297a3622,289183.90370202065,0.039,1183.8647020206554,20,1183.8647020206554,inception,0.3288513061168487
96149d3ed4f00afb92f12856101e693e93c4683f030ae6ca6ebfbb7ba5a2a345,e5298aafdbabecd1465ab0eeb24d7633ac7de0284f7ee075209b119c297a3622,289196.5238919258,0.071,1196.4528919258155,20,1196.4528919258155,inception,0.33234802553494874
96149d3ed4f00afb92f12856101e693e93c4683f030ae6ca6ebfbb7ba5a2a345,e5298aafdbabecd1465ab0eeb24d7633ac7de0284f7ee075209b119c297a3622,289196.5887429714,0.037,1196.551742971409,20,1196.551742971409,inception,0.33237548415872475
96149d3ed4f00afb92f12856101e693e93c4683f030ae6ca6ebfbb7ba5a2a345,e5298aafdbabecd1465ab0eeb24d7633ac7de0284f7ee075209b119c297a3622,289242.43090105057,0.073,1242.3579010505928,20,1242.3579010505928,inception,0.345099416958498
96149d3ed4f00afb92f12856101e693e93c4683f030ae6ca6ebfbb7ba5a2a345,e5298aafdbabecd1465ab0eeb24d7633ac7de0284f7ee075209b119c297a3622,289248.48791098595,0.04,1248.4479109859676,20,1248.4479109859676,inception,0.346791086384991
96149d3ed4f00afb92f12856101e693e93c4683f030ae6ca6ebfbb7ba5a2a345,e5298aafdbabecd1465ab0eeb24d7633ac7de0284f7ee075209b119c297a3622,289257.0087170601,0.088,1256.9207170601003,20,1256.9207170601003,inception,0.3491446436278056
96149d3ed4f00afb92f12856101e693e93c4683f030ae6ca6ebfbb7ba5a2a345,e5298aafdbabecd1465ab0eeb24d7633ac7de0284f7ee075209b119c297a3622,289262.2432129383,0.066,1262.177212938317,20,1262.177212938317,inception,0.35060478137175477
96149d3ed4f00afb92f12856101e693e93c4683f030ae6ca6ebfbb7ba5a2a345,e5298aafdbabecd1465ab0eeb24d7633ac7de0284f7ee075209b119c297a3622,289269.8692240715,0.187,1269.6822240715264,20,1269.6822240715264,inception,0.35268950668653515
96149d3ed4f00afb92f12856101e693e93c4683f030ae6ca6ebfbb7ba5a2a345,e5298aafdbabecd1465ab0eeb24d7633ac7de0284f7ee075209b119c297a3622,289271.1534509659,0.07,1271.0834509658744,20,1271.0834509658744,inception,0.35307873637940956
96149d3ed4f00afb92f12856101e693e93c4683f030ae6ca6ebfbb7ba5a2a345,e5298aafdbabecd1465ab0eeb24d7633ac7de0284f7ee075209b119c297a3622,289272.66651296616,0.074,1272.5925129661337,20,1272.5925129661337,inception,0.35349792026837046
96149d3ed4f00afb92f12856101e693e93c4683f030ae6ca6ebfbb7ba5a2a345,e5298aafdbabecd1465ab0eeb24d7633ac7de0284f7ee075209b119c297a3622,289273.9942419529,0.072,1273.9222419529106,20,1273.9222419529106,inception,0.35386728943136403
96149d3ed4f00afb92f12856101e693e93c4683f030ae6ca6ebfbb7ba5a2a345,e5298aafdbabecd1465ab0eeb24d7633ac7de0284f7ee075209b119c297a3622,289279.4784870148,0.066,1279.412487014837,20,1279.412487014837,inception,0.3553923575041214
96149d3ed4f00afb92f12856101e693e93c4683f030ae6ca6ebfbb7ba5a2a345,e5298aafdbabecd1465ab0eeb24d7633ac7de0284f7ee075209b119c297a3622,289280.8216049671,0.068,1280.753604967089,20,1280.753604967089,inception,0.3557648902686358
96149d3ed4f00afb92f12856101e693e93c4683f030ae6ca6ebfbb7ba5a2a345,e5298aafdbabecd1465ab0eeb24d7633ac7de0284f7ee075209b119c297a3622,289282.0975680351,0.1,1281.997568035149,20,1281.997568035149,inception,0.3561104355653192
96149d3ed4f00afb92f12856101e693e93c4683f030ae6ca6ebfbb7ba5a2a345,e5298aafdbabecd1465ab0eeb24d7633ac7de0284f7ee075209b119c297a3622,289283.8419070244,0.25,1283.5919070243835,20,1283.5919070243835,inception,0.3565533075067732
96149d3ed4f00afb92f12856101e693e93c4683f030ae6ca6ebfbb7ba5a2a345,e5298aafdbabecd1465ab0eeb24d7633ac7de0284f7ee075209b119c297a3622,289285.3919479847,0.112,1285.2799479846726,20,1285.2799479846726,inception,0.3570222077735202
96149d3ed4f00afb92f12856101e693e93c4683f030ae6ca6ebfbb7ba5a2a345,e5298aafdbabecd1465ab0eeb24d7633ac7de0284f7ee075209b119c297a3622,289291.10597991943,0.041,1291.064979919407,20,1291.064979919407,inception,0.35862916108872417
96149d3ed4f00afb92f12856101e693e93c4683f030ae6ca6ebfbb7ba5a2a345,e5298aafdbabecd1465ab0eeb24d7633ac7de0284f7ee075209b119c297a3622,289294.2004189491,0.04,1294.1604189491482,20,1294.1604189491482,inception,0.35948900526365224
96149d3ed4f00afb92f12856101e693e93c4683f030ae6ca6ebfbb7ba5a2a345,e5298aafdbabecd1465ab0eeb24d7633ac7de0284f7ee075209b119c297a3622,289295.5469360352,0.047,1295.499936035194,20,1295.499936035194,inception,0.35986109334310945
96149d3ed4f00afb92f12856101e693e93c4683f030ae6ca6ebfbb7ba5a2a345,e5298aafdbabecd1465ab0eeb24d7633ac7de0284f7ee075209b119c297a3622,289296.9616200924,0.044,1296.9176200923976,20,1296.9176200923976,inception,0.36025489447011044
96149d3ed4f00afb92f12856101e693e93c4683f030ae6ca6ebfbb7ba5a2a345,e5298aafdbabecd1465ab0eeb24d7633ac7de0284f7ee075209b119c297a3622,289298.3919479847,0.039,1298.3529479847057,20,1298.3529479847057,inception,0.36065359666241825
96149d3ed4f00afb92f12856101e693e93c4683f030ae6ca6ebfbb7ba5a2a345,e5298aafdbabecd1465ab0eeb24d7633ac7de0284f7ee075209b119c297a3622,289299.63230109215,0.04,1299.5923010921688,20,1299.5923010921688,inception,0.3609978614144913
96149d3ed4f00afb92f12856101e693e93c4683f030ae6ca6ebfbb7ba5a2a345,e5298aafdbabecd1465ab0eeb24d7633ac7de0284f7ee075209b119c297a3622,289300.96245002747,0.041,1300.9214500274393,20,1300.9214500274393,inception,0.3613670694520665
96149d3ed4f00afb92f12856101e693e93c4683f030ae6ca6ebfbb7ba5a2a345,e5298aafdbabecd1465ab0eeb24d7633ac7de0284f7ee075209b119c297a3622,289302.2406630516,0.051,1302.1896630516276,20,1302.1896630516276,inception,0.3617193508476743
96149d3ed4f00afb92f12856101e693e93c4683f030ae6ca6ebfbb7ba5a2a345,e5298aafdbabecd1465ab0eeb24d7633ac7de0284f7ee075209b119c297a3622,289303.60385608673,0.04,1303.563856086752,20,1303.563856086752,inception,0.36210107113520884
96149d3ed4f00afb92f12856101e693e93c4683f030ae6ca6ebfbb7ba5a2a345,e5298aafdbabecd1465ab0eeb24d7633ac7de0284f7ee075209b119c297a3622,289304.9557070732,0.039,1304.916707073222,20,1304.916707073222,inception,0.362476863075895
96149d3ed4f00afb92f12856101e693e93c4683f030ae6ca6ebfbb7ba5a2a345,e5298aafdbabecd1465ab0eeb24d7633ac7de0284f7ee075209b119c297a3622,289306.3092300892,0.042,1306.2672300891718,20,1306.2672300891718,inception,0.3628520083581033
96149d3ed4f00afb92f12856101e693e93c4683f030ae6ca6ebfbb7ba5a2a345,e5298aafdbabecd1465ab0eeb24d7633ac7de0284f7ee075209b119c297a3622,289307.6319859028,0.084,1307.5479859028128,20,1307.5479859028128,inception,0.36320777386189246
96149d3ed4f00afb92f12856101e693e93c4683f030ae6ca6ebfbb7ba5a2a345,e5298aafdbabecd1465ab0eeb24d7633ac7de0284f7ee075209b119c297a3622,289308.31407094,0.04,1308.2740709400387,20,1308.2740709400387,inception,0.36340946415001074
96149d3ed4f00afb92f12856101e693e93c4683f030ae6ca6ebfbb7ba5a2a345,e5298aafdbabecd1465ab0eeb24d7633ac7de0284f7ee075209b119c297a3622,289309.0433139801,0.042,1309.0013139800867,20,1309.0013139800867,inception,0.36361147610557965
96149d3ed4f00afb92f12856101e693e93c4683f030ae6ca6ebfbb7ba5a2a345,e5298aafdbabecd1465ab0eeb24d7633ac7de0284f7ee075209b119c297a3622,289319.0025129318,0.041,1318.9615129317972,20,1318.9615129317972,inception,0.3663781980366103
96149d3ed4f00afb92f12856101e693e93c4683f030ae6ca6ebfbb7ba5a2a345,e5298aafdbabecd1465ab0eeb24d7633ac7de0284f7ee075209b119c297a3622,289320.0912389755,0.045,1320.0462389755412,20,1320.0462389755412,inception,0.3666795108265392
96149d3ed4f00afb92f12856101e693e93c4683f030ae6ca6ebfbb7ba5a2a345,e5298aafdbabecd1465ab0eeb24d7633ac7de0284f7ee075209b119c297a3622,289320.3834490776,0.043,1320.340449077601,20,1320.340449077601,inception,0.3667612358548892
96149d3ed4f00afb92f12856101e693e93c4683f030ae6ca6ebfbb7ba5a2a345,e5298aafdbabecd1465ab0eeb24d7633ac7de0284f7ee075209b119c297a3622,289321.6345000267,0.046,1321.58850002673,20,1321.58850002673,inception,0.36710791667409165
96149d3ed4f00afb92f12856101e693e93c4683f030ae6ca6ebfbb7ba5a2a345,e5298aafdbabecd1465ab0eeb24d7633ac7de0284f7ee075209b119c297a3622,289332.86232995987,0.052,1332.8103299598442,20,1332.8103299598442,inception,0.37022509165551226
96149d3ed4f00afb92f12856101e693e93c4683f030ae6ca6ebfbb7ba5a2a345,e5298aafdbabecd1465ab0eeb24d7633ac7de0284f7ee075209b119c297a3622,289335.29451298714,0.043,1335.2515129871317,20,1335.2515129871317,inception,0.370903198051981
96149d3ed4f00afb92f12856101e693e93c4683f030ae6ca6ebfbb7ba5a2a345,e5298aafdbabecd1465ab0eeb24d7633ac7de0284f7ee075209b119c297a3622,289335.7669830322,0.043,1335.7239830322214,20,1335.7239830322214,inception,0.3710344397311726
96149d3ed4f00afb92f12856101e693e93c4683f030ae6ca6ebfbb7ba5a2a345,e5298aafdbabecd1465ab0eeb24d7633ac7de0284f7ee075209b119c297a3622,289336.34956502914,0.039,1336.3105650291545,20,1336.3105650291545,inception,0.37119737917476514
96149d3ed4f00afb92f12856101e693e93c4683f030ae6ca6ebfbb7ba5a2a345,e5298aafdbabecd1465ab0eeb24d7633ac7de0284f7ee075209b119c297a3622,289337.0775299072,0.042,1337.0355299072107,20,1337.0355299072107,inception,0.37139875830755853
96149d3ed4f00afb92f12856101e693e93c4683f030ae6ca6ebfbb7ba5a2a345,e5298aafdbabecd1465ab0eeb24d7633ac7de0284f7ee075209b119c297a3622,289341.2864100933,0.166,1341.120410093281,20,1341.120410093281,inception,0.3725334472481336
96149d3ed4f00afb92f12856101e693e93c4683f030ae6ca6ebfbb7ba5a2a345,e5298aafdbabecd1465ab0eeb24d7633ac7de0284f7ee075209b119c297a3622,289342.5100290776,0.043,1342.467029077583,20,1342.467029077583,inception,0.3729075080771064
96149d3ed4f00afb92f12856101e693e93c4683f030ae6ca6ebfbb7ba5a2a345,e5298aafdbabecd1465ab0eeb24d7633ac7de0284f7ee075209b119c297a3622,289343.7756590843,0.042,1343.7336590843042,20,1343.7336590843042,inception,0.37325934974564007
96149d3ed4f00afb92f12856101e693e93c4683f030ae6ca6ebfbb7ba5a2a345,e5298aafdbabecd1465ab0eeb24d7633ac7de0284f7ee075209b119c297a3622,289344.7305440903,0.045,1344.6855440902873,20,1344.6855440902873,inception,0.37352376224730205
96149d3ed4f00afb92f12856101e693e93c4683f030ae6ca6ebfbb7ba5a2a345,e5298aafdbabecd1465ab0eeb24d7633ac7de0284f7ee075209b119c297a3622,289467.27155804634,0.04,1467.231558046362,20,1467.231558046362,inception,0.407564321679545
96149d3ed4f00afb92f12856101e693e93c4683f030ae6ca6ebfbb7ba5a2a345,e5298aafdbabecd1465ab0eeb24d7633ac7de0284f7ee075209b119c297a3622,289471.7922871113,0.047,1471.7452871112619,20,1471.7452871112619,inception,0.4088181353086838
96149d3ed4f00afb92f12856101e693e93c4683f030ae6ca6ebfbb7ba5a2a345,e5298aafdbabecd1465ab0eeb24d7633ac7de0284f7ee075209b119c297a3622,289473.0816259384,0.048,1473.0336259384057,20,1473.0336259384057,inception,0.4091760072051127
96149d3ed4f00afb92f12856101e693e93c4683f030ae6ca6ebfbb7ba5a2a345,e5298aafdbabecd1465ab0eeb24d7633ac7de0284f7ee075209b119c297a3622,289474.31779909134,0.048,1474.2697990913293,20,1474.2697990913293,inception,0.40951938863648035
96149d3ed4f00afb92f12856101e693e93c4683f030ae6ca6ebfbb7ba5a2a345,e5298aafdbabecd1465ab0eeb24d7633ac7de0284f7ee075209b119c297a3622,289517.4600288868,0.039,1517.4210288868053,20,1517.4210288868053,inception,0.4215058413574459
96149d3ed4f00afb92f12856101e693e93c4683f030ae6ca6ebfbb7ba5a2a345,e5298aafdbabecd1465ab0eeb24d7633ac7de0284f7ee075209b119c297a3622,289517.58312392235,0.04,1517.543123922369,20,1517.543123922369,inception,0.4215397566451025
96149d3ed4f00afb92f12856101e693e93c4683f030ae6ca6ebfbb7ba5a2a345,e5298aafdbabecd1465ab0eeb24d7633ac7de0284f7ee075209b119c297a3622,289518.8274140358,0.04,1518.787414035818,20,1518.787414035818,inception,0.42188539278772724
96149d3ed4f00afb92f12856101e693e93c4683f030ae6ca6ebfbb7ba5a2a345,e5298aafdbabecd1465ab0eeb24d7633ac7de0284f7ee075209b119c297a3622,289520.04799604416,0.043,1520.0049960441538,20,1520.0049960441538,inception,0.42222361001226494
96149d3ed4f00afb92f12856101e693e93c4683f030ae6ca6ebfbb7ba5a2a345,e5298aafdbabecd1465ab0eeb24d7633ac7de0284f7ee075209b119c297a3622,289540.6562230587,0.16,1540.4962230587262,20,1540.4962230587262,inception,0.42791561751631285
96149d3ed4f00afb92f12856101e693e93c4683f030ae6ca6ebfbb7ba5a2a345,e5298aafdbabecd1465ab0eeb24d7633ac7de0284f7ee075209b119c297a3622,289542.6197440624,0.083,1542.5367440624395,20,1542.5367440624395,inception,0.4284824289062332
96149d3ed4f00afb92f12856101e693e93c4683f030ae6ca6ebfbb7ba5a2a345,e5298aafdbabecd1465ab0eeb24d7633ac7de0284f7ee075209b119c297a3622,289544.3638269901,0.081,1544.282826990122,20,1544.282826990122,inception,0.42896745194170055
96149d3ed4f00afb92f12856101e693e93c4683f030ae6ca6ebfbb7ba5a2a345,e5298aafdbabecd1465ab0eeb24d7633ac7de0284f7ee075209b119c297a3622,289545.6802430153,0.048,1545.6322430152795,20,1545.6322430152795,inception,0.42934228972646654
96149d3ed4f00afb92f12856101e693e93c4683f030ae6ca6ebfbb7ba5a2a345,e5298aafdbabecd1465ab0eeb24d7633ac7de0284f7ee075209b119c297a3622,289547.0284309387,0.062,1546.9664309387445,20,1546.9664309387445,inception,0.4297128974829846
96149d3ed4f00afb92f12856101e693e93c4683f030ae6ca6ebfbb7ba5a2a345,e5298aafdbabecd1465ab0eeb24d7633ac7de0284f7ee075209b119c297a3622,289548.6391210556,0.051,1548.5881210556254,20,1548.5881210556254,inception,0.43016336695989593
96149d3ed4f00afb92f12856101e693e93c4683f030ae6ca6ebfbb7ba5a2a345,e5298aafdbabecd1465ab0eeb24d7633ac7de0284f7ee075209b119c297a3622,289550.25771307945,0.052,1550.2057130794274,20,1550.2057130794274,inception,0.4306126980776187
96149d3ed4f00afb92f12856101e693e93c4683f030ae6ca6ebfbb7ba5a2a345,e5298aafdbabecd1465ab0eeb24d7633ac7de0284f7ee075209b119c297a3622,289551.57802796364,0.049,1551.5290279636392,20,1551.5290279636392,inception,0.43098028554545537
96149d3ed4f00afb92f12856101e693e93c4683f030ae6ca6ebfbb7ba5a2a345,e5298aafdbabecd1465ab0eeb24d7633ac7de0284f7ee075209b119c297a3622,289552.8513710499,0.048,1552.8033710498712,20,1552.8033710498712,inception,0.43133426973607536
96149d3ed4f00afb92f12856101e693e93c4683f030ae6ca6ebfbb7ba5a2a345,e5298aafdbabecd1465ab0eeb24d7633ac7de0284f7ee075209b119c297a3622,289554.47854089737,0.045,1554.4335408973857,20,1554.4335408973857,inception,0.43178709469371823
96149d3ed4f00afb92f12856101e693e93c4683f030ae6ca6ebfbb7ba5a2a345,e5298aafdbabecd1465ab0eeb24d7633ac7de0284f7ee075209b119c297a3622,289555.9696960449,0.122,1555.847696044948,20,1555.847696044948,inception,0.4321799155680411
96149d3ed4f00afb92f12856101e693e93c4683f030ae6ca6ebfbb7ba5a2a345,e5298aafdbabecd1465ab0eeb24d7633ac7de0284f7ee075209b119c297a3622,289565.06766700745,0.054,1565.0136670074426,20,1565.0136670074426,inception,0.4347260186131785
96149d3ed4f00afb92f12856101e693e93c4683f030ae6ca6ebfbb7ba5a2a345,e5298aafdbabecd1465ab0eeb24d7633ac7de0284f7ee075209b119c297a3622,289566.8748950958,0.051,1566.8238950958475,20,1566.8238950958475,inception,0.43522885974884656
96149d3ed4f00afb92f12856101e693e93c4683f030ae6ca6ebfbb7ba5a2a345,e5298aafdbabecd1465ab0eeb24d7633ac7de0284f7ee075209b119c297a3622,289569.92041897774,0.051,1569.8694189777598,20,1569.8694189777598,inception,0.4360748386049333
96149d3ed4f00afb92f12856101e693e93c4683f030ae6ca6ebfbb7ba5a2a345,e5298aafdbabecd1465ab0eeb24d7633ac7de0284f7ee075209b119c297a3622,289579.2317209244,0.045,1579.1867209243937,20,1579.1867209243937,inception,0.43866297803455384
96149d3ed4f00afb92f12856101e693e93c4683f030ae6ca6ebfbb7ba5a2a345,e5298aafdbabecd1465ab0eeb24d7633ac7de0284f7ee075209b119c297a3622,289586.1880829334,0.059,1586.1290829334175,20,1586.1290829334175,inception,0.4405914119259493
96149d3ed4f00afb92f12856101e693e93c4683f030ae6ca6ebfbb7ba5a2a345,e5298aafdbabecd1465ab0eeb24d7633ac7de0284f7ee075209b119c297a3622,289586.4629819393,0.045,1586.417981939332,20,1586.417981939332,inception,0.4406716616498145
96149d3ed4f00afb92f12856101e693e93c4683f030ae6ca6ebfbb7ba5a2a345,e5298aafdbabecd1465ab0eeb24d7633ac7de0284f7ee075209b119c297a3622,289587.7049469948,0.047,1587.657946994761,20,1587.657946994761,inception,0.4410160963874336
96149d3ed4f00afb92f12856101e693e93c4683f030ae6ca6ebfbb7ba5a2a345,e5298aafdbabecd1465ab0eeb24d7633ac7de0284f7ee075209b119c297a3622,289589.607681036,0.045,1589.5626810360118,20,1589.5626810360118,inception,0.44154518917666996
96149d3ed4f00afb92f12856101e693e93c4683f030ae6ca6ebfbb7ba5a2a345,e5298aafdbabecd1465ab0eeb24d7633ac7de0284f7ee075209b119c297a3622,289591.0428800583,0.047,1590.995880058268,20,1590.995880058268,inception,0.4419433000161856
96149d3ed4f00afb92f12856101e693e93c4683f030ae6ca6ebfbb7ba5a2a345,e5298aafdbabecd1465ab0eeb24d7633ac7de0284f7ee075209b119c297a3622,289592.32081103325,0.047,1592.2738110332284,20,1592.2738110332284,inception,0.44229828084256345
96149d3ed4f00afb92f12856101e693e93c4683f030ae6ca6ebfbb7ba5a2a345,e5298aafdbabecd1465ab0eeb24d7633ac7de0284f7ee075209b119c297a3622,289593.9909360409,0.053,1593.9379360408639,20,1593.9379360408639,inception,0.4427605377891288
96149d3ed4f00afb92f12856101e693e93c4683f030ae6ca6ebfbb7ba5a2a345,e5298aafdbabecd1465ab0eeb24d7633ac7de0284f7ee075209b119c297a3622,289595.2663259506,0.045,1595.2213259506389,20,1595.2213259506389,inception,0.44311703498628857
96149d3ed4f00afb92f12856101e693e93c4683f030ae6ca6ebfbb7ba5a2a345,e5298aafdbabecd1465ab0eeb24d7633ac7de0284f7ee075209b119c297a3622,289599.80226898193,0.05,1599.7522689819452,20,1599.7522689819452,inception,0.44437563027276256
96149d3ed4f00afb92f12856101e693e93c4683f030ae6ca6ebfbb7ba5a2a345,e5298aafdbabecd1465ab0eeb24d7633ac7de0284f7ee075209b119c297a3622,289606.0302081108,0.056,1605.974208110827,20,1605.974208110827,inception,0.44610394669745196
96149d3ed4f00afb92f12856101e693e93c4683f030ae6ca6ebfbb7ba5a2a345,e5298aafdbabecd1465ab0eeb24d7633ac7de0284f7ee075209b119c297a3622,289607.54350590706,0.064,1607.4795059070457,20,1607.4795059070457,inception,0.44652208497417933
96149d3ed4f00afb92f12856101e693e93c4683f030ae6ca6ebfbb7ba5a2a345,e5298aafdbabecd1465ab0eeb24d7633ac7de0284f7ee075209b119c297a3622,289609.38667202,0.046,1609.3406720200437,20,1609.3406720200437,inception,0.44703907556112327
96149d3ed4f00afb92f12856101e693e93c4683f030ae6ca6ebfbb7ba5a2a345,e5298aafdbabecd1465ab0eeb24d7633ac7de0284f7ee075209b119c297a3622,289620.6018819809,0.064,1620.537881980883,20,1620.537881980883,inception,0.45014941166135636
96149d3ed4f00afb92f12856101e693e93c4683f030ae6ca6ebfbb7ba5a2a345,e5298aafdbabecd1465ab0eeb24d7633ac7de0284f7ee075209b119c297a3622,289622.04675102234,0.049,1621.9977510223398,20,1621.9977510223398,inception,0.45055493083953885
96149d3ed4f00afb92f12856101e693e93c4683f030ae6ca6ebfbb7ba5a2a345,e5298aafdbabecd1465ab0eeb24d7633ac7de0284f7ee075209b119c297a3622,289623.5645329952,0.045,1623.5195329952403,20,1623.5195329952403,inception,0.4509776480542334
96149d3ed4f00afb92f12856101e693e93c4683f030ae6ca6ebfbb7ba5a2a345,e5298aafdbabecd1465ab0eeb24d7633ac7de0284f7ee075209b119c297a3622,289625.1056818962,0.045,1625.060681896226,20,1625.060681896226,inception,0.4514057449711739
96149d3ed4f00afb92f12856101e693e93c4683f030ae6ca6ebfbb7ba5a2a345,e5298aafdbabecd1465ab0eeb24d7633ac7de0284f7ee075209b119c297a3622,289626.5764040947,0.045,1626.5314040947123,20,1626.5314040947123,inception,0.4518142789151979
96149d3ed4f00afb92f12856101e693e93c4683f030ae6ca6ebfbb7ba5a2a345,e5298aafdbabecd1465ab0eeb24d7633ac7de0284f7ee075209b119c297a3622,289628.29219198227,0.043,1628.2491919822642,20,1628.2491919822642,inception,0.4522914422172956
96149d3ed4f00afb92f12856101e693e93c4683f030ae6ca6ebfbb7ba5a2a345,e5298aafdbabecd1465ab0eeb24d7633ac7de0284f7ee075209b119c297a3622,289629.8312039376,0.044,1629.7872039375943,20,1629.7872039375943,inception,0.45271866776044284
96149d3ed4f00afb92f12856101e693e93c4683f030ae6ca6ebfbb7ba5a2a345,e5298aafdbabecd1465ab0eeb24d7633ac7de0284f7ee075209b119c297a3622,289631.57735705376,0.046,1631.5313570537837,20,1631.5313570537837,inception,0.45320315473716216
96149d3ed4f00afb92f12856101e693e93c4683f030ae6ca6ebfbb7ba5a2a345,e5298aafdbabecd1465ab0eeb24d7633ac7de0284f7ee075209b119c297a3622,289634.91048908234,0.045,1634.8654890823527,20,1634.8654890823527,inception,0.45412930252287576
96149d3ed4f00afb92f12856101e693e93c4683f030ae6ca6ebfbb7ba5a2a345,e5298aafdbabecd1465ab0eeb24d7633ac7de0284f7ee075209b119c297a3622,289639.5471498966,0.044,1639.5031498966273,20,1639.5031498966273,inception,0.455417541637952
96149d3ed4f00afb92f12856101e693e93c4683f030ae6ca6ebfbb7ba5a2a345,e5298aafdbabecd1465ab0eeb24d7633ac7de0284f7ee075209b119c297a3622,289647.92670607567,0.05,1647.87670607568,20,1647.87670607568,inception,0.45774352946546665
96149d3ed4f00afb92f12856101e693e93c4683f030ae6ca6ebfbb7ba5a2a345,e5298aafdbabecd1465ab0eeb24d7633ac7de0284f7ee075209b119c297a3622,289649.4804890156,0.046,1649.4344890156062,20,1649.4344890156062,inception,0.4581762469487795
96149d3ed4f00afb92f12856101e693e93c4683f030ae6ca6ebfbb7ba5a2a345,e5298aafdbabecd1465ab0eeb24d7633ac7de0284f7ee075209b119c297a3622,289657.747344017,0.045,1657.702344017045,20,1657.702344017045,inception,0.4604728733380681
96149d3ed4f00afb92f12856101e693e93c4683f030ae6ca6ebfbb7ba5a2a345,e5298aafdbabecd1465ab0eeb24d7633ac7de0284f7ee075209b119c297a3622,289659.27423501015,0.045,1659.2292350101634,20,1659.2292350101634,inception,0.4608970097250454
96149d3ed4f00afb92f12856101e693e93c4683f030ae6ca6ebfbb7ba5a2a345,e5298aafdbabecd1465ab0eeb24d7633ac7de0284f7ee075209b119c297a3622,289660.9483599663,0.043,1660.905359966273,20,1660.905359966273,inception,0.4613625999906314
96149d3ed4f00afb92f12856101e693e93c4683f030ae6ca6ebfbb7ba5a2a345,e5298aafdbabecd1465ab0eeb24d7633ac7de0284f7ee075209b119c297a3622,289662.55061101913,0.046,1662.5046110191615,20,1662.5046110191615,inception,0.46180683639421155
96149d3ed4f00afb92f12856101e693e93c4683f030ae6ca6ebfbb7ba5a2a345,e5298aafdbabecd1465ab0eeb24d7633ac7de0284f7ee075209b119c297a3622,289663.96551704407,0.046,1663.9195170440944,20,1663.9195170440944,inception,0.46219986584558176
96149d3ed4f00afb92f12856101e693e93c4683f030ae6ca6ebfbb7ba5a2a345,e5298aafdbabecd1465ab0eeb24d7633ac7de0284f7ee075209b119c297a3622,289665.71535491943,0.045,1665.67035491945,20,1665.67035491945,inception,0.4626862096998472
96149d3ed4f00afb92f12856101e693e93c4683f030ae6ca6ebfbb7ba5a2a345,e5298aafdbabecd1465ab0eeb24d7633ac7de0284f7ee075209b119c297a3622,289668.12733101845,0.052,1668.0753310184227,20,1668.0753310184227,inception,0.46335425861622853
96149d3ed4f00afb92f12856101e693e93c4683f030ae6ca6ebfbb7ba5a2a345,e5298aafdbabecd1465ab0eeb24d7633ac7de0284f7ee075209b119c297a3622,289669.6994030476,0.048,1669.65140304761,20,1669.65140304761,inception,0.4637920564021139
96149d3ed4f00afb92f12856101e693e93c4683f030ae6ca6ebfbb7ba5a2a345,e5298aafdbabecd1465ab0eeb24d7633ac7de0284f7ee075209b119c297a3622,289671.26133298874,0.047,1671.2143329887185,20,1671.2143329887185,inception,0.4642262036079774
96149d3ed4f00afb92f12856101e693e93c4683f030ae6ca6ebfbb7ba5a2a345,e5298aafdbabecd1465ab0eeb24d7633ac7de0284f7ee075209b119c297a3622,289673.2827999592,0.045,1673.237799959199,20,1673.237799959199,inception,0.46478827776644416
96149d3ed4f00afb92f12856101e693e93c4683f030ae6ca6ebfbb7ba5a2a345,e5298aafdbabecd1465ab0eeb24d7633ac7de0284f7ee075209b119c297a3622,289678.9340651036,0.04,1678.89406510361,20,1678.89406510361,inception,0.4663594625287806
96149d3ed4f00afb92f12856101e693e93c4683f030ae6ca6ebfbb7ba5a2a345,e5298aafdbabecd1465ab0eeb24d7633ac7de0284f7ee075209b119c297a3622,289680.0050890446,0.041,1679.9640890445444,20,1679.9640890445444,inception,0.4666566914012623
96149d3ed4f00afb92f12856101e693e93c4683f030ae6ca6ebfbb7ba5a2a345,e5298aafdbabecd1465ab0eeb24d7633ac7de0284f7ee075209b119c297a3622,289680.8991649151,0.04,1680.8591649151058,20,1680.8591649151058,inception,0.4669053235875294
96149d3ed4f00afb92f12856101e693e93c4683f030ae6ca6ebfbb7ba5a2a345,e5298aafdbabecd1465ab0eeb24d7633ac7de0284f7ee075209b119c297a3622,289684.08089089394,0.04,1684.040890893957,20,1684.040890893957,inception,0.46778913635943253
96149d3ed4f00afb92f12856101e693e93c4683f030ae6ca6ebfbb7ba5a2a345,e5298aafdbabecd1465ab0eeb24d7633ac7de0284f7ee075209b119c297a3622,289685.4659039974,0.044,1685.4219039974269,20,1685.4219039974269,inception,0.46817275111039636
96149d3ed4f00afb92f12856101e693e93c4683f030ae6ca6ebfbb7ba5a2a345,e5298aafdbabecd1465ab0eeb24d7633ac7de0284f7ee075209b119c297a3622,289688.3834209442,0.042,1688.341420944198,20,1688.341420944198,inception,0.468983728040055
96149d3ed4f00afb92f12856101e693e93c4683f030ae6ca6ebfbb7ba5a2a345,e5298aafdbabecd1465ab0eeb24d7633ac7de0284f7ee075209b119c297a3622,289692.803000927,0.044,1692.759000926977,20,1692.759000926977,inception,0.47021083359082694
96149d3ed4f00afb92f12856101e693e93c4683f030ae6ca6ebfbb7ba5a2a345,e5298aafdbabecd1465ab0eeb24d7633ac7de0284f7ee075209b119c297a3622,289696.6829879284,0.04,1696.6429879284115,20,1696.6429879284115,inception,0.47128971886900317
96149d3ed4f00afb92f12856101e693e93c4683f030ae6ca6ebfbb7ba5a2a345,e5298aafdbabecd1465ab0eeb24d7633ac7de0284f7ee075209b119c297a3622,289698.1794600487,0.041,1698.138460048649,20,1698.138460048649,inception,0.47170512779129137
96149d3ed4f00afb92f12856101e693e93c4683f030ae6ca6ebfbb7ba5a2a345,e5298aafdbabecd1465ab0eeb24d7633ac7de0284f7ee075209b119c297a3622,289699.4216349125,0.044,1699.3776349124964,20,1699.3776349124964,inception,0.472049343031249
96149d3ed4f00afb92f12856101e693e93c4683f030ae6ca6ebfbb7ba5a2a345,e5298aafdbabecd1465ab0eeb24d7633ac7de0284f7ee075209b119c297a3622,289700.83195090294,0.044,1700.7879509029444,20,1700.7879509029444,inception,0.47244109747304014
96149d3ed4f00afb92f12856101e693e93c4683f030ae6ca6ebfbb7ba5a2a345,e5298aafdbabecd1465ab0eeb24d7633ac7de0284f7ee075209b119c297a3622,289702.6113860607,0.039,1702.572386060725,20,1702.572386060725,inception,0.47293677390575695
96149d3ed4f00afb92f12856101e693e93c4683f030ae6ca6ebfbb7ba5a2a345,e5298aafdbabecd1465ab0eeb24d7633ac7de0284f7ee075209b119c297a3622,289712.03521609306,0.039,1711.9962160930736,20,1711.9962160930736,inception,0.47555450447029823
96149d3ed4f00afb92f12856101e693e93c4683f030ae6ca6ebfbb7ba5a2a345,e5298aafdbabecd1465ab0eeb24d7633ac7de0284f7ee075209b119c297a3622,289713.493530035,0.042,1713.451530035003,20,1713.451530035003,inception,0.4759587583430564
96149d3ed4f00afb92f12856101e693e93c4683f030ae6ca6ebfbb7ba5a2a345,e5298aafdbabecd1465ab0eeb24d7633ac7de0284f7ee075209b119c297a3622,289717.1122739315,0.063,1717.0492739314795,20,1717.0492739314795,inception,0.47695813164763323
96149d3ed4f00afb92f12856101e693e93c4683f030ae6ca6ebfbb7ba5a2a345,e5298aafdbabecd1465ab0eeb24d7633ac7de0284f7ee075209b119c297a3622,289719.0054960251,0.046,1718.9594960251125,20,1718.9594960251125,inception,0.47748874889586457
96149d3ed4f00afb92f12856101e693e93c4683f030ae6ca6ebfbb7ba5a2a345,e5298aafdbabecd1465ab0eeb24d7633ac7de0284f7ee075209b119c297a3622,289720.7365899086,0.042,1720.694589908584,20,1720.694589908584,inception,0.4779707194190511
96149d3ed4f00afb92f12856101e693e93c4683f030ae6ca6ebfbb7ba5a2a345,e5298aafdbabecd1465ab0eeb24d7633ac7de0284f7ee075209b119c297a3622,289722.52255797386,0.044,1722.4785579738673,20,1722.4785579738673,inception,0.478466266103852
96149d3ed4f00afb92f12856101e693e93c4683f030ae6ca6ebfbb7ba5a2a345,e5298aafdbabecd1465ab0eeb24d7633ac7de0284f7ee075209b119c297a3622,289737.90370607376,0.045,1737.8587060737773,20,1737.8587060737773,inception,0.4827385294649381
96149d3ed4f00afb92f12856101e693e93c4683f030ae6ca6ebfbb7ba5a2a345,e5298aafdbabecd1465ab0eeb24d7633ac7de0284f7ee075209b119c297a3622,289739.6620130539,0.047,1739.6150130538736,20,1739.6150130538736,inception,0.48322639251496485
96149d3ed4f00afb92f12856101e693e93c4683f030ae6ca6ebfbb7ba5a2a345,e5298aafdbabecd1465ab0eeb24d7633ac7de0284f7ee075209b119c297a3622,289741.43355703354,0.042,1741.391557033523,20,1741.391557033523,inception,0.4837198769537564
96149d3ed4f00afb92f12856101e693e93c4683f030ae6ca6ebfbb7ba5a2a345,e5298aafdbabecd1465ab0eeb24d7633ac7de0284f7ee075209b119c297a3622,289742.90526509285,0.041,1742.8642650928232,20,1742.8642650928232,inception,0.48412896252578425
96149d3ed4f00afb92f12856101e693e93c4683f030ae6ca6ebfbb7ba5a2a345,e5298aafdbabecd1465ab0eeb24d7633ac7de0284f7ee075209b119c297a3622,289744.6030910015,0.042,1744.5610910014948,20,1744.5610910014948,inception,0.4846003030559708
96149d3ed4f00afb92f12856101e693e93c4683f030ae6ca6ebfbb7ba5a2a345,e5298aafdbabecd1465ab0eeb24d7633ac7de0284f7ee075209b119c297a3622,289746.22116804123,0.042,1746.1791680412134,20,1746.1791680412134,inception,0.4850497689003371
96149d3ed4f00afb92f12856101e693e93c4683f030ae6ca6ebfbb7ba5a2a345,e5298aafdbabecd1465ab0eeb24d7633ac7de0284f7ee075209b119c297a3622,289747.6563720703,0.05,1747.6063720703241,20,1747.6063720703241,inception,0.48544621446397895
96149d3ed4f00afb92f12856101e693e93c4683f030ae6ca6ebfbb7ba5a2a345,e5298aafdbabecd1465ab0eeb24d7633ac7de0284f7ee075209b119c297a3622,289791.1698288917,0.041,1791.1288288916694,20,1791.1288288916694,inception,0.4975357858032415
96149d3ed4f00afb92f12856101e693e93c4683f030ae6ca6ebfbb7ba5a2a345,e5298aafdbabecd1465ab0eeb24d7633ac7de0284f7ee075209b119c297a3622,289792.6767439842,0.041,1792.6357439841959,20,1792.6357439841959,inception,0.4979543733289433
96149d3ed4f00afb92f12856101e693e93c4683f030ae6ca6ebfbb7ba5a2a345,e5298aafdbabecd1465ab0eeb24d7633ac7de0284f7ee075209b119c297a3622,290235.4549500942,0.062,2235.3929500942468,20,2235.3929500942468,inception,0.6209424861372908
96149d3ed4f00afb92f12856101e693e93c4683f030ae6ca6ebfbb7ba5a2a345,e5298aafdbabecd1465ab0eeb24d7633ac7de0284f7ee075209b119c297a3622,290300.4561679363,0.052,2300.4041679363,20,2300.4041679363,inception,0.6390011577600833
96149d3ed4f00afb92f12856101e693e93c4683f030ae6ca6ebfbb7ba5a2a345,e5298aafdbabecd1465ab0eeb24d7633ac7de0284f7ee075209b119c297a3622,290313.2527439594,0.062,2313.1907439594506,20,2313.1907439594506,inception,0.6425529844331808
96149d3ed4f00afb92f12856101e693e93c4683f030ae6ca6ebfbb7ba5a2a345,e5298aafdbabecd1465ab0eeb24d7633ac7de0284f7ee075209b119c297a3622,290314.4240870476,0.038,2314.3860870475764,20,2314.3860870475764,inception,0.6428850241798824
96149d3ed4f00afb92f12856101e693e93c4683f030ae6ca6ebfbb7ba5a2a345,e5298aafdbabecd1465ab0eeb24d7633ac7de0284f7ee075209b119c297a3622,290318.45711898804,0.055,2318.402118988044,20,2318.402118988044,inception,0.6440005886077901
96149d3ed4f00afb92f12856101e693e93c4683f030ae6ca6ebfbb7ba5a2a345,e5298aafdbabecd1465ab0eeb24d7633ac7de0284f7ee075209b119c297a3622,290319.8635311127,0.063,2319.800531112647,20,2319.800531112647,inception,0.6443890364201798
96149d3ed4f00afb92f12856101e693e93c4683f030ae6ca6ebfbb7ba5a2a345,e5298aafdbabecd1465ab0eeb24d7633ac7de0284f7ee075209b119c297a3622,290321.1434750557,0.057,2321.086475055723,20,2321.086475055723,inception,0.6447462430710341
96149d3ed4f00afb92f12856101e693e93c4683f030ae6ca6ebfbb7ba5a2a345,e5298aafdbabecd1465ab0eeb24d7633ac7de0284f7ee075209b119c297a3622,290322.5659210682,0.037,2322.5289210681804,20,2322.5289210681804,inception,0.645146922518939
96149d3ed4f00afb92f12856101e693e93c4683f030ae6ca6ebfbb7ba5a2a345,e5298aafdbabecd1465ab0eeb24d7633ac7de0284f7ee075209b119c297a3622,290323.80056500435,0.031,2323.7695650043315,20,2323.7695650043315,inception,0.6454915458345365
96149d3ed4f00afb92f12856101e693e93c4683f030ae6ca6ebfbb7ba5a2a345,e5298aafdbabecd1465ab0eeb24d7633ac7de0284f7ee075209b119c297a3622,290330.6745491028,0.045,2330.6295491027995,20,2330.6295491027995,inception,0.6473970969729999
96149d3ed4f00afb92f12856101e693e93c4683f030ae6ca6ebfbb7ba5a2a345,e5298aafdbabecd1465ab0eeb24d7633ac7de0284f7ee075209b119c297a3622,290596.9729170799,0.045,2596.927917079942,20,2596.927917079942,inception,0.7213688658555394
96149d3ed4f00afb92f12856101e693e93c4683f030ae6ca6ebfbb7ba5a2a345,e5298aafdbabecd1465ab0eeb24d7633ac7de0284f7ee075209b119c297a3622,292818.6493360996,0.096,4818.553336099605,20,4818.553336099605,inception,1.3384870378054459
96149d3ed4f00afb92f12856101e693e93c4683f030ae6ca6ebfbb7ba5a2a345,e5298aafdbabecd1465ab0eeb24d7633ac7de0284f7ee075209b119c297a3622,294250.4281680584,0.036,6250.3921680583735,20,6250.3921680583735,inception,1.7362200466828814
96149d3ed4f00afb92f12856101e693e93c4683f030ae6ca6ebfbb7ba5a2a345,e5298aafdbabecd1465ab0eeb24d7633ac7de0284f7ee075209b119c297a3622,294433.0160679817,0.014,6433.002067981695,20,6433.002067981695,inception,1.7869450188838043
96149d3ed4f00afb92f12856101e693e93c4683f030ae6ca6ebfbb7ba5a2a345,e5298aafdbabecd1465ab0eeb24d7633ac7de0284f7ee075209b119c297a3622,294462.18681406975,0.013,6462.173814069771,20,6462.173814069771,inception,1.7950482816860474
96149d3ed4f00afb92f12856101e693e93c4683f030ae6ca6ebfbb7ba5a2a345,e5298aafdbabecd1465ab0eeb24d7633ac7de0284f7ee075209b119c297a3622,294660.09789800644,0.013,6660.084898006462,20,6660.084898006462,inception,1.8500235827795728
96149d3ed4f00afb92f12856101e693e93c4683f030ae6ca6ebfbb7ba5a2a345,e5298aafdbabecd1465ab0eeb24d7633ac7de0284f7ee075209b119c297a3622,294663.1819469929,0.052,6663.129946992849,20,6663.129946992849,inception,1.850869429720236
96149d3ed4f00afb92f12856101e693e93c4683f030ae6ca6ebfbb7ba5a2a345,e5298aafdbabecd1465ab0eeb24d7633ac7de0284f7ee075209b119c297a3622,294685.23631095886,0.011,6685.225310958864,20,6685.225310958864,inception,1.8570070308219067
96149d3ed4f00afb92f12856101e693e93c4683f030ae6ca6ebfbb7ba5a2a345,e5298aafdbabecd1465ab0eeb24d7633ac7de0284f7ee075209b119c297a3622,294772.9126369953,0.044,6772.868636995321,20,6772.868636995321,inception,1.881352399165367
96149d3ed4f00afb92f12856101e693e93c4683f030ae6ca6ebfbb7ba5a2a345,e5298aafdbabecd1465ab0eeb24d7633ac7de0284f7ee075209b119c297a3622,294775.2461240292,0.062,6775.1841240292415,20,6775.1841240292415,inception,1.8819955900081227
96149d3ed4f00afb92f12856101e693e93c4683f030ae6ca6ebfbb7ba5a2a345,e5298aafdbabecd1465ab0eeb24d7633ac7de0284f7ee075209b119c297a3622,294894.2753100395,0.015,6894.260310039506,20,6894.260310039506,inception,1.9150723083443073
96149d3ed4f00afb92f12856101e693e93c4683f030ae6ca6ebfbb7ba5a2a345,e5298aafdbabecd1465ab0eeb24d7633ac7de0284f7ee075209b119c297a3622,295172.013669014,0.073,7171.940669014002,20,7171.940669014002,inception,1.9922057413927783
96149d3ed4f00afb92f12856101e693e93c4683f030ae6ca6ebfbb7ba5a2a345,e5298aafdbabecd1465ab0eeb24d7633ac7de0284f7ee075209b119c297a3622,300442.2433331013,0.158,12442.085333101277,20,12442.085333101277,inception,3.4561348147503548
96149d3ed4f00afb92f12856101e693e93c4683f030ae6ca6ebfbb7ba5a2a345,e5298aafdbabecd1465ab0eeb24d7633ac7de0284f7ee075209b119c297a3622,300479.6541969776,0.065,12479.589196977613,20,12479.589196977613,inception,3.4665525547160034
96149d3ed4f00afb92f12856101e693e93c4683f030ae6ca6ebfbb7ba5a2a345,e5298aafdbabecd1465ab0eeb24d7633ac7de0284f7ee075209b119c297a3622,300489.2330811024,0.071,12489.162081102375,20,12489.162081102375,inception,3.469211689195104
96149d3ed4f00afb92f12856101e693e93c4683f030ae6ca6ebfbb7ba5a2a345,e5298aafdbabecd1465ab0eeb24d7633ac7de0284f7ee075209b119c297a3622,300489.77740192413,0.048,12489.729401924124,20,12489.729401924124,inception,3.4693692783122567
96149d3ed4f00afb92f12856101e693e93c4683f030ae6ca6ebfbb7ba5a2a345,e5298aafdbabecd1465ab0eeb24d7633ac7de0284f7ee075209b119c297a3622,300570.4513859749,0.098,12570.353385974886,20,12570.353385974886,inception,3.4917648294374684
96149d3ed4f00afb92f12856101e693e93c4683f030ae6ca6ebfbb7ba5a2a345,e5298aafdbabecd1465ab0eeb24d7633ac7de0284f7ee075209b119c297a3622,300690.5965330601,0.042,12690.554533060058,20,12690.554533060058,inception,3.525154036961127
96149d3ed4f00afb92f12856101e693e93c4683f030ae6ca6ebfbb7ba5a2a345,e5298aafdbabecd1465ab0eeb24d7633ac7de0284f7ee075209b119c297a3622,300690.74931907654,0.079,12690.670319076511,20,12690.670319076511,inception,3.5251861997434752
96149d3ed4f00afb92f12856101e693e93c4683f030ae6ca6ebfbb7ba5a2a345,e5298aafdbabecd1465ab0eeb24d7633ac7de0284f7ee075209b119c297a3622,300742.7333869934,0.076,12742.657386993407,20,12742.657386993407,inception,3.539627051942613
96149d3ed4f00afb92f12856101e693e93c4683f030ae6ca6ebfbb7ba5a2a345,e5298aafdbabecd1465ab0eeb24d7633ac7de0284f7ee075209b119c297a3622,300746.6256520748,0.084,12746.54165207484,20,12746.54165207484,inception,3.5407060144652336
96149d3ed4f00afb92f12856101e693e93c4683f030ae6ca6ebfbb7ba5a2a345,e5298aafdbabecd1465ab0eeb24d7633ac7de0284f7ee075209b119c297a3622,300976.4557778836,0.084,12976.371777883614,20,12976.371777883614,inception,3.6045477160787818
96149d3ed4f00afb92f12856101e693e93c4683f030ae6ca6ebfbb7ba5a2a345,e5298aafdbabecd1465ab0eeb24d7633ac7de0284f7ee075209b119c297a3622,301004.3146300316,0.077,13004.237630031595,20,13004.237630031595,inception,3.612288230564332
96149d3ed4f00afb92f12856101e693e93c4683f030ae6ca6ebfbb7ba5a2a345,e5298aafdbabecd1465ab0eeb24d7633ac7de0284f7ee075209b119c297a3622,301228.75500798225,0.075,13228.680007982242,20,13228.680007982242,inception,3.674633335550623
96149d3ed4f00afb92f12856101e693e93c4683f030ae6ca6ebfbb7ba5a2a345,e5298aafdbabecd1465ab0eeb24d7633ac7de0284f7ee075209b119c297a3622,301243.3006079197,0.083,13243.217607919709,20,13243.217607919709,inception,3.6786715577554747
96149d3ed4f00afb92f12856101e693e93c4683f030ae6ca6ebfbb7ba5a2a345,e5298aafdbabecd1465ab0eeb24d7633ac7de0284f7ee075209b119c297a3622,301370.29448509216,0.041,13370.253485092137,20,13370.253485092137,inception,3.7139593014144823
96149d3ed4f00afb92f12856101e693e93c4683f030ae6ca6ebfbb7ba5a2a345,e5298aafdbabecd1465ab0eeb24d7633ac7de0284f7ee075209b119c297a3622,301386.86676192284,0.075,13386.791761922825,20,13386.791761922825,inception,3.7185532672007846
96149d3ed4f00afb92f12856101e693e93c4683f030ae6ca6ebfbb7ba5a2a345,e5298aafdbabecd1465ab0eeb24d7633ac7de0284f7ee075209b119c297a3622,301389.4745891094,0.076,13389.39858910942,20,13389.39858910942,inception,3.7192773858637276
96149d3ed4f00afb92f12856101e693e93c4683f030ae6ca6ebfbb7ba5a2a345,e5298aafdbabecd1465ab0eeb24d7633ac7de0284f7ee075209b119c297a3622,301391.6720609665,0.041,13391.631060966465,20,13391.631060966465,inception,3.7198975169351294
96149d3ed4f00afb92f12856101e693e93c4683f030ae6ca6ebfbb7ba5a2a345,e5298aafdbabecd1465ab0eeb24d7633ac7de0284f7ee075209b119c297a3622,301404.7052080631,0.041,13404.664208063099,20,13404.664208063099,inception,3.723517835573083
96149d3ed4f00afb92f12856101e693e93c4683f030ae6ca6ebfbb7ba5a2a345,e5298aafdbabecd1465ab0eeb24d7633ac7de0284f7ee075209b119c297a3622,301452.6671988964,0.042,13452.625198896392,20,13452.625198896392,inception,3.7368403330267754
96149d3ed4f00afb92f12856101e693e93c4683f030ae6ca6ebfbb7ba5a2a345,e5298aafdbabecd1465ab0eeb24d7633ac7de0284f7ee075209b119c297a3622,301611.60222291946,0.085,13611.517222919443,20,13611.517222919443,inception,3.780977006366512
96149d3ed4f00afb92f12856101e693e93c4683f030ae6ca6ebfbb7ba5a2a345,e5298aafdbabecd1465ab0eeb24d7633ac7de0284f7ee075209b119c297a3622,301632.8106329441,0.084,13632.726632944134,20,13632.726632944134,inception,3.786868509151148
96149d3ed4f00afb92f12856101e693e93c4683f030ae6ca6ebfbb7ba5a2a345,e5298aafdbabecd1465ab0eeb24d7633ac7de0284f7ee075209b119c297a3622,301635.71368694305,0.165,13635.548686943075,20,13635.548686943075,inception,3.7876524130397433
96149d3ed4f00afb92f12856101e693e93c4683f030ae6ca6ebfbb7ba5a2a345,e5298aafdbabecd1465ab0eeb24d7633ac7de0284f7ee075209b119c297a3622,301640.1049809456,0.063,13640.041980945563,20,13640.041980945563,inception,3.7889005502626567
96149d3ed4f00afb92f12856101e693e93c4683f030ae6ca6ebfbb7ba5a2a345,e5298aafdbabecd1465ab0eeb24d7633ac7de0284f7ee075209b119c297a3622,301661.9924180508,0.074,13661.918418050802,20,13661.918418050802,inception,3.794977338347445
96149d3ed4f00afb92f12856101e693e93c4683f030ae6ca6ebfbb7ba5a2a345,e5298aafdbabecd1465ab0eeb24d7633ac7de0284f7ee075209b119c297a3622,301662.3880701065,0.085,13662.303070106485,20,13662.303070106485,inception,3.7950841861406905
96149d3ed4f00afb92f12856101e693e93c4683f030ae6ca6ebfbb7ba5a2a345,e5298aafdbabecd1465ab0eeb24d7633ac7de0284f7ee075209b119c297a3622,301664.6797349453,0.071,13664.608734945301,20,13664.608734945301,inception,3.795724648595917
96149d3ed4f00afb92f12856101e693e93c4683f030ae6ca6ebfbb7ba5a2a345,e5298aafdbabecd1465ab0eeb24d7633ac7de0284f7ee075209b119c297a3622,301988.6208219528,0.115,13988.50582195283,20,13988.50582195283,inception,3.885696061653564
96149d3ed4f00afb92f12856101e693e93c4683f030ae6ca6ebfbb7ba5a2a345,e5298aafdbabecd1465ab0eeb24d7633ac7de0284f7ee075209b119c297a3622,302027.2780969143,0.082,14027.196096914297,20,14027.196096914297,inception,3.896443360253971
96149d3ed4f00afb92f12856101e693e93c4683f030ae6ca6ebfbb7ba5a2a345,e5298aafdbabecd1465ab0eeb24d7633ac7de0284f7ee075209b119c297a3622,302029.17462801933,0.075,14029.099628019321,20,14029.099628019321,inception,3.896972118894256
96149d3ed4f00afb92f12856101e693e93c4683f030ae6ca6ebfbb7ba5a2a345,e5298aafdbabecd1465ab0eeb24d7633ac7de0284f7ee075209b119c297a3622,302090.12588500977,0.094,14090.031885009783,20,14090.031885009783,inception,3.9138977458360507
96149d3ed4f00afb92f12856101e693e93c4683f030ae6ca6ebfbb7ba5a2a345,e5298aafdbabecd1465ab0eeb24d7633ac7de0284f7ee075209b119c297a3622,302152.3278160095,0.064,14152.263816009508,20,14152.263816009508,inception,3.9311843933359745
96149d3ed4f00afb92f12856101e693e93c4683f030ae6ca6ebfbb7ba5a2a345,e5298aafdbabecd1465ab0eeb24d7633ac7de0284f7ee075209b119c297a3622,302154.0424230099,0.078,14153.964423009893,20,14153.964423009893,inception,3.9316567841694146
96149d3ed4f00afb92f12856101e693e93c4683f030ae6ca6ebfbb7ba5a2a345,e5298aafdbabecd1465ab0eeb24d7633ac7de0284f7ee075209b119c297a3622,302293.45083904266,0.068,14293.382839042635,20,14293.382839042635,inception,3.9703841219562874
96149d3ed4f00afb92f12856101e693e93c4683f030ae6ca6ebfbb7ba5a2a345,e5298aafdbabecd1465ab0eeb24d7633ac7de0284f7ee075209b119c297a3622,302296.20194101334,0.082,14296.119941013341,20,14296.119941013341,inception,3.9711444280592616
96149d3ed4f00afb92f12856101e693e93c4683f030ae6ca6ebfbb7ba5a2a345,e5298aafdbabecd1465ab0eeb24d7633ac7de0284f7ee075209b119c297a3622,302320.92043304443,0.079,14320.841433044407,20,14320.841433044407,inception,3.978011509179002
96149d3ed4f00afb92f12856101e693e93c4683f030ae6ca6ebfbb7ba5a2a345,e5298aafdbabecd1465ab0eeb24d7633ac7de0284f7ee075209b119c297a3622,302320.97559404373,0.041,14320.934594043705,20,14320.934594043705,inception,3.9780373872343624
85479ef37b5dc75dd5aeca3bab499129b97a134dac5d740d2c68941de9d63031,49535532e285d1ef68b0a7b8c3bc3973b36ec38a4c594ec9f1412084c27036ff,648006.002163887,5.989,0.013163887080736458,45,0.013163887080736458,alexnet,3.6566353002045716e-06
85479ef37b5dc75dd5aeca3bab499129b97a134dac5d740d2c68941de9d63031,49535532e285d1ef68b0a7b8c3bc3973b36ec38a4c594ec9f1412084c27036ff,648060.4142808914,0.39,60.02428089140449,45,60.02428089140449,alexnet,0.01667341135872347
85479ef37b5dc75dd5aeca3bab499129b97a134dac5d740d2c68941de9d63031,49535532e285d1ef68b0a7b8c3bc3973b36ec38a4c594ec9f1412084c27036ff,648120.0833408833,0.015,120.06834088324104,45,120.06834088324104,alexnet,0.0333523169120114
85479ef37b5dc75dd5aeca3bab499129b97a134dac5d740d2c68941de9d63031,49535532e285d1ef68b0a7b8c3bc3973b36ec38a4c594ec9f1412084c27036ff,648188.8065049648,0.0,188.8065049648285,45,188.8065049648285,alexnet,0.05244625137911903
85479ef37b5dc75dd5aeca3bab499129b97a134dac5d740d2c68941de9d63031,49535532e285d1ef68b0a7b8c3bc3973b36ec38a4c594ec9f1412084c27036ff,648240.0156919956,0.0,240.01569199562073,45,240.01569199562073,alexnet,0.0666710255543391
85479ef37b5dc75dd5aeca3bab499129b97a134dac5d740d2c68941de9d63031,49535532e285d1ef68b0a7b8c3bc3973b36ec38a4c594ec9f1412084c27036ff,648300.1496560574,0.124,300.0256560574053,45,300.0256560574053,alexnet,0.08334046001594592
85479ef37b5dc75dd5aeca3bab499129b97a134dac5d740d2c68941de9d63031,49535532e285d1ef68b0a7b8c3bc3973b36ec38a4c594ec9f1412084c27036ff,648419.5598120689,0.018,419.54181206889916,45,419.54181206889916,alexnet,0.11653939224136088
85479ef37b5dc75dd5aeca3bab499129b97a134dac5d740d2c68941de9d63031,49535532e285d1ef68b0a7b8c3bc3973b36ec38a4c594ec9f1412084c27036ff,648420.0066928864,0.0,420.00669288635254,45,420.00669288635254,alexnet,0.1166685258017646
85479ef37b5dc75dd5aeca3bab499129b97a134dac5d740d2c68941de9d63031,49535532e285d1ef68b0a7b8c3bc3973b36ec38a4c594ec9f1412084c27036ff,648480.0152599812,0.0,480.0152599811554,45,480.0152599811554,alexnet,0.1333375722169876
85479ef37b5dc75dd5aeca3bab499129b97a134dac5d740d2c68941de9d63031,49535532e285d1ef68b0a7b8c3bc3973b36ec38a4c594ec9f1412084c27036ff,648540.0800011158,0.015,540.065001115785,45,540.065001115785,alexnet,0.15001805586549583
85479ef37b5dc75dd5aeca3bab499129b97a134dac5d740d2c68941de9d63031,49535532e285d1ef68b0a7b8c3bc3973b36ec38a4c594ec9f1412084c27036ff,648600.004199028,0.0,600.0041990280151,45,600.0041990280151,alexnet,0.16666783306333754
85479ef37b5dc75dd5aeca3bab499129b97a134dac5d740d2c68941de9d63031,49535532e285d1ef68b0a7b8c3bc3973b36ec38a4c594ec9f1412084c27036ff,648660.0244920254,0.015,660.0094920253614,45,660.0094920253614,alexnet,0.18333597000704482
85479ef37b5dc75dd5aeca3bab499129b97a134dac5d740d2c68941de9d63031,49535532e285d1ef68b0a7b8c3bc3973b36ec38a4c594ec9f1412084c27036ff,648752.8916320801,0.015,752.8766320800642,45,752.8766320800642,alexnet,0.20913239780001783
85479ef37b5dc75dd5aeca3bab499129b97a134dac5d740d2c68941de9d63031,49535532e285d1ef68b0a7b8c3bc3973b36ec38a4c594ec9f1412084c27036ff,648780.0158820152,0.0,780.0158820152283,45,780.0158820152283,alexnet,0.2166710783375634
85479ef37b5dc75dd5aeca3bab499129b97a134dac5d740d2c68941de9d63031,49535532e285d1ef68b0a7b8c3bc3973b36ec38a4c594ec9f1412084c27036ff,648840.012239933,0.0,840.0122399330139,45,840.0122399330139,alexnet,0.2333367333147261
85479ef37b5dc75dd5aeca3bab499129b97a134dac5d740d2c68941de9d63031,49535532e285d1ef68b0a7b8c3bc3973b36ec38a4c594ec9f1412084c27036ff,648900.0285580158,0.015,900.0135580158094,45,900.0135580158094,alexnet,0.2500037661155026
85479ef37b5dc75dd5aeca3bab499129b97a134dac5d740d2c68941de9d63031,49535532e285d1ef68b0a7b8c3bc3973b36ec38a4c594ec9f1412084c27036ff,649016.2697620392,0.015,1016.2547620391706,45,1016.2547620391706,alexnet,0.28229298945532516
85479ef37b5dc75dd5aeca3bab499129b97a134dac5d740d2c68941de9d63031,49535532e285d1ef68b0a7b8c3bc3973b36ec38a4c594ec9f1412084c27036ff,649020.3605430126,0.14,1020.220543012605,45,1020.220543012605,alexnet,0.2833945952812792
85479ef37b5dc75dd5aeca3bab499129b97a134dac5d740d2c68941de9d63031,49535532e285d1ef68b0a7b8c3bc3973b36ec38a4c594ec9f1412084c27036ff,649084.5639369488,0.781,1083.7829369488172,45,1083.7829369488172,alexnet,0.3010508158191159
85479ef37b5dc75dd5aeca3bab499129b97a134dac5d740d2c68941de9d63031,49535532e285d1ef68b0a7b8c3bc3973b36ec38a4c594ec9f1412084c27036ff,649140.0323460102,0.015,1140.0173460101942,45,1140.0173460101942,alexnet,0.3166714850028317
85479ef37b5dc75dd5aeca3bab499129b97a134dac5d740d2c68941de9d63031,49535532e285d1ef68b0a7b8c3bc3973b36ec38a4c594ec9f1412084c27036ff,649202.1883070469,2.136,1200.0523070468334,45,1200.0523070468334,alexnet,0.33334786306856484
85479ef37b5dc75dd5aeca3bab499129b97a134dac5d740d2c68941de9d63031,49535532e285d1ef68b0a7b8c3bc3973b36ec38a4c594ec9f1412084c27036ff,649323.084364891,0.015,1323.0693648910383,45,1323.0693648910383,alexnet,0.3675192680252884
85479ef37b5dc75dd5aeca3bab499129b97a134dac5d740d2c68941de9d63031,49535532e285d1ef68b0a7b8c3bc3973b36ec38a4c594ec9f1412084c27036ff,649380.0477480888,0.0,1380.0477480888367,45,1380.0477480888367,alexnet,0.3833465966913435
85479ef37b5dc75dd5aeca3bab499129b97a134dac5d740d2c68941de9d63031,49535532e285d1ef68b0a7b8c3bc3973b36ec38a4c594ec9f1412084c27036ff,649440.0183811188,0.0,1440.0183811187744,45,1440.0183811187744,alexnet,0.4000051058663262
85479ef37b5dc75dd5aeca3bab499129b97a134dac5d740d2c68941de9d63031,49535532e285d1ef68b0a7b8c3bc3973b36ec38a4c594ec9f1412084c27036ff,649500.0726430416,0.015,1500.0576430415967,45,1500.0576430415967,alexnet,0.4166826786226658
85479ef37b5dc75dd5aeca3bab499129b97a134dac5d740d2c68941de9d63031,49535532e285d1ef68b0a7b8c3bc3973b36ec38a4c594ec9f1412084c27036ff,649615.4275929928,0.0,1615.4275929927826,45,1615.4275929927826,alexnet,0.4487298869424396
85479ef37b5dc75dd5aeca3bab499129b97a134dac5d740d2c68941de9d63031,49535532e285d1ef68b0a7b8c3bc3973b36ec38a4c594ec9f1412084c27036ff,649620.0821239948,0.018,1620.0641239947872,45,1620.0641239947872,alexnet,0.45001781222077425
85479ef37b5dc75dd5aeca3bab499129b97a134dac5d740d2c68941de9d63031,49535532e285d1ef68b0a7b8c3bc3973b36ec38a4c594ec9f1412084c27036ff,649680.0419900417,0.0,1680.0419900417328,45,1680.0419900417328,alexnet,0.46667833056714797
85479ef37b5dc75dd5aeca3bab499129b97a134dac5d740d2c68941de9d63031,49535532e285d1ef68b0a7b8c3bc3973b36ec38a4c594ec9f1412084c27036ff,649740.008079052,0.0,1740.0080790519714,45,1740.0080790519714,alexnet,0.4833355775144365
85479ef37b5dc75dd5aeca3bab499129b97a134dac5d740d2c68941de9d63031,49535532e285d1ef68b0a7b8c3bc3973b36ec38a4c594ec9f1412084c27036ff,649800.0678520203,0.015,1800.0528520202497,45,1800.0528520202497,alexnet,0.5000146811167361
85479ef37b5dc75dd5aeca3bab499129b97a134dac5d740d2c68941de9d63031,49535532e285d1ef68b0a7b8c3bc3973b36ec38a4c594ec9f1412084c27036ff,649915.4206600189,0.015,1915.405660018907,45,1915.405660018907,alexnet,0.5320571277830297
85479ef37b5dc75dd5aeca3bab499129b97a134dac5d740d2c68941de9d63031,49535532e285d1ef68b0a7b8c3bc3973b36ec38a4c594ec9f1412084c27036ff,649920.0704810619,0.015,1920.0554810619215,45,1920.0554810619215,alexnet,0.5333487447394226
85479ef37b5dc75dd5aeca3bab499129b97a134dac5d740d2c68941de9d63031,49535532e285d1ef68b0a7b8c3bc3973b36ec38a4c594ec9f1412084c27036ff,649980.0789489746,0.015,1980.0639489745954,45,1980.0639489745954,alexnet,0.5500177636040543
85479ef37b5dc75dd5aeca3bab499129b97a134dac5d740d2c68941de9d63031,49535532e285d1ef68b0a7b8c3bc3973b36ec38a4c594ec9f1412084c27036ff,650040.0183019638,0.0,2040.0183019638062,45,2040.0183019638062,alexnet,0.5666717505455017
85479ef37b5dc75dd5aeca3bab499129b97a134dac5d740d2c68941de9d63031,49535532e285d1ef68b0a7b8c3bc3973b36ec38a4c594ec9f1412084c27036ff,650100.0251779556,0.015,2100.0101779556135,45,2100.0101779556135,alexnet,0.583336160543226
85479ef37b5dc75dd5aeca3bab499129b97a134dac5d740d2c68941de9d63031,49535532e285d1ef68b0a7b8c3bc3973b36ec38a4c594ec9f1412084c27036ff,650216.3602979183,0.0,2216.3602979183197,45,2216.3602979183197,alexnet,0.6156556383106444
85479ef37b5dc75dd5aeca3bab499129b97a134dac5d740d2c68941de9d63031,49535532e285d1ef68b0a7b8c3bc3973b36ec38a4c594ec9f1412084c27036ff,650220.0090289116,0.0,2220.0090289115906,45,2220.0090289115906,alexnet,0.616669174697664
85479ef37b5dc75dd5aeca3bab499129b97a134dac5d740d2c68941de9d63031,49535532e285d1ef68b0a7b8c3bc3973b36ec38a4c594ec9f1412084c27036ff,650280.01086092,0.0,2280.0108609199524,45,2280.0108609199524,alexnet,0.6333363502555424
85479ef37b5dc75dd5aeca3bab499129b97a134dac5d740d2c68941de9d63031,49535532e285d1ef68b0a7b8c3bc3973b36ec38a4c594ec9f1412084c27036ff,650340.0127079487,0.0,2340.0127079486847,45,2340.0127079486847,alexnet,0.6500035299857457
85479ef37b5dc75dd5aeca3bab499129b97a134dac5d740d2c68941de9d63031,49535532e285d1ef68b0a7b8c3bc3973b36ec38a4c594ec9f1412084c27036ff,650403.1728749275,3.161,2400.011874927557,45,2400.011874927557,alexnet,0.6666699652576548
85479ef37b5dc75dd5aeca3bab499129b97a134dac5d740d2c68941de9d63031,49535532e285d1ef68b0a7b8c3bc3973b36ec38a4c594ec9f1412084c27036ff,650460.0133109093,0.0,2460.0133109092712,45,2460.0133109092712,alexnet,0.6833370308081309
85479ef37b5dc75dd5aeca3bab499129b97a134dac5d740d2c68941de9d63031,49535532e285d1ef68b0a7b8c3bc3973b36ec38a4c594ec9f1412084c27036ff,650520.0447978973,0.015,2520.029797897325,45,2520.029797897325,alexnet,0.7000082771937014
85479ef37b5dc75dd5aeca3bab499129b97a134dac5d740d2c68941de9d63031,49535532e285d1ef68b0a7b8c3bc3973b36ec38a4c594ec9f1412084c27036ff,650580.0121200085,0.0,2580.0121200084686,45,2580.0121200084686,alexnet,0.7166700333356857
85479ef37b5dc75dd5aeca3bab499129b97a134dac5d740d2c68941de9d63031,49535532e285d1ef68b0a7b8c3bc3973b36ec38a4c594ec9f1412084c27036ff,650640.0095040798,0.0,2640.0095040798187,45,2640.0095040798187,alexnet,0.7333359733555052
85479ef37b5dc75dd5aeca3bab499129b97a134dac5d740d2c68941de9d63031,49535532e285d1ef68b0a7b8c3bc3973b36ec38a4c594ec9f1412084c27036ff,650700.0269260406,0.015,2700.0119260406354,45,2700.0119260406354,alexnet,0.7500033127890654
85479ef37b5dc75dd5aeca3bab499129b97a134dac5d740d2c68941de9d63031,49535532e285d1ef68b0a7b8c3bc3973b36ec38a4c594ec9f1412084c27036ff,650817.2179450989,0.0,2817.217945098877,45,2817.217945098877,alexnet,0.7825605403052436
85479ef37b5dc75dd5aeca3bab499129b97a134dac5d740d2c68941de9d63031,49535532e285d1ef68b0a7b8c3bc3973b36ec38a4c594ec9f1412084c27036ff,650820.0211150646,0.0,2820.021115064621,45,2820.021115064621,alexnet,0.7833391986290614
85479ef37b5dc75dd5aeca3bab499129b97a134dac5d740d2c68941de9d63031,49535532e285d1ef68b0a7b8c3bc3973b36ec38a4c594ec9f1412084c27036ff,650880.0168740749,0.0,2880.016874074936,45,2880.016874074936,alexnet,0.8000046872430377
85479ef37b5dc75dd5aeca3bab499129b97a134dac5d740d2c68941de9d63031,49535532e285d1ef68b0a7b8c3bc3973b36ec38a4c594ec9f1412084c27036ff,650940.0097150803,0.0,2940.0097150802612,45,2940.0097150802612,alexnet,0.8166693653000726
85479ef37b5dc75dd5aeca3bab499129b97a134dac5d740d2c68941de9d63031,49535532e285d1ef68b0a7b8c3bc3973b36ec38a4c594ec9f1412084c27036ff,651000.0065200329,0.0,3000.0065200328827,45,3000.0065200328827,alexnet,0.8333351444535785
85479ef37b5dc75dd5aeca3bab499129b97a134dac5d740d2c68941de9d63031,49535532e285d1ef68b0a7b8c3bc3973b36ec38a4c594ec9f1412084c27036ff,651060.0062730312,0.0,3060.0062730312347,45,3060.0062730312347,alexnet,0.8500017425086763
85479ef37b5dc75dd5aeca3bab499129b97a134dac5d740d2c68941de9d63031,49535532e285d1ef68b0a7b8c3bc3973b36ec38a4c594ec9f1412084c27036ff,651161.323941946,0.015,3161.3089419460157,45,3161.3089419460157,alexnet,0.8781413727627821
85479ef37b5dc75dd5aeca3bab499129b97a134dac5d740d2c68941de9d63031,49535532e285d1ef68b0a7b8c3bc3973b36ec38a4c594ec9f1412084c27036ff,651180.0179960728,0.0,3180.017996072769,45,3180.017996072769,alexnet,0.8833383322424359
85479ef37b5dc75dd5aeca3bab499129b97a134dac5d740d2c68941de9d63031,49535532e285d1ef68b0a7b8c3bc3973b36ec38a4c594ec9f1412084c27036ff,651240.0152308941,0.0,3240.0152308940887,45,3240.0152308940887,alexnet,0.9000042308039136
85479ef37b5dc75dd5aeca3bab499129b97a134dac5d740d2c68941de9d63031,49535532e285d1ef68b0a7b8c3bc3973b36ec38a4c594ec9f1412084c27036ff,651300.0280880928,0.015,3300.01308809279,45,3300.01308809279,alexnet,0.9166703022479972
85479ef37b5dc75dd5aeca3bab499129b97a134dac5d740d2c68941de9d63031,49535532e285d1ef68b0a7b8c3bc3973b36ec38a4c594ec9f1412084c27036ff,651419.7245190144,0.0,3419.7245190143585,45,3419.7245190143585,alexnet,0.9499234775039884
85479ef37b5dc75dd5aeca3bab499129b97a134dac5d740d2c68941de9d63031,49535532e285d1ef68b0a7b8c3bc3973b36ec38a4c594ec9f1412084c27036ff,651420.0214219093,0.0,3420.0214219093323,45,3420.0214219093323,alexnet,0.9500059505303701
85479ef37b5dc75dd5aeca3bab499129b97a134dac5d740d2c68941de9d63031,49535532e285d1ef68b0a7b8c3bc3973b36ec38a4c594ec9f1412084c27036ff,651480.0190160275,0.0,3480.0190160274506,45,3480.0190160274506,alexnet,0.9666719488965141
85479ef37b5dc75dd5aeca3bab499129b97a134dac5d740d2c68941de9d63031,49535532e285d1ef68b0a7b8c3bc3973b36ec38a4c594ec9f1412084c27036ff,651540.0264720917,0.0,3540.026472091675,45,3540.026472091675,alexnet,0.9833406866921319
85479ef37b5dc75dd5aeca3bab499129b97a134dac5d740d2c68941de9d63031,cd9f7f333d59aede8088772edac3bff78c45e2dad8eb498b450b9af511452a36,648010.9231650829,10.91,0.013165082898922265,45,0.013165082898922265,efficientnet,3.6569674719228514e-06
85479ef37b5dc75dd5aeca3bab499129b97a134dac5d740d2c68941de9d63031,cd9f7f333d59aede8088772edac3bff78c45e2dad8eb498b450b9af511452a36,648368.4005749226,68.375,300.02557492256165,45,300.02557492256165,efficientnet,0.08334043747848935
85479ef37b5dc75dd5aeca3bab499129b97a134dac5d740d2c68941de9d63031,cd9f7f333d59aede8088772edac3bff78c45e2dad8eb498b450b9af511452a36,648695.8814070225,95.72,600.1614070225041,45,600.1614070225041,efficientnet,0.1667115019506956
85479ef37b5dc75dd5aeca3bab499129b97a134dac5d740d2c68941de9d63031,cd9f7f333d59aede8088772edac3bff78c45e2dad8eb498b450b9af511452a36,649058.9695780277,158.956,900.0135780277196,45,900.0135780277196,efficientnet,0.25000377167436655
85479ef37b5dc75dd5aeca3bab499129b97a134dac5d740d2c68941de9d63031,cd9f7f333d59aede8088772edac3bff78c45e2dad8eb498b450b9af511452a36,649059.2508449554,42.981,1016.2698449554155,45,1016.2698449554155,efficientnet,0.2822971791542821
85479ef37b5dc75dd5aeca3bab499129b97a134dac5d740d2c68941de9d63031,cd9f7f333d59aede8088772edac3bff78c45e2dad8eb498b450b9af511452a36,649289.8277580738,89.775,1200.0527580737835,45,1200.0527580737835,efficientnet,0.33334798835382873
85479ef37b5dc75dd5aeca3bab499129b97a134dac5d740d2c68941de9d63031,cd9f7f333d59aede8088772edac3bff78c45e2dad8eb498b450b9af511452a36,649561.0843820572,61.027,1500.057382057188,45,1500.057382057188,efficientnet,0.4166826061269967
85479ef37b5dc75dd5aeca3bab499129b97a134dac5d740d2c68941de9d63031,cd9f7f333d59aede8088772edac3bff78c45e2dad8eb498b450b9af511452a36,649857.9763150215,57.924,1800.0523150215158,45,1800.0523150215158,efficientnet,0.5000145319504211
85479ef37b5dc75dd5aeca3bab499129b97a134dac5d740d2c68941de9d63031,cd9f7f333d59aede8088772edac3bff78c45e2dad8eb498b450b9af511452a36,650156.0222139359,56.012,2100.010213935864,45,2100.010213935864,efficientnet,0.58333617053774
85479ef37b5dc75dd5aeca3bab499129b97a134dac5d740d2c68941de9d63031,cd9f7f333d59aede8088772edac3bff78c45e2dad8eb498b450b9af511452a36,650542.8125789165,140.798,2402.014578916598,45,2402.014578916598,efficientnet,0.6672262719212773
85479ef37b5dc75dd5aeca3bab499129b97a134dac5d740d2c68941de9d63031,cd9f7f333d59aede8088772edac3bff78c45e2dad8eb498b450b9af511452a36,650756.1402339935,56.128,2700.012233993504,45,2700.012233993504,efficientnet,0.750003398331529
85479ef37b5dc75dd5aeca3bab499129b97a134dac5d740d2c68941de9d63031,cd9f7f333d59aede8088772edac3bff78c45e2dad8eb498b450b9af511452a36,651118.9347438812,118.912,3000.0227438812144,45,3000.0227438812144,efficientnet,0.8333396510781151
85479ef37b5dc75dd5aeca3bab499129b97a134dac5d740d2c68941de9d63031,cd9f7f333d59aede8088772edac3bff78c45e2dad8eb498b450b9af511452a36,651362.6180679798,62.605,3300.0130679798312,45,3300.0130679798312,efficientnet,0.9166702966610643
85479ef37b5dc75dd5aeca3bab499129b97a134dac5d740d2c68941de9d63031,cd9f7f333d59aede8088772edac3bff78c45e2dad8eb498b450b9af511452a36,651662.0751760006,62.052,3600.02317600057,45,3600.02317600057,efficientnet,1.000006437777936
85479ef37b5dc75dd5aeca3bab499129b97a134dac5d740d2c68941de9d63031,cd9f7f333d59aede8088772edac3bff78c45e2dad8eb498b450b9af511452a36,652198.3891570568,298.339,3900.050157056772,45,3900.050157056772,efficientnet,1.0833472658491035
85479ef37b5dc75dd5aeca3bab499129b97a134dac5d740d2c68941de9d63031,cd9f7f333d59aede8088772edac3bff78c45e2dad8eb498b450b9af511452a36,652122.8124160767,113.892,4008.9204160766676,45,4008.9204160766676,efficientnet,1.113589004465741
85479ef37b5dc75dd5aeca3bab499129b97a134dac5d740d2c68941de9d63031,cd9f7f333d59aede8088772edac3bff78c45e2dad8eb498b450b9af511452a36,652321.6389739513,57.911,4263.727973951376,45,4263.727973951376,efficientnet,1.1843688816531601
85479ef37b5dc75dd5aeca3bab499129b97a134dac5d740d2c68941de9d63031,cd9f7f333d59aede8088772edac3bff78c45e2dad8eb498b450b9af511452a36,652555.9979579449,55.984,4500.013957944815,45,4500.013957944815,efficientnet,1.250003877206893
85479ef37b5dc75dd5aeca3bab499129b97a134dac5d740d2c68941de9d63031,cd9f7f333d59aede8088772edac3bff78c45e2dad8eb498b450b9af511452a36,652866.3667199612,66.342,4800.02471996122,45,4800.02471996122,efficientnet,1.3333401999892278
85479ef37b5dc75dd5aeca3bab499129b97a134dac5d740d2c68941de9d63031,cd9f7f333d59aede8088772edac3bff78c45e2dad8eb498b450b9af511452a36,653159.1427390575,59.119,5100.023739057593,45,5100.023739057593,efficientnet,1.4166732608493313
85479ef37b5dc75dd5aeca3bab499129b97a134dac5d740d2c68941de9d63031,cd9f7f333d59aede8088772edac3bff78c45e2dad8eb498b450b9af511452a36,653472.8431839943,72.806,5400.037183994311,45,5400.037183994311,efficientnet,1.5000103288873086
85479ef37b5dc75dd5aeca3bab499129b97a134dac5d740d2c68941de9d63031,cd9f7f333d59aede8088772edac3bff78c45e2dad8eb498b450b9af511452a36,653788.0095191002,88.0,5700.009519100189,45,5700.009519100189,efficientnet,1.5833359775278304
85479ef37b5dc75dd5aeca3bab499129b97a134dac5d740d2c68941de9d63031,cd9f7f333d59aede8088772edac3bff78c45e2dad8eb498b450b9af511452a36,654061.7207670212,61.695,6000.02576702123,45,6000.02576702123,efficientnet,1.666673824172564
85479ef37b5dc75dd5aeca3bab499129b97a134dac5d740d2c68941de9d63031,cd9f7f333d59aede8088772edac3bff78c45e2dad8eb498b450b9af511452a36,654368.0468699932,67.88,6300.166869993205,45,6300.166869993205,efficientnet,1.7500463527758903
85479ef37b5dc75dd5aeca3bab499129b97a134dac5d740d2c68941de9d63031,cd9f7f333d59aede8088772edac3bff78c45e2dad8eb498b450b9af511452a36,654660.7950699329,60.785,6600.010069932905,45,6600.010069932905,efficientnet,1.833336130536918
85479ef37b5dc75dd5aeca3bab499129b97a134dac5d740d2c68941de9d63031,cd9f7f333d59aede8088772edac3bff78c45e2dad8eb498b450b9af511452a36,655099.6615390778,199.39,6900.271539077745,45,6900.271539077745,efficientnet,1.9167420941882625
85479ef37b5dc75dd5aeca3bab499129b97a134dac5d740d2c68941de9d63031,cd9f7f333d59aede8088772edac3bff78c45e2dad8eb498b450b9af511452a36,655103.224198103,78.267,7024.9571981029585,45,7024.9571981029585,efficientnet,1.951376999473044
85479ef37b5dc75dd5aeca3bab499129b97a134dac5d740d2c68941de9d63031,cd9f7f333d59aede8088772edac3bff78c45e2dad8eb498b450b9af511452a36,655264.0457239151,63.831,7200.2147239150945,45,7200.2147239150945,efficientnet,2.000059645531971
85479ef37b5dc75dd5aeca3bab499129b97a134dac5d740d2c68941de9d63031,cd9f7f333d59aede8088772edac3bff78c45e2dad8eb498b450b9af511452a36,655567.3288300037,67.312,7500.016830003704,45,7500.016830003704,efficientnet,2.083338008334362
85479ef37b5dc75dd5aeca3bab499129b97a134dac5d740d2c68941de9d63031,cd9f7f333d59aede8088772edac3bff78c45e2dad8eb498b450b9af511452a36,655925.1200740337,17.016,7908.104074033792,45,7908.104074033792,efficientnet,2.1966955761204976
85479ef37b5dc75dd5aeca3bab499129b97a134dac5d740d2c68941de9d63031,cd9f7f333d59aede8088772edac3bff78c45e2dad8eb498b450b9af511452a36,656182.7616350651,82.489,8100.272635065136,45,8100.272635065136,efficientnet,2.2500757319625375
85479ef37b5dc75dd5aeca3bab499129b97a134dac5d740d2c68941de9d63031,cd9f7f333d59aede8088772edac3bff78c45e2dad8eb498b450b9af511452a36,656457.2385060787,57.215,8400.023506078753,45,8400.023506078753,efficientnet,2.3333398627996536
85479ef37b5dc75dd5aeca3bab499129b97a134dac5d740d2c68941de9d63031,cd9f7f333d59aede8088772edac3bff78c45e2dad8eb498b450b9af511452a36,656756.5618329048,56.533,8700.028832904762,45,8700.028832904762,efficientnet,2.4166746758068784
85479ef37b5dc75dd5aeca3bab499129b97a134dac5d740d2c68941de9d63031,cd9f7f333d59aede8088772edac3bff78c45e2dad8eb498b450b9af511452a36,657125.5009040833,125.246,9000.25490408321,45,9000.25490408321,efficientnet,2.5000708066897803
85479ef37b5dc75dd5aeca3bab499129b97a134dac5d740d2c68941de9d63031,cd9f7f333d59aede8088772edac3bff78c45e2dad8eb498b450b9af511452a36,657383.5095710754,83.285,9300.224571075407,45,9300.224571075407,efficientnet,2.583395714187613
85479ef37b5dc75dd5aeca3bab499129b97a134dac5d740d2c68941de9d63031,cd9f7f333d59aede8088772edac3bff78c45e2dad8eb498b450b9af511452a36,657727.8155579567,127.607,9600.208557956736,45,9600.208557956736,efficientnet,2.6667245994324267
85479ef37b5dc75dd5aeca3bab499129b97a134dac5d740d2c68941de9d63031,cd9f7f333d59aede8088772edac3bff78c45e2dad8eb498b450b9af511452a36,658084.0266520977,184.013,9900.013652097667,45,9900.013652097667,efficientnet,2.750003792249352
85479ef37b5dc75dd5aeca3bab499129b97a134dac5d740d2c68941de9d63031,cd9f7f333d59aede8088772edac3bff78c45e2dad8eb498b450b9af511452a36,658294.1136391163,94.104,10200.009639116237,45,10200.009639116237,efficientnet,2.8333360108656214
85479ef37b5dc75dd5aeca3bab499129b97a134dac5d740d2c68941de9d63031,cd9f7f333d59aede8088772edac3bff78c45e2dad8eb498b450b9af511452a36,658689.1879220009,189.167,10500.02092200087,45,10500.02092200087,efficientnet,2.9166724783335747
85479ef37b5dc75dd5aeca3bab499129b97a134dac5d740d2c68941de9d63031,cd9f7f333d59aede8088772edac3bff78c45e2dad8eb498b450b9af511452a36,658855.5667281151,55.556,10800.0107281151,45,10800.0107281151,efficientnet,3.0000029800319723
85479ef37b5dc75dd5aeca3bab499129b97a134dac5d740d2c68941de9d63031,cd9f7f333d59aede8088772edac3bff78c45e2dad8eb498b450b9af511452a36,659266.3502631187,166.293,11100.057263118797,45,11100.057263118797,efficientnet,3.0833492397552216
85479ef37b5dc75dd5aeca3bab499129b97a134dac5d740d2c68941de9d63031,cd9f7f333d59aede8088772edac3bff78c45e2dad8eb498b450b9af511452a36,659266.4127810001,47.101,11219.311781000113,45,11219.311781000113,efficientnet,3.1164754947222537
85479ef37b5dc75dd5aeca3bab499129b97a134dac5d740d2c68941de9d63031,cd9f7f333d59aede8088772edac3bff78c45e2dad8eb498b450b9af511452a36,659460.1112930775,59.829,11400.282293077442,45,11400.282293077442,efficientnet,3.1667450814104003
85479ef37b5dc75dd5aeca3bab499129b97a134dac5d740d2c68941de9d63031,cd9f7f333d59aede8088772edac3bff78c45e2dad8eb498b450b9af511452a36,659865.485202074,165.299,11700.186202074052,45,11700.186202074052,efficientnet,3.250051722798348
85479ef37b5dc75dd5aeca3bab499129b97a134dac5d740d2c68941de9d63031,cd9f7f333d59aede8088772edac3bff78c45e2dad8eb498b450b9af511452a36,659990.9505870342,68.422,11922.528587034205,45,11922.528587034205,efficientnet,3.3118134963983903
85479ef37b5dc75dd5aeca3bab499129b97a134dac5d740d2c68941de9d63031,cd9f7f333d59aede8088772edac3bff78c45e2dad8eb498b450b9af511452a36,660118.473623991,58.461,12060.012623991002,45,12060.012623991002,efficientnet,3.350003506664167
85479ef37b5dc75dd5aeca3bab499129b97a134dac5d740d2c68941de9d63031,cd9f7f333d59aede8088772edac3bff78c45e2dad8eb498b450b9af511452a36,660370.3234710693,70.312,12300.011471069301,45,12300.011471069301,efficientnet,3.416669853074806
85479ef37b5dc75dd5aeca3bab499129b97a134dac5d740d2c68941de9d63031,cd9f7f333d59aede8088772edac3bff78c45e2dad8eb498b450b9af511452a36,660660.9805290699,60.78,12600.200529069873,45,12600.200529069873,efficientnet,3.500055702519409
85479ef37b5dc75dd5aeca3bab499129b97a134dac5d740d2c68941de9d63031,cd9f7f333d59aede8088772edac3bff78c45e2dad8eb498b450b9af511452a36,661072.0966780186,172.08,12900.016678018612,45,12900.016678018612,efficientnet,3.583337966116281
85479ef37b5dc75dd5aeca3bab499129b97a134dac5d740d2c68941de9d63031,cd9f7f333d59aede8088772edac3bff78c45e2dad8eb498b450b9af511452a36,661257.3182709217,57.291,13200.027270921739,45,13200.027270921739,efficientnet,3.6666742419227054
85479ef37b5dc75dd5aeca3bab499129b97a134dac5d740d2c68941de9d63031,cd9f7f333d59aede8088772edac3bff78c45e2dad8eb498b450b9af511452a36,661584.915585041,84.892,13500.023585041054,45,13500.023585041054,efficientnet,3.7500065514002925
85479ef37b5dc75dd5aeca3bab499129b97a134dac5d740d2c68941de9d63031,cd9f7f333d59aede8088772edac3bff78c45e2dad8eb498b450b9af511452a36,661858.9657440186,58.952,13800.013744018506,45,13800.013744018506,efficientnet,3.8333371511162517
85479ef37b5dc75dd5aeca3bab499129b97a134dac5d740d2c68941de9d63031,cd9f7f333d59aede8088772edac3bff78c45e2dad8eb498b450b9af511452a36,662232.7922849655,132.737,14100.05528496555,45,14100.05528496555,efficientnet,3.916682023601542
1573b95c039e51cc012b543a4af3bc7c3ee9485acbb0033ba5648b74969e0556,48cc770d590d3c5a7691b3b4e9302f82ec3be5ddc2a037d94ad2e76f44dd8946,754550.2895920277,80.008,5670.281592027633,52,5670.281592027633,bert,1.575078220007676
1573b95c039e51cc012b543a4af3bc7c3ee9485acbb0033ba5648b74969e0556,48cc770d590d3c5a7691b3b4e9302f82ec3be5ddc2a037d94ad2e76f44dd8946,754603.5955269337,53.285,5750.310526933637,52,5750.310526933637,bert,1.5973084797037882
1573b95c039e51cc012b543a4af3bc7c3ee9485acbb0033ba5648b74969e0556,48cc770d590d3c5a7691b3b4e9302f82ec3be5ddc2a037d94ad2e76f44dd8946,754657.9289779663,54.248,5803.680977966287,52,5803.680977966287,bert,1.6121336049906354
1573b95c039e51cc012b543a4af3bc7c3ee9485acbb0033ba5648b74969e0556,48cc770d590d3c5a7691b3b4e9302f82ec3be5ddc2a037d94ad2e76f44dd8946,754863.521996975,205.546,5857.975996974972,52,5857.975996974972,bert,1.62721555471527
1573b95c039e51cc012b543a4af3bc7c3ee9485acbb0033ba5648b74969e0556,48cc770d590d3c5a7691b3b4e9302f82ec3be5ddc2a037d94ad2e76f44dd8946,754932.2745420933,68.719,6063.555542093236,52,6063.555542093236,bert,1.6843209839147877
1573b95c039e51cc012b543a4af3bc7c3ee9485acbb0033ba5648b74969e0556,48cc770d590d3c5a7691b3b4e9302f82ec3be5ddc2a037d94ad2e76f44dd8946,755007.8177731037,75.53,6132.287773103686,52,6132.287773103686,bert,1.7034132703065794
1573b95c039e51cc012b543a4af3bc7c3ee9485acbb0033ba5648b74969e0556,48cc770d590d3c5a7691b3b4e9302f82ec3be5ddc2a037d94ad2e76f44dd8946,755069.8413619995,61.985,6207.856361999526,52,6207.856361999526,bert,1.7244045449998682
1573b95c039e51cc012b543a4af3bc7c3ee9485acbb0033ba5648b74969e0556,48cc770d590d3c5a7691b3b4e9302f82ec3be5ddc2a037d94ad2e76f44dd8946,755139.6407930851,69.769,6269.871793085127,52,6269.871793085127,bert,1.7416310536347575
1573b95c039e51cc012b543a4af3bc7c3ee9485acbb0033ba5648b74969e0556,48cc770d590d3c5a7691b3b4e9302f82ec3be5ddc2a037d94ad2e76f44dd8946,755196.6539680958,56.988,6339.665968095767,52,6339.665968095767,bert,1.7610183244710464
1573b95c039e51cc012b543a4af3bc7c3ee9485acbb0033ba5648b74969e0556,48cc770d590d3c5a7691b3b4e9302f82ec3be5ddc2a037d94ad2e76f44dd8946,755249.6922960281,53.016,6396.676296028192,52,6396.676296028192,bert,1.7768545266744977
1573b95c039e51cc012b543a4af3bc7c3ee9485acbb0033ba5648b74969e0556,48cc770d590d3c5a7691b3b4e9302f82ec3be5ddc2a037d94ad2e76f44dd8946,755309.7758669853,60.057,6449.718866985291,52,6449.718866985291,bert,1.791588574162581
1573b95c039e51cc012b543a4af3bc7c3ee9485acbb0033ba5648b74969e0556,48cc770d590d3c5a7691b3b4e9302f82ec3be5ddc2a037d94ad2e76f44dd8946,755410.3895859718,100.594,6509.795585971791,52,6509.795585971791,bert,1.8082765516588308
1573b95c039e51cc012b543a4af3bc7c3ee9485acbb0033ba5648b74969e0556,48cc770d590d3c5a7691b3b4e9302f82ec3be5ddc2a037d94ad2e76f44dd8946,755518.7055280209,108.281,6610.4245280209,52,6610.4245280209,bert,1.836229035561361
1573b95c039e51cc012b543a4af3bc7c3ee9485acbb0033ba5648b74969e0556,48cc770d590d3c5a7691b3b4e9302f82ec3be5ddc2a037d94ad2e76f44dd8946,755581.5672841072,62.815,6718.752284107264,52,6718.752284107264,bert,1.8663200789186845
1573b95c039e51cc012b543a4af3bc7c3ee9485acbb0033ba5648b74969e0556,48cc770d590d3c5a7691b3b4e9302f82ec3be5ddc2a037d94ad2e76f44dd8946,755648.0819280148,66.485,6781.596928014769,52,6781.596928014769,bert,1.883776924448547
1573b95c039e51cc012b543a4af3bc7c3ee9485acbb0033ba5648b74969e0556,48cc770d590d3c5a7691b3b4e9302f82ec3be5ddc2a037d94ad2e76f44dd8946,755727.9784801006,79.858,6848.120480100624,52,6848.120480100624,bert,1.90225568891684
1573b95c039e51cc012b543a4af3bc7c3ee9485acbb0033ba5648b74969e0556,48cc770d590d3c5a7691b3b4e9302f82ec3be5ddc2a037d94ad2e76f44dd8946,755818.157720089,90.16,6927.997720088926,52,6927.997720088926,bert,1.9244438111358129
1573b95c039e51cc012b543a4af3bc7c3ee9485acbb0033ba5648b74969e0556,48cc770d590d3c5a7691b3b4e9302f82ec3be5ddc2a037d94ad2e76f44dd8946,755879.341408968,61.158,7018.183408967918,52,7018.183408967918,bert,1.949495391379977
1573b95c039e51cc012b543a4af3bc7c3ee9485acbb0033ba5648b74969e0556,48cc770d590d3c5a7691b3b4e9302f82ec3be5ddc2a037d94ad2e76f44dd8946,755952.3715410233,73.015,7079.35654102324,52,7079.35654102324,bert,1.9664879280620113
1573b95c039e51cc012b543a4af3bc7c3ee9485acbb0033ba5648b74969e0556,48cc770d590d3c5a7691b3b4e9302f82ec3be5ddc2a037d94ad2e76f44dd8946,756022.5067780018,70.116,7152.390778001747,52,7152.390778001747,bert,1.9867752161115964
1573b95c039e51cc012b543a4af3bc7c3ee9485acbb0033ba5648b74969e0556,48cc770d590d3c5a7691b3b4e9302f82ec3be5ddc2a037d94ad2e76f44dd8946,756103.2116310596,80.672,7222.539631059626,52,7222.539631059626,bert,2.006261008627674
1573b95c039e51cc012b543a4af3bc7c3ee9485acbb0033ba5648b74969e0556,48cc770d590d3c5a7691b3b4e9302f82ec3be5ddc2a037d94ad2e76f44dd8946,756171.0227720737,67.785,7303.237772073713,52,7303.237772073713,bert,2.028677158909365
1573b95c039e51cc012b543a4af3bc7c3ee9485acbb0033ba5648b74969e0556,48cc770d590d3c5a7691b3b4e9302f82ec3be5ddc2a037d94ad2e76f44dd8946,756230.1276650429,59.087,7371.0406650428195,52,7371.0406650428195,bert,2.0475112958452275
1573b95c039e51cc012b543a4af3bc7c3ee9485acbb0033ba5648b74969e0556,48cc770d590d3c5a7691b3b4e9302f82ec3be5ddc2a037d94ad2e76f44dd8946,756314.5764210224,84.419,7430.157421022421,52,7430.157421022421,bert,2.0639326169506726
1573b95c039e51cc012b543a4af3bc7c3ee9485acbb0033ba5648b74969e0556,48cc770d590d3c5a7691b3b4e9302f82ec3be5ddc2a037d94ad2e76f44dd8946,756383.7086429596,69.112,7514.59664295963,52,7514.59664295963,bert,2.087387956377675
1573b95c039e51cc012b543a4af3bc7c3ee9485acbb0033ba5648b74969e0556,48cc770d590d3c5a7691b3b4e9302f82ec3be5ddc2a037d94ad2e76f44dd8946,756522.6215159893,138.863,7583.7585159892915,52,7583.7585159892915,bert,2.106599587774803
1573b95c039e51cc012b543a4af3bc7c3ee9485acbb0033ba5648b74969e0556,48cc770d590d3c5a7691b3b4e9302f82ec3be5ddc2a037d94ad2e76f44dd8946,756606.465364933,83.814,7722.651364933001,52,7722.651364933001,bert,2.1451809347036113
1573b95c039e51cc012b543a4af3bc7c3ee9485acbb0033ba5648b74969e0556,48cc770d590d3c5a7691b3b4e9302f82ec3be5ddc2a037d94ad2e76f44dd8946,756675.9096450806,69.413,7806.496645080624,52,7806.496645080624,bert,2.1684712903001735
1573b95c039e51cc012b543a4af3bc7c3ee9485acbb0033ba5648b74969e0556,48cc770d590d3c5a7691b3b4e9302f82ec3be5ddc2a037d94ad2e76f44dd8946,756761.0179970264,85.084,7875.933997026412,52,7875.933997026412,bert,2.1877594436184475
1573b95c039e51cc012b543a4af3bc7c3ee9485acbb0033ba5648b74969e0556,48cc770d590d3c5a7691b3b4e9302f82ec3be5ddc2a037d94ad2e76f44dd8946,756821.7031350136,60.633,7961.07013501355,52,7961.07013501355,bert,2.211408370837097
1573b95c039e51cc012b543a4af3bc7c3ee9485acbb0033ba5648b74969e0556,48cc770d590d3c5a7691b3b4e9302f82ec3be5ddc2a037d94ad2e76f44dd8946,756886.1981229782,64.47,8021.728122978238,52,8021.728122978238,bert,2.2282578119383993
1573b95c039e51cc012b543a4af3bc7c3ee9485acbb0033ba5648b74969e0556,48cc770d590d3c5a7691b3b4e9302f82ec3be5ddc2a037d94ad2e76f44dd8946,757125.0691130161,238.844,8086.225113016088,52,8086.225113016088,bert,2.246173642504469
1573b95c039e51cc012b543a4af3bc7c3ee9485acbb0033ba5648b74969e0556,48cc770d590d3c5a7691b3b4e9302f82ec3be5ddc2a037d94ad2e76f44dd8946,757259.4324400425,134.324,8325.108440042473,52,8325.108440042473,bert,2.3125301222340204
1573b95c039e51cc012b543a4af3bc7c3ee9485acbb0033ba5648b74969e0556,48cc770d590d3c5a7691b3b4e9302f82ec3be5ddc2a037d94ad2e76f44dd8946,757312.6834139824,53.217,8459.466413982445,52,8459.466413982445,bert,2.3498517816617905
1573b95c039e51cc012b543a4af3bc7c3ee9485acbb0033ba5648b74969e0556,48cc770d590d3c5a7691b3b4e9302f82ec3be5ddc2a037d94ad2e76f44dd8946,757374.8119559288,62.108,8512.703955928795,52,8512.703955928795,bert,2.3646399877579984
1573b95c039e51cc012b543a4af3bc7c3ee9485acbb0033ba5648b74969e0556,48cc770d590d3c5a7691b3b4e9302f82ec3be5ddc2a037d94ad2e76f44dd8946,757431.7786250114,56.941,8574.837625011452,52,8574.837625011452,bert,2.381899340280959
1573b95c039e51cc012b543a4af3bc7c3ee9485acbb0033ba5648b74969e0556,48cc770d590d3c5a7691b3b4e9302f82ec3be5ddc2a037d94ad2e76f44dd8946,757486.8879659176,55.08,8631.80796591763,52,8631.80796591763,bert,2.3977244349771194
1573b95c039e51cc012b543a4af3bc7c3ee9485acbb0033ba5648b74969e0556,48cc770d590d3c5a7691b3b4e9302f82ec3be5ddc2a037d94ad2e76f44dd8946,757562.8380870819,75.918,8686.920087081962,52,8686.920087081962,bert,2.4130333575227674
1573b95c039e51cc012b543a4af3bc7c3ee9485acbb0033ba5648b74969e0556,48cc770d590d3c5a7691b3b4e9302f82ec3be5ddc2a037d94ad2e76f44dd8946,757628.0900568962,65.224,8762.866056896164,52,8762.866056896164,bert,2.4341294602489345
1573b95c039e51cc012b543a4af3bc7c3ee9485acbb0033ba5648b74969e0556,48cc770d590d3c5a7691b3b4e9302f82ec3be5ddc2a037d94ad2e76f44dd8946,757687.2046010494,59.068,8828.136601049453,52,8828.136601049453,bert,2.4522601669581814
1573b95c039e51cc012b543a4af3bc7c3ee9485acbb0033ba5648b74969e0556,48cc770d590d3c5a7691b3b4e9302f82ec3be5ddc2a037d94ad2e76f44dd8946,757748.549448967,61.328,8887.221448967,52,8887.221448967,bert,2.4686726247130557
1573b95c039e51cc012b543a4af3bc7c3ee9485acbb0033ba5648b74969e0556,48cc770d590d3c5a7691b3b4e9302f82ec3be5ddc2a037d94ad2e76f44dd8946,757814.7744319439,66.181,8948.593431943911,52,8948.593431943911,bert,2.4857203977621976
1573b95c039e51cc012b543a4af3bc7c3ee9485acbb0033ba5648b74969e0556,48cc770d590d3c5a7691b3b4e9302f82ec3be5ddc2a037d94ad2e76f44dd8946,757887.9255139828,73.12,9014.805513982777,52,9014.805513982777,bert,2.5041126427729936
1573b95c039e51cc012b543a4af3bc7c3ee9485acbb0033ba5648b74969e0556,48cc770d590d3c5a7691b3b4e9302f82ec3be5ddc2a037d94ad2e76f44dd8946,757941.1655910015,53.212,9087.953591001453,52,9087.953591001453,bert,2.524431553055959
1573b95c039e51cc012b543a4af3bc7c3ee9485acbb0033ba5648b74969e0556,48cc770d590d3c5a7691b3b4e9302f82ec3be5ddc2a037d94ad2e76f44dd8946,757997.6615920067,56.396,9141.265592006734,52,9141.265592006734,bert,2.539240442224093
1573b95c039e51cc012b543a4af3bc7c3ee9485acbb0033ba5648b74969e0556,48cc770d590d3c5a7691b3b4e9302f82ec3be5ddc2a037d94ad2e76f44dd8946,758050.8377919197,53.153,9197.684791919659,52,9197.684791919659,bert,2.5549124421999054
1573b95c039e51cc012b543a4af3bc7c3ee9485acbb0033ba5648b74969e0556,48cc770d590d3c5a7691b3b4e9302f82ec3be5ddc2a037d94ad2e76f44dd8946,758107.6621489525,56.795,9250.867148952442,52,9250.867148952442,bert,2.5696853191534563
1573b95c039e51cc012b543a4af3bc7c3ee9485acbb0033ba5648b74969e0556,48cc770d590d3c5a7691b3b4e9302f82ec3be5ddc2a037d94ad2e76f44dd8946,758171.4867250919,63.777,9307.709725091932,52,9307.709725091932,bert,2.5854749236366477
1573b95c039e51cc012b543a4af3bc7c3ee9485acbb0033ba5648b74969e0556,48cc770d590d3c5a7691b3b4e9302f82ec3be5ddc2a037d94ad2e76f44dd8946,758234.3365530968,62.815,9371.521553096827,52,9371.521553096827,bert,2.6032004314157855
1573b95c039e51cc012b543a4af3bc7c3ee9485acbb0033ba5648b74969e0556,48cc770d590d3c5a7691b3b4e9302f82ec3be5ddc2a037d94ad2e76f44dd8946,758287.428704977,53.075,9434.353704977082,52,9434.353704977082,bert,2.6206538069380785
1573b95c039e51cc012b543a4af3bc7c3ee9485acbb0033ba5648b74969e0556,48cc770d590d3c5a7691b3b4e9302f82ec3be5ddc2a037d94ad2e76f44dd8946,758342.0495619774,54.584,9487.465561977355,52,9487.465561977355,bert,2.635407100549265
1573b95c039e51cc012b543a4af3bc7c3ee9485acbb0033ba5648b74969e0556,48cc770d590d3c5a7691b3b4e9302f82ec3be5ddc2a037d94ad2e76f44dd8946,758393.8887059689,51.823,9542.065705968882,52,9542.065705968882,bert,2.6505738072135783
1573b95c039e51cc012b543a4af3bc7c3ee9485acbb0033ba5648b74969e0556,48cc770d590d3c5a7691b3b4e9302f82ec3be5ddc2a037d94ad2e76f44dd8946,758461.2414989471,61.221,9600.020498947124,52,9600.020498947124,bert,2.6666723608186453
1573b95c039e51cc012b543a4af3bc7c3ee9485acbb0033ba5648b74969e0556,48cc770d590d3c5a7691b3b4e9302f82ec3be5ddc2a037d94ad2e76f44dd8946,758524.4853329659,63.227,9661.258332965896,52,9661.258332965896,bert,2.683682870268304
1573b95c039e51cc012b543a4af3bc7c3ee9485acbb0033ba5648b74969e0556,48cc770d590d3c5a7691b3b4e9302f82ec3be5ddc2a037d94ad2e76f44dd8946,758576.5487480164,52.018,9724.530748016317,52,9724.530748016317,bert,2.7012585411156436
1573b95c039e51cc012b543a4af3bc7c3ee9485acbb0033ba5648b74969e0556,48cc770d590d3c5a7691b3b4e9302f82ec3be5ddc2a037d94ad2e76f44dd8946,758625.9296970367,45.923,9780.006697036792,52,9780.006697036792,bert,2.716668526954664
1573b95c039e51cc012b543a4af3bc7c3ee9485acbb0033ba5648b74969e0556,48cc770d590d3c5a7691b3b4e9302f82ec3be5ddc2a037d94ad2e76f44dd8946,758683.2594230175,43.248,9840.01142301748,52,9840.01142301748,bert,2.7333365063937447
1573b95c039e51cc012b543a4af3bc7c3ee9485acbb0033ba5648b74969e0556,48cc770d590d3c5a7691b3b4e9302f82ec3be5ddc2a037d94ad2e76f44dd8946,758703.8214418888,3.826,9899.995441888808,52,9899.995441888808,bert,2.749998733858002
1573b95c039e51cc012b543a4af3bc7c3ee9485acbb0033ba5648b74969e0556,48cc770d590d3c5a7691b3b4e9302f82ec3be5ddc2a037d94ad2e76f44dd8946,758764.491904974,4.489,9960.00290497404,52,9960.00290497404,bert,2.7666674736039
1573b95c039e51cc012b543a4af3bc7c3ee9485acbb0033ba5648b74969e0556,48cc770d590d3c5a7691b3b4e9302f82ec3be5ddc2a037d94ad2e76f44dd8946,758843.5640380383,23.555,10020.009038038203,52,10020.009038038203,bert,2.7833358438995006
1573b95c039e51cc012b543a4af3bc7c3ee9485acbb0033ba5648b74969e0556,48cc770d590d3c5a7691b3b4e9302f82ec3be5ddc2a037d94ad2e76f44dd8946,758902.8624150753,22.851,10080.011415075278,52,10080.011415075278,bert,2.800003170854244
1573b95c039e51cc012b543a4af3bc7c3ee9485acbb0033ba5648b74969e0556,48cc770d590d3c5a7691b3b4e9302f82ec3be5ddc2a037d94ad2e76f44dd8946,758961.8225989342,21.799,10140.023598934175,52,10140.023598934175,bert,2.8166732219261594
1573b95c039e51cc012b543a4af3bc7c3ee9485acbb0033ba5648b74969e0556,48cc770d590d3c5a7691b3b4e9302f82ec3be5ddc2a037d94ad2e76f44dd8946,759022.81853199,22.801,10200.017531990074,52,10200.017531990074,bert,2.833338203330576
1573b95c039e51cc012b543a4af3bc7c3ee9485acbb0033ba5648b74969e0556,48cc770d590d3c5a7691b3b4e9302f82ec3be5ddc2a037d94ad2e76f44dd8946,759082.4908061028,22.487,10260.003806102788,52,10260.003806102788,bert,2.8500010572507746
1573b95c039e51cc012b543a4af3bc7c3ee9485acbb0033ba5648b74969e0556,48cc770d590d3c5a7691b3b4e9302f82ec3be5ddc2a037d94ad2e76f44dd8946,759150.0232100487,30.013,10320.01021004864,52,10320.01021004864,bert,2.866669502791289
1573b95c039e51cc012b543a4af3bc7c3ee9485acbb0033ba5648b74969e0556,48cc770d590d3c5a7691b3b4e9302f82ec3be5ddc2a037d94ad2e76f44dd8946,759205.2996630669,25.284,10380.015663066879,52,10380.015663066879,bert,2.883337684185244
1573b95c039e51cc012b543a4af3bc7c3ee9485acbb0033ba5648b74969e0556,48cc770d590d3c5a7691b3b4e9302f82ec3be5ddc2a037d94ad2e76f44dd8946,759289.3098731041,49.304,10440.005873104092,52,10440.005873104092,bert,2.9000016314178034
1573b95c039e51cc012b543a4af3bc7c3ee9485acbb0033ba5648b74969e0556,48cc770d590d3c5a7691b3b4e9302f82ec3be5ddc2a037d94ad2e76f44dd8946,759386.187846899,86.186,10500.001846899046,52,10500.001846899046,bert,2.9166671796941794
1573b95c039e51cc012b543a4af3bc7c3ee9485acbb0033ba5648b74969e0556,48cc770d590d3c5a7691b3b4e9302f82ec3be5ddc2a037d94ad2e76f44dd8946,759458.0828158855,71.858,10586.224815885536,52,10586.224815885536,bert,2.940618004412649
1573b95c039e51cc012b543a4af3bc7c3ee9485acbb0033ba5648b74969e0556,48cc770d590d3c5a7691b3b4e9302f82ec3be5ddc2a037d94ad2e76f44dd8946,759513.5006608963,55.373,10658.12766089628,52,10658.12766089628,bert,2.9605910169156333
1573b95c039e51cc012b543a4af3bc7c3ee9485acbb0033ba5648b74969e0556,48cc770d590d3c5a7691b3b4e9302f82ec3be5ddc2a037d94ad2e76f44dd8946,759575.054363966,61.521,10713.533363966038,52,10713.533363966038,bert,2.9759814899905663
1573b95c039e51cc012b543a4af3bc7c3ee9485acbb0033ba5648b74969e0556,48cc770d590d3c5a7691b3b4e9302f82ec3be5ddc2a037d94ad2e76f44dd8946,759633.7108929157,58.617,10775.093892915756,52,10775.093892915756,bert,2.9930816369210436
1573b95c039e51cc012b543a4af3bc7c3ee9485acbb0033ba5648b74969e0556,48cc770d590d3c5a7691b3b4e9302f82ec3be5ddc2a037d94ad2e76f44dd8946,759694.416960001,60.676,10833.740960001014,52,10833.740960001014,bert,3.0093724888891704
1573b95c039e51cc012b543a4af3bc7c3ee9485acbb0033ba5648b74969e0556,48cc770d590d3c5a7691b3b4e9302f82ec3be5ddc2a037d94ad2e76f44dd8946,759756.1885919571,61.744,10894.444591957144,52,10894.444591957144,bert,3.0262346088769845
1573b95c039e51cc012b543a4af3bc7c3ee9485acbb0033ba5648b74969e0556,48cc770d590d3c5a7691b3b4e9302f82ec3be5ddc2a037d94ad2e76f44dd8946,759816.0484249592,59.846,10956.202424959163,52,10956.202424959163,bert,3.0433895624886564
1573b95c039e51cc012b543a4af3bc7c3ee9485acbb0033ba5648b74969e0556,48cc770d590d3c5a7691b3b4e9302f82ec3be5ddc2a037d94ad2e76f44dd8946,759904.137554884,88.06,11016.077554883901,52,11016.077554883901,bert,3.0600215430233058
1573b95c039e51cc012b543a4af3bc7c3ee9485acbb0033ba5648b74969e0556,48cc770d590d3c5a7691b3b4e9302f82ec3be5ddc2a037d94ad2e76f44dd8946,759986.6385109425,82.466,11104.172510942444,52,11104.172510942444,bert,3.084492364150679
1573b95c039e51cc012b543a4af3bc7c3ee9485acbb0033ba5648b74969e0556,48cc770d590d3c5a7691b3b4e9302f82ec3be5ddc2a037d94ad2e76f44dd8946,760057.6045370102,70.923,11186.681537010241,52,11186.681537010241,bert,3.1074115380584004
1573b95c039e51cc012b543a4af3bc7c3ee9485acbb0033ba5648b74969e0556,48cc770d590d3c5a7691b3b4e9302f82ec3be5ddc2a037d94ad2e76f44dd8946,760154.2416470051,96.589,11257.652647005045,52,11257.652647005045,bert,3.1271257352791793
1573b95c039e51cc012b543a4af3bc7c3ee9485acbb0033ba5648b74969e0556,48cc770d590d3c5a7691b3b4e9302f82ec3be5ddc2a037d94ad2e76f44dd8946,760243.9857230186,89.721,11354.264723018627,52,11354.264723018627,bert,3.1539624230607295
1573b95c039e51cc012b543a4af3bc7c3ee9485acbb0033ba5648b74969e0556,48cc770d590d3c5a7691b3b4e9302f82ec3be5ddc2a037d94ad2e76f44dd8946,760310.7174060345,66.714,11444.003406034433,52,11444.003406034433,bert,3.178889835009565
1573b95c039e51cc012b543a4af3bc7c3ee9485acbb0033ba5648b74969e0556,48cc770d590d3c5a7691b3b4e9302f82ec3be5ddc2a037d94ad2e76f44dd8946,760362.776391983,52.023,11510.753391982988,52,11510.753391982988,bert,3.197431497773052
1573b95c039e51cc012b543a4af3bc7c3ee9485acbb0033ba5648b74969e0556,48cc770d590d3c5a7691b3b4e9302f82ec3be5ddc2a037d94ad2e76f44dd8946,760425.0043799877,62.19,11562.814379987773,52,11562.814379987773,bert,3.211892883329937
1573b95c039e51cc012b543a4af3bc7c3ee9485acbb0033ba5648b74969e0556,48cc770d590d3c5a7691b3b4e9302f82ec3be5ddc2a037d94ad2e76f44dd8946,760483.4425079823,58.401,11625.0415079823,52,11625.0415079823,bert,3.22917819666175
1573b95c039e51cc012b543a4af3bc7c3ee9485acbb0033ba5648b74969e0556,48cc770d590d3c5a7691b3b4e9302f82ec3be5ddc2a037d94ad2e76f44dd8946,760563.1322538853,79.65,11683.482253885246,52,11683.482253885246,bert,3.245411737190346
1573b95c039e51cc012b543a4af3bc7c3ee9485acbb0033ba5648b74969e0556,48cc770d590d3c5a7691b3b4e9302f82ec3be5ddc2a037d94ad2e76f44dd8946,760618.9666368961,55.78,11763.186636896105,52,11763.186636896105,bert,3.2675518435822517
1573b95c039e51cc012b543a4af3bc7c3ee9485acbb0033ba5648b74969e0556,48cc770d590d3c5a7691b3b4e9302f82ec3be5ddc2a037d94ad2e76f44dd8946,760672.2315590382,52.226,11820.005559038138,52,11820.005559038138,bert,3.283334877510594
1573b95c039e51cc012b543a4af3bc7c3ee9485acbb0033ba5648b74969e0556,48cc770d590d3c5a7691b3b4e9302f82ec3be5ddc2a037d94ad2e76f44dd8946,760728.609236002,48.602,11880.007236002013,52,11880.007236002013,bert,3.300002010000559
1573b95c039e51cc012b543a4af3bc7c3ee9485acbb0033ba5648b74969e0556,48cc770d590d3c5a7691b3b4e9302f82ec3be5ddc2a037d94ad2e76f44dd8946,760808.3701219559,68.359,11940.011121955817,52,11940.011121955817,bert,3.316669756098838
1573b95c039e51cc012b543a4af3bc7c3ee9485acbb0033ba5648b74969e0556,48cc770d590d3c5a7691b3b4e9302f82ec3be5ddc2a037d94ad2e76f44dd8946,760874.9674599171,66.569,12008.39845991705,52,12008.39845991705,bert,3.3356662388658473
1573b95c039e51cc012b543a4af3bc7c3ee9485acbb0033ba5648b74969e0556,48cc770d590d3c5a7691b3b4e9302f82ec3be5ddc2a037d94ad2e76f44dd8946,760997.7480750084,122.754,12074.994075008435,52,12074.994075008435,bert,3.3541650208356764
1573b95c039e51cc012b543a4af3bc7c3ee9485acbb0033ba5648b74969e0556,48cc770d590d3c5a7691b3b4e9302f82ec3be5ddc2a037d94ad2e76f44dd8946,761058.5694849491,60.794,12197.775484949118,52,12197.775484949118,bert,3.3882709680414216
1573b95c039e51cc012b543a4af3bc7c3ee9485acbb0033ba5648b74969e0556,48cc770d590d3c5a7691b3b4e9302f82ec3be5ddc2a037d94ad2e76f44dd8946,761132.1311719418,73.549,12258.582171941758,52,12258.582171941758,bert,3.405161714428266
1573b95c039e51cc012b543a4af3bc7c3ee9485acbb0033ba5648b74969e0556,48cc770d590d3c5a7691b3b4e9302f82ec3be5ddc2a037d94ad2e76f44dd8946,761187.8661839962,55.704,12332.162183996174,52,12332.162183996174,bert,3.4256006066656037
1573b95c039e51cc012b543a4af3bc7c3ee9485acbb0033ba5648b74969e0556,48cc770d590d3c5a7691b3b4e9302f82ec3be5ddc2a037d94ad2e76f44dd8946,761251.8711669445,63.965,12387.906166944536,52,12387.906166944536,bert,3.441085046373482
1573b95c039e51cc012b543a4af3bc7c3ee9485acbb0033ba5648b74969e0556,48cc770d590d3c5a7691b3b4e9302f82ec3be5ddc2a037d94ad2e76f44dd8946,761317.5789840221,65.678,12451.900984022184,52,12451.900984022184,bert,3.4588613844506066
1573b95c039e51cc012b543a4af3bc7c3ee9485acbb0033ba5648b74969e0556,48cc770d590d3c5a7691b3b4e9302f82ec3be5ddc2a037d94ad2e76f44dd8946,761382.66802001,65.055,12517.613020009943,52,12517.613020009943,bert,3.4771147277805396
1573b95c039e51cc012b543a4af3bc7c3ee9485acbb0033ba5648b74969e0556,48cc770d590d3c5a7691b3b4e9302f82ec3be5ddc2a037d94ad2e76f44dd8946,761443.797025919,61.1,12582.697025918984,52,12582.697025918984,bert,3.4951936183108288
1573b95c039e51cc012b543a4af3bc7c3ee9485acbb0033ba5648b74969e0556,48cc770d590d3c5a7691b3b4e9302f82ec3be5ddc2a037d94ad2e76f44dd8946,761498.3833420277,54.564,12643.819342027651,52,12643.819342027651,bert,3.512172039452125
1573b95c039e51cc012b543a4af3bc7c3ee9485acbb0033ba5648b74969e0556,48cc770d590d3c5a7691b3b4e9302f82ec3be5ddc2a037d94ad2e76f44dd8946,761552.0027561188,53.589,12698.413756118738,52,12698.413756118738,bert,3.5273371544774275
1573b95c039e51cc012b543a4af3bc7c3ee9485acbb0033ba5648b74969e0556,48cc770d590d3c5a7691b3b4e9302f82ec3be5ddc2a037d94ad2e76f44dd8946,761615.9149050713,63.876,12752.038905071211,52,12752.038905071211,bert,3.5422330291864474
1573b95c039e51cc012b543a4af3bc7c3ee9485acbb0033ba5648b74969e0556,48cc770d590d3c5a7691b3b4e9302f82ec3be5ddc2a037d94ad2e76f44dd8946,761685.6591439247,69.711,12815.948143924703,52,12815.948143924703,bert,3.5599855955346396
1573b95c039e51cc012b543a4af3bc7c3ee9485acbb0033ba5648b74969e0556,48cc770d590d3c5a7691b3b4e9302f82ec3be5ddc2a037d94ad2e76f44dd8946,761751.4888470173,65.798,12885.690847017337,52,12885.690847017337,bert,3.579358568615927
1573b95c039e51cc012b543a4af3bc7c3ee9485acbb0033ba5648b74969e0556,48cc770d590d3c5a7691b3b4e9302f82ec3be5ddc2a037d94ad2e76f44dd8946,761804.9168310165,53.39,12951.526831016527,52,12951.526831016527,bert,3.597646341949035
1573b95c039e51cc012b543a4af3bc7c3ee9485acbb0033ba5648b74969e0556,48cc770d590d3c5a7691b3b4e9302f82ec3be5ddc2a037d94ad2e76f44dd8946,761856.7660319805,51.801,13004.965031980537,52,13004.965031980537,bert,3.6124902866612603
1573b95c039e51cc012b543a4af3bc7c3ee9485acbb0033ba5648b74969e0556,48cc770d590d3c5a7691b3b4e9302f82ec3be5ddc2a037d94ad2e76f44dd8946,761907.9335319996,51.143,13056.790531999548,52,13056.790531999548,bert,3.626886258888763
1573b95c039e51cc012b543a4af3bc7c3ee9485acbb0033ba5648b74969e0556,48cc770d590d3c5a7691b3b4e9302f82ec3be5ddc2a037d94ad2e76f44dd8946,761968.3871600628,60.418,13107.969160062843,52,13107.969160062843,bert,3.641102544461901
1573b95c039e51cc012b543a4af3bc7c3ee9485acbb0033ba5648b74969e0556,48cc770d590d3c5a7691b3b4e9302f82ec3be5ddc2a037d94ad2e76f44dd8946,762041.981304884,73.556,13168.425304883975,52,13168.425304883975,bert,3.657895918023326
1573b95c039e51cc012b543a4af3bc7c3ee9485acbb0033ba5648b74969e0556,48cc770d590d3c5a7691b3b4e9302f82ec3be5ddc2a037d94ad2e76f44dd8946,762102.44084692,60.429,13242.01184692001,52,13242.01184692001,bert,3.678336624144447
1573b95c039e51cc012b543a4af3bc7c3ee9485acbb0033ba5648b74969e0556,48cc770d590d3c5a7691b3b4e9302f82ec3be5ddc2a037d94ad2e76f44dd8946,762156.9875309467,54.516,13302.471530946787,52,13302.471530946787,bert,3.695130980818552
1573b95c039e51cc012b543a4af3bc7c3ee9485acbb0033ba5648b74969e0556,48cc770d590d3c5a7691b3b4e9302f82ec3be5ddc2a037d94ad2e76f44dd8946,762210.2900381088,53.289,13357.001038108836,52,13357.001038108836,bert,3.7102780661413433
1573b95c039e51cc012b543a4af3bc7c3ee9485acbb0033ba5648b74969e0556,48cc770d590d3c5a7691b3b4e9302f82ec3be5ddc2a037d94ad2e76f44dd8946,762266.3045179844,55.983,13410.321517984383,52,13410.321517984383,bert,3.7250893105512173
1573b95c039e51cc012b543a4af3bc7c3ee9485acbb0033ba5648b74969e0556,48cc770d590d3c5a7691b3b4e9302f82ec3be5ddc2a037d94ad2e76f44dd8946,762341.6791288853,75.348,13466.331128885271,52,13466.331128885271,bert,3.740647535801464
1573b95c039e51cc012b543a4af3bc7c3ee9485acbb0033ba5648b74969e0556,48cc770d590d3c5a7691b3b4e9302f82ec3be5ddc2a037d94ad2e76f44dd8946,762393.629858017,51.921,13541.708858016995,52,13541.708858016995,bert,3.7615857938936097
1573b95c039e51cc012b543a4af3bc7c3ee9485acbb0033ba5648b74969e0556,48cc770d590d3c5a7691b3b4e9302f82ec3be5ddc2a037d94ad2e76f44dd8946,762455.9756929874,62.319,13593.656692987424,52,13593.656692987424,bert,3.776015748052062
1573b95c039e51cc012b543a4af3bc7c3ee9485acbb0033ba5648b74969e0556,48cc770d590d3c5a7691b3b4e9302f82ec3be5ddc2a037d94ad2e76f44dd8946,762513.9335660934,57.924,13656.009566093446,52,13656.009566093446,bert,3.7933359905815127
1573b95c039e51cc012b543a4af3bc7c3ee9485acbb0033ba5648b74969e0556,48cc770d590d3c5a7691b3b4e9302f82ec3be5ddc2a037d94ad2e76f44dd8946,762577.1618139744,63.191,13713.970813974389,52,13713.970813974389,bert,3.809436337215108
1573b95c039e51cc012b543a4af3bc7c3ee9485acbb0033ba5648b74969e0556,48cc770d590d3c5a7691b3b4e9302f82ec3be5ddc2a037d94ad2e76f44dd8946,762636.1745479107,58.989,13777.185547910747,52,13777.185547910747,bert,3.826995985530763
1573b95c039e51cc012b543a4af3bc7c3ee9485acbb0033ba5648b74969e0556,48cc770d590d3c5a7691b3b4e9302f82ec3be5ddc2a037d94ad2e76f44dd8946,762689.6885120869,53.477,13836.211512086913,52,13836.211512086913,bert,3.8433920866908093
1573b95c039e51cc012b543a4af3bc7c3ee9485acbb0033ba5648b74969e0556,48cc770d590d3c5a7691b3b4e9302f82ec3be5ddc2a037d94ad2e76f44dd8946,762749.1781289577,59.467,13889.711128957802,52,13889.711128957802,bert,3.8582530913771675
1573b95c039e51cc012b543a4af3bc7c3ee9485acbb0033ba5648b74969e0556,48cc770d590d3c5a7691b3b4e9302f82ec3be5ddc2a037d94ad2e76f44dd8946,762806.0377480984,56.837,13949.200748098316,52,13949.200748098316,bert,3.8747779855828655
1573b95c039e51cc012b543a4af3bc7c3ee9485acbb0033ba5648b74969e0556,48cc770d590d3c5a7691b3b4e9302f82ec3be5ddc2a037d94ad2e76f44dd8946,762854.7329149246,48.66,14006.072914924589,52,14006.072914924589,bert,3.8905758097012746
1573b95c039e51cc012b543a4af3bc7c3ee9485acbb0033ba5648b74969e0556,48cc770d590d3c5a7691b3b4e9302f82ec3be5ddc2a037d94ad2e76f44dd8946,762906.3199419975,51.548,14054.771941997577,52,14054.771941997577,bert,3.904103317221549
1573b95c039e51cc012b543a4af3bc7c3ee9485acbb0033ba5648b74969e0556,48cc770d590d3c5a7691b3b4e9302f82ec3be5ddc2a037d94ad2e76f44dd8946,762969.3417830467,63.004,14106.337783046765,52,14106.337783046765,bert,3.918427161957435
1573b95c039e51cc012b543a4af3bc7c3ee9485acbb0033ba5648b74969e0556,48cc770d590d3c5a7691b3b4e9302f82ec3be5ddc2a037d94ad2e76f44dd8946,763044.5255439281,75.153,14169.372543928097,52,14169.372543928097,bert,3.935936817757805
1573b95c039e51cc012b543a4af3bc7c3ee9485acbb0033ba5648b74969e0556,48cc770d590d3c5a7691b3b4e9302f82ec3be5ddc2a037d94ad2e76f44dd8946,763102.2883040905,57.737,14244.551304090535,52,14244.551304090535,bert,3.9568198066918154
1573b95c039e51cc012b543a4af3bc7c3ee9485acbb0033ba5648b74969e0556,48cc770d590d3c5a7691b3b4e9302f82ec3be5ddc2a037d94ad2e76f44dd8946,763157.715075016,55.394,14302.32107501605,52,14302.32107501605,bert,3.972866965282236
1573b95c039e51cc012b543a4af3bc7c3ee9485acbb0033ba5648b74969e0556,48cc770d590d3c5a7691b3b4e9302f82ec3be5ddc2a037d94ad2e76f44dd8946,763329.1865980625,171.446,14357.740598062519,52,14357.740598062519,bert,3.9882612772395887
1573b95c039e51cc012b543a4af3bc7c3ee9485acbb0033ba5648b74969e0556,4ebfe961fb725aa1b0e95c0f40be44625edbfbbb9b89aa593e23d81211eb3e87,754548.0171639919,77.735,5670.282163991942,52,5670.282163991942,distilgpt2,1.5750783788866505
1573b95c039e51cc012b543a4af3bc7c3ee9485acbb0033ba5648b74969e0556,4ebfe961fb725aa1b0e95c0f40be44625edbfbbb9b89aa593e23d81211eb3e87,754601.9838941097,53.81,5748.17389410967,52,5748.17389410967,distilgpt2,1.5967149705860195
1573b95c039e51cc012b543a4af3bc7c3ee9485acbb0033ba5648b74969e0556,4ebfe961fb725aa1b0e95c0f40be44625edbfbbb9b89aa593e23d81211eb3e87,754655.9466569424,53.93,5802.016656942316,52,5802.016656942316,distilgpt2,1.6116712935950879
1573b95c039e51cc012b543a4af3bc7c3ee9485acbb0033ba5648b74969e0556,4ebfe961fb725aa1b0e95c0f40be44625edbfbbb9b89aa593e23d81211eb3e87,754859.527244091,203.536,5855.99124409107,52,5855.99124409107,distilgpt2,1.6266642344697417
1573b95c039e51cc012b543a4af3bc7c3ee9485acbb0033ba5648b74969e0556,4ebfe961fb725aa1b0e95c0f40be44625edbfbbb9b89aa593e23d81211eb3e87,754930.2655899525,70.617,6059.6485899525,52,6059.6485899525,distilgpt2,1.68323571943125
1573b95c039e51cc012b543a4af3bc7c3ee9485acbb0033ba5648b74969e0556,4ebfe961fb725aa1b0e95c0f40be44625edbfbbb9b89aa593e23d81211eb3e87,755005.1368179321,74.824,6130.312817932107,52,6130.312817932107,distilgpt2,1.7028646716478073
1573b95c039e51cc012b543a4af3bc7c3ee9485acbb0033ba5648b74969e0556,4ebfe961fb725aa1b0e95c0f40be44625edbfbbb9b89aa593e23d81211eb3e87,755068.5449569225,63.375,6205.169956922531,52,6205.169956922531,distilgpt2,1.7236583213673697
1573b95c039e51cc012b543a4af3bc7c3ee9485acbb0033ba5648b74969e0556,4ebfe961fb725aa1b0e95c0f40be44625edbfbbb9b89aa593e23d81211eb3e87,755138.3540639877,69.769,6268.585063987761,52,6268.585063987761,distilgpt2,1.741273628885489
1573b95c039e51cc012b543a4af3bc7c3ee9485acbb0033ba5648b74969e0556,4ebfe961fb725aa1b0e95c0f40be44625edbfbbb9b89aa593e23d81211eb3e87,755195.2915620804,56.903,6338.388562080334,52,6338.388562080334,distilgpt2,1.7606634894667594
1573b95c039e51cc012b543a4af3bc7c3ee9485acbb0033ba5648b74969e0556,4ebfe961fb725aa1b0e95c0f40be44625edbfbbb9b89aa593e23d81211eb3e87,755248.5225670338,53.166,6395.356567033799,52,6395.356567033799,distilgpt2,1.7764879352871665
1573b95c039e51cc012b543a4af3bc7c3ee9485acbb0033ba5648b74969e0556,4ebfe961fb725aa1b0e95c0f40be44625edbfbbb9b89aa593e23d81211eb3e87,755306.8364078999,58.28,6448.556407899829,52,6448.556407899829,distilgpt2,1.7912656688610635
1573b95c039e51cc012b543a4af3bc7c3ee9485acbb0033ba5648b74969e0556,4ebfe961fb725aa1b0e95c0f40be44625edbfbbb9b89aa593e23d81211eb3e87,755404.8124608994,97.957,6506.8554608993,52,6506.8554608993,distilgpt2,1.8074598502498056
1573b95c039e51cc012b543a4af3bc7c3ee9485acbb0033ba5648b74969e0556,4ebfe961fb725aa1b0e95c0f40be44625edbfbbb9b89aa593e23d81211eb3e87,755517.3230500221,112.473,6604.850050022127,52,6604.850050022127,distilgpt2,1.8346805694505908
1573b95c039e51cc012b543a4af3bc7c3ee9485acbb0033ba5648b74969e0556,4ebfe961fb725aa1b0e95c0f40be44625edbfbbb9b89aa593e23d81211eb3e87,755579.42176795,62.082,6717.339767950005,52,6717.339767950005,distilgpt2,1.8659277133194458
1573b95c039e51cc012b543a4af3bc7c3ee9485acbb0033ba5648b74969e0556,4ebfe961fb725aa1b0e95c0f40be44625edbfbbb9b89aa593e23d81211eb3e87,755644.3736319542,64.907,6779.466631954187,52,6779.466631954187,distilgpt2,1.8831851755428297
1573b95c039e51cc012b543a4af3bc7c3ee9485acbb0033ba5648b74969e0556,4ebfe961fb725aa1b0e95c0f40be44625edbfbbb9b89aa593e23d81211eb3e87,755726.0575799942,81.666,6844.391579994233,52,6844.391579994233,distilgpt2,1.9012198833317315
1573b95c039e51cc012b543a4af3bc7c3ee9485acbb0033ba5648b74969e0556,4ebfe961fb725aa1b0e95c0f40be44625edbfbbb9b89aa593e23d81211eb3e87,755811.6081089973,85.511,6926.097108997288,52,6926.097108997288,distilgpt2,1.9239158636103577
1573b95c039e51cc012b543a4af3bc7c3ee9485acbb0033ba5648b74969e0556,4ebfe961fb725aa1b0e95c0f40be44625edbfbbb9b89aa593e23d81211eb3e87,755877.2782330513,65.643,7011.63523305126,52,7011.63523305126,distilgpt2,1.94767645362535
1573b95c039e51cc012b543a4af3bc7c3ee9485acbb0033ba5648b74969e0556,4ebfe961fb725aa1b0e95c0f40be44625edbfbbb9b89aa593e23d81211eb3e87,755946.5421299934,69.215,7077.327129993471,52,7077.327129993471,distilgpt2,1.9659242027759642
1573b95c039e51cc012b543a4af3bc7c3ee9485acbb0033ba5648b74969e0556,4ebfe961fb725aa1b0e95c0f40be44625edbfbbb9b89aa593e23d81211eb3e87,756006.3759560585,59.803,7146.572956058546,52,7146.572956058546,distilgpt2,1.9851591544607072
1573b95c039e51cc012b543a4af3bc7c3ee9485acbb0033ba5648b74969e0556,4ebfe961fb725aa1b0e95c0f40be44625edbfbbb9b89aa593e23d81211eb3e87,756100.6779179573,94.264,7206.413917957339,52,7206.413917957339,distilgpt2,2.0017816438770386
1573b95c039e51cc012b543a4af3bc7c3ee9485acbb0033ba5648b74969e0556,4ebfe961fb725aa1b0e95c0f40be44625edbfbbb9b89aa593e23d81211eb3e87,756167.8651208878,67.145,7300.720120887738,52,7300.720120887738,distilgpt2,2.027977811357705
1573b95c039e51cc012b543a4af3bc7c3ee9485acbb0033ba5648b74969e0556,4ebfe961fb725aa1b0e95c0f40be44625edbfbbb9b89aa593e23d81211eb3e87,756228.2440299988,60.347,7367.897029998829,52,7367.897029998829,distilgpt2,2.0466380638885635
1573b95c039e51cc012b543a4af3bc7c3ee9485acbb0033ba5648b74969e0556,4ebfe961fb725aa1b0e95c0f40be44625edbfbbb9b89aa593e23d81211eb3e87,756305.5472319126,77.285,7428.26223191258,52,7428.26223191258,distilgpt2,2.0634061755312723
1573b95c039e51cc012b543a4af3bc7c3ee9485acbb0033ba5648b74969e0556,4ebfe961fb725aa1b0e95c0f40be44625edbfbbb9b89aa593e23d81211eb3e87,756382.3592660427,76.773,7505.586266042665,52,7505.586266042665,distilgpt2,2.08488507390074
1573b95c039e51cc012b543a4af3bc7c3ee9485acbb0033ba5648b74969e0556,4ebfe961fb725aa1b0e95c0f40be44625edbfbbb9b89aa593e23d81211eb3e87,756520.3566300869,137.971,7582.385630086879,52,7582.385630086879,distilgpt2,2.106218230579689
1573b95c039e51cc012b543a4af3bc7c3ee9485acbb0033ba5648b74969e0556,4ebfe961fb725aa1b0e95c0f40be44625edbfbbb9b89aa593e23d81211eb3e87,756604.6664690971,84.28,7720.3864690971095,52,7720.3864690971095,distilgpt2,2.1445517969714194
1573b95c039e51cc012b543a4af3bc7c3ee9485acbb0033ba5648b74969e0556,4ebfe961fb725aa1b0e95c0f40be44625edbfbbb9b89aa593e23d81211eb3e87,756673.6838309765,68.99,7804.6938309764955,52,7804.6938309764955,distilgpt2,2.167970508604582
1573b95c039e51cc012b543a4af3bc7c3ee9485acbb0033ba5648b74969e0556,4ebfe961fb725aa1b0e95c0f40be44625edbfbbb9b89aa593e23d81211eb3e87,756756.378262043,82.676,7873.702262043022,52,7873.702262043022,distilgpt2,2.1871395172341725
1573b95c039e51cc012b543a4af3bc7c3ee9485acbb0033ba5648b74969e0556,4ebfe961fb725aa1b0e95c0f40be44625edbfbbb9b89aa593e23d81211eb3e87,756820.3589859009,63.957,7956.401985900826,52,7956.401985900826,distilgpt2,2.2101116627502293
1573b95c039e51cc012b543a4af3bc7c3ee9485acbb0033ba5648b74969e0556,4ebfe961fb725aa1b0e95c0f40be44625edbfbbb9b89aa593e23d81211eb3e87,756883.6777009964,63.284,8020.393700996414,52,8020.393700996414,distilgpt2,2.2278871391656705
1573b95c039e51cc012b543a4af3bc7c3ee9485acbb0033ba5648b74969e0556,4ebfe961fb725aa1b0e95c0f40be44625edbfbbb9b89aa593e23d81211eb3e87,757064.6686820984,180.965,8083.703682098421,52,8083.703682098421,distilgpt2,2.2454732450273394
1573b95c039e51cc012b543a4af3bc7c3ee9485acbb0033ba5648b74969e0556,4ebfe961fb725aa1b0e95c0f40be44625edbfbbb9b89aa593e23d81211eb3e87,757257.4459209442,192.745,8264.700920944219,52,8264.700920944219,distilgpt2,2.2957502558178384
1573b95c039e51cc012b543a4af3bc7c3ee9485acbb0033ba5648b74969e0556,4ebfe961fb725aa1b0e95c0f40be44625edbfbbb9b89aa593e23d81211eb3e87,757310.3518350124,52.606,8457.745835012407,52,8457.745835012407,distilgpt2,2.349373843059002
1573b95c039e51cc012b543a4af3bc7c3ee9485acbb0033ba5648b74969e0556,4ebfe961fb725aa1b0e95c0f40be44625edbfbbb9b89aa593e23d81211eb3e87,757373.3310959339,62.961,8510.370095933904,52,8510.370095933904,distilgpt2,2.3639916933149734
1573b95c039e51cc012b543a4af3bc7c3ee9485acbb0033ba5648b74969e0556,4ebfe961fb725aa1b0e95c0f40be44625edbfbbb9b89aa593e23d81211eb3e87,757430.4590880871,57.106,8573.353088087053,52,8573.353088087053,distilgpt2,2.3814869689130704
1573b95c039e51cc012b543a4af3bc7c3ee9485acbb0033ba5648b74969e0556,4ebfe961fb725aa1b0e95c0f40be44625edbfbbb9b89aa593e23d81211eb3e87,757485.5628409386,55.086,8630.476840938558,52,8630.476840938558,distilgpt2,2.3973546780384885
1573b95c039e51cc012b543a4af3bc7c3ee9485acbb0033ba5648b74969e0556,4ebfe961fb725aa1b0e95c0f40be44625edbfbbb9b89aa593e23d81211eb3e87,757561.4345910549,75.834,8685.600591054885,52,8685.600591054885,distilgpt2,2.412666830848579
1573b95c039e51cc012b543a4af3bc7c3ee9485acbb0033ba5648b74969e0556,4ebfe961fb725aa1b0e95c0f40be44625edbfbbb9b89aa593e23d81211eb3e87,757626.7277669907,65.256,8761.47176699061,52,8761.47176699061,distilgpt2,2.4337421574973916
1573b95c039e51cc012b543a4af3bc7c3ee9485acbb0033ba5648b74969e0556,4ebfe961fb725aa1b0e95c0f40be44625edbfbbb9b89aa593e23d81211eb3e87,757685.4471700191,58.678,8826.769170019194,52,8826.769170019194,distilgpt2,2.4518803250053316
1573b95c039e51cc012b543a4af3bc7c3ee9485acbb0033ba5648b74969e0556,4ebfe961fb725aa1b0e95c0f40be44625edbfbbb9b89aa593e23d81211eb3e87,757746.213737011,60.741,8885.472737010918,52,8885.472737010918,distilgpt2,2.4681868713919215
1573b95c039e51cc012b543a4af3bc7c3ee9485acbb0033ba5648b74969e0556,4ebfe961fb725aa1b0e95c0f40be44625edbfbbb9b89aa593e23d81211eb3e87,757813.0771529675,66.828,8946.249152967473,52,8946.249152967473,distilgpt2,2.4850692091576314
1573b95c039e51cc012b543a4af3bc7c3ee9485acbb0033ba5648b74969e0556,4ebfe961fb725aa1b0e95c0f40be44625edbfbbb9b89aa593e23d81211eb3e87,757883.108588934,70.006,9013.102588933893,52,9013.102588933893,distilgpt2,2.5036396080371923
1573b95c039e51cc012b543a4af3bc7c3ee9485acbb0033ba5648b74969e0556,4ebfe961fb725aa1b0e95c0f40be44625edbfbbb9b89aa593e23d81211eb3e87,757938.4722518921,55.331,9083.141251892084,52,9083.141251892084,distilgpt2,2.5230947921922455
1573b95c039e51cc012b543a4af3bc7c3ee9485acbb0033ba5648b74969e0556,4ebfe961fb725aa1b0e95c0f40be44625edbfbbb9b89aa593e23d81211eb3e87,757995.5357000828,57.038,9138.497700082837,52,9138.497700082837,distilgpt2,2.5384715833563436
1573b95c039e51cc012b543a4af3bc7c3ee9485acbb0033ba5648b74969e0556,4ebfe961fb725aa1b0e95c0f40be44625edbfbbb9b89aa593e23d81211eb3e87,758048.780422926,53.214,9195.566422925913,52,9195.566422925913,distilgpt2,2.5543240063683093
1573b95c039e51cc012b543a4af3bc7c3ee9485acbb0033ba5648b74969e0556,4ebfe961fb725aa1b0e95c0f40be44625edbfbbb9b89aa593e23d81211eb3e87,758105.405009985,56.586,9248.81900998496,52,9248.81900998496,distilgpt2,2.569116391662489
1573b95c039e51cc012b543a4af3bc7c3ee9485acbb0033ba5648b74969e0556,4ebfe961fb725aa1b0e95c0f40be44625edbfbbb9b89aa593e23d81211eb3e87,758169.5455799103,64.105,9305.440579910297,52,9305.440579910297,distilgpt2,2.584844605530638
1573b95c039e51cc012b543a4af3bc7c3ee9485acbb0033ba5648b74969e0556,4ebfe961fb725aa1b0e95c0f40be44625edbfbbb9b89aa593e23d81211eb3e87,758232.6309010983,63.048,9369.5829010983,52,9369.5829010983,distilgpt2,2.60266191697175
1573b95c039e51cc012b543a4af3bc7c3ee9485acbb0033ba5648b74969e0556,4ebfe961fb725aa1b0e95c0f40be44625edbfbbb9b89aa593e23d81211eb3e87,758285.5628409386,52.915,9432.64784093853,52,9432.64784093853,distilgpt2,2.6201799558162584
1573b95c039e51cc012b543a4af3bc7c3ee9485acbb0033ba5648b74969e0556,4ebfe961fb725aa1b0e95c0f40be44625edbfbbb9b89aa593e23d81211eb3e87,758340.3625919819,54.764,9485.598591981921,52,9485.598591981921,distilgpt2,2.634888497772756
1573b95c039e51cc012b543a4af3bc7c3ee9485acbb0033ba5648b74969e0556,4ebfe961fb725aa1b0e95c0f40be44625edbfbbb9b89aa593e23d81211eb3e87,758392.287101984,51.904,9540.383101984044,52,9540.383101984044,distilgpt2,2.6501064172177897
1573b95c039e51cc012b543a4af3bc7c3ee9485acbb0033ba5648b74969e0556,4ebfe961fb725aa1b0e95c0f40be44625edbfbbb9b89aa593e23d81211eb3e87,758459.9158139229,59.896,9600.019813922932,52,9600.019813922932,distilgpt2,2.666672170534148
1573b95c039e51cc012b543a4af3bc7c3ee9485acbb0033ba5648b74969e0556,4ebfe961fb725aa1b0e95c0f40be44625edbfbbb9b89aa593e23d81211eb3e87,758482.3294579983,22.332,9659.997457998223,52,9659.997457998223,distilgpt2,2.6833326272217284
1573b95c039e51cc012b543a4af3bc7c3ee9485acbb0033ba5648b74969e0556,4ebfe961fb725aa1b0e95c0f40be44625edbfbbb9b89aa593e23d81211eb3e87,758536.386040926,16.381,9720.005040925927,52,9720.005040925927,distilgpt2,2.700001400257202
1573b95c039e51cc012b543a4af3bc7c3ee9485acbb0033ba5648b74969e0556,4ebfe961fb725aa1b0e95c0f40be44625edbfbbb9b89aa593e23d81211eb3e87,758635.9727580547,55.967,9780.005758054787,52,9780.005758054787,distilgpt2,2.7166682661263297
1573b95c039e51cc012b543a4af3bc7c3ee9485acbb0033ba5648b74969e0556,4ebfe961fb725aa1b0e95c0f40be44625edbfbbb9b89aa593e23d81211eb3e87,758697.7631599903,57.752,9840.011159990332,52,9840.011159990332,distilgpt2,2.733336433330648
1573b95c039e51cc012b543a4af3bc7c3ee9485acbb0033ba5648b74969e0556,4ebfe961fb725aa1b0e95c0f40be44625edbfbbb9b89aa593e23d81211eb3e87,758719.9027199745,19.907,9899.995719974511,52,9899.995719974511,distilgpt2,2.7499988111040308
1573b95c039e51cc012b543a4af3bc7c3ee9485acbb0033ba5648b74969e0556,4ebfe961fb725aa1b0e95c0f40be44625edbfbbb9b89aa593e23d81211eb3e87,758780.6681098938,20.665,9960.003109893762,52,9960.003109893762,distilgpt2,2.766667530526045
1573b95c039e51cc012b543a4af3bc7c3ee9485acbb0033ba5648b74969e0556,4ebfe961fb725aa1b0e95c0f40be44625edbfbbb9b89aa593e23d81211eb3e87,758856.0175540447,36.008,10020.009554044693,52,10020.009554044693,distilgpt2,2.783335987234637
1573b95c039e51cc012b543a4af3bc7c3ee9485acbb0033ba5648b74969e0556,4ebfe961fb725aa1b0e95c0f40be44625edbfbbb9b89aa593e23d81211eb3e87,758914.6194989681,34.608,10080.011498968117,52,10080.011498968117,distilgpt2,2.80000319415781
1573b95c039e51cc012b543a4af3bc7c3ee9485acbb0033ba5648b74969e0556,4ebfe961fb725aa1b0e95c0f40be44625edbfbbb9b89aa593e23d81211eb3e87,758974.8907659054,34.863,10140.027765905368,52,10140.027765905368,distilgpt2,2.8166743794181577
1573b95c039e51cc012b543a4af3bc7c3ee9485acbb0033ba5648b74969e0556,4ebfe961fb725aa1b0e95c0f40be44625edbfbbb9b89aa593e23d81211eb3e87,759039.1555950642,39.137,10200.018595064175,52,10200.018595064175,distilgpt2,2.8333384986289376
1573b95c039e51cc012b543a4af3bc7c3ee9485acbb0033ba5648b74969e0556,4ebfe961fb725aa1b0e95c0f40be44625edbfbbb9b89aa593e23d81211eb3e87,759095.7761559486,35.772,10260.004155948642,52,10260.004155948642,distilgpt2,2.850001154430178
1573b95c039e51cc012b543a4af3bc7c3ee9485acbb0033ba5648b74969e0556,4ebfe961fb725aa1b0e95c0f40be44625edbfbbb9b89aa593e23d81211eb3e87,759148.5529010296,28.558,10319.994901029626,52,10319.994901029626,distilgpt2,2.8666652502860073
1573b95c039e51cc012b543a4af3bc7c3ee9485acbb0033ba5648b74969e0556,4ebfe961fb725aa1b0e95c0f40be44625edbfbbb9b89aa593e23d81211eb3e87,759202.1775889397,22.163,10380.014588939724,52,10380.014588939724,distilgpt2,2.8833373858165903
1573b95c039e51cc012b543a4af3bc7c3ee9485acbb0033ba5648b74969e0556,4ebfe961fb725aa1b0e95c0f40be44625edbfbbb9b89aa593e23d81211eb3e87,759287.138710022,47.133,10440.005710021942,52,10440.005710021942,distilgpt2,2.900001586117206
1573b95c039e51cc012b543a4af3bc7c3ee9485acbb0033ba5648b74969e0556,4ebfe961fb725aa1b0e95c0f40be44625edbfbbb9b89aa593e23d81211eb3e87,759384.8349590302,84.833,10500.001959030167,52,10500.001959030167,distilgpt2,2.9166672108417133
1573b95c039e51cc012b543a4af3bc7c3ee9485acbb0033ba5648b74969e0556,4ebfe961fb725aa1b0e95c0f40be44625edbfbbb9b89aa593e23d81211eb3e87,759456.3189160824,71.453,10584.865916082403,52,10584.865916082403,distilgpt2,2.9402405322451117
1573b95c039e51cc012b543a4af3bc7c3ee9485acbb0033ba5648b74969e0556,4ebfe961fb725aa1b0e95c0f40be44625edbfbbb9b89aa593e23d81211eb3e87,759512.2676680088,55.922,10656.345668008784,52,10656.345668008784,distilgpt2,2.960096018891329
1573b95c039e51cc012b543a4af3bc7c3ee9485acbb0033ba5648b74969e0556,4ebfe961fb725aa1b0e95c0f40be44625edbfbbb9b89aa593e23d81211eb3e87,759573.416533947,61.124,10712.292533947038,52,10712.292533947038,distilgpt2,2.9756368149852883
1573b95c039e51cc012b543a4af3bc7c3ee9485acbb0033ba5648b74969e0556,4ebfe961fb725aa1b0e95c0f40be44625edbfbbb9b89aa593e23d81211eb3e87,759632.0059769154,58.57,10773.43597691541,52,10773.43597691541,distilgpt2,2.992621104698725
1573b95c039e51cc012b543a4af3bc7c3ee9485acbb0033ba5648b74969e0556,4ebfe961fb725aa1b0e95c0f40be44625edbfbbb9b89aa593e23d81211eb3e87,759692.5518360138,60.521,10832.030836013844,52,10832.030836013844,distilgpt2,3.0088974544482903
1573b95c039e51cc012b543a4af3bc7c3ee9485acbb0033ba5648b74969e0556,4ebfe961fb725aa1b0e95c0f40be44625edbfbbb9b89aa593e23d81211eb3e87,759752.076816082,59.476,10892.600816081977,52,10892.600816081977,distilgpt2,3.0257224489116603
1573b95c039e51cc012b543a4af3bc7c3ee9485acbb0033ba5648b74969e0556,4ebfe961fb725aa1b0e95c0f40be44625edbfbbb9b89aa593e23d81211eb3e87,759814.2981829643,62.201,10952.097182964324,52,10952.097182964324,distilgpt2,3.04224921749009
1573b95c039e51cc012b543a4af3bc7c3ee9485acbb0033ba5648b74969e0556,4ebfe961fb725aa1b0e95c0f40be44625edbfbbb9b89aa593e23d81211eb3e87,759901.9080300331,87.588,11014.320030033123,52,11014.320030033123,distilgpt2,3.059533341675867
1573b95c039e51cc012b543a4af3bc7c3ee9485acbb0033ba5648b74969e0556,4ebfe961fb725aa1b0e95c0f40be44625edbfbbb9b89aa593e23d81211eb3e87,759984.7930839062,82.838,11101.955083906185,52,11101.955083906185,distilgpt2,3.0838764121961626
1573b95c039e51cc012b543a4af3bc7c3ee9485acbb0033ba5648b74969e0556,4ebfe961fb725aa1b0e95c0f40be44625edbfbbb9b89aa593e23d81211eb3e87,760055.7617108822,70.936,11184.8257108822,52,11184.8257108822,distilgpt2,3.1068960308006113
1573b95c039e51cc012b543a4af3bc7c3ee9485acbb0033ba5648b74969e0556,4ebfe961fb725aa1b0e95c0f40be44625edbfbbb9b89aa593e23d81211eb3e87,760152.8854150772,97.101,11255.784415077185,52,11255.784415077185,distilgpt2,3.1266067819658847
1573b95c039e51cc012b543a4af3bc7c3ee9485acbb0033ba5648b74969e0556,4ebfe961fb725aa1b0e95c0f40be44625edbfbbb9b89aa593e23d81211eb3e87,760242.3818390369,89.479,11352.902839036891,52,11352.902839036891,distilgpt2,3.153584121954692
1573b95c039e51cc012b543a4af3bc7c3ee9485acbb0033ba5648b74969e0556,4ebfe961fb725aa1b0e95c0f40be44625edbfbbb9b89aa593e23d81211eb3e87,760307.0461440086,64.652,11442.394144008635,52,11442.394144008635,distilgpt2,3.1784428177801765
1573b95c039e51cc012b543a4af3bc7c3ee9485acbb0033ba5648b74969e0556,4ebfe961fb725aa1b0e95c0f40be44625edbfbbb9b89aa593e23d81211eb3e87,760361.0345349312,53.946,11507.088534931187,52,11507.088534931187,distilgpt2,3.1964134819253296
1573b95c039e51cc012b543a4af3bc7c3ee9485acbb0033ba5648b74969e0556,4ebfe961fb725aa1b0e95c0f40be44625edbfbbb9b89aa593e23d81211eb3e87,760423.0638461113,61.997,11561.066846111324,52,11561.066846111324,distilgpt2,3.2114074572531455
1573b95c039e51cc012b543a4af3bc7c3ee9485acbb0033ba5648b74969e0556,4ebfe961fb725aa1b0e95c0f40be44625edbfbbb9b89aa593e23d81211eb3e87,760482.0538439751,58.946,11623.10784397507,52,11623.10784397507,distilgpt2,3.228641067770853
1573b95c039e51cc012b543a4af3bc7c3ee9485acbb0033ba5648b74969e0556,4ebfe961fb725aa1b0e95c0f40be44625edbfbbb9b89aa593e23d81211eb3e87,760561.3495690823,79.254,11682.095569082303,52,11682.095569082303,distilgpt2,3.2450265469673063
1573b95c039e51cc012b543a4af3bc7c3ee9485acbb0033ba5648b74969e0556,4ebfe961fb725aa1b0e95c0f40be44625edbfbbb9b89aa593e23d81211eb3e87,760617.401293993,56.021,11761.380293993047,52,11761.380293993047,distilgpt2,3.267050081664735
1573b95c039e51cc012b543a4af3bc7c3ee9485acbb0033ba5648b74969e0556,4ebfe961fb725aa1b0e95c0f40be44625edbfbbb9b89aa593e23d81211eb3e87,760670.0037651062,49.999,11820.004765106249,52,11820.004765106249,distilgpt2,3.283334656973958
1573b95c039e51cc012b543a4af3bc7c3ee9485acbb0033ba5648b74969e0556,4ebfe961fb725aa1b0e95c0f40be44625edbfbbb9b89aa593e23d81211eb3e87,760727.3535480499,47.352,11880.001548049971,52,11880.001548049971,distilgpt2,3.3000004300138808
1573b95c039e51cc012b543a4af3bc7c3ee9485acbb0033ba5648b74969e0556,4ebfe961fb725aa1b0e95c0f40be44625edbfbbb9b89aa593e23d81211eb3e87,760805.1762139797,65.165,11940.011213979684,52,11940.011213979684,distilgpt2,3.316669781661023
1573b95c039e51cc012b543a4af3bc7c3ee9485acbb0033ba5648b74969e0556,4ebfe961fb725aa1b0e95c0f40be44625edbfbbb9b89aa593e23d81211eb3e87,760873.1029160023,67.888,12005.214916002238,52,12005.214916002238,distilgpt2,3.3347819211117327
1573b95c039e51cc012b543a4af3bc7c3ee9485acbb0033ba5648b74969e0556,4ebfe961fb725aa1b0e95c0f40be44625edbfbbb9b89aa593e23d81211eb3e87,760995.8055679798,122.663,12073.14256797987,52,12073.14256797987,distilgpt2,3.353650713327742
1573b95c039e51cc012b543a4af3bc7c3ee9485acbb0033ba5648b74969e0556,4ebfe961fb725aa1b0e95c0f40be44625edbfbbb9b89aa593e23d81211eb3e87,761056.6610500813,60.838,12195.823050081264,52,12195.823050081264,distilgpt2,3.3877286250225733
1573b95c039e51cc012b543a4af3bc7c3ee9485acbb0033ba5648b74969e0556,4ebfe961fb725aa1b0e95c0f40be44625edbfbbb9b89aa593e23d81211eb3e87,761130.3885788918,73.689,12256.699578891741,52,12256.699578891741,distilgpt2,3.4046387719143727
1573b95c039e51cc012b543a4af3bc7c3ee9485acbb0033ba5648b74969e0556,4ebfe961fb725aa1b0e95c0f40be44625edbfbbb9b89aa593e23d81211eb3e87,761186.0163280964,55.589,12330.427328096353,52,12330.427328096353,distilgpt2,3.4251187022489873
1573b95c039e51cc012b543a4af3bc7c3ee9485acbb0033ba5648b74969e0556,4ebfe961fb725aa1b0e95c0f40be44625edbfbbb9b89aa593e23d81211eb3e87,761240.6140160561,54.549,12386.065016056062,52,12386.065016056062,distilgpt2,3.4405736155711284
1573b95c039e51cc012b543a4af3bc7c3ee9485acbb0033ba5648b74969e0556,4ebfe961fb725aa1b0e95c0f40be44625edbfbbb9b89aa593e23d81211eb3e87,761315.6137280464,74.948,12440.665728046442,52,12440.665728046442,distilgpt2,3.4557404800129006
1573b95c039e51cc012b543a4af3bc7c3ee9485acbb0033ba5648b74969e0556,4ebfe961fb725aa1b0e95c0f40be44625edbfbbb9b89aa593e23d81211eb3e87,761381.2001540661,65.554,12515.646154066082,52,12515.646154066082,distilgpt2,3.4765683761294675
1573b95c039e51cc012b543a4af3bc7c3ee9485acbb0033ba5648b74969e0556,4ebfe961fb725aa1b0e95c0f40be44625edbfbbb9b89aa593e23d81211eb3e87,761442.4691560268,61.233,12581.236156026833,52,12581.236156026833,distilgpt2,3.494787821118565
1573b95c039e51cc012b543a4af3bc7c3ee9485acbb0033ba5648b74969e0556,4ebfe961fb725aa1b0e95c0f40be44625edbfbbb9b89aa593e23d81211eb3e87,761496.2554969788,53.771,12642.48449697881,52,12642.48449697881,distilgpt2,3.5118012491607806
1573b95c039e51cc012b543a4af3bc7c3ee9485acbb0033ba5648b74969e0556,4ebfe961fb725aa1b0e95c0f40be44625edbfbbb9b89aa593e23d81211eb3e87,761550.0921440125,53.809,12696.283144012443,52,12696.283144012443,distilgpt2,3.5267453177812342
1573b95c039e51cc012b543a4af3bc7c3ee9485acbb0033ba5648b74969e0556,4ebfe961fb725aa1b0e95c0f40be44625edbfbbb9b89aa593e23d81211eb3e87,761614.1849279404,64.071,12750.113927940372,52,12750.113927940372,distilgpt2,3.54169831331677
1573b95c039e51cc012b543a4af3bc7c3ee9485acbb0033ba5648b74969e0556,4ebfe961fb725aa1b0e95c0f40be44625edbfbbb9b89aa593e23d81211eb3e87,761684.1382548809,69.922,12814.216254880885,52,12814.216254880885,distilgpt2,3.55950451524469
1573b95c039e51cc012b543a4af3bc7c3ee9485acbb0033ba5648b74969e0556,4ebfe961fb725aa1b0e95c0f40be44625edbfbbb9b89aa593e23d81211eb3e87,761749.7093760967,65.541,12884.168376096757,52,12884.168376096757,distilgpt2,3.578935660026877
1573b95c039e51cc012b543a4af3bc7c3ee9485acbb0033ba5648b74969e0556,4ebfe961fb725aa1b0e95c0f40be44625edbfbbb9b89aa593e23d81211eb3e87,761803.6820828915,53.947,12949.73508289142,52,12949.73508289142,distilgpt2,3.5971486341365058
1573b95c039e51cc012b543a4af3bc7c3ee9485acbb0033ba5648b74969e0556,4ebfe961fb725aa1b0e95c0f40be44625edbfbbb9b89aa593e23d81211eb3e87,761854.6642780304,50.936,13003.728278030409,52,13003.728278030409,distilgpt2,3.612146743897336
1573b95c039e51cc012b543a4af3bc7c3ee9485acbb0033ba5648b74969e0556,4ebfe961fb725aa1b0e95c0f40be44625edbfbbb9b89aa593e23d81211eb3e87,761906.503715992,51.741,13054.762715991936,52,13054.762715991936,distilgpt2,3.6263229766644267
1573b95c039e51cc012b543a4af3bc7c3ee9485acbb0033ba5648b74969e0556,4ebfe961fb725aa1b0e95c0f40be44625edbfbbb9b89aa593e23d81211eb3e87,761966.388792038,59.851,13106.53779203794,52,13106.53779203794,distilgpt2,3.640704942232761
1573b95c039e51cc012b543a4af3bc7c3ee9485acbb0033ba5648b74969e0556,4ebfe961fb725aa1b0e95c0f40be44625edbfbbb9b89aa593e23d81211eb3e87,762038.9067249298,72.492,13166.41472492984,52,13166.41472492984,distilgpt2,3.6573374235916223
1573b95c039e51cc012b543a4af3bc7c3ee9485acbb0033ba5648b74969e0556,4ebfe961fb725aa1b0e95c0f40be44625edbfbbb9b89aa593e23d81211eb3e87,762100.2971379757,61.362,13238.935137975728,52,13238.935137975728,distilgpt2,3.6774819827710354
1573b95c039e51cc012b543a4af3bc7c3ee9485acbb0033ba5648b74969e0556,4ebfe961fb725aa1b0e95c0f40be44625edbfbbb9b89aa593e23d81211eb3e87,762154.9953210354,54.662,13300.333321035374,52,13300.333321035374,distilgpt2,3.694537033620937
1573b95c039e51cc012b543a4af3bc7c3ee9485acbb0033ba5648b74969e0556,4ebfe961fb725aa1b0e95c0f40be44625edbfbbb9b89aa593e23d81211eb3e87,762208.4307980537,53.401,13355.029798053787,52,13355.029798053787,distilgpt2,3.7097304994593854
1573b95c039e51cc012b543a4af3bc7c3ee9485acbb0033ba5648b74969e0556,4ebfe961fb725aa1b0e95c0f40be44625edbfbbb9b89aa593e23d81211eb3e87,762264.3762071133,55.897,13408.479207113269,52,13408.479207113269,distilgpt2,3.7245775575314637
1573b95c039e51cc012b543a4af3bc7c3ee9485acbb0033ba5648b74969e0556,4ebfe961fb725aa1b0e95c0f40be44625edbfbbb9b89aa593e23d81211eb3e87,762339.2204999924,74.81,13464.410499992315,52,13464.410499992315,distilgpt2,3.740114027775643
1573b95c039e51cc012b543a4af3bc7c3ee9485acbb0033ba5648b74969e0556,4ebfe961fb725aa1b0e95c0f40be44625edbfbbb9b89aa593e23d81211eb3e87,762392.3993780613,53.133,13539.266378061264,52,13539.266378061264,distilgpt2,3.76090732723924
1573b95c039e51cc012b543a4af3bc7c3ee9485acbb0033ba5648b74969e0556,4ebfe961fb725aa1b0e95c0f40be44625edbfbbb9b89aa593e23d81211eb3e87,762454.1075398922,61.669,13592.438539892202,52,13592.438539892202,distilgpt2,3.7756773721922783
1573b95c039e51cc012b543a4af3bc7c3ee9485acbb0033ba5648b74969e0556,4ebfe961fb725aa1b0e95c0f40be44625edbfbbb9b89aa593e23d81211eb3e87,762512.2563509941,58.114,13654.142350994167,52,13654.142350994167,distilgpt2,3.792817319720602
1573b95c039e51cc012b543a4af3bc7c3ee9485acbb0033ba5648b74969e0556,4ebfe961fb725aa1b0e95c0f40be44625edbfbbb9b89aa593e23d81211eb3e87,762575.6476619244,63.366,13712.281661924324,52,13712.281661924324,distilgpt2,3.8089671283123123
1573b95c039e51cc012b543a4af3bc7c3ee9485acbb0033ba5648b74969e0556,4ebfe961fb725aa1b0e95c0f40be44625edbfbbb9b89aa593e23d81211eb3e87,762634.0674099922,58.386,13775.681409992161,52,13775.681409992161,distilgpt2,3.826578169442267
1573b95c039e51cc012b543a4af3bc7c3ee9485acbb0033ba5648b74969e0556,4ebfe961fb725aa1b0e95c0f40be44625edbfbbb9b89aa593e23d81211eb3e87,762688.3823730946,54.288,13834.094373094616,52,13834.094373094616,distilgpt2,3.8428039925262825
1573b95c039e51cc012b543a4af3bc7c3ee9485acbb0033ba5648b74969e0556,4ebfe961fb725aa1b0e95c0f40be44625edbfbbb9b89aa593e23d81211eb3e87,762747.9342110157,59.522,13888.412211015704,52,13888.412211015704,distilgpt2,3.8578922808376954
1573b95c039e51cc012b543a4af3bc7c3ee9485acbb0033ba5648b74969e0556,4ebfe961fb725aa1b0e95c0f40be44625edbfbbb9b89aa593e23d81211eb3e87,762804.2500360012,56.295,13947.955036001164,52,13947.955036001164,distilgpt2,3.8744319544447676
1573b95c039e51cc012b543a4af3bc7c3ee9485acbb0033ba5648b74969e0556,4ebfe961fb725aa1b0e95c0f40be44625edbfbbb9b89aa593e23d81211eb3e87,762852.7735710144,48.49,14004.283571014414,52,14004.283571014414,distilgpt2,3.890078769726226
1573b95c039e51cc012b543a4af3bc7c3ee9485acbb0033ba5648b74969e0556,4ebfe961fb725aa1b0e95c0f40be44625edbfbbb9b89aa593e23d81211eb3e87,762903.2743370533,50.465,14052.809337053332,52,14052.809337053332,distilgpt2,3.903558149181481
1573b95c039e51cc012b543a4af3bc7c3ee9485acbb0033ba5648b74969e0556,4ebfe961fb725aa1b0e95c0f40be44625edbfbbb9b89aa593e23d81211eb3e87,762967.8642370701,64.564,14103.30023707007,52,14103.30023707007,distilgpt2,3.917583399186131
1573b95c039e51cc012b543a4af3bc7c3ee9485acbb0033ba5648b74969e0556,4ebfe961fb725aa1b0e95c0f40be44625edbfbbb9b89aa593e23d81211eb3e87,763042.9717810154,75.071,14167.9007810154,52,14167.9007810154,distilgpt2,3.9355279947265
1573b95c039e51cc012b543a4af3bc7c3ee9485acbb0033ba5648b74969e0556,4ebfe961fb725aa1b0e95c0f40be44625edbfbbb9b89aa593e23d81211eb3e87,763100.6696560383,57.672,14242.997656038264,52,14242.997656038264,distilgpt2,3.9563882377884068
1573b95c039e51cc012b543a4af3bc7c3ee9485acbb0033ba5648b74969e0556,4ebfe961fb725aa1b0e95c0f40be44625edbfbbb9b89aa593e23d81211eb3e87,763154.1689050198,53.469,14300.69990501972,52,14300.69990501972,distilgpt2,3.9724166402832553
1573b95c039e51cc012b543a4af3bc7c3ee9485acbb0033ba5648b74969e0556,4ebfe961fb725aa1b0e95c0f40be44625edbfbbb9b89aa593e23d81211eb3e87,763327.4688780308,173.138,14354.330878030742,52,14354.330878030742,distilgpt2,3.987314132786317
